<Anims>
 <anim name="limon" root="water_farm_plant_veggies" numframes="125" framerate="40">
  <frame idx="0" w="146" h="194" x="1.499977" y="-48.500031">
   <element name="limon" layername="limon" frame="0" z_index="4" m_a="1.000000" m_b="0.000000" m_c="0.000000" m_d="1.000000" m_tx="0.000000" m_ty="0.000000"/>
  </frame>
  <frame idx="25" w="146" h="194" x="1.499977" y="-48.500031">
   <element name="limon" layername="limon" frame="0" z_index="4" m_a="1.000000" m_b="0.000000" m_c="0.000000" m_d="1.000000" m_tx="0.000000" m_ty="0.000000"/>
  </frame>
  <frame idx="50" w="146" h="194" x="1.499977" y="-48.500031">
   <element name="limon" layername="limon" frame="0" z_index="4" m_a="1.000000" m_b="0.000000" m_c="0.000000" m_d="1.000000" m_tx="0.000000" m_ty="0.000000"/>
  </frame>
  <frame idx="75" w="146" h="194" x="1.499977" y="-48.500031">
   <element name="limon" layername="limon" frame="0" z_index="4" m_a="1.000000" m_b="0.000000" m_c="0.000000" m_d="1.000000" m_tx="0.000000" m_ty="0.000000"/>
  </frame>
  <frame idx="100" w="146" h="194" x="1.499977" y="-48.500031">
   <element name="limon" layername="limon" frame="0" z_index="4" m_a="1.000000" m_b="0.000000" m_c="0.000000" m_d="1.000000" m_tx="0.000000" m_ty="0.000000"/>
  </frame>
 </anim>
 <anim name="limon_cooked" root="water_farm_plant_veggies" numframes="125" framerate="40">
  <frame idx="0" w="180" h="176" x="4.499985" y="-36.500000">
   <element name="limon" layername="limon" frame="1" z_index="4" m_a="1.000000" m_b="0.000000" m_c="0.000000" m_d="1.000000" m_tx="0.000000" m_ty="0.000000"/>
  </frame>
  <frame idx="25" w="180" h="176" x="4.499985" y="-36.500000">
   <element name="limon" layername="limon" frame="1" z_index="4" m_a="1.000000" m_b="0.000000" m_c="0.000000" m_d="1.000000" m_tx="0.000000" m_ty="0.000000"/>
  </frame>
  <frame idx="50" w="180" h="176" x="4.499985" y="-36.500000">
   <element name="limon" layername="limon" frame="1" z_index="4" m_a="1.000000" m_b="0.000000" m_c="0.000000" m_d="1.000000" m_tx="0.000000" m_ty="0.000000"/>
  </frame>
  <frame idx="75" w="180" h="176" x="4.499985" y="-36.500000">
   <element name="limon" layername="limon" frame="1" z_index="4" m_a="1.000000" m_b="0.000000" m_c="0.000000" m_d="1.000000" m_tx="0.000000" m_ty="0.000000"/>
  </frame>
  <frame idx="100" w="180" h="176" x="4.499985" y="-36.500000">
   <element name="limon" layername="limon" frame="1" z_index="4" m_a="1.000000" m_b="0.000000" m_c="0.000000" m_d="1.000000" m_tx="0.000000" m_ty="0.000000"/>
  </frame>
 </anim>
 <anim name="applepine" root="water_farm_plant_veggies" numframes="125" framerate="40">
  <frame idx="0" w="151" h="329" x="3.000061" y="-87.500015">
   <element name="applepine" layername="pinenanas" frame="0" z_index="4" m_a="1.000000" m_b="0.000000" m_c="0.000000" m_d="1.000000" m_tx="0.000000" m_ty="0.000000"/>
  </frame>
  <frame idx="25" w="151" h="329" x="3.000061" y="-87.500015">
   <element name="applepine" layername="pinenanas" frame="0" z_index="4" m_a="1.000000" m_b="0.000000" m_c="0.000000" m_d="1.000000" m_tx="0.000000" m_ty="0.000000"/>
  </frame>
  <frame idx="50" w="151" h="329" x="3.000061" y="-87.500015">
   <element name="applepine" layername="pinenanas" frame="0" z_index="4" m_a="1.000000" m_b="0.000000" m_c="0.000000" m_d="1.000000" m_tx="0.000000" m_ty="0.000000"/>
  </frame>
  <frame idx="75" w="151" h="329" x="3.000061" y="-87.500015">
   <element name="applepine" layername="pinenanas" frame="0" z_index="4" m_a="1.000000" m_b="0.000000" m_c="0.000000" m_d="1.000000" m_tx="0.000000" m_ty="0.000000"/>
  </frame>
  <frame idx="100" w="151" h="329" x="3.000061" y="-87.500015">
   <element name="applepine" layername="pinenanas" frame="0" z_index="4" m_a="1.000000" m_b="0.000000" m_c="0.000000" m_d="1.000000" m_tx="0.000000" m_ty="0.000000"/>
  </frame>
 </anim>
 <anim name="applepine_cooked" root="water_farm_plant_veggies" numframes="125" framerate="40">
  <frame idx="0" w="275" h="202" x="5.826492" y="-34.561707">
   <element name="applepine" layername="pinenanas" frame="1" z_index="4" m_a="1.000000" m_b="0.000000" m_c="0.000000" m_d="1.000000" m_tx="0.000000" m_ty="0.000000"/>
  </frame>
  <frame idx="25" w="275" h="202" x="5.826492" y="-34.561707">
   <element name="applepine" layername="pinenanas" frame="1" z_index="4" m_a="1.000000" m_b="0.000000" m_c="0.000000" m_d="1.000000" m_tx="0.000000" m_ty="0.000000"/>
  </frame>
  <frame idx="50" w="275" h="202" x="5.826492" y="-34.561707">
   <element name="applepine" layername="pinenanas" frame="1" z_index="4" m_a="1.000000" m_b="0.000000" m_c="0.000000" m_d="1.000000" m_tx="0.000000" m_ty="0.000000"/>
  </frame>
  <frame idx="75" w="275" h="202" x="5.826492" y="-34.561707">
   <element name="applepine" layername="pinenanas" frame="1" z_index="4" m_a="1.000000" m_b="0.000000" m_c="0.000000" m_d="1.000000" m_tx="0.000000" m_ty="0.000000"/>
  </frame>
  <frame idx="100" w="275" h="202" x="5.826492" y="-34.561707">
   <element name="applepine" layername="pinenanas" frame="1" z_index="4" m_a="1.000000" m_b="0.000000" m_c="0.000000" m_d="1.000000" m_tx="0.000000" m_ty="0.000000"/>
  </frame>
 </anim>
</Anims>
