<Anims>
 <anim name="limon" root="water_farm_plant_veggies" numframes="125" framerate="40">
  <frame idx="0" w="146" h="194" x="1.499977" y="-48.500031">
   <element name="limon" layername="limon" frame="0" z_index="6" m_a="1.000000" m_b="0.000000" m_c="0.000000" m_d="1.000000" m_tx="0.000000" m_ty="0.000000"/>
  </frame>
  <frame idx="25" w="146" h="194" x="1.499977" y="-48.500031">
   <element name="limon" layername="limon" frame="0" z_index="6" m_a="1.000000" m_b="0.000000" m_c="0.000000" m_d="1.000000" m_tx="0.000000" m_ty="0.000000"/>
  </frame>
  <frame idx="50" w="146" h="194" x="1.499977" y="-48.500031">
   <element name="limon" layername="limon" frame="0" z_index="6" m_a="1.000000" m_b="0.000000" m_c="0.000000" m_d="1.000000" m_tx="0.000000" m_ty="0.000000"/>
  </frame>
  <frame idx="75" w="146" h="194" x="1.499977" y="-48.500031">
   <element name="limon" layername="limon" frame="0" z_index="6" m_a="1.000000" m_b="0.000000" m_c="0.000000" m_d="1.000000" m_tx="0.000000" m_ty="0.000000"/>
  </frame>
  <frame idx="100" w="146" h="194" x="1.499977" y="-48.500031">
   <element name="limon" layername="limon" frame="0" z_index="6" m_a="1.000000" m_b="0.000000" m_c="0.000000" m_d="1.000000" m_tx="0.000000" m_ty="0.000000"/>
  </frame>
 </anim>
 <anim name="limon_cooked" root="water_farm_plant_veggies" numframes="125" framerate="40">
  <frame idx="0" w="180" h="176" x="4.499985" y="-36.500000">
   <element name="limon" layername="limon" frame="1" z_index="6" m_a="1.000000" m_b="0.000000" m_c="0.000000" m_d="1.000000" m_tx="0.000000" m_ty="0.000000"/>
  </frame>
  <frame idx="25" w="180" h="176" x="4.499985" y="-36.500000">
   <element name="limon" layername="limon" frame="1" z_index="6" m_a="1.000000" m_b="0.000000" m_c="0.000000" m_d="1.000000" m_tx="0.000000" m_ty="0.000000"/>
  </frame>
  <frame idx="50" w="180" h="176" x="4.499985" y="-36.500000">
   <element name="limon" layername="limon" frame="1" z_index="6" m_a="1.000000" m_b="0.000000" m_c="0.000000" m_d="1.000000" m_tx="0.000000" m_ty="0.000000"/>
  </frame>
  <frame idx="75" w="180" h="176" x="4.499985" y="-36.500000">
   <element name="limon" layername="limon" frame="1" z_index="6" m_a="1.000000" m_b="0.000000" m_c="0.000000" m_d="1.000000" m_tx="0.000000" m_ty="0.000000"/>
  </frame>
  <frame idx="100" w="180" h="176" x="4.499985" y="-36.500000">
   <element name="limon" layername="limon" frame="1" z_index="6" m_a="1.000000" m_b="0.000000" m_c="0.000000" m_d="1.000000" m_tx="0.000000" m_ty="0.000000"/>
  </frame>
 </anim>
 <anim name="citroyuzu" root="water_farm_plant_veggies" numframes="125" framerate="40">
  <frame idx="0" w="240" h="267" x="-16.500092" y="-59.999939">
   <element name="citroyuzu" layername="citroyuzu" frame="0" z_index="6" m_a="1.000000" m_b="0.000000" m_c="0.000000" m_d="1.000000" m_tx="0.000000" m_ty="0.000000"/>
  </frame>
  <frame idx="25" w="240" h="267" x="-16.500092" y="-59.999939">
   <element name="citroyuzu" layername="citroyuzu" frame="0" z_index="6" m_a="1.000000" m_b="0.000000" m_c="0.000000" m_d="1.000000" m_tx="0.000000" m_ty="0.000000"/>
  </frame>
  <frame idx="50" w="240" h="267" x="-16.500092" y="-59.999939">
   <element name="citroyuzu" layername="citroyuzu" frame="0" z_index="6" m_a="1.000000" m_b="0.000000" m_c="0.000000" m_d="1.000000" m_tx="0.000000" m_ty="0.000000"/>
  </frame>
  <frame idx="75" w="240" h="267" x="-16.500092" y="-59.999939">
   <element name="citroyuzu" layername="citroyuzu" frame="0" z_index="6" m_a="1.000000" m_b="0.000000" m_c="0.000000" m_d="1.000000" m_tx="0.000000" m_ty="0.000000"/>
  </frame>
  <frame idx="100" w="240" h="267" x="-16.500092" y="-59.999939">
   <element name="citroyuzu" layername="citroyuzu" frame="0" z_index="6" m_a="1.000000" m_b="0.000000" m_c="0.000000" m_d="1.000000" m_tx="0.000000" m_ty="0.000000"/>
  </frame>
 </anim>
 <anim name="citroyuzu_cooked" root="water_farm_plant_veggies" numframes="125" framerate="40">
  <frame idx="0" w="266" h="237" x="7.999985" y="-49.500000">
   <element name="citroyuzu" layername="citroyuzu" frame="1" z_index="6" m_a="1.000000" m_b="0.000000" m_c="0.000000" m_d="1.000000" m_tx="0.000000" m_ty="0.000000"/>
  </frame>
  <frame idx="25" w="266" h="237" x="7.999985" y="-49.500000">
   <element name="citroyuzu" layername="citroyuzu" frame="1" z_index="6" m_a="1.000000" m_b="0.000000" m_c="0.000000" m_d="1.000000" m_tx="0.000000" m_ty="0.000000"/>
  </frame>
  <frame idx="50" w="266" h="237" x="7.999985" y="-49.500000">
   <element name="citroyuzu" layername="citroyuzu" frame="1" z_index="6" m_a="1.000000" m_b="0.000000" m_c="0.000000" m_d="1.000000" m_tx="0.000000" m_ty="0.000000"/>
  </frame>
  <frame idx="75" w="266" h="237" x="7.999985" y="-49.500000">
   <element name="citroyuzu" layername="citroyuzu" frame="1" z_index="6" m_a="1.000000" m_b="0.000000" m_c="0.000000" m_d="1.000000" m_tx="0.000000" m_ty="0.000000"/>
  </frame>
  <frame idx="100" w="266" h="237" x="7.999985" y="-49.500000">
   <element name="citroyuzu" layername="citroyuzu" frame="1" z_index="6" m_a="1.000000" m_b="0.000000" m_c="0.000000" m_d="1.000000" m_tx="0.000000" m_ty="0.000000"/>
  </frame>
 </anim>
 <anim name="applepine" root="water_farm_plant_veggies" numframes="125" framerate="40">
  <frame idx="0" w="151" h="329" x="3.000061" y="-87.500015">
   <element name="applepine" layername="pinenanas" frame="0" z_index="6" m_a="1.000000" m_b="0.000000" m_c="0.000000" m_d="1.000000" m_tx="0.000000" m_ty="0.000000"/>
  </frame>
  <frame idx="25" w="151" h="329" x="3.000061" y="-87.500015">
   <element name="applepine" layername="pinenanas" frame="0" z_index="6" m_a="1.000000" m_b="0.000000" m_c="0.000000" m_d="1.000000" m_tx="0.000000" m_ty="0.000000"/>
  </frame>
  <frame idx="50" w="151" h="329" x="3.000061" y="-87.500015">
   <element name="applepine" layername="pinenanas" frame="0" z_index="6" m_a="1.000000" m_b="0.000000" m_c="0.000000" m_d="1.000000" m_tx="0.000000" m_ty="0.000000"/>
  </frame>
  <frame idx="75" w="151" h="329" x="3.000061" y="-87.500015">
   <element name="applepine" layername="pinenanas" frame="0" z_index="6" m_a="1.000000" m_b="0.000000" m_c="0.000000" m_d="1.000000" m_tx="0.000000" m_ty="0.000000"/>
  </frame>
  <frame idx="100" w="151" h="329" x="3.000061" y="-87.500015">
   <element name="applepine" layername="pinenanas" frame="0" z_index="6" m_a="1.000000" m_b="0.000000" m_c="0.000000" m_d="1.000000" m_tx="0.000000" m_ty="0.000000"/>
  </frame>
 </anim>
 <anim name="applepine_cooked" root="water_farm_plant_veggies" numframes="125" framerate="40">
  <frame idx="0" w="257" h="200" x="22.220131" y="-32.897110">
   <element name="applepine" layername="pinenanas" frame="1" z_index="6" m_a="1.000000" m_b="0.000000" m_c="0.000000" m_d="1.000000" m_tx="-0.000064" m_ty="0.000029"/>
  </frame>
  <frame idx="25" w="261" h="201" x="18.941399" y="-33.230026">
   <element name="applepine" layername="pinenanas" frame="1" z_index="6" m_a="1.000000" m_b="0.000000" m_c="0.000000" m_d="1.000000" m_tx="-3.278790" m_ty="-0.332888"/>
  </frame>
  <frame idx="50" w="264" h="201" x="15.662682" y="-33.562943">
   <element name="applepine" layername="pinenanas" frame="1" z_index="6" m_a="1.000000" m_b="0.000000" m_c="0.000000" m_d="1.000000" m_tx="-6.557517" m_ty="-0.665805"/>
  </frame>
  <frame idx="75" w="268" h="201" x="12.383949" y="-33.895859">
   <element name="applepine" layername="pinenanas" frame="1" z_index="6" m_a="1.000000" m_b="0.000000" m_c="0.000000" m_d="1.000000" m_tx="-9.836243" m_ty="-0.998722"/>
  </frame>
  <frame idx="100" w="271" h="202" x="9.105217" y="-34.228790">
   <element name="applepine" layername="pinenanas" frame="1" z_index="6" m_a="1.000000" m_b="0.000000" m_c="0.000000" m_d="1.000000" m_tx="-13.114969" m_ty="-1.331639"/>
  </frame>
 </anim>
</Anims>
