<Anims>
 <anim name="close" root="bottle_pouch_big" numframes="325" framerate="40">
  <frame idx="0" w="420" h="334" x="0.000000" y="-78.399994">
   <element name="swap" layername="swap" frame="0" z_index="5" m_a="1.000000" m_b="0.000000" m_c="0.000000" m_d="1.000000" m_tx="0.000000" m_ty="0.000000"/>
  </frame>
  <frame idx="25" w="433" h="327" x="11.068817" y="-84.138535">
   <element name="swap" layername="swap" frame="0" z_index="5" m_a="1.058104" m_b="0.000000" m_c="0.000000" m_d="0.948763" m_tx="0.000000" m_ty="0.000000"/>
  </frame>
  <frame idx="50" w="421" h="338" x="0.825439" y="-74.443558">
   <element name="swap" layername="swap" frame="0" z_index="5" m_a="1.004333" m_b="0.000000" m_c="0.000000" m_d="1.035325" m_tx="0.000000" m_ty="0.000000"/>
  </frame>
  <frame idx="75" w="410" h="349" x="-9.417938" y="-64.748573">
   <element name="swap" layername="swap" frame="0" z_index="5" m_a="0.950562" m_b="0.000000" m_c="0.000000" m_d="1.121888" m_tx="0.000000" m_ty="0.000000"/>
  </frame>
  <frame idx="100" w="399" h="359" x="-19.661316" y="-55.053604">
   <element name="swap" layername="swap" frame="0" z_index="5" m_a="0.896791" m_b="0.000000" m_c="0.000000" m_d="1.208450" m_tx="0.000000" m_ty="0.000000"/>
  </frame>
  <frame idx="125" w="398" h="355" x="-20.623337" y="-59.434586">
   <element name="closed" layername="closed_A" frame="0" z_index="5" m_a="0.891741" m_b="0.000000" m_c="0.000000" m_d="1.169334" m_tx="0.000000" m_ty="0.000000"/>
  </frame>
  <frame idx="150" w="407" h="346" x="-11.400223" y="-66.878662">
   <element name="closed" layername="closed_A" frame="0" z_index="5" m_a="0.940156" m_b="0.000000" m_c="0.000000" m_d="1.102869" m_tx="0.000000" m_ty="0.000000"/>
  </frame>
  <frame idx="175" w="417" h="338" x="-2.177109" y="-74.322746">
   <element name="closed" layername="closed_A" frame="0" z_index="5" m_a="0.988572" m_b="0.000000" m_c="0.000000" m_d="1.036404" m_tx="0.000000" m_ty="0.000000"/>
  </frame>
  <frame idx="200" w="428" h="330" x="7.046021" y="-81.766830">
   <element name="closed" layername="closed_A" frame="0" z_index="5" m_a="1.036987" m_b="0.000000" m_c="0.000000" m_d="0.969939" m_tx="0.000000" m_ty="0.000000"/>
  </frame>
  <frame idx="225" w="426" h="330" x="5.284515" y="-80.925117">
   <element name="closed" layername="closed_A" frame="0" z_index="5" m_a="1.027740" m_b="0.000000" m_c="0.000000" m_d="0.977454" m_tx="0.000000" m_ty="0.000000"/>
  </frame>
  <frame idx="250" w="424" h="332" x="3.522995" y="-80.083412">
   <element name="closed" layername="closed_A" frame="0" z_index="5" m_a="1.018493" m_b="0.000000" m_c="0.000000" m_d="0.984969" m_tx="0.000000" m_ty="0.000000"/>
  </frame>
  <frame idx="275" w="422" h="333" x="1.761505" y="-79.241699">
   <element name="closed" layername="closed_A" frame="0" z_index="5" m_a="1.009247" m_b="0.000000" m_c="0.000000" m_d="0.992485" m_tx="0.000000" m_ty="0.000000"/>
  </frame>
  <frame idx="300" w="420" h="334" x="0.000000" y="-78.399994">
   <element name="closed" layername="closed_A" frame="0" z_index="5" m_a="1.000000" m_b="0.000000" m_c="0.000000" m_d="1.000000" m_tx="0.000000" m_ty="0.000000"/>
  </frame>
 </anim>
 <anim name="closed" root="bottle_pouch_big" numframes="125" framerate="40">
  <frame idx="0" w="420" h="334" x="0.000000" y="-78.399994">
   <element name="closed" layername="closed_A" frame="0" z_index="6" m_a="1.000000" m_b="0.000000" m_c="0.000000" m_d="1.000000" m_tx="0.000000" m_ty="0.000000"/>
  </frame>
  <frame idx="25" w="420" h="334" x="0.000000" y="-78.399994">
   <element name="closed" layername="closed_A" frame="0" z_index="6" m_a="1.000000" m_b="0.000000" m_c="0.000000" m_d="1.000000" m_tx="0.000000" m_ty="0.000000"/>
  </frame>
  <frame idx="50" w="420" h="334" x="0.000000" y="-78.399994">
   <element name="closed" layername="closed_A" frame="0" z_index="6" m_a="1.000000" m_b="0.000000" m_c="0.000000" m_d="1.000000" m_tx="0.000000" m_ty="0.000000"/>
  </frame>
  <frame idx="75" w="420" h="334" x="0.000000" y="-78.399994">
   <element name="closed" layername="closed_A" frame="0" z_index="6" m_a="1.000000" m_b="0.000000" m_c="0.000000" m_d="1.000000" m_tx="0.000000" m_ty="0.000000"/>
  </frame>
  <frame idx="100" w="420" h="334" x="0.000000" y="-78.399994">
   <element name="closed" layername="closed_A" frame="0" z_index="6" m_a="1.000000" m_b="0.000000" m_c="0.000000" m_d="1.000000" m_tx="0.000000" m_ty="0.000000"/>
  </frame>
 </anim>
 <anim name="open" root="bottle_pouch_big" numframes="325" framerate="40">
  <frame idx="0" w="429" h="326" x="8.976349" y="-85.381630">
   <element name="closed" layername="closed_A" frame="0" z_index="5" m_a="1.047120" m_b="0.000000" m_c="0.000000" m_d="0.937664" m_tx="0.000000" m_ty="0.000000"/>
  </frame>
  <frame idx="25" w="423" h="330" x="2.992096" y="-81.714806">
   <element name="closed" layername="closed_A" frame="0" z_index="5" m_a="1.015707" m_b="0.000000" m_c="0.000000" m_d="0.970403" m_tx="0.000000" m_ty="0.000000"/>
  </frame>
  <frame idx="50" w="417" h="355" x="-2.992188" y="-59.303101">
   <element name="swap" layername="swap" frame="0" z_index="6" m_a="0.948065" m_b="0.000000" m_c="0.000000" m_d="1.170508" m_tx="0.000000" m_ty="0.000000"/>
   <element name="closed" layername="closed_A" frame="0" z_index="5" m_a="0.984293" m_b="0.000000" m_c="0.000000" m_d="1.003143" m_tx="0.000000" m_ty="0.000000"/>
  </frame>
  <frame idx="75" w="411" h="366" x="-8.976456" y="-49.754639">
   <element name="swap" layername="swap" frame="0" z_index="6" m_a="0.922098" m_b="0.000000" m_c="0.000000" m_d="1.255762" m_tx="0.000000" m_ty="0.000000"/>
   <element name="closed" layername="closed_A" frame="0" z_index="5" m_a="0.952879" m_b="0.000000" m_c="0.000000" m_d="1.035882" m_tx="0.000000" m_ty="0.000000"/>
  </frame>
  <frame idx="100" w="404" h="376" x="-14.960724" y="-40.206192">
   <element name="swap" layername="swap" frame="0" z_index="6" m_a="0.896130" m_b="0.000000" m_c="0.000000" m_d="1.341016" m_tx="0.000000" m_ty="0.000000"/>
   <element name="closed" layername="closed_A" frame="0" z_index="5" m_a="0.921466" m_b="0.000000" m_c="0.000000" m_d="1.068622" m_tx="0.000000" m_ty="0.000000"/>
  </frame>
  <frame idx="125" w="402" h="345" x="-16.489304" y="-68.119957">
   <element name="swap" layername="swap" frame="0" z_index="6" m_a="0.913442" m_b="0.000000" m_c="0.000000" m_d="1.091786" m_tx="0.000000" m_ty="0.000000"/>
  </frame>
  <frame idx="150" w="411" h="340" x="-8.998077" y="-72.309357">
   <element name="swap" layername="swap" frame="0" z_index="6" m_a="0.952766" m_b="0.000000" m_c="0.000000" m_d="1.054381" m_tx="0.000000" m_ty="0.000000"/>
  </frame>
  <frame idx="175" w="418" h="336" x="-1.506851" y="-76.498764">
   <element name="swap" layername="swap" frame="0" z_index="6" m_a="0.992090" m_b="0.000000" m_c="0.000000" m_d="1.016975" m_tx="0.000000" m_ty="0.000000"/>
  </frame>
  <frame idx="200" w="426" h="332" x="5.984375" y="-80.688156">
   <element name="swap" layername="swap" frame="0" z_index="6" m_a="1.031414" m_b="0.000000" m_c="0.000000" m_d="0.979570" m_tx="0.000000" m_ty="0.000000"/>
  </frame>
  <frame idx="225" w="423" h="333" x="2.992188" y="-79.544083">
   <element name="swap" layername="swap" frame="0" z_index="6" m_a="1.015707" m_b="0.000000" m_c="0.000000" m_d="0.989785" m_tx="0.000000" m_ty="0.000000"/>
  </frame>
  <frame idx="250" w="420" h="334" x="0.000000" y="-78.399994">
   <element name="swap" layername="swap" frame="0" z_index="6" m_a="1.000000" m_b="0.000000" m_c="0.000000" m_d="1.000000" m_tx="0.000000" m_ty="0.000000"/>
  </frame>
  <frame idx="275" w="420" h="334" x="0.000000" y="-78.399994">
   <element name="swap" layername="swap" frame="0" z_index="6" m_a="1.000000" m_b="0.000000" m_c="0.000000" m_d="1.000000" m_tx="0.000000" m_ty="0.000000"/>
  </frame>
  <frame idx="300" w="420" h="334" x="0.000000" y="-78.399994">
   <element name="swap" layername="swap" frame="0" z_index="6" m_a="1.000000" m_b="0.000000" m_c="0.000000" m_d="1.000000" m_tx="0.000000" m_ty="0.000000"/>
  </frame>
 </anim>
 <anim name="opened" root="bottle_pouch_big" numframes="125" framerate="40">
  <frame idx="0" w="420" h="334" x="0.000000" y="-78.399994">
   <element name="swap" layername="swap" frame="0" z_index="6" m_a="1.000000" m_b="0.000000" m_c="0.000000" m_d="1.000000" m_tx="0.000000" m_ty="0.000000"/>
  </frame>
  <frame idx="25" w="420" h="334" x="0.000000" y="-78.399994">
   <element name="swap" layername="swap" frame="0" z_index="6" m_a="1.000000" m_b="0.000000" m_c="0.000000" m_d="1.000000" m_tx="0.000000" m_ty="0.000000"/>
  </frame>
  <frame idx="50" w="420" h="334" x="0.000000" y="-78.399994">
   <element name="swap" layername="swap" frame="0" z_index="6" m_a="1.000000" m_b="0.000000" m_c="0.000000" m_d="1.000000" m_tx="0.000000" m_ty="0.000000"/>
  </frame>
  <frame idx="75" w="420" h="334" x="0.000000" y="-78.399994">
   <element name="swap" layername="swap" frame="0" z_index="6" m_a="1.000000" m_b="0.000000" m_c="0.000000" m_d="1.000000" m_tx="0.000000" m_ty="0.000000"/>
  </frame>
  <frame idx="100" w="420" h="334" x="0.000000" y="-78.399994">
   <element name="swap" layername="swap" frame="0" z_index="6" m_a="1.000000" m_b="0.000000" m_c="0.000000" m_d="1.000000" m_tx="0.000000" m_ty="0.000000"/>
  </frame>
 </anim>
</Anims>
