<Anims>
 <anim name="idle" root="kettle_drink" numframes="150" framerate="40">
  <frame idx="0" w="141" h="141" x="0.000000" y="0.000000">
   <element name="swap" layername="swap" frame="0" z_index="7" m_a="1.000000" m_b="0.000000" m_c="0.000000" m_d="1.000000" m_tx="0.000000" m_ty="0.000000"/>
  </frame>
  <frame idx="25" w="141" h="141" x="0.000000" y="0.000000">
   <element name="swap" layername="swap" frame="0" z_index="7" m_a="1.000000" m_b="0.000000" m_c="0.000000" m_d="1.000000" m_tx="0.000000" m_ty="0.000000"/>
  </frame>
  <frame idx="50" w="141" h="141" x="0.000000" y="0.000000">
   <element name="swap" layername="swap" frame="0" z_index="7" m_a="1.000000" m_b="0.000000" m_c="0.000000" m_d="1.000000" m_tx="0.000000" m_ty="0.000000"/>
  </frame>
  <frame idx="75" w="141" h="141" x="0.000000" y="0.000000">
   <element name="swap" layername="swap" frame="0" z_index="7" m_a="1.000000" m_b="0.000000" m_c="0.000000" m_d="1.000000" m_tx="0.000000" m_ty="0.000000"/>
  </frame>
  <frame idx="100" w="141" h="141" x="0.000000" y="0.000000">
   <element name="swap" layername="swap" frame="0" z_index="7" m_a="1.000000" m_b="0.000000" m_c="0.000000" m_d="1.000000" m_tx="0.000000" m_ty="0.000000"/>
  </frame>
  <frame idx="125" w="141" h="141" x="0.000000" y="0.000000">
   <element name="swap" layername="swap" frame="0" z_index="7" m_a="1.000000" m_b="0.000000" m_c="0.000000" m_d="1.000000" m_tx="0.000000" m_ty="0.000000"/>
  </frame>
 </anim>
 <anim name="turn_to_ice" root="kettle_drink" numframes="1000" framerate="40">
  <frame idx="0" w="206" h="289" x="0.000000" y="-74.800003">
   <element name="water_clean" layername="water" frame="0" z_index="7" m_a="1.000000" m_b="0.000000" m_c="0.000000" m_d="1.000000" m_tx="0.000000" m_ty="-28.049999"/>
  </frame>
  <frame idx="25" w="202" h="289" x="4.000000" y="-74.800003">
   <element name="water_clean" layername="water" frame="0" z_index="7" m_a="1.000000" m_b="0.000000" m_c="0.000000" m_d="1.000000" m_tx="4.000000" m_ty="-28.049999"/>
  </frame>
  <frame idx="50" w="211" h="289" x="-4.000000" y="-74.800003">
   <element name="water_clean" layername="water" frame="0" z_index="7" m_a="1.000000" m_b="0.000000" m_c="0.000000" m_d="1.000000" m_tx="-4.000000" m_ty="-28.049999"/>
  </frame>
  <frame idx="75" w="202" h="289" x="4.000000" y="-74.800003">
   <element name="water_clean" layername="water" frame="0" z_index="7" m_a="1.000000" m_b="0.000000" m_c="0.000000" m_d="1.000000" m_tx="4.000000" m_ty="-28.049999"/>
  </frame>
  <frame idx="100" w="211" h="289" x="-4.000000" y="-74.800003">
   <element name="water_clean" layername="water" frame="0" z_index="7" m_a="1.000000" m_b="0.000000" m_c="0.000000" m_d="1.000000" m_tx="-4.000000" m_ty="-28.049999"/>
  </frame>
  <frame idx="125" w="202" h="289" x="4.000000" y="-74.800003">
   <element name="water_clean" layername="water" frame="0" z_index="7" m_a="1.000000" m_b="0.000000" m_c="0.000000" m_d="1.000000" m_tx="4.000000" m_ty="-28.049999"/>
  </frame>
  <frame idx="150" w="211" h="289" x="-4.000000" y="-74.800003">
   <element name="water_clean" layername="water" frame="0" z_index="7" m_a="1.000000" m_b="0.000000" m_c="0.000000" m_d="1.000000" m_tx="-4.000000" m_ty="-28.049999"/>
  </frame>
  <frame idx="175" w="202" h="289" x="4.000000" y="-74.800003">
   <element name="water_clean" layername="water" frame="0" z_index="7" m_a="1.000000" m_b="0.000000" m_c="0.000000" m_d="1.000000" m_tx="4.000000" m_ty="-28.049999"/>
  </frame>
  <frame idx="200" w="211" h="289" x="-4.000000" y="-74.800003">
   <element name="water_clean" layername="water" frame="0" z_index="7" m_a="1.000000" m_b="0.000000" m_c="0.000000" m_d="1.000000" m_tx="-4.000000" m_ty="-28.049999"/>
  </frame>
  <frame idx="225" w="202" h="289" x="4.000000" y="-74.800003">
   <element name="water_clean" layername="water" frame="0" z_index="7" m_a="1.000000" m_b="0.000000" m_c="0.000000" m_d="1.000000" m_tx="4.000000" m_ty="-28.049999"/>
  </frame>
  <frame idx="250" w="211" h="289" x="-4.000000" y="-74.800003">
   <element name="water_clean" layername="water" frame="0" z_index="7" m_a="1.000000" m_b="0.000000" m_c="0.000000" m_d="1.000000" m_tx="-4.000000" m_ty="-28.049999"/>
  </frame>
  <frame idx="275" w="202" h="289" x="4.000000" y="-74.800003">
   <element name="water_clean" layername="water" frame="0" z_index="7" m_a="1.000000" m_b="0.000000" m_c="0.000000" m_d="1.000000" m_tx="4.000000" m_ty="-28.049999"/>
  </frame>
  <frame idx="300" w="211" h="289" x="-4.000000" y="-74.800003">
   <element name="water_clean" layername="water" frame="0" z_index="7" m_a="1.000000" m_b="0.000000" m_c="0.000000" m_d="1.000000" m_tx="-4.000000" m_ty="-28.049999"/>
  </frame>
  <frame idx="325" w="202" h="289" x="4.000000" y="-74.800003">
   <element name="water_clean" layername="water" frame="0" z_index="7" m_a="1.000000" m_b="0.000000" m_c="0.000000" m_d="1.000000" m_tx="4.000000" m_ty="-28.049999"/>
  </frame>
  <frame idx="350" w="211" h="289" x="-4.000000" y="-74.800003">
   <element name="water_clean" layername="water" frame="0" z_index="7" m_a="1.000000" m_b="0.000000" m_c="0.000000" m_d="1.000000" m_tx="-4.000000" m_ty="-28.049999"/>
  </frame>
  <frame idx="375" w="202" h="289" x="4.000000" y="-74.800003">
   <element name="water_clean" layername="water" frame="0" z_index="7" m_a="1.000000" m_b="0.000000" m_c="0.000000" m_d="1.000000" m_tx="4.000000" m_ty="-28.049999"/>
  </frame>
  <frame idx="400" w="206" h="289" x="0.000000" y="-74.800003">
   <element name="water_clean" layername="water" frame="0" z_index="7" m_a="1.000000" m_b="0.000000" m_c="0.000000" m_d="1.000000" m_tx="0.000000" m_ty="-28.049999"/>
  </frame>
  <frame idx="425" w="206" h="289" x="0.000000" y="-74.800003">
   <element name="water_clean" layername="water" frame="0" z_index="7" m_a="1.000000" m_b="0.000000" m_c="0.000000" m_d="1.000000" m_tx="0.000000" m_ty="-28.049999"/>
  </frame>
  <frame idx="450" w="206" h="289" x="0.000000" y="-74.800003">
   <element name="water_clean" layername="water" frame="0" z_index="7" m_a="1.000000" m_b="0.000000" m_c="0.000000" m_d="1.000000" m_tx="0.000000" m_ty="-28.049999"/>
  </frame>
  <frame idx="475" w="186" h="316" x="-18.699997" y="-61.709999">
   <element name="water_clean" layername="water" frame="0" z_index="7" m_a="0.800000" m_b="0.000000" m_c="0.000000" m_d="1.200000" m_tx="0.000000" m_ty="-33.660000"/>
  </frame>
  <frame idx="500" w="165" h="343" x="-37.399998" y="-48.620010">
   <element name="water_clean_ice" layername="water" frame="0" z_index="7" m_a="0.600000" m_b="0.000000" m_c="0.000000" m_d="1.400000" m_tx="0.000000" m_ty="-39.270000"/>
  </frame>
  <frame idx="525" w="217" h="275" x="9.349998" y="-81.344994">
   <element name="water_clean_ice" layername="water" frame="0" z_index="7" m_a="1.100000" m_b="0.000000" m_c="0.000000" m_d="0.900000" m_tx="0.000000" m_ty="-25.245001"/>
  </frame>
  <frame idx="550" w="269" h="208" x="56.100006" y="-114.070000">
   <element name="water_clean_ice" layername="water" frame="0" z_index="7" m_a="1.600000" m_b="0.000000" m_c="0.000000" m_d="0.400000" m_tx="0.000000" m_ty="-11.220000"/>
  </frame>
  <frame idx="575" w="258" h="223" x="46.750000" y="-107.524994">
   <element name="water_clean_ice" layername="water" frame="0" z_index="7" m_a="1.500000" m_b="0.000000" m_c="0.000000" m_d="0.500000" m_tx="0.000000" m_ty="-14.025000"/>
  </frame>
  <frame idx="600" w="248" h="236" x="37.399994" y="-100.979996">
   <element name="water_clean_ice" layername="water" frame="0" z_index="7" m_a="1.400000" m_b="0.000000" m_c="0.000000" m_d="0.600000" m_tx="0.000000" m_ty="-16.830000"/>
  </frame>
  <frame idx="625" w="238" h="249" x="28.049995" y="-94.434990">
   <element name="water_clean_ice" layername="water" frame="0" z_index="7" m_a="1.300000" m_b="0.000000" m_c="0.000000" m_d="0.700000" m_tx="0.000000" m_ty="-19.634998"/>
  </frame>
  <frame idx="650" w="227" h="262" x="18.700005" y="-87.889999">
   <element name="water_clean_ice" layername="water" frame="0" z_index="7" m_a="1.200000" m_b="0.000000" m_c="0.000000" m_d="0.800000" m_tx="0.000000" m_ty="-22.439999"/>
  </frame>
  <frame idx="675" w="217" h="275" x="9.349998" y="-81.344994">
   <element name="water_clean_ice" layername="water" frame="0" z_index="7" m_a="1.100000" m_b="0.000000" m_c="0.000000" m_d="0.900000" m_tx="0.000000" m_ty="-25.244999"/>
  </frame>
  <frame idx="700" w="206" h="289" x="0.000000" y="-74.800003">
   <element name="water_clean_ice" layername="water" frame="0" z_index="7" m_a="1.000000" m_b="0.000000" m_c="0.000000" m_d="1.000000" m_tx="0.000000" m_ty="-28.049999"/>
  </frame>
  <frame idx="725" w="206" h="289" x="0.000000" y="-74.800003">
   <element name="water_clean_ice" layername="water" frame="0" z_index="7" m_a="1.000000" m_b="0.000000" m_c="0.000000" m_d="1.000000" m_tx="0.000000" m_ty="-28.049999"/>
  </frame>
  <frame idx="750" w="206" h="289" x="0.000000" y="-74.800003">
   <element name="water_clean_ice" layername="water" frame="0" z_index="7" m_a="1.000000" m_b="0.000000" m_c="0.000000" m_d="1.000000" m_tx="0.000000" m_ty="-28.049999"/>
  </frame>
  <frame idx="775" w="206" h="289" x="0.000000" y="-74.800003">
   <element name="water_clean_ice" layername="water" frame="0" z_index="7" m_a="1.000000" m_b="0.000000" m_c="0.000000" m_d="1.000000" m_tx="0.000000" m_ty="-28.049999"/>
  </frame>
  <frame idx="800" w="206" h="289" x="0.000000" y="-74.800003">
   <element name="water_clean_ice" layername="water" frame="0" z_index="7" m_a="1.000000" m_b="0.000000" m_c="0.000000" m_d="1.000000" m_tx="0.000000" m_ty="-28.049999"/>
  </frame>
  <frame idx="825" w="206" h="289" x="0.000000" y="-74.800003">
   <element name="water_clean_ice" layername="water" frame="0" z_index="7" m_a="1.000000" m_b="0.000000" m_c="0.000000" m_d="1.000000" m_tx="0.000000" m_ty="-28.049999"/>
  </frame>
  <frame idx="850" w="206" h="289" x="0.000000" y="-74.800003">
   <element name="water_clean_ice" layername="water" frame="0" z_index="7" m_a="1.000000" m_b="0.000000" m_c="0.000000" m_d="1.000000" m_tx="0.000000" m_ty="-28.049999"/>
  </frame>
  <frame idx="875" w="206" h="289" x="0.000000" y="-74.800003">
   <element name="water_clean_ice" layername="water" frame="0" z_index="7" m_a="1.000000" m_b="0.000000" m_c="0.000000" m_d="1.000000" m_tx="0.000000" m_ty="-28.049999"/>
  </frame>
  <frame idx="900" w="206" h="289" x="0.000000" y="-74.800003">
   <element name="water_clean_ice" layername="water" frame="0" z_index="7" m_a="1.000000" m_b="0.000000" m_c="0.000000" m_d="1.000000" m_tx="0.000000" m_ty="-28.049999"/>
  </frame>
  <frame idx="925" w="206" h="289" x="0.000000" y="-74.800003">
   <element name="water_clean_ice" layername="water" frame="0" z_index="7" m_a="1.000000" m_b="0.000000" m_c="0.000000" m_d="1.000000" m_tx="0.000000" m_ty="-28.049999"/>
  </frame>
  <frame idx="950" w="206" h="289" x="0.000000" y="-74.800003">
   <element name="water_clean_ice" layername="water" frame="0" z_index="7" m_a="1.000000" m_b="0.000000" m_c="0.000000" m_d="1.000000" m_tx="0.000000" m_ty="-28.049999"/>
  </frame>
  <frame idx="975" w="206" h="289" x="0.000000" y="-74.800003">
   <element name="water_clean_ice" layername="water" frame="0" z_index="7" m_a="1.000000" m_b="0.000000" m_c="0.000000" m_d="1.000000" m_tx="0.000000" m_ty="-28.049999"/>
  </frame>
 </anim>
 <anim name="turn_to_ice_dirty" root="kettle_drink" numframes="1000" framerate="40">
  <frame idx="0" w="206" h="289" x="0.000000" y="-74.800003">
   <element name="water_dirty" layername="water" frame="0" z_index="7" m_a="1.000000" m_b="0.000000" m_c="0.000000" m_d="1.000000" m_tx="0.000000" m_ty="-28.049999"/>
  </frame>
  <frame idx="25" w="202" h="289" x="4.000000" y="-74.800003">
   <element name="water_dirty" layername="water" frame="0" z_index="7" m_a="1.000000" m_b="0.000000" m_c="0.000000" m_d="1.000000" m_tx="4.000000" m_ty="-28.049999"/>
  </frame>
  <frame idx="50" w="211" h="289" x="-4.000000" y="-74.800003">
   <element name="water_dirty" layername="water" frame="0" z_index="7" m_a="1.000000" m_b="0.000000" m_c="0.000000" m_d="1.000000" m_tx="-4.000000" m_ty="-28.049999"/>
  </frame>
  <frame idx="75" w="202" h="289" x="4.000000" y="-74.800003">
   <element name="water_dirty" layername="water" frame="0" z_index="7" m_a="1.000000" m_b="0.000000" m_c="0.000000" m_d="1.000000" m_tx="4.000000" m_ty="-28.049999"/>
  </frame>
  <frame idx="100" w="211" h="289" x="-4.000000" y="-74.800003">
   <element name="water_dirty" layername="water" frame="0" z_index="7" m_a="1.000000" m_b="0.000000" m_c="0.000000" m_d="1.000000" m_tx="-4.000000" m_ty="-28.049999"/>
  </frame>
  <frame idx="125" w="202" h="289" x="4.000000" y="-74.800003">
   <element name="water_dirty" layername="water" frame="0" z_index="7" m_a="1.000000" m_b="0.000000" m_c="0.000000" m_d="1.000000" m_tx="4.000000" m_ty="-28.049999"/>
  </frame>
  <frame idx="150" w="211" h="289" x="-4.000000" y="-74.800003">
   <element name="water_dirty" layername="water" frame="0" z_index="7" m_a="1.000000" m_b="0.000000" m_c="0.000000" m_d="1.000000" m_tx="-4.000000" m_ty="-28.049999"/>
  </frame>
  <frame idx="175" w="202" h="289" x="4.000000" y="-74.800003">
   <element name="water_dirty" layername="water" frame="0" z_index="7" m_a="1.000000" m_b="0.000000" m_c="0.000000" m_d="1.000000" m_tx="4.000000" m_ty="-28.049999"/>
  </frame>
  <frame idx="200" w="211" h="289" x="-4.000000" y="-74.800003">
   <element name="water_dirty" layername="water" frame="0" z_index="7" m_a="1.000000" m_b="0.000000" m_c="0.000000" m_d="1.000000" m_tx="-4.000000" m_ty="-28.049999"/>
  </frame>
  <frame idx="225" w="202" h="289" x="4.000000" y="-74.800003">
   <element name="water_dirty" layername="water" frame="0" z_index="7" m_a="1.000000" m_b="0.000000" m_c="0.000000" m_d="1.000000" m_tx="4.000000" m_ty="-28.049999"/>
  </frame>
  <frame idx="250" w="211" h="289" x="-4.000000" y="-74.800003">
   <element name="water_dirty" layername="water" frame="0" z_index="7" m_a="1.000000" m_b="0.000000" m_c="0.000000" m_d="1.000000" m_tx="-4.000000" m_ty="-28.049999"/>
  </frame>
  <frame idx="275" w="202" h="289" x="4.000000" y="-74.800003">
   <element name="water_dirty" layername="water" frame="0" z_index="7" m_a="1.000000" m_b="0.000000" m_c="0.000000" m_d="1.000000" m_tx="4.000000" m_ty="-28.049999"/>
  </frame>
  <frame idx="300" w="211" h="289" x="-4.000000" y="-74.800003">
   <element name="water_dirty" layername="water" frame="0" z_index="7" m_a="1.000000" m_b="0.000000" m_c="0.000000" m_d="1.000000" m_tx="-4.000000" m_ty="-28.049999"/>
  </frame>
  <frame idx="325" w="202" h="289" x="4.000000" y="-74.800003">
   <element name="water_dirty" layername="water" frame="0" z_index="7" m_a="1.000000" m_b="0.000000" m_c="0.000000" m_d="1.000000" m_tx="4.000000" m_ty="-28.049999"/>
  </frame>
  <frame idx="350" w="211" h="289" x="-4.000000" y="-74.800003">
   <element name="water_dirty" layername="water" frame="0" z_index="7" m_a="1.000000" m_b="0.000000" m_c="0.000000" m_d="1.000000" m_tx="-4.000000" m_ty="-28.049999"/>
  </frame>
  <frame idx="375" w="202" h="289" x="4.000000" y="-74.800003">
   <element name="water_dirty" layername="water" frame="0" z_index="7" m_a="1.000000" m_b="0.000000" m_c="0.000000" m_d="1.000000" m_tx="4.000000" m_ty="-28.049999"/>
  </frame>
  <frame idx="400" w="206" h="289" x="0.000000" y="-74.800003">
   <element name="water_dirty" layername="water" frame="0" z_index="7" m_a="1.000000" m_b="0.000000" m_c="0.000000" m_d="1.000000" m_tx="0.000000" m_ty="-28.049999"/>
  </frame>
  <frame idx="425" w="206" h="289" x="0.000000" y="-74.800003">
   <element name="water_dirty" layername="water" frame="0" z_index="7" m_a="1.000000" m_b="0.000000" m_c="0.000000" m_d="1.000000" m_tx="0.000000" m_ty="-28.049999"/>
  </frame>
  <frame idx="450" w="206" h="289" x="0.000000" y="-74.800003">
   <element name="water_dirty" layername="water" frame="0" z_index="7" m_a="1.000000" m_b="0.000000" m_c="0.000000" m_d="1.000000" m_tx="0.000000" m_ty="-28.049999"/>
  </frame>
  <frame idx="475" w="186" h="316" x="-18.699997" y="-61.709999">
   <element name="water_dirty" layername="water" frame="0" z_index="7" m_a="0.800000" m_b="0.000000" m_c="0.000000" m_d="1.200000" m_tx="0.000000" m_ty="-33.660000"/>
  </frame>
  <frame idx="500" w="165" h="343" x="-37.399998" y="-48.620010">
   <element name="water_dirty_ice" layername="water" frame="0" z_index="7" m_a="0.600000" m_b="0.000000" m_c="0.000000" m_d="1.400000" m_tx="0.000000" m_ty="-39.270000"/>
  </frame>
  <frame idx="525" w="217" h="275" x="9.349998" y="-81.344994">
   <element name="water_dirty_ice" layername="water" frame="0" z_index="7" m_a="1.100000" m_b="0.000000" m_c="0.000000" m_d="0.900000" m_tx="0.000000" m_ty="-25.245001"/>
  </frame>
  <frame idx="550" w="269" h="208" x="56.100006" y="-114.070000">
   <element name="water_dirty_ice" layername="water" frame="0" z_index="7" m_a="1.600000" m_b="0.000000" m_c="0.000000" m_d="0.400000" m_tx="0.000000" m_ty="-11.220000"/>
  </frame>
  <frame idx="575" w="258" h="223" x="46.750000" y="-107.524994">
   <element name="water_dirty_ice" layername="water" frame="0" z_index="7" m_a="1.500000" m_b="0.000000" m_c="0.000000" m_d="0.500000" m_tx="0.000000" m_ty="-14.025000"/>
  </frame>
  <frame idx="600" w="248" h="236" x="37.399994" y="-100.979996">
   <element name="water_dirty_ice" layername="water" frame="0" z_index="7" m_a="1.400000" m_b="0.000000" m_c="0.000000" m_d="0.600000" m_tx="0.000000" m_ty="-16.830000"/>
  </frame>
  <frame idx="625" w="238" h="249" x="28.049995" y="-94.434990">
   <element name="water_dirty_ice" layername="water" frame="0" z_index="7" m_a="1.300000" m_b="0.000000" m_c="0.000000" m_d="0.700000" m_tx="0.000000" m_ty="-19.634998"/>
  </frame>
  <frame idx="650" w="227" h="262" x="18.700005" y="-87.889999">
   <element name="water_dirty_ice" layername="water" frame="0" z_index="7" m_a="1.200000" m_b="0.000000" m_c="0.000000" m_d="0.800000" m_tx="0.000000" m_ty="-22.439999"/>
  </frame>
  <frame idx="675" w="217" h="275" x="9.349998" y="-81.344994">
   <element name="water_dirty_ice" layername="water" frame="0" z_index="7" m_a="1.100000" m_b="0.000000" m_c="0.000000" m_d="0.900000" m_tx="0.000000" m_ty="-25.244999"/>
  </frame>
  <frame idx="700" w="206" h="289" x="0.000000" y="-74.800003">
   <element name="water_dirty_ice" layername="water" frame="0" z_index="7" m_a="1.000000" m_b="0.000000" m_c="0.000000" m_d="1.000000" m_tx="0.000000" m_ty="-28.049999"/>
  </frame>
  <frame idx="725" w="206" h="289" x="0.000000" y="-74.800003">
   <element name="water_dirty_ice" layername="water" frame="0" z_index="7" m_a="1.000000" m_b="0.000000" m_c="0.000000" m_d="1.000000" m_tx="0.000000" m_ty="-28.049999"/>
  </frame>
  <frame idx="750" w="206" h="289" x="0.000000" y="-74.800003">
   <element name="water_dirty_ice" layername="water" frame="0" z_index="7" m_a="1.000000" m_b="0.000000" m_c="0.000000" m_d="1.000000" m_tx="0.000000" m_ty="-28.049999"/>
  </frame>
  <frame idx="775" w="206" h="289" x="0.000000" y="-74.800003">
   <element name="water_dirty_ice" layername="water" frame="0" z_index="7" m_a="1.000000" m_b="0.000000" m_c="0.000000" m_d="1.000000" m_tx="0.000000" m_ty="-28.049999"/>
  </frame>
  <frame idx="800" w="206" h="289" x="0.000000" y="-74.800003">
   <element name="water_dirty_ice" layername="water" frame="0" z_index="7" m_a="1.000000" m_b="0.000000" m_c="0.000000" m_d="1.000000" m_tx="0.000000" m_ty="-28.049999"/>
  </frame>
  <frame idx="825" w="206" h="289" x="0.000000" y="-74.800003">
   <element name="water_dirty_ice" layername="water" frame="0" z_index="7" m_a="1.000000" m_b="0.000000" m_c="0.000000" m_d="1.000000" m_tx="0.000000" m_ty="-28.049999"/>
  </frame>
  <frame idx="850" w="206" h="289" x="0.000000" y="-74.800003">
   <element name="water_dirty_ice" layername="water" frame="0" z_index="7" m_a="1.000000" m_b="0.000000" m_c="0.000000" m_d="1.000000" m_tx="0.000000" m_ty="-28.049999"/>
  </frame>
  <frame idx="875" w="206" h="289" x="0.000000" y="-74.800003">
   <element name="water_dirty_ice" layername="water" frame="0" z_index="7" m_a="1.000000" m_b="0.000000" m_c="0.000000" m_d="1.000000" m_tx="0.000000" m_ty="-28.049999"/>
  </frame>
  <frame idx="900" w="206" h="289" x="0.000000" y="-74.800003">
   <element name="water_dirty_ice" layername="water" frame="0" z_index="7" m_a="1.000000" m_b="0.000000" m_c="0.000000" m_d="1.000000" m_tx="0.000000" m_ty="-28.049999"/>
  </frame>
  <frame idx="925" w="206" h="289" x="0.000000" y="-74.800003">
   <element name="water_dirty_ice" layername="water" frame="0" z_index="7" m_a="1.000000" m_b="0.000000" m_c="0.000000" m_d="1.000000" m_tx="0.000000" m_ty="-28.049999"/>
  </frame>
  <frame idx="950" w="206" h="289" x="0.000000" y="-74.800003">
   <element name="water_dirty_ice" layername="water" frame="0" z_index="7" m_a="1.000000" m_b="0.000000" m_c="0.000000" m_d="1.000000" m_tx="0.000000" m_ty="-28.049999"/>
  </frame>
  <frame idx="975" w="206" h="289" x="0.000000" y="-74.800003">
   <element name="water_dirty_ice" layername="water" frame="0" z_index="7" m_a="1.000000" m_b="0.000000" m_c="0.000000" m_d="1.000000" m_tx="0.000000" m_ty="-28.049999"/>
  </frame>
 </anim>
 <anim name="turn_to_full" root="kettle_drink" numframes="1000" framerate="40">
  <frame idx="0" w="206" h="289" x="0.000000" y="-74.800003">
   <element name="water_clean_ice" layername="water" frame="0" z_index="7" m_a="1.000000" m_b="0.000000" m_c="0.000000" m_d="1.000000" m_tx="0.000000" m_ty="-28.049999"/>
  </frame>
  <frame idx="25" w="208" h="292" x="0.573334" y="-75.623489">
   <element name="water_clean_ice" layername="water" frame="0" z_index="7" m_a="0.999961" m_b="-0.008815" m_c="0.008815" m_d="0.999961" m_tx="-0.247205" m_ty="-28.045685"/>
  </frame>
  <frame idx="50" w="209" h="294" x="1.139351" y="-76.454170">
   <element name="water_clean_ice" layername="water" frame="0" z_index="7" m_a="0.999845" m_b="-0.017629" m_c="0.017629" m_d="0.999845" m_tx="-0.494410" m_ty="-28.041370"/>
  </frame>
  <frame idx="75" w="211" h="297" x="1.697960" y="-77.292000">
   <element name="water_clean_ice" layername="water" frame="0" z_index="7" m_a="0.999650" m_b="-0.026441" m_c="0.026441" m_d="0.999650" m_tx="-0.741614" m_ty="-28.037056"/>
  </frame>
  <frame idx="100" w="212" h="300" x="2.184235" y="-78.036148">
   <element name="water_clean_ice" layername="water" frame="0" z_index="7" m_a="0.999415" m_b="-0.034209" m_c="0.034209" m_d="0.999415" m_tx="-0.959546" m_ty="-28.032913"/>
  </frame>
  <frame idx="125" w="209" h="294" x="1.094994" y="-76.379662">
   <element name="water_clean_ice" layername="water" frame="0" z_index="7" m_a="0.999857" m_b="-0.016934" m_c="0.016934" m_d="0.999857" m_tx="-0.474927" m_ty="-28.032913"/>
  </frame>
  <frame idx="150" w="207" h="289" x="-0.022636" y="-74.750603">
   <element name="water_clean_ice" layername="water" frame="0" z_index="7" m_a="1.000000" m_b="0.000346" m_c="-0.000346" m_d="1.000000" m_tx="0.009692" m_ty="-28.032913"/>
  </frame>
  <frame idx="175" w="212" h="291" x="-1.168175" y="-73.149483">
   <element name="water_clean_ice" layername="water" frame="0" z_index="7" m_a="0.999845" m_b="0.017625" m_c="-0.017625" m_d="0.999845" m_tx="0.494312" m_ty="-28.032913"/>
  </frame>
  <frame idx="200" w="216" h="292" x="-2.341133" y="-71.576752">
   <element name="water_clean_ice" layername="water" frame="0" z_index="7" m_a="0.999391" m_b="0.034900" m_c="-0.034900" m_d="0.999391" m_tx="0.978931" m_ty="-28.032913"/>
  </frame>
  <frame idx="225" w="212" h="291" x="-1.156548" y="-73.165375">
   <element name="water_clean_ice" layername="water" frame="0" z_index="7" m_a="0.999848" m_b="0.017452" m_c="-0.017452" m_d="0.999848" m_tx="0.489466" m_ty="-28.032913"/>
  </frame>
  <frame idx="250" w="207" h="289" x="0.000015" y="-74.782928">
   <element name="water_clean_ice" layername="water" frame="0" z_index="7" m_a="1.000000" m_b="-0.000000" m_c="0.000000" m_d="1.000000" m_tx="0.000000" m_ty="-28.032913"/>
  </frame>
  <frame idx="275" w="209" h="294" x="1.128105" y="-76.428955">
   <element name="water_clean_ice" layername="water" frame="0" z_index="7" m_a="0.999848" m_b="-0.017452" m_c="0.017452" m_d="0.999848" m_tx="-0.489466" m_ty="-28.032913"/>
  </frame>
  <frame idx="300" w="212" h="300" x="2.227219" y="-78.102966">
   <element name="water_clean_ice" layername="water" frame="0" z_index="7" m_a="0.999391" m_b="-0.034899" m_c="0.034899" m_d="0.999391" m_tx="-0.978931" m_ty="-28.032913"/>
  </frame>
  <frame idx="325" w="209" h="294" x="1.128105" y="-76.428947">
   <element name="water_clean_ice" layername="water" frame="0" z_index="7" m_a="0.999848" m_b="-0.017452" m_c="0.017452" m_d="0.999848" m_tx="-0.489466" m_ty="-28.032913"/>
  </frame>
  <frame idx="350" w="206" h="289" x="0.000000" y="-74.782913">
   <element name="water_clean_ice" layername="water" frame="0" z_index="7" m_a="1.000000" m_b="0.000000" m_c="0.000000" m_d="1.000000" m_tx="0.000000" m_ty="-28.032913"/>
  </frame>
  <frame idx="375" w="212" h="291" x="-1.156570" y="-73.165352">
   <element name="water_clean_ice" layername="water" frame="0" z_index="7" m_a="0.999848" m_b="0.017452" m_c="-0.017452" m_d="0.999848" m_tx="0.489466" m_ty="-28.032913"/>
  </frame>
  <frame idx="400" w="216" h="292" x="-2.341133" y="-71.576752">
   <element name="water_clean_ice" layername="water" frame="0" z_index="7" m_a="0.999391" m_b="0.034900" m_c="-0.034900" m_d="0.999391" m_tx="0.978931" m_ty="-28.032913"/>
  </frame>
  <frame idx="425" w="212" h="291" x="-1.156548" y="-73.173920">
   <element name="water_clean_ice" layername="water" frame="0" z_index="7" m_a="0.999848" m_b="0.017452" m_c="-0.017452" m_d="0.999848" m_tx="0.489466" m_ty="-28.041456"/>
  </frame>
  <frame idx="450" w="206" h="289" x="0.000000" y="-74.800003">
   <element name="water_clean_ice" layername="water" frame="0" z_index="7" m_a="1.000000" m_b="0.000000" m_c="0.000000" m_d="1.000000" m_tx="0.000000" m_ty="-28.049999"/>
   <element name="water_clean" layername="water_un" frame="0" z_index="6" m_a="1.000000" m_b="0.000000" m_c="0.000000" m_d="1.000000" m_tx="0.000000" m_ty="-28.049999"/>
  </frame>
  <frame idx="475" w="229" h="262" x="17.953735" y="-87.516861">
   <element name="water_clean_ice" layername="water" frame="0" z_index="7" m_a="1.200000" m_b="0.000000" m_c="0.000000" m_d="0.800000" m_tx="0.000000" m_ty="-22.439999"/>
   <element name="water_clean" layername="water_un" frame="0" z_index="6" m_a="1.200000" m_b="0.000000" m_c="0.000000" m_d="0.800000" m_tx="-1.492537" m_ty="-21.693731"/>
  </frame>
  <frame idx="500" w="252" h="236" x="35.907455" y="-100.233734">
   <element name="water_clean_ice" layername="water" frame="0" z_index="7" m_a="1.400000" m_b="0.000000" m_c="0.000000" m_d="0.600000" m_tx="0.000000" m_ty="-16.830000"/>
   <element name="water_clean" layername="water_un" frame="0" z_index="6" m_a="1.400000" m_b="0.000000" m_c="0.000000" m_d="0.600000" m_tx="-2.985075" m_ty="-15.337463"/>
  </frame>
  <frame idx="525" w="209" h="290" x="-0.746269" y="-74.426872">
   <element name="water_clean_ice" layername="water" frame="0" z_index="7" m_a="1.000000" m_b="0.000000" m_c="0.000000" m_d="1.000000" m_tx="0.000000" m_ty="-28.049999"/>
   <element name="water_clean" layername="water_un" frame="0" z_index="6" m_a="1.000000" m_b="0.000000" m_c="0.000000" m_d="1.000000" m_tx="-1.492537" m_ty="-27.303732"/>
  </frame>
  <frame idx="550" w="165" h="343" x="-37.399998" y="-48.620010">
   <element name="water_clean" layername="water" frame="0" z_index="7" m_a="0.600000" m_b="0.000000" m_c="0.000000" m_d="1.400000" m_tx="0.000000" m_ty="-39.270000"/>
   <element name="water_clean" layername="water_un" frame="0" z_index="6" m_a="0.600000" m_b="0.000000" m_c="0.000000" m_d="1.400000" m_tx="0.000000" m_ty="-39.270000"/>
  </frame>
  <frame idx="575" w="172" h="334" x="-31.166664" y="-52.983337">
   <element name="water_clean" layername="water" frame="0" z_index="7" m_a="0.666667" m_b="0.000000" m_c="0.000000" m_d="1.333333" m_tx="0.000000" m_ty="-37.400002"/>
  </frame>
  <frame idx="600" w="180" h="325" x="-24.933334" y="-57.346664">
   <element name="water_clean" layername="water" frame="0" z_index="7" m_a="0.733333" m_b="0.000000" m_c="0.000000" m_d="1.266667" m_tx="0.000000" m_ty="-35.529999"/>
  </frame>
  <frame idx="625" w="186" h="316" x="-18.699997" y="-61.709999">
   <element name="water_clean" layername="water" frame="0" z_index="7" m_a="0.800000" m_b="0.000000" m_c="0.000000" m_d="1.200000" m_tx="0.000000" m_ty="-33.660000"/>
  </frame>
  <frame idx="650" w="193" h="307" x="-12.466667" y="-66.073341">
   <element name="water_clean" layername="water" frame="0" z_index="7" m_a="0.866667" m_b="0.000000" m_c="0.000000" m_d="1.133333" m_tx="0.000000" m_ty="-31.789999"/>
  </frame>
  <frame idx="675" w="200" h="297" x="-6.233330" y="-70.436668">
   <element name="water_clean" layername="water" frame="0" z_index="7" m_a="0.933333" m_b="0.000000" m_c="0.000000" m_d="1.066667" m_tx="0.000000" m_ty="-29.920000"/>
  </frame>
  <frame idx="700" w="206" h="289" x="0.000000" y="-74.800003">
   <element name="water_clean" layername="water" frame="0" z_index="7" m_a="1.000000" m_b="0.000000" m_c="0.000000" m_d="1.000000" m_tx="0.000000" m_ty="-28.049999"/>
  </frame>
  <frame idx="725" w="206" h="289" x="0.000000" y="-74.800003">
   <element name="water_clean" layername="water" frame="0" z_index="7" m_a="1.000000" m_b="0.000000" m_c="0.000000" m_d="1.000000" m_tx="0.000000" m_ty="-28.049999"/>
  </frame>
  <frame idx="750" w="206" h="289" x="0.000000" y="-74.800003">
   <element name="water_clean" layername="water" frame="0" z_index="7" m_a="1.000000" m_b="0.000000" m_c="0.000000" m_d="1.000000" m_tx="0.000000" m_ty="-28.049999"/>
  </frame>
  <frame idx="775" w="206" h="289" x="0.000000" y="-74.800003">
   <element name="water_clean" layername="water" frame="0" z_index="7" m_a="1.000000" m_b="0.000000" m_c="0.000000" m_d="1.000000" m_tx="0.000000" m_ty="-28.049999"/>
  </frame>
  <frame idx="800" w="206" h="289" x="0.000000" y="-74.800003">
   <element name="water_clean" layername="water" frame="0" z_index="7" m_a="1.000000" m_b="0.000000" m_c="0.000000" m_d="1.000000" m_tx="0.000000" m_ty="-28.049999"/>
  </frame>
  <frame idx="825" w="206" h="289" x="0.000000" y="-74.800003">
   <element name="water_clean" layername="water" frame="0" z_index="7" m_a="1.000000" m_b="0.000000" m_c="0.000000" m_d="1.000000" m_tx="0.000000" m_ty="-28.049999"/>
  </frame>
  <frame idx="850" w="206" h="289" x="0.000000" y="-74.800003">
   <element name="water_clean" layername="water" frame="0" z_index="7" m_a="1.000000" m_b="0.000000" m_c="0.000000" m_d="1.000000" m_tx="0.000000" m_ty="-28.049999"/>
  </frame>
  <frame idx="875" w="206" h="289" x="0.000000" y="-74.800003">
   <element name="water_clean" layername="water" frame="0" z_index="7" m_a="1.000000" m_b="0.000000" m_c="0.000000" m_d="1.000000" m_tx="0.000000" m_ty="-28.049999"/>
  </frame>
  <frame idx="900" w="206" h="289" x="0.000000" y="-74.800003">
   <element name="water_clean" layername="water" frame="0" z_index="7" m_a="1.000000" m_b="0.000000" m_c="0.000000" m_d="1.000000" m_tx="0.000000" m_ty="-28.049999"/>
  </frame>
  <frame idx="925" w="206" h="289" x="0.000000" y="-74.800003">
   <element name="water_clean" layername="water" frame="0" z_index="7" m_a="1.000000" m_b="0.000000" m_c="0.000000" m_d="1.000000" m_tx="0.000000" m_ty="-28.049999"/>
  </frame>
  <frame idx="950" w="206" h="289" x="0.000000" y="-74.800003">
   <element name="water_clean" layername="water" frame="0" z_index="7" m_a="1.000000" m_b="0.000000" m_c="0.000000" m_d="1.000000" m_tx="0.000000" m_ty="-28.049999"/>
  </frame>
  <frame idx="975" w="206" h="289" x="0.000000" y="-74.800003">
   <element name="water_clean" layername="water" frame="0" z_index="7" m_a="1.000000" m_b="0.000000" m_c="0.000000" m_d="1.000000" m_tx="0.000000" m_ty="-28.049999"/>
  </frame>
 </anim>
 <anim name="turn_to_full_dirty" root="kettle_drink" numframes="1000" framerate="40">
  <frame idx="0" w="206" h="289" x="0.000000" y="-74.800003">
   <element name="water_dirty_ice" layername="water" frame="0" z_index="7" m_a="1.000000" m_b="0.000000" m_c="0.000000" m_d="1.000000" m_tx="0.000000" m_ty="-28.049999"/>
  </frame>
  <frame idx="25" w="208" h="292" x="0.573334" y="-75.623489">
   <element name="water_dirty_ice" layername="water" frame="0" z_index="7" m_a="0.999961" m_b="-0.008815" m_c="0.008815" m_d="0.999961" m_tx="-0.247205" m_ty="-28.045685"/>
  </frame>
  <frame idx="50" w="209" h="294" x="1.139351" y="-76.454170">
   <element name="water_dirty_ice" layername="water" frame="0" z_index="7" m_a="0.999845" m_b="-0.017629" m_c="0.017629" m_d="0.999845" m_tx="-0.494410" m_ty="-28.041370"/>
  </frame>
  <frame idx="75" w="211" h="297" x="1.697960" y="-77.292000">
   <element name="water_dirty_ice" layername="water" frame="0" z_index="7" m_a="0.999650" m_b="-0.026441" m_c="0.026441" m_d="0.999650" m_tx="-0.741614" m_ty="-28.037056"/>
  </frame>
  <frame idx="100" w="212" h="300" x="2.184669" y="-78.036797">
   <element name="water_dirty_ice" layername="water" frame="0" z_index="7" m_a="0.999415" m_b="-0.034215" m_c="0.034215" m_d="0.999415" m_tx="-0.959736" m_ty="-28.032913"/>
  </frame>
  <frame idx="125" w="209" h="294" x="1.106255" y="-76.396408">
   <element name="water_dirty_ice" layername="water" frame="0" z_index="7" m_a="0.999854" m_b="-0.017110" m_c="0.017110" m_d="0.999854" m_tx="-0.479868" m_ty="-28.032913"/>
  </frame>
  <frame idx="150" w="206" h="289" x="0.000000" y="-74.782913">
   <element name="water_dirty_ice" layername="water" frame="0" z_index="7" m_a="1.000000" m_b="0.000000" m_c="0.000000" m_d="1.000000" m_tx="0.000000" m_ty="-28.032913"/>
  </frame>
  <frame idx="175" w="212" h="291" x="-1.133629" y="-73.196793">
   <element name="water_dirty_ice" layername="water" frame="0" z_index="7" m_a="0.999854" m_b="0.017110" m_c="-0.017110" m_d="0.999854" m_tx="0.479868" m_ty="-28.032913"/>
  </frame>
  <frame idx="200" w="216" h="292" x="-2.294144" y="-71.638512">
   <element name="water_dirty_ice" layername="water" frame="0" z_index="7" m_a="0.999415" m_b="0.034215" m_c="-0.034215" m_d="0.999415" m_tx="0.959736" m_ty="-28.032913"/>
  </frame>
  <frame idx="225" w="212" h="291" x="-1.192078" y="-73.116776">
   <element name="water_dirty_ice" layername="water" frame="0" z_index="7" m_a="0.999838" m_b="0.017981" m_c="-0.017981" m_d="0.999838" m_tx="0.504298" m_ty="-28.032913"/>
  </frame>
  <frame idx="250" w="207" h="289" x="-0.023094" y="-74.749947">
   <element name="water_dirty_ice" layername="water" frame="0" z_index="7" m_a="1.000000" m_b="0.000353" m_c="-0.000353" m_d="1.000000" m_tx="0.009888" m_ty="-28.032913"/>
  </frame>
  <frame idx="275" w="209" h="294" x="1.116882" y="-76.412224">
   <element name="water_dirty_ice" layername="water" frame="0" z_index="7" m_a="0.999851" m_b="-0.017277" m_c="0.017277" m_d="0.999851" m_tx="-0.484521" m_ty="-28.032913"/>
  </frame>
  <frame idx="300" w="212" h="300" x="2.227219" y="-78.102966">
   <element name="water_dirty_ice" layername="water" frame="0" z_index="7" m_a="0.999391" m_b="-0.034899" m_c="0.034899" m_d="0.999391" m_tx="-0.978931" m_ty="-28.032913"/>
  </frame>
  <frame idx="325" w="209" h="294" x="1.128105" y="-76.428947">
   <element name="water_dirty_ice" layername="water" frame="0" z_index="7" m_a="0.999848" m_b="-0.017452" m_c="0.017452" m_d="0.999848" m_tx="-0.489466" m_ty="-28.032913"/>
  </frame>
  <frame idx="350" w="206" h="289" x="0.000000" y="-74.782913">
   <element name="water_dirty_ice" layername="water" frame="0" z_index="7" m_a="1.000000" m_b="0.000000" m_c="0.000000" m_d="1.000000" m_tx="0.000000" m_ty="-28.032913"/>
  </frame>
  <frame idx="375" w="212" h="291" x="-1.156570" y="-73.165352">
   <element name="water_dirty_ice" layername="water" frame="0" z_index="7" m_a="0.999848" m_b="0.017452" m_c="-0.017452" m_d="0.999848" m_tx="0.489466" m_ty="-28.032913"/>
  </frame>
  <frame idx="400" w="216" h="292" x="-2.341133" y="-71.576752">
   <element name="water_dirty_ice" layername="water" frame="0" z_index="7" m_a="0.999391" m_b="0.034900" m_c="-0.034900" m_d="0.999391" m_tx="0.978931" m_ty="-28.032913"/>
  </frame>
  <frame idx="425" w="212" h="291" x="-1.179573" y="-73.142273">
   <element name="water_dirty_ice" layername="water" frame="0" z_index="7" m_a="0.999842" m_b="0.017795" m_c="-0.017795" m_d="0.999842" m_tx="0.499063" m_ty="-28.041288"/>
  </frame>
  <frame idx="450" w="207" h="289" x="-0.044792" y="-74.735725">
   <element name="water_dirty_ice" layername="water" frame="0" z_index="7" m_a="1.000000" m_b="0.000684" m_c="-0.000684" m_d="1.000000" m_tx="0.019195" m_ty="-28.049664"/>
  </frame>
  <frame idx="475" w="229" h="263" x="17.587318" y="-87.257332">
   <element name="water_dirty_ice" layername="water" frame="0" z_index="7" m_a="1.195918" m_b="0.000000" m_c="0.000000" m_d="0.804082" m_tx="0.000000" m_ty="-22.554489"/>
   <element name="water_dirty" layername="water_un" frame="0" z_index="6" m_a="1.195918" m_b="0.000000" m_c="0.000000" m_d="0.804082" m_tx="-1.462078" m_ty="-21.823452"/>
  </frame>
  <frame idx="500" w="252" h="236" x="35.907455" y="-100.233734">
   <element name="water_dirty_ice" layername="water" frame="0" z_index="7" m_a="1.400000" m_b="0.000000" m_c="0.000000" m_d="0.600000" m_tx="0.000000" m_ty="-16.830000"/>
   <element name="water_dirty" layername="water_un" frame="0" z_index="6" m_a="1.400000" m_b="0.000000" m_c="0.000000" m_d="0.600000" m_tx="-2.985075" m_ty="-15.337463"/>
  </frame>
  <frame idx="525" w="209" h="290" x="-0.746269" y="-74.426872">
   <element name="water_dirty_ice" layername="water" frame="0" z_index="7" m_a="1.000000" m_b="0.000000" m_c="0.000000" m_d="1.000000" m_tx="0.000000" m_ty="-28.049999"/>
   <element name="water_dirty" layername="water_un" frame="0" z_index="6" m_a="1.000000" m_b="0.000000" m_c="0.000000" m_d="1.000000" m_tx="-1.492537" m_ty="-27.303732"/>
  </frame>
  <frame idx="550" w="165" h="343" x="-37.399998" y="-48.620010">
   <element name="water_dirty" layername="water" frame="0" z_index="7" m_a="0.600000" m_b="0.000000" m_c="0.000000" m_d="1.400000" m_tx="0.000000" m_ty="-39.270000"/>
   <element name="water_dirty" layername="water_un" frame="0" z_index="6" m_a="0.600000" m_b="0.000000" m_c="0.000000" m_d="1.400000" m_tx="0.000000" m_ty="-39.270000"/>
  </frame>
  <frame idx="575" w="172" h="334" x="-31.166664" y="-52.983337">
   <element name="water_dirty" layername="water" frame="0" z_index="7" m_a="0.666667" m_b="0.000000" m_c="0.000000" m_d="1.333333" m_tx="0.000000" m_ty="-37.400002"/>
  </frame>
  <frame idx="600" w="180" h="325" x="-24.933334" y="-57.346664">
   <element name="water_dirty" layername="water" frame="0" z_index="7" m_a="0.733333" m_b="0.000000" m_c="0.000000" m_d="1.266667" m_tx="0.000000" m_ty="-35.529999"/>
  </frame>
  <frame idx="625" w="186" h="316" x="-18.699997" y="-61.709999">
   <element name="water_dirty" layername="water" frame="0" z_index="7" m_a="0.800000" m_b="0.000000" m_c="0.000000" m_d="1.200000" m_tx="0.000000" m_ty="-33.660000"/>
  </frame>
  <frame idx="650" w="193" h="307" x="-12.466667" y="-66.073341">
   <element name="water_dirty" layername="water" frame="0" z_index="7" m_a="0.866667" m_b="0.000000" m_c="0.000000" m_d="1.133333" m_tx="0.000000" m_ty="-31.789999"/>
  </frame>
  <frame idx="675" w="200" h="297" x="-6.233330" y="-70.436668">
   <element name="water_dirty" layername="water" frame="0" z_index="7" m_a="0.933333" m_b="0.000000" m_c="0.000000" m_d="1.066667" m_tx="0.000000" m_ty="-29.920000"/>
  </frame>
  <frame idx="700" w="206" h="289" x="0.000000" y="-74.800003">
   <element name="water_dirty" layername="water" frame="0" z_index="7" m_a="1.000000" m_b="0.000000" m_c="0.000000" m_d="1.000000" m_tx="0.000000" m_ty="-28.049999"/>
  </frame>
  <frame idx="725" w="206" h="289" x="0.000000" y="-74.800003">
   <element name="water_dirty" layername="water" frame="0" z_index="7" m_a="1.000000" m_b="0.000000" m_c="0.000000" m_d="1.000000" m_tx="0.000000" m_ty="-28.049999"/>
  </frame>
  <frame idx="750" w="206" h="289" x="0.000000" y="-74.800003">
   <element name="water_dirty" layername="water" frame="0" z_index="7" m_a="1.000000" m_b="0.000000" m_c="0.000000" m_d="1.000000" m_tx="0.000000" m_ty="-28.049999"/>
  </frame>
  <frame idx="775" w="206" h="289" x="0.000000" y="-74.800003">
   <element name="water_dirty" layername="water" frame="0" z_index="7" m_a="1.000000" m_b="0.000000" m_c="0.000000" m_d="1.000000" m_tx="0.000000" m_ty="-28.049999"/>
  </frame>
  <frame idx="800" w="206" h="289" x="0.000000" y="-74.800003">
   <element name="water_dirty" layername="water" frame="0" z_index="7" m_a="1.000000" m_b="0.000000" m_c="0.000000" m_d="1.000000" m_tx="0.000000" m_ty="-28.049999"/>
  </frame>
  <frame idx="825" w="206" h="289" x="0.000000" y="-74.800003">
   <element name="water_dirty" layername="water" frame="0" z_index="7" m_a="1.000000" m_b="0.000000" m_c="0.000000" m_d="1.000000" m_tx="0.000000" m_ty="-28.049999"/>
  </frame>
  <frame idx="850" w="206" h="289" x="0.000000" y="-74.800003">
   <element name="water_dirty" layername="water" frame="0" z_index="7" m_a="1.000000" m_b="0.000000" m_c="0.000000" m_d="1.000000" m_tx="0.000000" m_ty="-28.049999"/>
  </frame>
  <frame idx="875" w="206" h="289" x="0.000000" y="-74.800003">
   <element name="water_dirty" layername="water" frame="0" z_index="7" m_a="1.000000" m_b="0.000000" m_c="0.000000" m_d="1.000000" m_tx="0.000000" m_ty="-28.049999"/>
  </frame>
  <frame idx="900" w="206" h="289" x="0.000000" y="-74.800003">
   <element name="water_dirty" layername="water" frame="0" z_index="7" m_a="1.000000" m_b="0.000000" m_c="0.000000" m_d="1.000000" m_tx="0.000000" m_ty="-28.049999"/>
  </frame>
  <frame idx="925" w="206" h="289" x="0.000000" y="-74.800003">
   <element name="water_dirty" layername="water" frame="0" z_index="7" m_a="1.000000" m_b="0.000000" m_c="0.000000" m_d="1.000000" m_tx="0.000000" m_ty="-28.049999"/>
  </frame>
  <frame idx="950" w="206" h="289" x="0.000000" y="-74.800003">
   <element name="water_dirty" layername="water" frame="0" z_index="7" m_a="1.000000" m_b="0.000000" m_c="0.000000" m_d="1.000000" m_tx="0.000000" m_ty="-28.049999"/>
  </frame>
  <frame idx="975" w="206" h="289" x="0.000000" y="-74.800003">
   <element name="water_dirty" layername="water" frame="0" z_index="7" m_a="1.000000" m_b="0.000000" m_c="0.000000" m_d="1.000000" m_tx="0.000000" m_ty="-28.049999"/>
  </frame>
 </anim>
</Anims>
