<Anims>
 <anim name="idle" root="kettle_drink" numframes="150" framerate="40">
  <frame idx="0" w="141" h="141" x="0.000000" y="0.000000">
   <element name="swap" layername="swap" frame="0" z_index="7" m_a="1.000000" m_b="0.000000" m_c="0.000000" m_d="1.000000" m_tx="0.000000" m_ty="0.000000"/>
  </frame>
  <frame idx="25" w="137" h="137" x="-4.266666" y="-4.266666">
   <element name="swap" layername="swap" frame="0" z_index="7" m_a="0.933333" m_b="0.000000" m_c="0.000000" m_d="0.933333" m_tx="0.000000" m_ty="0.000000"/>
  </frame>
  <frame idx="50" w="132" h="132" x="-8.533333" y="-8.533333">
   <element name="swap" layername="swap" frame="0" z_index="7" m_a="0.866667" m_b="0.000000" m_c="0.000000" m_d="0.866667" m_tx="0.000000" m_ty="0.000000"/>
  </frame>
  <frame idx="75" w="128" h="128" x="-12.799999" y="-12.799999">
   <element name="swap" layername="swap" frame="0" z_index="7" m_a="0.800000" m_b="0.000000" m_c="0.000000" m_d="0.800000" m_tx="0.000000" m_ty="0.000000"/>
  </frame>
  <frame idx="100" w="123" h="123" x="-17.066666" y="-17.066666">
   <element name="swap" layername="swap" frame="0" z_index="7" m_a="0.733333" m_b="0.000000" m_c="0.000000" m_d="0.733333" m_tx="0.000000" m_ty="0.000000"/>
  </frame>
  <frame idx="125" w="118" h="118" x="-21.333332" y="-21.333332">
   <element name="swap" layername="swap" frame="0" z_index="7" m_a="0.666667" m_b="0.000000" m_c="0.000000" m_d="0.666667" m_tx="0.000000" m_ty="0.000000"/>
  </frame>
 </anim>
 <anim name="turn_to_ice" root="kettle_drink" numframes="1000" framerate="40">
  <frame idx="0" w="165" h="248" x="-37.399998" y="-112.199997">
   <element name="water_clean" layername="water" frame="0" z_index="7" m_a="0.600000" m_b="0.000000" m_c="0.000000" m_d="0.600000" m_tx="0.000000" m_ty="0.000000"/>
  </frame>
  <frame idx="25" w="163" h="248" x="-35.399998" y="-112.199997">
   <element name="water_clean" layername="water" frame="0" z_index="7" m_a="0.600000" m_b="0.000000" m_c="0.000000" m_d="0.600000" m_tx="2.000000" m_ty="0.000000"/>
  </frame>
  <frame idx="50" w="168" h="248" x="-39.399998" y="-112.199997">
   <element name="water_clean" layername="water" frame="0" z_index="7" m_a="0.600000" m_b="0.000000" m_c="0.000000" m_d="0.600000" m_tx="-2.000000" m_ty="0.000000"/>
  </frame>
  <frame idx="75" w="163" h="248" x="-35.399998" y="-112.199997">
   <element name="water_clean" layername="water" frame="0" z_index="7" m_a="0.600000" m_b="0.000000" m_c="0.000000" m_d="0.600000" m_tx="2.000000" m_ty="0.000000"/>
  </frame>
  <frame idx="100" w="168" h="248" x="-39.399998" y="-112.199997">
   <element name="water_clean" layername="water" frame="0" z_index="7" m_a="0.600000" m_b="0.000000" m_c="0.000000" m_d="0.600000" m_tx="-2.000000" m_ty="0.000000"/>
  </frame>
  <frame idx="125" w="163" h="248" x="-35.399998" y="-112.199997">
   <element name="water_clean" layername="water" frame="0" z_index="7" m_a="0.600000" m_b="0.000000" m_c="0.000000" m_d="0.600000" m_tx="2.000000" m_ty="0.000000"/>
  </frame>
  <frame idx="150" w="168" h="248" x="-39.399998" y="-112.199997">
   <element name="water_clean" layername="water" frame="0" z_index="7" m_a="0.600000" m_b="0.000000" m_c="0.000000" m_d="0.600000" m_tx="-2.000000" m_ty="0.000000"/>
  </frame>
  <frame idx="175" w="163" h="248" x="-35.399998" y="-112.199997">
   <element name="water_clean" layername="water" frame="0" z_index="7" m_a="0.600000" m_b="0.000000" m_c="0.000000" m_d="0.600000" m_tx="2.000000" m_ty="0.000000"/>
  </frame>
  <frame idx="200" w="168" h="248" x="-39.399998" y="-112.199997">
   <element name="water_clean" layername="water" frame="0" z_index="7" m_a="0.600000" m_b="0.000000" m_c="0.000000" m_d="0.600000" m_tx="-2.000000" m_ty="0.000000"/>
  </frame>
  <frame idx="225" w="163" h="248" x="-35.399998" y="-112.199997">
   <element name="water_clean" layername="water" frame="0" z_index="7" m_a="0.600000" m_b="0.000000" m_c="0.000000" m_d="0.600000" m_tx="2.000000" m_ty="0.000000"/>
  </frame>
  <frame idx="250" w="168" h="248" x="-39.399998" y="-112.199997">
   <element name="water_clean" layername="water" frame="0" z_index="7" m_a="0.600000" m_b="0.000000" m_c="0.000000" m_d="0.600000" m_tx="-2.000000" m_ty="0.000000"/>
  </frame>
  <frame idx="275" w="163" h="248" x="-35.399998" y="-112.199997">
   <element name="water_clean" layername="water" frame="0" z_index="7" m_a="0.600000" m_b="0.000000" m_c="0.000000" m_d="0.600000" m_tx="2.000000" m_ty="0.000000"/>
  </frame>
  <frame idx="300" w="168" h="248" x="-39.399998" y="-112.199997">
   <element name="water_clean" layername="water" frame="0" z_index="7" m_a="0.600000" m_b="0.000000" m_c="0.000000" m_d="0.600000" m_tx="-2.000000" m_ty="0.000000"/>
  </frame>
  <frame idx="325" w="163" h="248" x="-35.399998" y="-112.199997">
   <element name="water_clean" layername="water" frame="0" z_index="7" m_a="0.600000" m_b="0.000000" m_c="0.000000" m_d="0.600000" m_tx="2.000000" m_ty="0.000000"/>
  </frame>
  <frame idx="350" w="168" h="248" x="-39.399998" y="-112.199997">
   <element name="water_clean" layername="water" frame="0" z_index="7" m_a="0.600000" m_b="0.000000" m_c="0.000000" m_d="0.600000" m_tx="-2.000000" m_ty="0.000000"/>
  </frame>
  <frame idx="375" w="163" h="248" x="-35.399998" y="-112.199997">
   <element name="water_clean" layername="water" frame="0" z_index="7" m_a="0.600000" m_b="0.000000" m_c="0.000000" m_d="0.600000" m_tx="2.000000" m_ty="0.000000"/>
  </frame>
  <frame idx="400" w="165" h="248" x="-37.399998" y="-112.199997">
   <element name="water_clean" layername="water" frame="0" z_index="7" m_a="0.600000" m_b="0.000000" m_c="0.000000" m_d="0.600000" m_tx="0.000000" m_ty="0.000000"/>
  </frame>
  <frame idx="425" w="165" h="248" x="-37.399998" y="-112.199997">
   <element name="water_clean" layername="water" frame="0" z_index="7" m_a="0.600000" m_b="0.000000" m_c="0.000000" m_d="0.600000" m_tx="0.000000" m_ty="0.000000"/>
  </frame>
  <frame idx="450" w="165" h="248" x="-37.399998" y="-112.199997">
   <element name="water_clean" layername="water" frame="0" z_index="7" m_a="0.600000" m_b="0.000000" m_c="0.000000" m_d="0.600000" m_tx="0.000000" m_ty="0.000000"/>
  </frame>
  <frame idx="475" w="156" h="263" x="-46.750000" y="-98.175003">
   <element name="water_clean" layername="water" frame="0" z_index="7" m_a="0.500000" m_b="0.000000" m_c="0.000000" m_d="0.750000" m_tx="0.000000" m_ty="0.000000"/>
  </frame>
  <frame idx="500" w="145" h="279" x="-56.099998" y="-84.150002">
   <element name="water_clean_ice" layername="water" frame="0" z_index="7" m_a="0.400000" m_b="0.000000" m_c="0.000000" m_d="0.900000" m_tx="0.000000" m_ty="0.000000"/>
  </frame>
  <frame idx="525" w="171" h="253" x="-32.725002" y="-107.525009">
   <element name="water_clean_ice" layername="water" frame="0" z_index="7" m_a="0.650000" m_b="0.000000" m_c="0.000000" m_d="0.650000" m_tx="0.000000" m_ty="0.000000"/>
  </frame>
  <frame idx="550" w="196" h="227" x="-9.349998" y="-130.899994">
   <element name="water_clean_ice" layername="water" frame="0" z_index="7" m_a="0.900000" m_b="0.000000" m_c="0.000000" m_d="0.400000" m_tx="0.000000" m_ty="0.000000"/>
  </frame>
  <frame idx="575" w="191" h="230" x="-14.025002" y="-127.783340">
   <element name="water_clean_ice" layername="water" frame="0" z_index="7" m_a="0.850000" m_b="0.000000" m_c="0.000000" m_d="0.433333" m_tx="0.000000" m_ty="0.000000"/>
  </frame>
  <frame idx="600" w="186" h="234" x="-18.699997" y="-124.666672">
   <element name="water_clean_ice" layername="water" frame="0" z_index="7" m_a="0.800000" m_b="0.000000" m_c="0.000000" m_d="0.466667" m_tx="0.000000" m_ty="0.000000"/>
  </frame>
  <frame idx="625" w="181" h="238" x="-23.375000" y="-121.550003">
   <element name="water_clean_ice" layername="water" frame="0" z_index="7" m_a="0.750000" m_b="0.000000" m_c="0.000000" m_d="0.500000" m_tx="0.000000" m_ty="0.000000"/>
  </frame>
  <frame idx="650" w="175" h="241" x="-28.050003" y="-118.433334">
   <element name="water_clean_ice" layername="water" frame="0" z_index="7" m_a="0.700000" m_b="0.000000" m_c="0.000000" m_d="0.533333" m_tx="0.000000" m_ty="0.000000"/>
  </frame>
  <frame idx="675" w="171" h="245" x="-32.724998" y="-115.316666">
   <element name="water_clean_ice" layername="water" frame="0" z_index="7" m_a="0.650000" m_b="0.000000" m_c="0.000000" m_d="0.566667" m_tx="0.000000" m_ty="0.000000"/>
  </frame>
  <frame idx="700" w="165" h="248" x="-37.399998" y="-112.199997">
   <element name="water_clean_ice" layername="water" frame="0" z_index="7" m_a="0.600000" m_b="0.000000" m_c="0.000000" m_d="0.600000" m_tx="0.000000" m_ty="0.000000"/>
  </frame>
  <frame idx="725" w="165" h="248" x="-37.399998" y="-112.199997">
   <element name="water_clean_ice" layername="water" frame="0" z_index="7" m_a="0.600000" m_b="0.000000" m_c="0.000000" m_d="0.600000" m_tx="0.000000" m_ty="0.000000"/>
  </frame>
  <frame idx="750" w="165" h="248" x="-37.399998" y="-112.199997">
   <element name="water_clean_ice" layername="water" frame="0" z_index="7" m_a="0.600000" m_b="0.000000" m_c="0.000000" m_d="0.600000" m_tx="0.000000" m_ty="0.000000"/>
  </frame>
  <frame idx="775" w="165" h="248" x="-37.399998" y="-112.199997">
   <element name="water_clean_ice" layername="water" frame="0" z_index="7" m_a="0.600000" m_b="0.000000" m_c="0.000000" m_d="0.600000" m_tx="0.000000" m_ty="0.000000"/>
  </frame>
  <frame idx="800" w="165" h="248" x="-37.399998" y="-112.199997">
   <element name="water_clean_ice" layername="water" frame="0" z_index="7" m_a="0.600000" m_b="0.000000" m_c="0.000000" m_d="0.600000" m_tx="0.000000" m_ty="0.000000"/>
  </frame>
  <frame idx="825" w="165" h="248" x="-37.399998" y="-112.199997">
   <element name="water_clean_ice" layername="water" frame="0" z_index="7" m_a="0.600000" m_b="0.000000" m_c="0.000000" m_d="0.600000" m_tx="0.000000" m_ty="0.000000"/>
  </frame>
  <frame idx="850" w="165" h="248" x="-37.399998" y="-112.199997">
   <element name="water_clean_ice" layername="water" frame="0" z_index="7" m_a="0.600000" m_b="0.000000" m_c="0.000000" m_d="0.600000" m_tx="0.000000" m_ty="0.000000"/>
  </frame>
  <frame idx="875" w="165" h="248" x="-37.399998" y="-112.199997">
   <element name="water_clean_ice" layername="water" frame="0" z_index="7" m_a="0.600000" m_b="0.000000" m_c="0.000000" m_d="0.600000" m_tx="0.000000" m_ty="0.000000"/>
  </frame>
  <frame idx="900" w="165" h="248" x="-37.399998" y="-112.199997">
   <element name="water_clean_ice" layername="water" frame="0" z_index="7" m_a="0.600000" m_b="0.000000" m_c="0.000000" m_d="0.600000" m_tx="0.000000" m_ty="0.000000"/>
  </frame>
  <frame idx="925" w="165" h="248" x="-37.399998" y="-112.199997">
   <element name="water_clean_ice" layername="water" frame="0" z_index="7" m_a="0.600000" m_b="0.000000" m_c="0.000000" m_d="0.600000" m_tx="0.000000" m_ty="0.000000"/>
  </frame>
  <frame idx="950" w="165" h="248" x="-37.399998" y="-112.199997">
   <element name="water_clean_ice" layername="water" frame="0" z_index="7" m_a="0.600000" m_b="0.000000" m_c="0.000000" m_d="0.600000" m_tx="0.000000" m_ty="0.000000"/>
  </frame>
  <frame idx="975" w="165" h="248" x="-37.399998" y="-112.199997">
   <element name="water_clean_ice" layername="water" frame="0" z_index="7" m_a="0.600000" m_b="0.000000" m_c="0.000000" m_d="0.600000" m_tx="0.000000" m_ty="0.000000"/>
  </frame>
 </anim>
 <anim name="turn_to_ice_dirty" root="kettle_drink" numframes="1000" framerate="40">
  <frame idx="0" w="165" h="248" x="-37.399998" y="-112.199997">
   <element name="water_dirty" layername="water" frame="0" z_index="7" m_a="0.600000" m_b="0.000000" m_c="0.000000" m_d="0.600000" m_tx="0.000000" m_ty="0.000000"/>
  </frame>
  <frame idx="25" w="163" h="248" x="-35.399998" y="-112.199997">
   <element name="water_dirty" layername="water" frame="0" z_index="7" m_a="0.600000" m_b="0.000000" m_c="0.000000" m_d="0.600000" m_tx="2.000000" m_ty="0.000000"/>
  </frame>
  <frame idx="50" w="168" h="248" x="-39.399998" y="-112.199997">
   <element name="water_dirty" layername="water" frame="0" z_index="7" m_a="0.600000" m_b="0.000000" m_c="0.000000" m_d="0.600000" m_tx="-2.000000" m_ty="0.000000"/>
  </frame>
  <frame idx="75" w="163" h="248" x="-35.399998" y="-112.199997">
   <element name="water_dirty" layername="water" frame="0" z_index="7" m_a="0.600000" m_b="0.000000" m_c="0.000000" m_d="0.600000" m_tx="2.000000" m_ty="0.000000"/>
  </frame>
  <frame idx="100" w="168" h="248" x="-39.399998" y="-112.199997">
   <element name="water_dirty" layername="water" frame="0" z_index="7" m_a="0.600000" m_b="0.000000" m_c="0.000000" m_d="0.600000" m_tx="-2.000000" m_ty="0.000000"/>
  </frame>
  <frame idx="125" w="163" h="248" x="-35.399998" y="-112.199997">
   <element name="water_dirty" layername="water" frame="0" z_index="7" m_a="0.600000" m_b="0.000000" m_c="0.000000" m_d="0.600000" m_tx="2.000000" m_ty="0.000000"/>
  </frame>
  <frame idx="150" w="168" h="248" x="-39.399998" y="-112.199997">
   <element name="water_dirty" layername="water" frame="0" z_index="7" m_a="0.600000" m_b="0.000000" m_c="0.000000" m_d="0.600000" m_tx="-2.000000" m_ty="0.000000"/>
  </frame>
  <frame idx="175" w="163" h="248" x="-35.399998" y="-112.199997">
   <element name="water_dirty" layername="water" frame="0" z_index="7" m_a="0.600000" m_b="0.000000" m_c="0.000000" m_d="0.600000" m_tx="2.000000" m_ty="0.000000"/>
  </frame>
  <frame idx="200" w="168" h="248" x="-39.399998" y="-112.199997">
   <element name="water_dirty" layername="water" frame="0" z_index="7" m_a="0.600000" m_b="0.000000" m_c="0.000000" m_d="0.600000" m_tx="-2.000000" m_ty="0.000000"/>
  </frame>
  <frame idx="225" w="163" h="248" x="-35.399998" y="-112.199997">
   <element name="water_dirty" layername="water" frame="0" z_index="7" m_a="0.600000" m_b="0.000000" m_c="0.000000" m_d="0.600000" m_tx="2.000000" m_ty="0.000000"/>
  </frame>
  <frame idx="250" w="168" h="248" x="-39.399998" y="-112.199997">
   <element name="water_dirty" layername="water" frame="0" z_index="7" m_a="0.600000" m_b="0.000000" m_c="0.000000" m_d="0.600000" m_tx="-2.000000" m_ty="0.000000"/>
  </frame>
  <frame idx="275" w="163" h="248" x="-35.399998" y="-112.199997">
   <element name="water_dirty" layername="water" frame="0" z_index="7" m_a="0.600000" m_b="0.000000" m_c="0.000000" m_d="0.600000" m_tx="2.000000" m_ty="0.000000"/>
  </frame>
  <frame idx="300" w="168" h="248" x="-39.399998" y="-112.199997">
   <element name="water_dirty" layername="water" frame="0" z_index="7" m_a="0.600000" m_b="0.000000" m_c="0.000000" m_d="0.600000" m_tx="-2.000000" m_ty="0.000000"/>
  </frame>
  <frame idx="325" w="163" h="248" x="-35.399998" y="-112.199997">
   <element name="water_dirty" layername="water" frame="0" z_index="7" m_a="0.600000" m_b="0.000000" m_c="0.000000" m_d="0.600000" m_tx="2.000000" m_ty="0.000000"/>
  </frame>
  <frame idx="350" w="168" h="248" x="-39.399998" y="-112.199997">
   <element name="water_dirty" layername="water" frame="0" z_index="7" m_a="0.600000" m_b="0.000000" m_c="0.000000" m_d="0.600000" m_tx="-2.000000" m_ty="0.000000"/>
  </frame>
  <frame idx="375" w="163" h="248" x="-35.399998" y="-112.199997">
   <element name="water_dirty" layername="water" frame="0" z_index="7" m_a="0.600000" m_b="0.000000" m_c="0.000000" m_d="0.600000" m_tx="2.000000" m_ty="0.000000"/>
  </frame>
  <frame idx="400" w="165" h="248" x="-37.399998" y="-112.199997">
   <element name="water_dirty" layername="water" frame="0" z_index="7" m_a="0.600000" m_b="0.000000" m_c="0.000000" m_d="0.600000" m_tx="0.000000" m_ty="0.000000"/>
  </frame>
  <frame idx="425" w="165" h="248" x="-37.399998" y="-112.199997">
   <element name="water_dirty" layername="water" frame="0" z_index="7" m_a="0.600000" m_b="0.000000" m_c="0.000000" m_d="0.600000" m_tx="0.000000" m_ty="0.000000"/>
  </frame>
  <frame idx="450" w="165" h="248" x="-37.399998" y="-112.199997">
   <element name="water_dirty" layername="water" frame="0" z_index="7" m_a="0.600000" m_b="0.000000" m_c="0.000000" m_d="0.600000" m_tx="0.000000" m_ty="0.000000"/>
  </frame>
  <frame idx="475" w="156" h="263" x="-46.750000" y="-98.175003">
   <element name="water_dirty" layername="water" frame="0" z_index="7" m_a="0.500000" m_b="0.000000" m_c="0.000000" m_d="0.750000" m_tx="0.000000" m_ty="0.000000"/>
  </frame>
  <frame idx="500" w="145" h="279" x="-56.099998" y="-84.150002">
   <element name="water_dirty_ice" layername="water" frame="0" z_index="7" m_a="0.400000" m_b="0.000000" m_c="0.000000" m_d="0.900000" m_tx="0.000000" m_ty="0.000000"/>
  </frame>
  <frame idx="525" w="171" h="253" x="-32.725002" y="-107.525009">
   <element name="water_dirty_ice" layername="water" frame="0" z_index="7" m_a="0.650000" m_b="0.000000" m_c="0.000000" m_d="0.650000" m_tx="0.000000" m_ty="0.000000"/>
  </frame>
  <frame idx="550" w="196" h="227" x="-9.349998" y="-130.899994">
   <element name="water_dirty_ice" layername="water" frame="0" z_index="7" m_a="0.900000" m_b="0.000000" m_c="0.000000" m_d="0.400000" m_tx="0.000000" m_ty="0.000000"/>
  </frame>
  <frame idx="575" w="191" h="230" x="-14.025002" y="-127.783340">
   <element name="water_dirty_ice" layername="water" frame="0" z_index="7" m_a="0.850000" m_b="0.000000" m_c="0.000000" m_d="0.433333" m_tx="0.000000" m_ty="0.000000"/>
  </frame>
  <frame idx="600" w="186" h="234" x="-18.699997" y="-124.666672">
   <element name="water_dirty_ice" layername="water" frame="0" z_index="7" m_a="0.800000" m_b="0.000000" m_c="0.000000" m_d="0.466667" m_tx="0.000000" m_ty="0.000000"/>
  </frame>
  <frame idx="625" w="181" h="238" x="-23.375000" y="-121.550003">
   <element name="water_dirty_ice" layername="water" frame="0" z_index="7" m_a="0.750000" m_b="0.000000" m_c="0.000000" m_d="0.500000" m_tx="0.000000" m_ty="0.000000"/>
  </frame>
  <frame idx="650" w="175" h="241" x="-28.050003" y="-118.433334">
   <element name="water_dirty_ice" layername="water" frame="0" z_index="7" m_a="0.700000" m_b="0.000000" m_c="0.000000" m_d="0.533333" m_tx="0.000000" m_ty="0.000000"/>
  </frame>
  <frame idx="675" w="171" h="245" x="-32.724998" y="-115.316666">
   <element name="water_dirty_ice" layername="water" frame="0" z_index="7" m_a="0.650000" m_b="0.000000" m_c="0.000000" m_d="0.566667" m_tx="0.000000" m_ty="0.000000"/>
  </frame>
  <frame idx="700" w="165" h="248" x="-37.399998" y="-112.199997">
   <element name="water_dirty_ice" layername="water" frame="0" z_index="7" m_a="0.600000" m_b="0.000000" m_c="0.000000" m_d="0.600000" m_tx="0.000000" m_ty="0.000000"/>
  </frame>
  <frame idx="725" w="165" h="248" x="-37.399998" y="-112.199997">
   <element name="water_dirty_ice" layername="water" frame="0" z_index="7" m_a="0.600000" m_b="0.000000" m_c="0.000000" m_d="0.600000" m_tx="0.000000" m_ty="0.000000"/>
  </frame>
  <frame idx="750" w="165" h="248" x="-37.399998" y="-112.199997">
   <element name="water_dirty_ice" layername="water" frame="0" z_index="7" m_a="0.600000" m_b="0.000000" m_c="0.000000" m_d="0.600000" m_tx="0.000000" m_ty="0.000000"/>
  </frame>
  <frame idx="775" w="165" h="248" x="-37.399998" y="-112.199997">
   <element name="water_dirty_ice" layername="water" frame="0" z_index="7" m_a="0.600000" m_b="0.000000" m_c="0.000000" m_d="0.600000" m_tx="0.000000" m_ty="0.000000"/>
  </frame>
  <frame idx="800" w="165" h="248" x="-37.399998" y="-112.199997">
   <element name="water_dirty_ice" layername="water" frame="0" z_index="7" m_a="0.600000" m_b="0.000000" m_c="0.000000" m_d="0.600000" m_tx="0.000000" m_ty="0.000000"/>
  </frame>
  <frame idx="825" w="165" h="248" x="-37.399998" y="-112.199997">
   <element name="water_dirty_ice" layername="water" frame="0" z_index="7" m_a="0.600000" m_b="0.000000" m_c="0.000000" m_d="0.600000" m_tx="0.000000" m_ty="0.000000"/>
  </frame>
  <frame idx="850" w="165" h="248" x="-37.399998" y="-112.199997">
   <element name="water_dirty_ice" layername="water" frame="0" z_index="7" m_a="0.600000" m_b="0.000000" m_c="0.000000" m_d="0.600000" m_tx="0.000000" m_ty="0.000000"/>
  </frame>
  <frame idx="875" w="165" h="248" x="-37.399998" y="-112.199997">
   <element name="water_dirty_ice" layername="water" frame="0" z_index="7" m_a="0.600000" m_b="0.000000" m_c="0.000000" m_d="0.600000" m_tx="0.000000" m_ty="0.000000"/>
  </frame>
  <frame idx="900" w="165" h="248" x="-37.399998" y="-112.199997">
   <element name="water_dirty_ice" layername="water" frame="0" z_index="7" m_a="0.600000" m_b="0.000000" m_c="0.000000" m_d="0.600000" m_tx="0.000000" m_ty="0.000000"/>
  </frame>
  <frame idx="925" w="165" h="248" x="-37.399998" y="-112.199997">
   <element name="water_dirty_ice" layername="water" frame="0" z_index="7" m_a="0.600000" m_b="0.000000" m_c="0.000000" m_d="0.600000" m_tx="0.000000" m_ty="0.000000"/>
  </frame>
  <frame idx="950" w="165" h="248" x="-37.399998" y="-112.199997">
   <element name="water_dirty_ice" layername="water" frame="0" z_index="7" m_a="0.600000" m_b="0.000000" m_c="0.000000" m_d="0.600000" m_tx="0.000000" m_ty="0.000000"/>
  </frame>
  <frame idx="975" w="165" h="248" x="-37.399998" y="-112.199997">
   <element name="water_dirty_ice" layername="water" frame="0" z_index="7" m_a="0.600000" m_b="0.000000" m_c="0.000000" m_d="0.600000" m_tx="0.000000" m_ty="0.000000"/>
  </frame>
 </anim>
 <anim name="turn_to_full" root="kettle_drink" numframes="1000" framerate="40">
  <frame idx="0" w="165" h="248" x="-37.399998" y="-112.199997">
   <element name="water_clean_ice" layername="water" frame="0" z_index="7" m_a="0.600000" m_b="0.000000" m_c="0.000000" m_d="0.600000" m_tx="0.000000" m_ty="0.000000"/>
  </frame>
  <frame idx="25" w="167" h="249" x="-36.907673" y="-112.696686">
   <element name="water_clean_ice" layername="water" frame="0" z_index="7" m_a="0.599977" m_b="-0.005289" m_c="0.005289" m_d="0.599977" m_tx="0.000000" m_ty="0.000000"/>
  </frame>
  <frame idx="50" w="167" h="251" x="-36.419746" y="-113.197685">
   <element name="water_clean_ice" layername="water" frame="0" z_index="7" m_a="0.599907" m_b="-0.010577" m_c="0.010577" m_d="0.599907" m_tx="0.000000" m_ty="0.000000"/>
  </frame>
  <frame idx="75" w="168" h="252" x="-35.936260" y="-113.702980">
   <element name="water_clean_ice" layername="water" frame="0" z_index="7" m_a="0.599790" m_b="-0.015865" m_c="0.015865" m_d="0.599790" m_tx="0.000000" m_ty="0.000000"/>
  </frame>
  <frame idx="100" w="168" h="255" x="-35.513725" y="-114.151947">
   <element name="water_clean_ice" layername="water" frame="0" z_index="7" m_a="0.599649" m_b="-0.020525" m_c="0.020525" m_d="0.599649" m_tx="0.000000" m_ty="0.000000"/>
  </frame>
  <frame idx="125" w="167" h="251" x="-36.458046" y="-113.158051">
   <element name="water_clean_ice" layername="water" frame="0" z_index="7" m_a="0.599914" m_b="-0.010160" m_c="0.010160" m_d="0.599914" m_tx="0.000000" m_ty="0.000000"/>
  </frame>
  <frame idx="150" w="165" h="248" x="-37.419392" y="-112.180618">
   <element name="water_clean_ice" layername="water" frame="0" z_index="7" m_a="0.600000" m_b="0.000207" m_c="-0.000207" m_d="0.600000" m_tx="0.000000" m_ty="0.000000"/>
  </frame>
  <frame idx="175" w="169" h="249" x="-38.397488" y="-111.219948">
   <element name="water_clean_ice" layername="water" frame="0" z_index="7" m_a="0.599907" m_b="0.010575" m_c="-0.010575" m_d="0.599907" m_tx="0.000000" m_ty="0.000000"/>
  </frame>
  <frame idx="200" w="172" h="250" x="-39.392036" y="-110.276306">
   <element name="water_clean_ice" layername="water" frame="0" z_index="7" m_a="0.599635" m_b="0.020940" m_c="-0.020940" m_d="0.599635" m_tx="0.000000" m_ty="0.000000"/>
  </frame>
  <frame idx="225" w="169" h="249" x="-38.387608" y="-111.229477">
   <element name="water_clean_ice" layername="water" frame="0" z_index="7" m_a="0.599909" m_b="0.010471" m_c="-0.010471" m_d="0.599909" m_tx="0.000000" m_ty="0.000000"/>
  </frame>
  <frame idx="250" w="165" h="248" x="-37.399986" y="-112.200012">
   <element name="water_clean_ice" layername="water" frame="0" z_index="7" m_a="0.600000" m_b="-0.000000" m_c="0.000000" m_d="0.600000" m_tx="0.000000" m_ty="0.000000"/>
  </frame>
  <frame idx="275" w="167" h="251" x="-36.429459" y="-113.187637">
   <element name="water_clean_ice" layername="water" frame="0" z_index="7" m_a="0.599909" m_b="-0.010471" m_c="0.010471" m_d="0.599909" m_tx="0.000000" m_ty="0.000000"/>
  </frame>
  <frame idx="300" w="168" h="255" x="-35.476307" y="-114.192032">
   <element name="water_clean_ice" layername="water" frame="0" z_index="7" m_a="0.599635" m_b="-0.020940" m_c="0.020940" m_d="0.599635" m_tx="0.000000" m_ty="0.000000"/>
  </frame>
  <frame idx="325" w="167" h="251" x="-36.429462" y="-113.187622">
   <element name="water_clean_ice" layername="water" frame="0" z_index="7" m_a="0.599909" m_b="-0.010471" m_c="0.010471" m_d="0.599909" m_tx="0.000000" m_ty="0.000000"/>
  </frame>
  <frame idx="350" w="165" h="248" x="-37.399998" y="-112.199997">
   <element name="water_clean_ice" layername="water" frame="0" z_index="7" m_a="0.600000" m_b="0.000000" m_c="0.000000" m_d="0.600000" m_tx="0.000000" m_ty="0.000000"/>
  </frame>
  <frame idx="375" w="169" h="249" x="-38.387623" y="-111.229462">
   <element name="water_clean_ice" layername="water" frame="0" z_index="7" m_a="0.599909" m_b="0.010471" m_c="-0.010471" m_d="0.599909" m_tx="0.000000" m_ty="0.000000"/>
  </frame>
  <frame idx="400" w="172" h="250" x="-39.392036" y="-110.276306">
   <element name="water_clean_ice" layername="water" frame="0" z_index="7" m_a="0.599635" m_b="0.020940" m_c="-0.020940" m_d="0.599635" m_tx="0.000000" m_ty="0.000000"/>
  </frame>
  <frame idx="425" w="169" h="249" x="-38.387608" y="-111.229477">
   <element name="water_clean_ice" layername="water" frame="0" z_index="7" m_a="0.599909" m_b="0.010471" m_c="-0.010471" m_d="0.599909" m_tx="0.000000" m_ty="0.000000"/>
  </frame>
  <frame idx="450" w="165" h="248" x="-37.399998" y="-112.199997">
   <element name="water_clean_ice" layername="water" frame="0" z_index="7" m_a="0.600000" m_b="0.000000" m_c="0.000000" m_d="0.600000" m_tx="0.000000" m_ty="0.000000"/>
   <element name="water_clean" layername="water_un" frame="0" z_index="6" m_a="0.600000" m_b="0.000000" m_c="0.000000" m_d="0.600000" m_tx="0.000000" m_ty="0.000000"/>
  </frame>
  <frame idx="475" w="183" h="238" x="-24.121269" y="-121.176872">
   <element name="water_clean_ice" layername="water" frame="0" z_index="7" m_a="0.750000" m_b="0.000000" m_c="0.000000" m_d="0.500000" m_tx="0.000000" m_ty="0.000000"/>
   <element name="water_clean" layername="water_un" frame="0" z_index="6" m_a="0.750000" m_b="0.000000" m_c="0.000000" m_d="0.500000" m_tx="-1.492537" m_ty="0.746269"/>
  </frame>
  <frame idx="500" w="202" h="228" x="-10.842537" y="-130.153717">
   <element name="water_clean_ice" layername="water" frame="0" z_index="7" m_a="0.900000" m_b="0.000000" m_c="0.000000" m_d="0.400000" m_tx="0.000000" m_ty="0.000000"/>
   <element name="water_clean" layername="water_un" frame="0" z_index="6" m_a="0.900000" m_b="0.000000" m_c="0.000000" m_d="0.400000" m_tx="-2.985075" m_ty="1.492537"/>
  </frame>
  <frame idx="525" w="173" h="253" x="-33.471272" y="-107.151871">
   <element name="water_clean_ice" layername="water" frame="0" z_index="7" m_a="0.650000" m_b="0.000000" m_c="0.000000" m_d="0.650000" m_tx="0.000000" m_ty="0.000000"/>
   <element name="water_clean" layername="water_un" frame="0" z_index="6" m_a="0.650000" m_b="0.000000" m_c="0.000000" m_d="0.650000" m_tx="-1.492537" m_ty="0.746269"/>
  </frame>
  <frame idx="550" w="145" h="279" x="-56.099998" y="-84.150002">
   <element name="water_clean" layername="water" frame="0" z_index="7" m_a="0.400000" m_b="0.000000" m_c="0.000000" m_d="0.900000" m_tx="0.000000" m_ty="0.000000"/>
   <element name="water_clean" layername="water_un" frame="0" z_index="6" m_a="0.400000" m_b="0.000000" m_c="0.000000" m_d="0.900000" m_tx="0.000000" m_ty="0.000000"/>
  </frame>
  <frame idx="575" w="149" h="273" x="-52.983334" y="-88.825005">
   <element name="water_clean" layername="water" frame="0" z_index="7" m_a="0.433333" m_b="0.000000" m_c="0.000000" m_d="0.850000" m_tx="0.000000" m_ty="0.000000"/>
  </frame>
  <frame idx="600" w="152" h="269" x="-49.866665" y="-93.500000">
   <element name="water_clean" layername="water" frame="0" z_index="7" m_a="0.466667" m_b="0.000000" m_c="0.000000" m_d="0.800000" m_tx="0.000000" m_ty="0.000000"/>
  </frame>
  <frame idx="625" w="156" h="263" x="-46.750000" y="-98.175003">
   <element name="water_clean" layername="water" frame="0" z_index="7" m_a="0.500000" m_b="0.000000" m_c="0.000000" m_d="0.750000" m_tx="0.000000" m_ty="0.000000"/>
  </frame>
  <frame idx="650" w="159" h="258" x="-43.633331" y="-102.850006">
   <element name="water_clean" layername="water" frame="0" z_index="7" m_a="0.533333" m_b="0.000000" m_c="0.000000" m_d="0.700000" m_tx="0.000000" m_ty="0.000000"/>
  </frame>
  <frame idx="675" w="162" h="253" x="-40.516666" y="-107.525002">
   <element name="water_clean" layername="water" frame="0" z_index="7" m_a="0.566667" m_b="0.000000" m_c="0.000000" m_d="0.650000" m_tx="0.000000" m_ty="0.000000"/>
  </frame>
  <frame idx="700" w="165" h="248" x="-37.399998" y="-112.199997">
   <element name="water_clean" layername="water" frame="0" z_index="7" m_a="0.600000" m_b="0.000000" m_c="0.000000" m_d="0.600000" m_tx="0.000000" m_ty="0.000000"/>
  </frame>
  <frame idx="725" w="165" h="248" x="-37.399998" y="-112.199997">
   <element name="water_clean" layername="water" frame="0" z_index="7" m_a="0.600000" m_b="0.000000" m_c="0.000000" m_d="0.600000" m_tx="0.000000" m_ty="0.000000"/>
  </frame>
  <frame idx="750" w="165" h="248" x="-37.399998" y="-112.199997">
   <element name="water_clean" layername="water" frame="0" z_index="7" m_a="0.600000" m_b="0.000000" m_c="0.000000" m_d="0.600000" m_tx="0.000000" m_ty="0.000000"/>
  </frame>
  <frame idx="775" w="165" h="248" x="-37.399998" y="-112.199997">
   <element name="water_clean" layername="water" frame="0" z_index="7" m_a="0.600000" m_b="0.000000" m_c="0.000000" m_d="0.600000" m_tx="0.000000" m_ty="0.000000"/>
  </frame>
  <frame idx="800" w="165" h="248" x="-37.399998" y="-112.199997">
   <element name="water_clean" layername="water" frame="0" z_index="7" m_a="0.600000" m_b="0.000000" m_c="0.000000" m_d="0.600000" m_tx="0.000000" m_ty="0.000000"/>
  </frame>
  <frame idx="825" w="165" h="248" x="-37.399998" y="-112.199997">
   <element name="water_clean" layername="water" frame="0" z_index="7" m_a="0.600000" m_b="0.000000" m_c="0.000000" m_d="0.600000" m_tx="0.000000" m_ty="0.000000"/>
  </frame>
  <frame idx="850" w="165" h="248" x="-37.399998" y="-112.199997">
   <element name="water_clean" layername="water" frame="0" z_index="7" m_a="0.600000" m_b="0.000000" m_c="0.000000" m_d="0.600000" m_tx="0.000000" m_ty="0.000000"/>
  </frame>
  <frame idx="875" w="165" h="248" x="-37.399998" y="-112.199997">
   <element name="water_clean" layername="water" frame="0" z_index="7" m_a="0.600000" m_b="0.000000" m_c="0.000000" m_d="0.600000" m_tx="0.000000" m_ty="0.000000"/>
  </frame>
  <frame idx="900" w="165" h="248" x="-37.399998" y="-112.199997">
   <element name="water_clean" layername="water" frame="0" z_index="7" m_a="0.600000" m_b="0.000000" m_c="0.000000" m_d="0.600000" m_tx="0.000000" m_ty="0.000000"/>
  </frame>
  <frame idx="925" w="165" h="248" x="-37.399998" y="-112.199997">
   <element name="water_clean" layername="water" frame="0" z_index="7" m_a="0.600000" m_b="0.000000" m_c="0.000000" m_d="0.600000" m_tx="0.000000" m_ty="0.000000"/>
  </frame>
  <frame idx="950" w="165" h="248" x="-37.399998" y="-112.199997">
   <element name="water_clean" layername="water" frame="0" z_index="7" m_a="0.600000" m_b="0.000000" m_c="0.000000" m_d="0.600000" m_tx="0.000000" m_ty="0.000000"/>
  </frame>
  <frame idx="975" w="165" h="248" x="-37.399998" y="-112.199997">
   <element name="water_clean" layername="water" frame="0" z_index="7" m_a="0.600000" m_b="0.000000" m_c="0.000000" m_d="0.600000" m_tx="0.000000" m_ty="0.000000"/>
  </frame>
 </anim>
 <anim name="turn_to_full_dirty" root="kettle_drink" numframes="1000" framerate="40">
  <frame idx="0" w="165" h="248" x="-37.399998" y="-112.199997">
   <element name="water_dirty_ice" layername="water" frame="0" z_index="7" m_a="0.600000" m_b="0.000000" m_c="0.000000" m_d="0.600000" m_tx="0.000000" m_ty="0.000000"/>
  </frame>
  <frame idx="25" w="167" h="249" x="-36.907673" y="-112.696686">
   <element name="water_dirty_ice" layername="water" frame="0" z_index="7" m_a="0.599977" m_b="-0.005289" m_c="0.005289" m_d="0.599977" m_tx="0.000000" m_ty="0.000000"/>
  </frame>
  <frame idx="50" w="167" h="251" x="-36.419746" y="-113.197685">
   <element name="water_dirty_ice" layername="water" frame="0" z_index="7" m_a="0.599907" m_b="-0.010577" m_c="0.010577" m_d="0.599907" m_tx="0.000000" m_ty="0.000000"/>
  </frame>
  <frame idx="75" w="168" h="252" x="-35.936260" y="-113.702980">
   <element name="water_dirty_ice" layername="water" frame="0" z_index="7" m_a="0.599790" m_b="-0.015865" m_c="0.015865" m_d="0.599790" m_tx="0.000000" m_ty="0.000000"/>
  </frame>
  <frame idx="100" w="168" h="255" x="-35.513359" y="-114.152336">
   <element name="water_dirty_ice" layername="water" frame="0" z_index="7" m_a="0.599649" m_b="-0.020529" m_c="0.020529" m_d="0.599649" m_tx="0.000000" m_ty="0.000000"/>
  </frame>
  <frame idx="125" w="167" h="251" x="-36.448326" y="-113.168098">
   <element name="water_dirty_ice" layername="water" frame="0" z_index="7" m_a="0.599912" m_b="-0.010266" m_c="0.010266" m_d="0.599912" m_tx="0.000000" m_ty="0.000000"/>
  </frame>
  <frame idx="150" w="165" h="248" x="-37.399998" y="-112.199997">
   <element name="water_dirty_ice" layername="water" frame="0" z_index="7" m_a="0.600000" m_b="0.000000" m_c="0.000000" m_d="0.600000" m_tx="0.000000" m_ty="0.000000"/>
  </frame>
  <frame idx="175" w="169" h="249" x="-38.368095" y="-111.248329">
   <element name="water_dirty_ice" layername="water" frame="0" z_index="7" m_a="0.599912" m_b="0.010266" m_c="-0.010266" m_d="0.599912" m_tx="0.000000" m_ty="0.000000"/>
  </frame>
  <frame idx="200" w="172" h="250" x="-39.352333" y="-110.313362">
   <element name="water_dirty_ice" layername="water" frame="0" z_index="7" m_a="0.599649" m_b="0.020529" m_c="-0.020529" m_d="0.599649" m_tx="0.000000" m_ty="0.000000"/>
  </frame>
  <frame idx="225" w="169" h="249" x="-38.417820" y="-111.200317">
   <element name="water_dirty_ice" layername="water" frame="0" z_index="7" m_a="0.599903" m_b="0.010789" m_c="-0.010789" m_d="0.599903" m_tx="0.000000" m_ty="0.000000"/>
  </frame>
  <frame idx="250" w="165" h="248" x="-37.419788" y="-112.180222">
   <element name="water_dirty_ice" layername="water" frame="0" z_index="7" m_a="0.600000" m_b="0.000212" m_c="-0.000212" m_d="0.600000" m_tx="0.000000" m_ty="0.000000"/>
  </frame>
  <frame idx="275" w="167" h="251" x="-36.439152" y="-113.177582">
   <element name="water_dirty_ice" layername="water" frame="0" z_index="7" m_a="0.599910" m_b="-0.010366" m_c="0.010366" m_d="0.599910" m_tx="0.000000" m_ty="0.000000"/>
  </frame>
  <frame idx="300" w="168" h="255" x="-35.476307" y="-114.192032">
   <element name="water_dirty_ice" layername="water" frame="0" z_index="7" m_a="0.599635" m_b="-0.020940" m_c="0.020940" m_d="0.599635" m_tx="0.000000" m_ty="0.000000"/>
  </frame>
  <frame idx="325" w="167" h="251" x="-36.429462" y="-113.187622">
   <element name="water_dirty_ice" layername="water" frame="0" z_index="7" m_a="0.599909" m_b="-0.010471" m_c="0.010471" m_d="0.599909" m_tx="0.000000" m_ty="0.000000"/>
  </frame>
  <frame idx="350" w="165" h="248" x="-37.399998" y="-112.199997">
   <element name="water_dirty_ice" layername="water" frame="0" z_index="7" m_a="0.600000" m_b="0.000000" m_c="0.000000" m_d="0.600000" m_tx="0.000000" m_ty="0.000000"/>
  </frame>
  <frame idx="375" w="169" h="249" x="-38.387623" y="-111.229462">
   <element name="water_dirty_ice" layername="water" frame="0" z_index="7" m_a="0.599909" m_b="0.010471" m_c="-0.010471" m_d="0.599909" m_tx="0.000000" m_ty="0.000000"/>
  </frame>
  <frame idx="400" w="172" h="250" x="-39.392036" y="-110.276306">
   <element name="water_dirty_ice" layername="water" frame="0" z_index="7" m_a="0.599635" m_b="0.020940" m_c="-0.020940" m_d="0.599635" m_tx="0.000000" m_ty="0.000000"/>
  </frame>
  <frame idx="425" w="169" h="249" x="-38.407177" y="-111.210587">
   <element name="water_dirty_ice" layername="water" frame="0" z_index="7" m_a="0.599905" m_b="0.010677" m_c="-0.010677" m_d="0.599905" m_tx="0.000000" m_ty="0.000000"/>
  </frame>
  <frame idx="450" w="165" h="248" x="-37.438385" y="-112.161636">
   <element name="water_dirty_ice" layername="water" frame="0" z_index="7" m_a="0.600000" m_b="0.000410" m_c="-0.000410" m_d="0.600000" m_tx="0.000000" m_ty="0.000000"/>
  </frame>
  <frame idx="475" w="183" h="238" x="-24.392265" y="-120.993668">
   <element name="water_dirty_ice" layername="water" frame="0" z_index="7" m_a="0.746939" m_b="0.000000" m_c="0.000000" m_d="0.502041" m_tx="0.000000" m_ty="0.000000"/>
   <element name="water_dirty" layername="water_un" frame="0" z_index="6" m_a="0.746939" m_b="0.000000" m_c="0.000000" m_d="0.502041" m_tx="-1.462078" m_ty="0.731039"/>
  </frame>
  <frame idx="500" w="202" h="228" x="-10.842537" y="-130.153717">
   <element name="water_dirty_ice" layername="water" frame="0" z_index="7" m_a="0.900000" m_b="0.000000" m_c="0.000000" m_d="0.400000" m_tx="0.000000" m_ty="0.000000"/>
   <element name="water_dirty" layername="water_un" frame="0" z_index="6" m_a="0.900000" m_b="0.000000" m_c="0.000000" m_d="0.400000" m_tx="-2.985075" m_ty="1.492537"/>
  </frame>
  <frame idx="525" w="173" h="253" x="-33.471272" y="-107.151871">
   <element name="water_dirty_ice" layername="water" frame="0" z_index="7" m_a="0.650000" m_b="0.000000" m_c="0.000000" m_d="0.650000" m_tx="0.000000" m_ty="0.000000"/>
   <element name="water_dirty" layername="water_un" frame="0" z_index="6" m_a="0.650000" m_b="0.000000" m_c="0.000000" m_d="0.650000" m_tx="-1.492537" m_ty="0.746269"/>
  </frame>
  <frame idx="550" w="145" h="279" x="-56.099998" y="-84.150002">
   <element name="water_dirty" layername="water" frame="0" z_index="7" m_a="0.400000" m_b="0.000000" m_c="0.000000" m_d="0.900000" m_tx="0.000000" m_ty="0.000000"/>
   <element name="water_dirty" layername="water_un" frame="0" z_index="6" m_a="0.400000" m_b="0.000000" m_c="0.000000" m_d="0.900000" m_tx="0.000000" m_ty="0.000000"/>
  </frame>
  <frame idx="575" w="149" h="273" x="-52.983334" y="-88.825005">
   <element name="water_dirty" layername="water" frame="0" z_index="7" m_a="0.433333" m_b="0.000000" m_c="0.000000" m_d="0.850000" m_tx="0.000000" m_ty="0.000000"/>
  </frame>
  <frame idx="600" w="152" h="269" x="-49.866665" y="-93.500000">
   <element name="water_dirty" layername="water" frame="0" z_index="7" m_a="0.466667" m_b="0.000000" m_c="0.000000" m_d="0.800000" m_tx="0.000000" m_ty="0.000000"/>
  </frame>
  <frame idx="625" w="156" h="263" x="-46.750000" y="-98.175003">
   <element name="water_dirty" layername="water" frame="0" z_index="7" m_a="0.500000" m_b="0.000000" m_c="0.000000" m_d="0.750000" m_tx="0.000000" m_ty="0.000000"/>
  </frame>
  <frame idx="650" w="159" h="258" x="-43.633331" y="-102.850006">
   <element name="water_dirty" layername="water" frame="0" z_index="7" m_a="0.533333" m_b="0.000000" m_c="0.000000" m_d="0.700000" m_tx="0.000000" m_ty="0.000000"/>
  </frame>
  <frame idx="675" w="162" h="253" x="-40.516666" y="-107.525002">
   <element name="water_dirty" layername="water" frame="0" z_index="7" m_a="0.566667" m_b="0.000000" m_c="0.000000" m_d="0.650000" m_tx="0.000000" m_ty="0.000000"/>
  </frame>
  <frame idx="700" w="165" h="248" x="-37.399998" y="-112.199997">
   <element name="water_dirty" layername="water" frame="0" z_index="7" m_a="0.600000" m_b="0.000000" m_c="0.000000" m_d="0.600000" m_tx="0.000000" m_ty="0.000000"/>
  </frame>
  <frame idx="725" w="165" h="248" x="-37.399998" y="-112.199997">
   <element name="water_dirty" layername="water" frame="0" z_index="7" m_a="0.600000" m_b="0.000000" m_c="0.000000" m_d="0.600000" m_tx="0.000000" m_ty="0.000000"/>
  </frame>
  <frame idx="750" w="165" h="248" x="-37.399998" y="-112.199997">
   <element name="water_dirty" layername="water" frame="0" z_index="7" m_a="0.600000" m_b="0.000000" m_c="0.000000" m_d="0.600000" m_tx="0.000000" m_ty="0.000000"/>
  </frame>
  <frame idx="775" w="165" h="248" x="-37.399998" y="-112.199997">
   <element name="water_dirty" layername="water" frame="0" z_index="7" m_a="0.600000" m_b="0.000000" m_c="0.000000" m_d="0.600000" m_tx="0.000000" m_ty="0.000000"/>
  </frame>
  <frame idx="800" w="165" h="248" x="-37.399998" y="-112.199997">
   <element name="water_dirty" layername="water" frame="0" z_index="7" m_a="0.600000" m_b="0.000000" m_c="0.000000" m_d="0.600000" m_tx="0.000000" m_ty="0.000000"/>
  </frame>
  <frame idx="825" w="165" h="248" x="-37.399998" y="-112.199997">
   <element name="water_dirty" layername="water" frame="0" z_index="7" m_a="0.600000" m_b="0.000000" m_c="0.000000" m_d="0.600000" m_tx="0.000000" m_ty="0.000000"/>
  </frame>
  <frame idx="850" w="165" h="248" x="-37.399998" y="-112.199997">
   <element name="water_dirty" layername="water" frame="0" z_index="7" m_a="0.600000" m_b="0.000000" m_c="0.000000" m_d="0.600000" m_tx="0.000000" m_ty="0.000000"/>
  </frame>
  <frame idx="875" w="165" h="248" x="-37.399998" y="-112.199997">
   <element name="water_dirty" layername="water" frame="0" z_index="7" m_a="0.600000" m_b="0.000000" m_c="0.000000" m_d="0.600000" m_tx="0.000000" m_ty="0.000000"/>
  </frame>
  <frame idx="900" w="165" h="248" x="-37.399998" y="-112.199997">
   <element name="water_dirty" layername="water" frame="0" z_index="7" m_a="0.600000" m_b="0.000000" m_c="0.000000" m_d="0.600000" m_tx="0.000000" m_ty="0.000000"/>
  </frame>
  <frame idx="925" w="165" h="248" x="-37.399998" y="-112.199997">
   <element name="water_dirty" layername="water" frame="0" z_index="7" m_a="0.600000" m_b="0.000000" m_c="0.000000" m_d="0.600000" m_tx="0.000000" m_ty="0.000000"/>
  </frame>
  <frame idx="950" w="165" h="248" x="-37.399998" y="-112.199997">
   <element name="water_dirty" layername="water" frame="0" z_index="7" m_a="0.600000" m_b="0.000000" m_c="0.000000" m_d="0.600000" m_tx="0.000000" m_ty="0.000000"/>
  </frame>
  <frame idx="975" w="165" h="248" x="-37.399998" y="-112.199997">
   <element name="water_dirty" layername="water" frame="0" z_index="7" m_a="0.600000" m_b="0.000000" m_c="0.000000" m_d="0.600000" m_tx="0.000000" m_ty="0.000000"/>
  </frame>
 </anim>
</Anims>
