<Anims>
 <anim name="idle" root="kettle_drink" numframes="150" framerate="40">
  <frame idx="0" w="141" h="141" x="0.000000" y="0.000000">
   <element name="swap" layername="swap" frame="0" z_index="5" m_a="1.000000" m_b="0.000000" m_c="0.000000" m_d="1.000000" m_tx="0.000000" m_ty="0.000000"/>
  </frame>
  <frame idx="25" w="141" h="141" x="0.000000" y="0.000000">
   <element name="swap" layername="swap" frame="0" z_index="5" m_a="1.000000" m_b="0.000000" m_c="0.000000" m_d="1.000000" m_tx="0.000000" m_ty="0.000000"/>
  </frame>
  <frame idx="50" w="141" h="141" x="0.000000" y="0.000000">
   <element name="swap" layername="swap" frame="0" z_index="5" m_a="1.000000" m_b="0.000000" m_c="0.000000" m_d="1.000000" m_tx="0.000000" m_ty="0.000000"/>
  </frame>
  <frame idx="75" w="141" h="141" x="0.000000" y="0.000000">
   <element name="swap" layername="swap" frame="0" z_index="5" m_a="1.000000" m_b="0.000000" m_c="0.000000" m_d="1.000000" m_tx="0.000000" m_ty="0.000000"/>
  </frame>
  <frame idx="100" w="141" h="141" x="0.000000" y="0.000000">
   <element name="swap" layername="swap" frame="0" z_index="5" m_a="1.000000" m_b="0.000000" m_c="0.000000" m_d="1.000000" m_tx="0.000000" m_ty="0.000000"/>
  </frame>
  <frame idx="125" w="141" h="141" x="0.000000" y="0.000000">
   <element name="swap" layername="swap" frame="0" z_index="5" m_a="1.000000" m_b="0.000000" m_c="0.000000" m_d="1.000000" m_tx="0.000000" m_ty="0.000000"/>
  </frame>
 </anim>
 <anim name="turn_to_ice" root="kettle_drink" numframes="1000" framerate="40">
  <frame idx="0" w="138" h="228" x="0.000000" y="-48.979996">
   <element name="water_clean" layername="water" frame="0" z_index="5" m_a="1.000000" m_b="0.000000" m_c="0.000000" m_d="1.000000" m_tx="0.000000" m_ty="0.000000"/>
  </frame>
  <frame idx="25" w="134" h="228" x="4.000000" y="-48.979996">
   <element name="water_clean" layername="water" frame="0" z_index="5" m_a="1.000000" m_b="0.000000" m_c="0.000000" m_d="1.000000" m_tx="4.000000" m_ty="0.000000"/>
  </frame>
  <frame idx="50" w="142" h="228" x="-4.000000" y="-48.979996">
   <element name="water_clean" layername="water" frame="0" z_index="5" m_a="1.000000" m_b="0.000000" m_c="0.000000" m_d="1.000000" m_tx="-4.000000" m_ty="0.000000"/>
  </frame>
  <frame idx="75" w="134" h="228" x="4.000000" y="-48.979996">
   <element name="water_clean" layername="water" frame="0" z_index="5" m_a="1.000000" m_b="0.000000" m_c="0.000000" m_d="1.000000" m_tx="4.000000" m_ty="0.000000"/>
  </frame>
  <frame idx="100" w="142" h="228" x="-4.000000" y="-48.979996">
   <element name="water_clean" layername="water" frame="0" z_index="5" m_a="1.000000" m_b="0.000000" m_c="0.000000" m_d="1.000000" m_tx="-4.000000" m_ty="0.000000"/>
  </frame>
  <frame idx="125" w="134" h="228" x="4.000000" y="-48.979996">
   <element name="water_clean" layername="water" frame="0" z_index="5" m_a="1.000000" m_b="0.000000" m_c="0.000000" m_d="1.000000" m_tx="4.000000" m_ty="0.000000"/>
  </frame>
  <frame idx="150" w="142" h="228" x="-4.000000" y="-48.979996">
   <element name="water_clean" layername="water" frame="0" z_index="5" m_a="1.000000" m_b="0.000000" m_c="0.000000" m_d="1.000000" m_tx="-4.000000" m_ty="0.000000"/>
  </frame>
  <frame idx="175" w="134" h="228" x="4.000000" y="-48.979996">
   <element name="water_clean" layername="water" frame="0" z_index="5" m_a="1.000000" m_b="0.000000" m_c="0.000000" m_d="1.000000" m_tx="4.000000" m_ty="0.000000"/>
  </frame>
  <frame idx="200" w="142" h="228" x="-4.000000" y="-48.979996">
   <element name="water_clean" layername="water" frame="0" z_index="5" m_a="1.000000" m_b="0.000000" m_c="0.000000" m_d="1.000000" m_tx="-4.000000" m_ty="0.000000"/>
  </frame>
  <frame idx="225" w="134" h="228" x="4.000000" y="-48.979996">
   <element name="water_clean" layername="water" frame="0" z_index="5" m_a="1.000000" m_b="0.000000" m_c="0.000000" m_d="1.000000" m_tx="4.000000" m_ty="0.000000"/>
  </frame>
  <frame idx="250" w="142" h="228" x="-4.000000" y="-48.979996">
   <element name="water_clean" layername="water" frame="0" z_index="5" m_a="1.000000" m_b="0.000000" m_c="0.000000" m_d="1.000000" m_tx="-4.000000" m_ty="0.000000"/>
  </frame>
  <frame idx="275" w="134" h="228" x="4.000000" y="-48.979996">
   <element name="water_clean" layername="water" frame="0" z_index="5" m_a="1.000000" m_b="0.000000" m_c="0.000000" m_d="1.000000" m_tx="4.000000" m_ty="0.000000"/>
  </frame>
  <frame idx="300" w="142" h="228" x="-4.000000" y="-48.979996">
   <element name="water_clean" layername="water" frame="0" z_index="5" m_a="1.000000" m_b="0.000000" m_c="0.000000" m_d="1.000000" m_tx="-4.000000" m_ty="0.000000"/>
  </frame>
  <frame idx="325" w="134" h="228" x="4.000000" y="-48.979996">
   <element name="water_clean" layername="water" frame="0" z_index="5" m_a="1.000000" m_b="0.000000" m_c="0.000000" m_d="1.000000" m_tx="4.000000" m_ty="0.000000"/>
  </frame>
  <frame idx="350" w="142" h="228" x="-4.000000" y="-48.979996">
   <element name="water_clean" layername="water" frame="0" z_index="5" m_a="1.000000" m_b="0.000000" m_c="0.000000" m_d="1.000000" m_tx="-4.000000" m_ty="0.000000"/>
  </frame>
  <frame idx="375" w="134" h="228" x="4.000000" y="-48.979996">
   <element name="water_clean" layername="water" frame="0" z_index="5" m_a="1.000000" m_b="0.000000" m_c="0.000000" m_d="1.000000" m_tx="4.000000" m_ty="0.000000"/>
  </frame>
  <frame idx="400" w="138" h="228" x="0.000000" y="-48.979996">
   <element name="water_clean" layername="water" frame="0" z_index="5" m_a="1.000000" m_b="0.000000" m_c="0.000000" m_d="1.000000" m_tx="0.000000" m_ty="0.000000"/>
  </frame>
  <frame idx="425" w="138" h="228" x="0.000000" y="-48.979996">
   <element name="water_clean" layername="water" frame="0" z_index="5" m_a="1.000000" m_b="0.000000" m_c="0.000000" m_d="1.000000" m_tx="0.000000" m_ty="0.000000"/>
  </frame>
  <frame idx="450" w="138" h="228" x="0.000000" y="-48.979996">
   <element name="water_clean" layername="water" frame="0" z_index="5" m_a="1.000000" m_b="0.000000" m_c="0.000000" m_d="1.000000" m_tx="0.000000" m_ty="0.000000"/>
  </frame>
  <frame idx="475" w="125" h="246" x="-12.500000" y="-33.179993">
   <element name="water_clean" layername="water" frame="0" z_index="5" m_a="0.800000" m_b="0.000000" m_c="0.000000" m_d="1.200000" m_tx="0.000000" m_ty="0.000000"/>
  </frame>
  <frame idx="500" w="112" h="262" x="-25.199997" y="-17.269997">
   <element name="water_clean_ice" layername="water" frame="0" z_index="5" m_a="0.600000" m_b="0.000000" m_c="0.000000" m_d="1.400000" m_tx="0.000000" m_ty="0.000000"/>
  </frame>
  <frame idx="525" w="147" h="218" x="6.300003" y="-56.519997">
   <element name="water_clean_ice" layername="water" frame="0" z_index="5" m_a="1.100000" m_b="0.000000" m_c="0.000000" m_d="0.900000" m_tx="0.000000" m_ty="0.000000"/>
  </frame>
  <frame idx="550" w="181" h="175" x="37.800003" y="-95.769997">
   <element name="water_clean_ice" layername="water" frame="0" z_index="5" m_a="1.600000" m_b="0.000000" m_c="0.000000" m_d="0.400000" m_tx="0.000000" m_ty="0.000000"/>
  </frame>
  <frame idx="575" w="174" h="184" x="31.500000" y="-87.919998">
   <element name="water_clean_ice" layername="water" frame="0" z_index="5" m_a="1.500000" m_b="0.000000" m_c="0.000000" m_d="0.500000" m_tx="0.000000" m_ty="0.000000"/>
  </frame>
  <frame idx="600" w="168" h="193" x="25.199997" y="-80.069992">
   <element name="water_clean_ice" layername="water" frame="0" z_index="5" m_a="1.400000" m_b="0.000000" m_c="0.000000" m_d="0.600000" m_tx="0.000000" m_ty="0.000000"/>
  </frame>
  <frame idx="625" w="160" h="202" x="18.899994" y="-72.219994">
   <element name="water_clean_ice" layername="water" frame="0" z_index="5" m_a="1.300000" m_b="0.000000" m_c="0.000000" m_d="0.700000" m_tx="0.000000" m_ty="0.000000"/>
  </frame>
  <frame idx="650" w="153" h="209" x="12.600006" y="-64.369995">
   <element name="water_clean_ice" layername="water" frame="0" z_index="5" m_a="1.200000" m_b="0.000000" m_c="0.000000" m_d="0.800000" m_tx="0.000000" m_ty="0.000000"/>
  </frame>
  <frame idx="675" w="147" h="218" x="6.300003" y="-56.519997">
   <element name="water_clean_ice" layername="water" frame="0" z_index="5" m_a="1.100000" m_b="0.000000" m_c="0.000000" m_d="0.900000" m_tx="0.000000" m_ty="0.000000"/>
  </frame>
  <frame idx="700" w="139" h="227" x="0.000000" y="-48.669998">
   <element name="water_clean_ice" layername="water" frame="0" z_index="5" m_a="1.000000" m_b="0.000000" m_c="0.000000" m_d="1.000000" m_tx="0.000000" m_ty="0.000000"/>
  </frame>
  <frame idx="725" w="139" h="227" x="0.000000" y="-48.669998">
   <element name="water_clean_ice" layername="water" frame="0" z_index="5" m_a="1.000000" m_b="0.000000" m_c="0.000000" m_d="1.000000" m_tx="0.000000" m_ty="0.000000"/>
  </frame>
  <frame idx="750" w="139" h="227" x="0.000000" y="-48.669998">
   <element name="water_clean_ice" layername="water" frame="0" z_index="5" m_a="1.000000" m_b="0.000000" m_c="0.000000" m_d="1.000000" m_tx="0.000000" m_ty="0.000000"/>
  </frame>
  <frame idx="775" w="139" h="227" x="0.000000" y="-48.669998">
   <element name="water_clean_ice" layername="water" frame="0" z_index="5" m_a="1.000000" m_b="0.000000" m_c="0.000000" m_d="1.000000" m_tx="0.000000" m_ty="0.000000"/>
  </frame>
  <frame idx="800" w="139" h="227" x="0.000000" y="-48.669998">
   <element name="water_clean_ice" layername="water" frame="0" z_index="5" m_a="1.000000" m_b="0.000000" m_c="0.000000" m_d="1.000000" m_tx="0.000000" m_ty="0.000000"/>
  </frame>
  <frame idx="825" w="139" h="227" x="0.000000" y="-48.669998">
   <element name="water_clean_ice" layername="water" frame="0" z_index="5" m_a="1.000000" m_b="0.000000" m_c="0.000000" m_d="1.000000" m_tx="0.000000" m_ty="0.000000"/>
  </frame>
  <frame idx="850" w="139" h="227" x="0.000000" y="-48.669998">
   <element name="water_clean_ice" layername="water" frame="0" z_index="5" m_a="1.000000" m_b="0.000000" m_c="0.000000" m_d="1.000000" m_tx="0.000000" m_ty="0.000000"/>
  </frame>
  <frame idx="875" w="139" h="227" x="0.000000" y="-48.669998">
   <element name="water_clean_ice" layername="water" frame="0" z_index="5" m_a="1.000000" m_b="0.000000" m_c="0.000000" m_d="1.000000" m_tx="0.000000" m_ty="0.000000"/>
  </frame>
  <frame idx="900" w="139" h="227" x="0.000000" y="-48.669998">
   <element name="water_clean_ice" layername="water" frame="0" z_index="5" m_a="1.000000" m_b="0.000000" m_c="0.000000" m_d="1.000000" m_tx="0.000000" m_ty="0.000000"/>
  </frame>
  <frame idx="925" w="139" h="227" x="0.000000" y="-48.669998">
   <element name="water_clean_ice" layername="water" frame="0" z_index="5" m_a="1.000000" m_b="0.000000" m_c="0.000000" m_d="1.000000" m_tx="0.000000" m_ty="0.000000"/>
  </frame>
  <frame idx="950" w="139" h="227" x="0.000000" y="-48.669998">
   <element name="water_clean_ice" layername="water" frame="0" z_index="5" m_a="1.000000" m_b="0.000000" m_c="0.000000" m_d="1.000000" m_tx="0.000000" m_ty="0.000000"/>
  </frame>
  <frame idx="975" w="139" h="227" x="0.000000" y="-48.669998">
   <element name="water_clean_ice" layername="water" frame="0" z_index="5" m_a="1.000000" m_b="0.000000" m_c="0.000000" m_d="1.000000" m_tx="0.000000" m_ty="0.000000"/>
  </frame>
 </anim>
 <anim name="turn_to_ice_dirty" root="kettle_drink" numframes="1000" framerate="40">
  <frame idx="0" w="139" h="228" x="0.000000" y="-48.979996">
   <element name="water_dirty" layername="water" frame="0" z_index="5" m_a="1.000000" m_b="0.000000" m_c="0.000000" m_d="1.000000" m_tx="0.000000" m_ty="0.000000"/>
  </frame>
  <frame idx="25" w="135" h="228" x="4.000000" y="-48.979996">
   <element name="water_dirty" layername="water" frame="0" z_index="5" m_a="1.000000" m_b="0.000000" m_c="0.000000" m_d="1.000000" m_tx="4.000000" m_ty="0.000000"/>
  </frame>
  <frame idx="50" w="143" h="228" x="-4.000000" y="-48.979996">
   <element name="water_dirty" layername="water" frame="0" z_index="5" m_a="1.000000" m_b="0.000000" m_c="0.000000" m_d="1.000000" m_tx="-4.000000" m_ty="0.000000"/>
  </frame>
  <frame idx="75" w="135" h="228" x="4.000000" y="-48.979996">
   <element name="water_dirty" layername="water" frame="0" z_index="5" m_a="1.000000" m_b="0.000000" m_c="0.000000" m_d="1.000000" m_tx="4.000000" m_ty="0.000000"/>
  </frame>
  <frame idx="100" w="143" h="228" x="-4.000000" y="-48.979996">
   <element name="water_dirty" layername="water" frame="0" z_index="5" m_a="1.000000" m_b="0.000000" m_c="0.000000" m_d="1.000000" m_tx="-4.000000" m_ty="0.000000"/>
  </frame>
  <frame idx="125" w="135" h="228" x="4.000000" y="-48.979996">
   <element name="water_dirty" layername="water" frame="0" z_index="5" m_a="1.000000" m_b="0.000000" m_c="0.000000" m_d="1.000000" m_tx="4.000000" m_ty="0.000000"/>
  </frame>
  <frame idx="150" w="143" h="228" x="-4.000000" y="-48.979996">
   <element name="water_dirty" layername="water" frame="0" z_index="5" m_a="1.000000" m_b="0.000000" m_c="0.000000" m_d="1.000000" m_tx="-4.000000" m_ty="0.000000"/>
  </frame>
  <frame idx="175" w="135" h="228" x="4.000000" y="-48.979996">
   <element name="water_dirty" layername="water" frame="0" z_index="5" m_a="1.000000" m_b="0.000000" m_c="0.000000" m_d="1.000000" m_tx="4.000000" m_ty="0.000000"/>
  </frame>
  <frame idx="200" w="143" h="228" x="-4.000000" y="-48.979996">
   <element name="water_dirty" layername="water" frame="0" z_index="5" m_a="1.000000" m_b="0.000000" m_c="0.000000" m_d="1.000000" m_tx="-4.000000" m_ty="0.000000"/>
  </frame>
  <frame idx="225" w="135" h="228" x="4.000000" y="-48.979996">
   <element name="water_dirty" layername="water" frame="0" z_index="5" m_a="1.000000" m_b="0.000000" m_c="0.000000" m_d="1.000000" m_tx="4.000000" m_ty="0.000000"/>
  </frame>
  <frame idx="250" w="143" h="228" x="-4.000000" y="-48.979996">
   <element name="water_dirty" layername="water" frame="0" z_index="5" m_a="1.000000" m_b="0.000000" m_c="0.000000" m_d="1.000000" m_tx="-4.000000" m_ty="0.000000"/>
  </frame>
  <frame idx="275" w="135" h="228" x="4.000000" y="-48.979996">
   <element name="water_dirty" layername="water" frame="0" z_index="5" m_a="1.000000" m_b="0.000000" m_c="0.000000" m_d="1.000000" m_tx="4.000000" m_ty="0.000000"/>
  </frame>
  <frame idx="300" w="143" h="228" x="-4.000000" y="-48.979996">
   <element name="water_dirty" layername="water" frame="0" z_index="5" m_a="1.000000" m_b="0.000000" m_c="0.000000" m_d="1.000000" m_tx="-4.000000" m_ty="0.000000"/>
  </frame>
  <frame idx="325" w="135" h="228" x="4.000000" y="-48.979996">
   <element name="water_dirty" layername="water" frame="0" z_index="5" m_a="1.000000" m_b="0.000000" m_c="0.000000" m_d="1.000000" m_tx="4.000000" m_ty="0.000000"/>
  </frame>
  <frame idx="350" w="143" h="228" x="-4.000000" y="-48.979996">
   <element name="water_dirty" layername="water" frame="0" z_index="5" m_a="1.000000" m_b="0.000000" m_c="0.000000" m_d="1.000000" m_tx="-4.000000" m_ty="0.000000"/>
  </frame>
  <frame idx="375" w="135" h="228" x="4.000000" y="-48.979996">
   <element name="water_dirty" layername="water" frame="0" z_index="5" m_a="1.000000" m_b="0.000000" m_c="0.000000" m_d="1.000000" m_tx="4.000000" m_ty="0.000000"/>
  </frame>
  <frame idx="400" w="139" h="228" x="0.000000" y="-48.979996">
   <element name="water_dirty" layername="water" frame="0" z_index="5" m_a="1.000000" m_b="0.000000" m_c="0.000000" m_d="1.000000" m_tx="0.000000" m_ty="0.000000"/>
  </frame>
  <frame idx="425" w="139" h="228" x="0.000000" y="-48.979996">
   <element name="water_dirty" layername="water" frame="0" z_index="5" m_a="1.000000" m_b="0.000000" m_c="0.000000" m_d="1.000000" m_tx="0.000000" m_ty="0.000000"/>
  </frame>
  <frame idx="450" w="139" h="228" x="0.000000" y="-48.979996">
   <element name="water_dirty" layername="water" frame="0" z_index="5" m_a="1.000000" m_b="0.000000" m_c="0.000000" m_d="1.000000" m_tx="0.000000" m_ty="0.000000"/>
  </frame>
  <frame idx="475" w="126" h="246" x="-12.599998" y="-33.179993">
   <element name="water_dirty" layername="water" frame="0" z_index="5" m_a="0.800000" m_b="0.000000" m_c="0.000000" m_d="1.200000" m_tx="0.000000" m_ty="0.000000"/>
  </frame>
  <frame idx="500" w="110" h="260" x="-25.000000" y="-17.160004">
   <element name="water_dirty_ice" layername="water" frame="0" z_index="5" m_a="0.600000" m_b="0.000000" m_c="0.000000" m_d="1.400000" m_tx="0.000000" m_ty="0.000000"/>
  </frame>
  <frame idx="525" w="146" h="217" x="6.250000" y="-56.160004">
   <element name="water_dirty_ice" layername="water" frame="0" z_index="5" m_a="1.100000" m_b="0.000000" m_c="0.000000" m_d="0.900000" m_tx="0.000000" m_ty="0.000000"/>
  </frame>
  <frame idx="550" w="180" h="174" x="37.500000" y="-95.160004">
   <element name="water_dirty_ice" layername="water" frame="0" z_index="5" m_a="1.600000" m_b="0.000000" m_c="0.000000" m_d="0.400000" m_tx="0.000000" m_ty="0.000000"/>
  </frame>
  <frame idx="575" w="173" h="183" x="31.250000" y="-87.360001">
   <element name="water_dirty_ice" layername="water" frame="0" z_index="5" m_a="1.500000" m_b="0.000000" m_c="0.000000" m_d="0.500000" m_tx="0.000000" m_ty="0.000000"/>
  </frame>
  <frame idx="600" w="165" h="192" x="25.000000" y="-79.559998">
   <element name="water_dirty_ice" layername="water" frame="0" z_index="5" m_a="1.400000" m_b="0.000000" m_c="0.000000" m_d="0.600000" m_tx="0.000000" m_ty="0.000000"/>
  </frame>
  <frame idx="625" w="159" h="200" x="18.750000" y="-71.759995">
   <element name="water_dirty_ice" layername="water" frame="0" z_index="5" m_a="1.300000" m_b="0.000000" m_c="0.000000" m_d="0.700000" m_tx="0.000000" m_ty="0.000000"/>
  </frame>
  <frame idx="650" w="152" h="208" x="12.500000" y="-63.959995">
   <element name="water_dirty_ice" layername="water" frame="0" z_index="5" m_a="1.200000" m_b="0.000000" m_c="0.000000" m_d="0.800000" m_tx="0.000000" m_ty="0.000000"/>
  </frame>
  <frame idx="675" w="146" h="217" x="6.250000" y="-56.160004">
   <element name="water_dirty_ice" layername="water" frame="0" z_index="5" m_a="1.100000" m_b="0.000000" m_c="0.000000" m_d="0.900000" m_tx="0.000000" m_ty="0.000000"/>
  </frame>
  <frame idx="700" w="138" h="226" x="0.000000" y="-48.360001">
   <element name="water_dirty_ice" layername="water" frame="0" z_index="5" m_a="1.000000" m_b="0.000000" m_c="0.000000" m_d="1.000000" m_tx="0.000000" m_ty="0.000000"/>
  </frame>
  <frame idx="725" w="138" h="226" x="0.000000" y="-48.360001">
   <element name="water_dirty_ice" layername="water" frame="0" z_index="5" m_a="1.000000" m_b="0.000000" m_c="0.000000" m_d="1.000000" m_tx="0.000000" m_ty="0.000000"/>
  </frame>
  <frame idx="750" w="138" h="226" x="0.000000" y="-48.360001">
   <element name="water_dirty_ice" layername="water" frame="0" z_index="5" m_a="1.000000" m_b="0.000000" m_c="0.000000" m_d="1.000000" m_tx="0.000000" m_ty="0.000000"/>
  </frame>
  <frame idx="775" w="138" h="226" x="0.000000" y="-48.360001">
   <element name="water_dirty_ice" layername="water" frame="0" z_index="5" m_a="1.000000" m_b="0.000000" m_c="0.000000" m_d="1.000000" m_tx="0.000000" m_ty="0.000000"/>
  </frame>
  <frame idx="800" w="138" h="226" x="0.000000" y="-48.360001">
   <element name="water_dirty_ice" layername="water" frame="0" z_index="5" m_a="1.000000" m_b="0.000000" m_c="0.000000" m_d="1.000000" m_tx="0.000000" m_ty="0.000000"/>
  </frame>
  <frame idx="825" w="138" h="226" x="0.000000" y="-48.360001">
   <element name="water_dirty_ice" layername="water" frame="0" z_index="5" m_a="1.000000" m_b="0.000000" m_c="0.000000" m_d="1.000000" m_tx="0.000000" m_ty="0.000000"/>
  </frame>
  <frame idx="850" w="138" h="226" x="0.000000" y="-48.360001">
   <element name="water_dirty_ice" layername="water" frame="0" z_index="5" m_a="1.000000" m_b="0.000000" m_c="0.000000" m_d="1.000000" m_tx="0.000000" m_ty="0.000000"/>
  </frame>
  <frame idx="875" w="138" h="226" x="0.000000" y="-48.360001">
   <element name="water_dirty_ice" layername="water" frame="0" z_index="5" m_a="1.000000" m_b="0.000000" m_c="0.000000" m_d="1.000000" m_tx="0.000000" m_ty="0.000000"/>
  </frame>
  <frame idx="900" w="138" h="226" x="0.000000" y="-48.360001">
   <element name="water_dirty_ice" layername="water" frame="0" z_index="5" m_a="1.000000" m_b="0.000000" m_c="0.000000" m_d="1.000000" m_tx="0.000000" m_ty="0.000000"/>
  </frame>
  <frame idx="925" w="138" h="226" x="0.000000" y="-48.360001">
   <element name="water_dirty_ice" layername="water" frame="0" z_index="5" m_a="1.000000" m_b="0.000000" m_c="0.000000" m_d="1.000000" m_tx="0.000000" m_ty="0.000000"/>
  </frame>
  <frame idx="950" w="138" h="226" x="0.000000" y="-48.360001">
   <element name="water_dirty_ice" layername="water" frame="0" z_index="5" m_a="1.000000" m_b="0.000000" m_c="0.000000" m_d="1.000000" m_tx="0.000000" m_ty="0.000000"/>
  </frame>
  <frame idx="975" w="138" h="226" x="0.000000" y="-48.360001">
   <element name="water_dirty_ice" layername="water" frame="0" z_index="5" m_a="1.000000" m_b="0.000000" m_c="0.000000" m_d="1.000000" m_tx="0.000000" m_ty="0.000000"/>
  </frame>
 </anim>
 <anim name="turn_to_full" root="kettle_drink" numframes="1000" framerate="40">
  <frame idx="0" w="139" h="227" x="0.000000" y="-48.669998">
   <element name="water_clean_ice" layername="water" frame="0" z_index="5" m_a="1.000000" m_b="0.000000" m_c="0.000000" m_d="1.000000" m_tx="0.000000" m_ty="0.000000"/>
  </frame>
  <frame idx="25" w="140" h="229" x="0.525318" y="-49.228378">
   <element name="water_clean_ice" layername="water" frame="0" z_index="5" m_a="0.999961" m_b="-0.008815" m_c="0.008815" m_d="0.999961" m_tx="-0.164186" m_ty="0.000000"/>
  </frame>
  <frame idx="50" w="141" h="230" x="1.045689" y="-49.792801">
   <element name="water_clean_ice" layername="water" frame="0" z_index="5" m_a="0.999845" m_b="-0.017629" m_c="0.017629" m_d="0.999845" m_tx="-0.328373" m_ty="0.000000"/>
  </frame>
  <frame idx="75" w="142" h="233" x="1.561062" y="-50.363251">
   <element name="water_clean_ice" layername="water" frame="0" z_index="5" m_a="0.999650" m_b="-0.026441" m_c="0.026441" m_d="0.999650" m_tx="-0.492559" m_ty="0.000000"/>
  </frame>
  <frame idx="100" w="143" h="235" x="2.011204" y="-50.871086">
   <element name="water_clean_ice" layername="water" frame="0" z_index="5" m_a="0.999415" m_b="-0.034209" m_c="0.034209" m_d="0.999415" m_tx="-0.637303" m_ty="0.000000"/>
  </frame>
  <frame idx="125" w="141" h="230" x="1.004856" y="-49.748108">
   <element name="water_clean_ice" layername="water" frame="0" z_index="5" m_a="0.999857" m_b="-0.016934" m_c="0.016934" m_d="0.999857" m_tx="-0.315433" m_ty="0.000000"/>
  </frame>
  <frame idx="150" w="140" h="227" x="-0.020695" y="-48.648232">
   <element name="water_clean_ice" layername="water" frame="0" z_index="5" m_a="1.000000" m_b="0.000346" m_c="-0.000346" m_d="1.000000" m_tx="0.006437" m_ty="0.000000"/>
  </frame>
  <frame idx="175" w="143" h="228" x="-1.065048" y="-47.571808">
   <element name="water_clean_ice" layername="water" frame="0" z_index="5" m_a="0.999845" m_b="0.017625" m_c="-0.017625" m_d="0.999845" m_tx="0.328308" m_ty="0.000000"/>
  </frame>
  <frame idx="200" w="148" h="229" x="-2.127815" y="-46.519150">
   <element name="water_clean_ice" layername="water" frame="0" z_index="5" m_a="0.999391" m_b="0.034900" m_c="-0.034900" m_d="0.999391" m_tx="0.650178" m_ty="0.000000"/>
  </frame>
  <frame idx="225" w="143" h="228" x="-1.054497" y="-47.582474">
   <element name="water_clean_ice" layername="water" frame="0" z_index="5" m_a="0.999848" m_b="0.017452" m_c="-0.017452" m_d="0.999848" m_tx="0.325089" m_ty="0.000000"/>
  </frame>
  <frame idx="250" w="140" h="227" x="0.000015" y="-48.670006">
   <element name="water_clean_ice" layername="water" frame="0" z_index="5" m_a="1.000000" m_b="-0.000000" m_c="0.000000" m_d="1.000000" m_tx="0.000000" m_ty="0.000000"/>
  </frame>
  <frame idx="275" w="141" h="230" x="1.035339" y="-49.781464">
   <element name="water_clean_ice" layername="water" frame="0" z_index="5" m_a="0.999848" m_b="-0.017452" m_c="0.017452" m_d="0.999848" m_tx="-0.325089" m_ty="0.000000"/>
  </frame>
  <frame idx="300" w="143" h="235" x="2.051056" y="-50.916489">
   <element name="water_clean_ice" layername="water" frame="0" z_index="5" m_a="0.999391" m_b="-0.034899" m_c="0.034899" m_d="0.999391" m_tx="-0.650178" m_ty="0.000000"/>
  </frame>
  <frame idx="325" w="141" h="230" x="1.035332" y="-49.781456">
   <element name="water_clean_ice" layername="water" frame="0" z_index="5" m_a="0.999848" m_b="-0.017452" m_c="0.017452" m_d="0.999848" m_tx="-0.325089" m_ty="0.000000"/>
  </frame>
  <frame idx="350" w="139" h="227" x="0.000000" y="-48.669998">
   <element name="water_clean_ice" layername="water" frame="0" z_index="5" m_a="1.000000" m_b="0.000000" m_c="0.000000" m_d="1.000000" m_tx="0.000000" m_ty="0.000000"/>
  </frame>
  <frame idx="375" w="143" h="228" x="-1.054520" y="-47.582451">
   <element name="water_clean_ice" layername="water" frame="0" z_index="5" m_a="0.999848" m_b="0.017452" m_c="-0.017452" m_d="0.999848" m_tx="0.325089" m_ty="0.000000"/>
  </frame>
  <frame idx="400" w="148" h="229" x="-2.127815" y="-46.519150">
   <element name="water_clean_ice" layername="water" frame="0" z_index="5" m_a="0.999391" m_b="0.034900" m_c="-0.034900" m_d="0.999391" m_tx="0.650178" m_ty="0.000000"/>
  </frame>
  <frame idx="425" w="143" h="228" x="-1.054497" y="-47.582474">
   <element name="water_clean_ice" layername="water" frame="0" z_index="5" m_a="0.999848" m_b="0.017452" m_c="-0.017452" m_d="0.999848" m_tx="0.325089" m_ty="0.000000"/>
  </frame>
  <frame idx="450" w="139" h="227" x="0.000000" y="-48.669998">
   <element name="water_clean_ice" layername="water" frame="0" z_index="5" m_a="1.000000" m_b="0.000000" m_c="0.000000" m_d="1.000000" m_tx="0.000000" m_ty="0.000000"/>
  </frame>
  <frame idx="475" w="153" h="209" x="12.600006" y="-64.369995">
   <element name="water_clean_ice" layername="water" frame="0" z_index="5" m_a="1.200000" m_b="0.000000" m_c="0.000000" m_d="0.800000" m_tx="0.000000" m_ty="0.000000"/>
  </frame>
  <frame idx="500" w="168" h="193" x="25.199997" y="-80.069992">
   <element name="water_clean_ice" layername="water" frame="0" z_index="5" m_a="1.400000" m_b="0.000000" m_c="0.000000" m_d="0.600000" m_tx="0.000000" m_ty="0.000000"/>
  </frame>
  <frame idx="525" w="139" h="227" x="0.000000" y="-48.669998">
   <element name="water_clean_ice" layername="water" frame="0" z_index="5" m_a="1.000000" m_b="0.000000" m_c="0.000000" m_d="1.000000" m_tx="0.000000" m_ty="0.000000"/>
  </frame>
  <frame idx="550" w="110" h="263" x="-25.000000" y="-17.379997">
   <element name="water_clean" layername="water" frame="0" z_index="5" m_a="0.600000" m_b="0.000000" m_c="0.000000" m_d="1.400000" m_tx="0.000000" m_ty="0.000000"/>
  </frame>
  <frame idx="575" w="116" h="258" x="-20.833332" y="-22.646667">
   <element name="water_clean" layername="water" frame="0" z_index="5" m_a="0.666667" m_b="0.000000" m_c="0.000000" m_d="1.333333" m_tx="0.000000" m_ty="0.000000"/>
  </frame>
  <frame idx="600" w="120" h="252" x="-16.666664" y="-27.913330">
   <element name="water_clean" layername="water" frame="0" z_index="5" m_a="0.733333" m_b="0.000000" m_c="0.000000" m_d="1.266667" m_tx="0.000000" m_ty="0.000000"/>
  </frame>
  <frame idx="625" w="125" h="246" x="-12.500000" y="-33.179993">
   <element name="water_clean" layername="water" frame="0" z_index="5" m_a="0.800000" m_b="0.000000" m_c="0.000000" m_d="1.200000" m_tx="0.000000" m_ty="0.000000"/>
  </frame>
  <frame idx="650" w="129" h="240" x="-8.333332" y="-38.446663">
   <element name="water_clean" layername="water" frame="0" z_index="5" m_a="0.866667" m_b="0.000000" m_c="0.000000" m_d="1.133333" m_tx="0.000000" m_ty="0.000000"/>
  </frame>
  <frame idx="675" w="134" h="235" x="-4.166668" y="-43.713333">
   <element name="water_clean" layername="water" frame="0" z_index="5" m_a="0.933333" m_b="0.000000" m_c="0.000000" m_d="1.066667" m_tx="0.000000" m_ty="0.000000"/>
  </frame>
  <frame idx="700" w="138" h="228" x="0.000000" y="-48.979996">
   <element name="water_clean" layername="water" frame="0" z_index="5" m_a="1.000000" m_b="0.000000" m_c="0.000000" m_d="1.000000" m_tx="0.000000" m_ty="0.000000"/>
  </frame>
  <frame idx="725" w="138" h="228" x="0.000000" y="-48.979996">
   <element name="water_clean" layername="water" frame="0" z_index="5" m_a="1.000000" m_b="0.000000" m_c="0.000000" m_d="1.000000" m_tx="0.000000" m_ty="0.000000"/>
  </frame>
  <frame idx="750" w="138" h="228" x="0.000000" y="-48.979996">
   <element name="water_clean" layername="water" frame="0" z_index="5" m_a="1.000000" m_b="0.000000" m_c="0.000000" m_d="1.000000" m_tx="0.000000" m_ty="0.000000"/>
  </frame>
  <frame idx="775" w="138" h="228" x="0.000000" y="-48.979996">
   <element name="water_clean" layername="water" frame="0" z_index="5" m_a="1.000000" m_b="0.000000" m_c="0.000000" m_d="1.000000" m_tx="0.000000" m_ty="0.000000"/>
  </frame>
  <frame idx="800" w="138" h="228" x="0.000000" y="-48.979996">
   <element name="water_clean" layername="water" frame="0" z_index="5" m_a="1.000000" m_b="0.000000" m_c="0.000000" m_d="1.000000" m_tx="0.000000" m_ty="0.000000"/>
  </frame>
  <frame idx="825" w="138" h="228" x="0.000000" y="-48.979996">
   <element name="water_clean" layername="water" frame="0" z_index="5" m_a="1.000000" m_b="0.000000" m_c="0.000000" m_d="1.000000" m_tx="0.000000" m_ty="0.000000"/>
  </frame>
  <frame idx="850" w="138" h="228" x="0.000000" y="-48.979996">
   <element name="water_clean" layername="water" frame="0" z_index="5" m_a="1.000000" m_b="0.000000" m_c="0.000000" m_d="1.000000" m_tx="0.000000" m_ty="0.000000"/>
  </frame>
  <frame idx="875" w="138" h="228" x="0.000000" y="-48.979996">
   <element name="water_clean" layername="water" frame="0" z_index="5" m_a="1.000000" m_b="0.000000" m_c="0.000000" m_d="1.000000" m_tx="0.000000" m_ty="0.000000"/>
  </frame>
  <frame idx="900" w="138" h="228" x="0.000000" y="-48.979996">
   <element name="water_clean" layername="water" frame="0" z_index="5" m_a="1.000000" m_b="0.000000" m_c="0.000000" m_d="1.000000" m_tx="0.000000" m_ty="0.000000"/>
  </frame>
  <frame idx="925" w="138" h="228" x="0.000000" y="-48.979996">
   <element name="water_clean" layername="water" frame="0" z_index="5" m_a="1.000000" m_b="0.000000" m_c="0.000000" m_d="1.000000" m_tx="0.000000" m_ty="0.000000"/>
  </frame>
  <frame idx="950" w="138" h="228" x="0.000000" y="-48.979996">
   <element name="water_clean" layername="water" frame="0" z_index="5" m_a="1.000000" m_b="0.000000" m_c="0.000000" m_d="1.000000" m_tx="0.000000" m_ty="0.000000"/>
  </frame>
  <frame idx="975" w="138" h="228" x="0.000000" y="-48.979996">
   <element name="water_clean" layername="water" frame="0" z_index="5" m_a="1.000000" m_b="0.000000" m_c="0.000000" m_d="1.000000" m_tx="0.000000" m_ty="0.000000"/>
  </frame>
 </anim>
 <anim name="turn_to_full_dirty" root="kettle_drink" numframes="1000" framerate="40">
  <frame idx="0" w="138" h="226" x="0.000000" y="-48.360001">
   <element name="water_dirty_ice" layername="water" frame="0" z_index="5" m_a="1.000000" m_b="0.000000" m_c="0.000000" m_d="1.000000" m_tx="0.000000" m_ty="0.000000"/>
  </frame>
  <frame idx="25" w="139" h="228" x="0.520401" y="-48.913948">
   <element name="water_dirty_ice" layername="water" frame="0" z_index="5" m_a="0.999961" m_b="-0.008815" m_c="0.008815" m_d="0.999961" m_tx="-0.164715" m_ty="0.000000"/>
  </frame>
  <frame idx="50" w="140" h="229" x="1.035896" y="-49.473915">
   <element name="water_dirty_ice" layername="water" frame="0" z_index="5" m_a="0.999845" m_b="-0.017629" m_c="0.017629" m_d="0.999845" m_tx="-0.329430" m_ty="0.000000"/>
  </frame>
  <frame idx="75" w="141" h="231" x="1.546421" y="-50.039856">
   <element name="water_dirty_ice" layername="water" frame="0" z_index="5" m_a="0.999650" m_b="-0.026441" m_c="0.026441" m_d="0.999650" m_tx="-0.494145" m_ty="0.000000"/>
  </frame>
  <frame idx="100" w="142" h="233" x="1.992729" y="-50.544136">
   <element name="water_dirty_ice" layername="water" frame="0" z_index="5" m_a="0.999415" m_b="-0.034215" m_c="0.034215" m_d="0.999415" m_tx="-0.639482" m_ty="0.000000"/>
  </frame>
  <frame idx="125" w="140" h="229" x="1.005711" y="-49.440811">
   <element name="water_dirty_ice" layername="water" frame="0" z_index="5" m_a="0.999854" m_b="-0.017110" m_c="0.017110" m_d="0.999854" m_tx="-0.319741" m_ty="0.000000"/>
  </frame>
  <frame idx="150" w="138" h="226" x="0.000000" y="-48.360001">
   <element name="water_dirty_ice" layername="water" frame="0" z_index="5" m_a="1.000000" m_b="0.000000" m_c="0.000000" m_d="1.000000" m_tx="0.000000" m_ty="0.000000"/>
  </frame>
  <frame idx="175" w="142" h="227" x="-1.024006" y="-47.302032">
   <element name="water_dirty_ice" layername="water" frame="0" z_index="5" m_a="0.999854" m_b="0.017110" m_c="-0.017110" m_d="0.999854" m_tx="0.319741" m_ty="0.000000"/>
  </frame>
  <frame idx="200" w="147" h="228" x="-2.065918" y="-46.267204">
   <element name="water_dirty_ice" layername="water" frame="0" z_index="5" m_a="0.999415" m_b="0.034215" m_c="-0.034215" m_d="0.999415" m_tx="0.639482" m_ty="0.000000"/>
  </frame>
  <frame idx="225" w="142" h="227" x="-1.076630" y="-47.248779">
   <element name="water_dirty_ice" layername="water" frame="0" z_index="5" m_a="0.999838" m_b="0.017981" m_c="-0.017981" m_d="0.999838" m_tx="0.336019" m_ty="0.000000"/>
  </frame>
  <frame idx="250" w="139" h="226" x="-0.020927" y="-48.337967">
   <element name="water_dirty_ice" layername="water" frame="0" z_index="5" m_a="1.000000" m_b="0.000353" m_c="-0.000353" m_d="1.000000" m_tx="0.006589" m_ty="0.000000"/>
  </frame>
  <frame idx="275" w="140" h="229" x="1.015400" y="-49.451431">
   <element name="water_dirty_ice" layername="water" frame="0" z_index="5" m_a="0.999851" m_b="-0.017277" m_c="0.017277" m_d="0.999851" m_tx="-0.322842" m_ty="0.000000"/>
  </frame>
  <frame idx="300" w="142" h="233" x="2.031818" y="-50.588737">
   <element name="water_dirty_ice" layername="water" frame="0" z_index="5" m_a="0.999391" m_b="-0.034899" m_c="0.034899" m_d="0.999391" m_tx="-0.652272" m_ty="0.000000"/>
  </frame>
  <frame idx="325" w="140" h="229" x="1.025631" y="-49.462654">
   <element name="water_dirty_ice" layername="water" frame="0" z_index="5" m_a="0.999848" m_b="-0.017452" m_c="0.017452" m_d="0.999848" m_tx="-0.326136" m_ty="0.000000"/>
  </frame>
  <frame idx="350" w="138" h="226" x="0.000000" y="-48.360001">
   <element name="water_dirty_ice" layername="water" frame="0" z_index="5" m_a="1.000000" m_b="0.000000" m_c="0.000000" m_d="1.000000" m_tx="0.000000" m_ty="0.000000"/>
  </frame>
  <frame idx="375" w="142" h="227" x="-1.044670" y="-47.281105">
   <element name="water_dirty_ice" layername="water" frame="0" z_index="5" m_a="0.999848" m_b="0.017452" m_c="-0.017452" m_d="0.999848" m_tx="0.326136" m_ty="0.000000"/>
  </frame>
  <frame idx="400" w="147" h="228" x="-2.107971" y="-46.226288">
   <element name="water_dirty_ice" layername="water" frame="0" z_index="5" m_a="0.999391" m_b="0.034900" m_c="-0.034900" m_d="0.999391" m_tx="0.652272" m_ty="0.000000"/>
  </frame>
  <frame idx="425" w="142" h="227" x="-1.065369" y="-47.260170">
   <element name="water_dirty_ice" layername="water" frame="0" z_index="5" m_a="0.999842" m_b="0.017795" m_c="-0.017795" m_d="0.999842" m_tx="0.332531" m_ty="0.000000"/>
  </frame>
  <frame idx="450" w="139" h="226" x="-0.040581" y="-48.317261">
   <element name="water_dirty_ice" layername="water" frame="0" z_index="5" m_a="1.000000" m_b="0.000684" m_c="-0.000684" m_d="1.000000" m_tx="0.012790" m_ty="0.000000"/>
  </frame>
  <frame idx="475" w="152" h="209" x="12.244896" y="-63.641628">
   <element name="water_dirty_ice" layername="water" frame="0" z_index="5" m_a="1.195918" m_b="0.000000" m_c="0.000000" m_d="0.804082" m_tx="0.000000" m_ty="0.000000"/>
  </frame>
  <frame idx="500" w="165" h="192" x="25.000000" y="-79.559998">
   <element name="water_dirty_ice" layername="water" frame="0" z_index="5" m_a="1.400000" m_b="0.000000" m_c="0.000000" m_d="0.600000" m_tx="0.000000" m_ty="0.000000"/>
  </frame>
  <frame idx="525" w="138" h="226" x="0.000000" y="-48.360001">
   <element name="water_dirty_ice" layername="water" frame="0" z_index="5" m_a="1.000000" m_b="0.000000" m_c="0.000000" m_d="1.000000" m_tx="0.000000" m_ty="0.000000"/>
  </frame>
  <frame idx="550" w="112" h="263" x="-25.199997" y="-17.379997">
   <element name="water_dirty" layername="water" frame="0" z_index="5" m_a="0.600000" m_b="0.000000" m_c="0.000000" m_d="1.400000" m_tx="0.000000" m_ty="0.000000"/>
  </frame>
  <frame idx="575" w="116" h="258" x="-21.000000" y="-22.646667">
   <element name="water_dirty" layername="water" frame="0" z_index="5" m_a="0.666667" m_b="0.000000" m_c="0.000000" m_d="1.333333" m_tx="0.000000" m_ty="0.000000"/>
  </frame>
  <frame idx="600" w="121" h="252" x="-16.799999" y="-27.913330">
   <element name="water_dirty" layername="water" frame="0" z_index="5" m_a="0.733333" m_b="0.000000" m_c="0.000000" m_d="1.266667" m_tx="0.000000" m_ty="0.000000"/>
  </frame>
  <frame idx="625" w="126" h="246" x="-12.599998" y="-33.179993">
   <element name="water_dirty" layername="water" frame="0" z_index="5" m_a="0.800000" m_b="0.000000" m_c="0.000000" m_d="1.200000" m_tx="0.000000" m_ty="0.000000"/>
  </frame>
  <frame idx="650" w="130" h="240" x="-8.399998" y="-38.446663">
   <element name="water_dirty" layername="water" frame="0" z_index="5" m_a="0.866667" m_b="0.000000" m_c="0.000000" m_d="1.133333" m_tx="0.000000" m_ty="0.000000"/>
  </frame>
  <frame idx="675" w="135" h="235" x="-4.200001" y="-43.713333">
   <element name="water_dirty" layername="water" frame="0" z_index="5" m_a="0.933333" m_b="0.000000" m_c="0.000000" m_d="1.066667" m_tx="0.000000" m_ty="0.000000"/>
  </frame>
  <frame idx="700" w="139" h="228" x="0.000000" y="-48.979996">
   <element name="water_dirty" layername="water" frame="0" z_index="5" m_a="1.000000" m_b="0.000000" m_c="0.000000" m_d="1.000000" m_tx="0.000000" m_ty="0.000000"/>
  </frame>
  <frame idx="725" w="139" h="228" x="0.000000" y="-48.979996">
   <element name="water_dirty" layername="water" frame="0" z_index="5" m_a="1.000000" m_b="0.000000" m_c="0.000000" m_d="1.000000" m_tx="0.000000" m_ty="0.000000"/>
  </frame>
  <frame idx="750" w="139" h="228" x="0.000000" y="-48.979996">
   <element name="water_dirty" layername="water" frame="0" z_index="5" m_a="1.000000" m_b="0.000000" m_c="0.000000" m_d="1.000000" m_tx="0.000000" m_ty="0.000000"/>
  </frame>
  <frame idx="775" w="139" h="228" x="0.000000" y="-48.979996">
   <element name="water_dirty" layername="water" frame="0" z_index="5" m_a="1.000000" m_b="0.000000" m_c="0.000000" m_d="1.000000" m_tx="0.000000" m_ty="0.000000"/>
  </frame>
  <frame idx="800" w="139" h="228" x="0.000000" y="-48.979996">
   <element name="water_dirty" layername="water" frame="0" z_index="5" m_a="1.000000" m_b="0.000000" m_c="0.000000" m_d="1.000000" m_tx="0.000000" m_ty="0.000000"/>
  </frame>
  <frame idx="825" w="139" h="228" x="0.000000" y="-48.979996">
   <element name="water_dirty" layername="water" frame="0" z_index="5" m_a="1.000000" m_b="0.000000" m_c="0.000000" m_d="1.000000" m_tx="0.000000" m_ty="0.000000"/>
  </frame>
  <frame idx="850" w="139" h="228" x="0.000000" y="-48.979996">
   <element name="water_dirty" layername="water" frame="0" z_index="5" m_a="1.000000" m_b="0.000000" m_c="0.000000" m_d="1.000000" m_tx="0.000000" m_ty="0.000000"/>
  </frame>
  <frame idx="875" w="139" h="228" x="0.000000" y="-48.979996">
   <element name="water_dirty" layername="water" frame="0" z_index="5" m_a="1.000000" m_b="0.000000" m_c="0.000000" m_d="1.000000" m_tx="0.000000" m_ty="0.000000"/>
  </frame>
  <frame idx="900" w="139" h="228" x="0.000000" y="-48.979996">
   <element name="water_dirty" layername="water" frame="0" z_index="5" m_a="1.000000" m_b="0.000000" m_c="0.000000" m_d="1.000000" m_tx="0.000000" m_ty="0.000000"/>
  </frame>
  <frame idx="925" w="139" h="228" x="0.000000" y="-48.979996">
   <element name="water_dirty" layername="water" frame="0" z_index="5" m_a="1.000000" m_b="0.000000" m_c="0.000000" m_d="1.000000" m_tx="0.000000" m_ty="0.000000"/>
  </frame>
  <frame idx="950" w="139" h="228" x="0.000000" y="-48.979996">
   <element name="water_dirty" layername="water" frame="0" z_index="5" m_a="1.000000" m_b="0.000000" m_c="0.000000" m_d="1.000000" m_tx="0.000000" m_ty="0.000000"/>
  </frame>
  <frame idx="975" w="139" h="228" x="0.000000" y="-48.979996">
   <element name="water_dirty" layername="water" frame="0" z_index="5" m_a="1.000000" m_b="0.000000" m_c="0.000000" m_d="1.000000" m_tx="0.000000" m_ty="0.000000"/>
  </frame>
 </anim>
</Anims>
