<Anims>
 <anim name="idle" root="cup_empty" numframes="25" framerate="40">
  <frame idx="0" w="69" h="91" x="2.000000" y="-18.000000">
   <element name="cup_empty" layername="cup_empty" frame="0" z_index="39" m_a="1.000000" m_b="0.000000" m_c="0.000000" m_d="1.000000" m_tx="0.000000" m_ty="0.000000"/>
  </frame>
 </anim>
 <anim name="idle" root="cup_drity" numframes="25" framerate="40">
  <frame idx="0" w="69" h="91" x="2.000000" y="-18.000000">
   <element name="cup_drity" layername="cup_drity" frame="0" z_index="39" m_a="1.000000" m_b="0.000000" m_c="0.000000" m_d="1.000000" m_tx="0.000000" m_ty="0.000000"/>
  </frame>
 </anim>
 <anim name="idle" root="cup_salt" numframes="25" framerate="40">
  <frame idx="0" w="69" h="91" x="2.000000" y="-18.000000">
   <element name="cup_salt" layername="cup_salt" frame="0" z_index="39" m_a="1.000000" m_b="0.000000" m_c="0.000000" m_d="1.000000" m_tx="0.000000" m_ty="0.000000"/>
  </frame>
 </anim>
 <anim name="idle" root="cup_water" numframes="25" framerate="40">
  <frame idx="0" w="69" h="91" x="2.000000" y="-18.000000">
   <element name="cup_water" layername="cup_water" frame="0" z_index="39" m_a="1.000000" m_b="0.000000" m_c="0.000000" m_d="1.000000" m_tx="0.000000" m_ty="0.000000"/>
  </frame>
 </anim>
 <anim name="idle" root="cup_garbage" numframes="25" framerate="40">
  <frame idx="0" w="69" h="91" x="2.000000" y="-18.000000">
   <element name="cup_garbage" layername="cup_garbage" frame="0" z_index="39" m_a="1.000000" m_b="0.000000" m_c="0.000000" m_d="1.000000" m_tx="0.000000" m_ty="0.000000"/>
  </frame>
 </anim>
 <anim name="idle" root="cup_strang" numframes="25" framerate="40">
  <frame idx="0" w="69" h="91" x="2.000000" y="-18.000000">
   <element name="cup_strang" layername="cup_strang" frame="0" z_index="39" m_a="1.000000" m_b="0.000000" m_c="0.000000" m_d="1.000000" m_tx="0.000000" m_ty="0.000000"/>
  </frame>
 </anim>
 <anim name="idle" root="cup_banana" numframes="25" framerate="40">
  <frame idx="0" w="71" h="98" x="0.000000" y="-25.000000">
   <element name="cup_banana" layername="cup_banana" frame="0" z_index="39" m_a="1.000000" m_b="0.000000" m_c="0.000000" m_d="1.000000" m_tx="0.000000" m_ty="0.000000"/>
  </frame>
 </anim>
 <anim name="idle" root="cup_berries" numframes="25" framerate="40">
  <frame idx="0" w="71" h="98" x="0.000000" y="-25.000000">
   <element name="cup_berries" layername="cup_berries" frame="0" z_index="39" m_a="1.000000" m_b="0.000000" m_c="0.000000" m_d="1.000000" m_tx="0.000000" m_ty="0.000000"/>
  </frame>
 </anim>
 <anim name="idle" root="cup_coffee" numframes="25" framerate="40">
  <frame idx="0" w="69" h="91" x="2.000000" y="-18.000000">
   <element name="cup_coffee" layername="cup_coffee" frame="0" z_index="39" m_a="1.000000" m_b="0.000000" m_c="0.000000" m_d="1.000000" m_tx="0.000000" m_ty="0.000000"/>
  </frame>
 </anim>
 <anim name="idle" root="cup_dragonfruit" numframes="25" framerate="40">
  <frame idx="0" w="71" h="98" x="0.000000" y="-25.000000">
   <element name="cup_dragonfruit" layername="cup_dragonfruit" frame="0" z_index="39" m_a="1.000000" m_b="0.000000" m_c="0.000000" m_d="1.000000" m_tx="0.000000" m_ty="0.000000"/>
  </frame>
 </anim>
 <anim name="idle" root="cup_fruit" numframes="25" framerate="40">
  <frame idx="0" w="71" h="98" x="0.000000" y="-25.000000">
   <element name="cup_fig" layername="cup_fig" frame="0" z_index="39" m_a="1.000000" m_b="0.000000" m_c="0.000000" m_d="1.000000" m_tx="0.000000" m_ty="0.000000"/>
  </frame>
 </anim>
 <anim name="idle" root="cup_growberry" numframes="25" framerate="40">
  <frame idx="0" w="71" h="98" x="0.000000" y="-25.000000">
   <element name="cup_growberry" layername="cup_growberry" frame="0" z_index="39" m_a="1.000000" m_b="0.000000" m_c="0.000000" m_d="1.000000" m_tx="0.000000" m_ty="0.000000"/>
  </frame>
 </anim>
 <anim name="idle" root="cup_fig" numframes="25" framerate="40">
  <frame idx="0" w="71" h="94" x="0.000000" y="-21.000000">
   <element name="cup_fruit" layername="cup_fruit" frame="0" z_index="39" m_a="1.000000" m_b="0.000000" m_c="0.000000" m_d="1.000000" m_tx="0.000000" m_ty="0.000000"/>
  </frame>
 </anim>
 <anim name="idle" root="cup_pomegranate" numframes="25" framerate="40">
  <frame idx="0" w="71" h="98" x="0.000000" y="-25.000000">
   <element name="cup_pomegranate" layername="cup_pomegranate" frame="0" z_index="39" m_a="1.000000" m_b="0.000000" m_c="0.000000" m_d="1.000000" m_tx="0.000000" m_ty="0.000000"/>
  </frame>
 </anim>
 <anim name="idle" root="cup_cactus" numframes="25" framerate="40">
  <frame idx="0" w="70" h="98" x="1.000000" y="-25.000000">
   <element name="cup_cactus" layername="cup_cactus" frame="0" z_index="39" m_a="1.000000" m_b="0.000000" m_c="0.000000" m_d="1.000000" m_tx="0.000000" m_ty="0.000000"/>
  </frame>
 </anim>
 <anim name="idle" root="cup_carrot" numframes="25" framerate="40">
  <frame idx="0" w="70" h="98" x="1.000000" y="-25.000000">
   <element name="cup_carrot" layername="cup_carrot" frame="0" z_index="39" m_a="1.000000" m_b="0.000000" m_c="0.000000" m_d="1.000000" m_tx="0.000000" m_ty="0.000000"/>
  </frame>
 </anim>
 <anim name="idle" root="cup_mulled" numframes="25" framerate="40">
  <frame idx="0" w="69" h="91" x="2.000000" y="-18.000000">
   <element name="cup_mulled" layername="cup_mulled" frame="0" z_index="39" m_a="1.000000" m_b="0.000000" m_c="0.000000" m_d="1.000000" m_tx="0.000000" m_ty="0.000000"/>
  </frame>
 </anim>
 <anim name="idle" root="cup_vagge" numframes="25" framerate="40">
  <frame idx="0" w="71" h="94" x="0.000000" y="-21.000000">
   <element name="cup_vagge" layername="cup_vagge" frame="0" z_index="39" m_a="1.000000" m_b="0.000000" m_c="0.000000" m_d="1.000000" m_tx="0.000000" m_ty="0.000000"/>
  </frame>
 </anim>
 <anim name="idle" root="cup_cactusflower" numframes="25" framerate="40">
  <frame idx="0" w="70" h="87" x="1.000000" y="-15.000000">
   <element name="cup_cactusflower" layername="cup_cactusflower" frame="0" z_index="39" m_a="1.000000" m_b="0.000000" m_c="0.000000" m_d="1.000000" m_tx="0.000000" m_ty="0.000000"/>
  </frame>
 </anim>
 <anim name="idle" root="cup_hibiscus" numframes="25" framerate="40">
  <frame idx="0" w="70" h="87" x="1.000000" y="-15.000000">
   <element name="cup_hibiscus" layername="cup_hibiscus" frame="0" z_index="39" m_a="1.000000" m_b="0.000000" m_c="0.000000" m_d="1.000000" m_tx="0.000000" m_ty="0.000000"/>
  </frame>
 </anim>
 <anim name="idle" root="cup_sushibiscus" numframes="25" framerate="40">
  <frame idx="0" w="70" h="87" x="1.000000" y="-15.000000">
   <element name="cup_sushibiscus" layername="cup_sushibiscus" frame="0" z_index="39" m_a="1.000000" m_b="0.000000" m_c="0.000000" m_d="1.000000" m_tx="0.000000" m_ty="0.000000"/>
  </frame>
 </anim>
 <anim name="idle" root="cup_lotusflower" numframes="25" framerate="40">
  <frame idx="0" w="70" h="87" x="1.000000" y="-15.000000">
   <element name="cup_lotusflower" layername="cup_lotusflower" frame="0" z_index="39" m_a="1.000000" m_b="0.000000" m_c="0.000000" m_d="1.000000" m_tx="0.000000" m_ty="0.000000"/>
  </frame>
 </anim>
 <anim name="idle" root="cup_mixflower" numframes="25" framerate="40">
  <frame idx="0" w="71" h="94" x="0.000000" y="-21.000000">
   <element name="cup_mixflower" layername="cup_mixflower" frame="0" z_index="39" m_a="1.000000" m_b="0.000000" m_c="0.000000" m_d="1.000000" m_tx="0.000000" m_ty="0.000000"/>
  </frame>
 </anim>
 <anim name="idle" root="cup_blacktea" numframes="25" framerate="40">
  <frame idx="0" w="72" h="86" x="-1.000000" y="-14.000000">
   <element name="cup_blacktea" layername="cup_blacktea" frame="0" z_index="39" m_a="1.000000" m_b="0.000000" m_c="0.000000" m_d="1.000000" m_tx="0.000000" m_ty="0.000000"/>
  </frame>
 </anim>
 <anim name="idle" root="cup_blacktea_iced" numframes="25" framerate="40">
  <frame idx="0" w="72" h="99" x="-1.000000" y="-26.000000">
   <element name="cup_blacktea_iced" layername="cup_blacktea_iced" frame="0" z_index="39" m_a="1.000000" m_b="0.000000" m_c="0.000000" m_d="1.000000" m_tx="0.000000" m_ty="0.000000"/>
  </frame>
 </anim>
 <anim name="idle" root="cup_greentea" numframes="25" framerate="40">
  <frame idx="0" w="77" h="92" x="-6.000000" y="-19.000000">
   <element name="cup_greentea" layername="cup_greentea" frame="0" z_index="39" m_a="1.000000" m_b="0.000000" m_c="0.000000" m_d="1.000000" m_tx="0.000000" m_ty="0.000000"/>
  </frame>
 </anim>
 <anim name="idle" root="cup_fuer" numframes="25" framerate="40">
  <frame idx="0" w="72" h="95" x="-1.000000" y="-22.000000">
   <element name="cup_fuer" layername="cup_fuer" frame="0" z_index="39" m_a="1.000000" m_b="0.000000" m_c="0.000000" m_d="1.000000" m_tx="0.000000" m_ty="0.000000"/>
  </frame>
 </anim>
 <anim name="idle" root="cup_cola" numframes="25" framerate="40">
  <frame idx="0" w="72" h="99" x="-1.000000" y="-26.000000">
   <element name="cup_cola" layername="cup_cola" frame="0" z_index="39" m_a="1.000000" m_b="0.000000" m_c="0.000000" m_d="1.000000" m_tx="0.000000" m_ty="0.000000"/>
  </frame>
 </anim>
 <anim name="idle" root="cup_colaquantum" numframes="25" framerate="40">
  <frame idx="0" w="72" h="99" x="-1.000000" y="-26.000000">
   <element name="cup_colaquantum" layername="cup_colaquantum" frame="0" z_index="39" m_a="1.000000" m_b="0.000000" m_c="0.000000" m_d="1.000000" m_tx="0.000000" m_ty="0.000000"/>
  </frame>
 </anim>
 <anim name="idle" root="cup_llsoda" numframes="25" framerate="40">
  <frame idx="0" w="72" h="99" x="-1.000000" y="-26.000000">
   <element name="cup_llsoda" layername="cup_llsoda" frame="0" z_index="39" m_a="1.000000" m_b="0.000000" m_c="0.000000" m_d="1.000000" m_tx="0.000000" m_ty="0.000000"/>
  </frame>
 </anim>
 <anim name="idle" root="cup_fruitsoda" numframes="25" framerate="40">
  <frame idx="0" w="72" h="99" x="-1.000000" y="-26.000000">
   <element name="cup_fruitsoda" layername="cup-fruitsoda" frame="0" z_index="39" m_a="1.000000" m_b="0.000000" m_c="0.000000" m_d="1.000000" m_tx="0.000000" m_ty="0.000000"/>
  </frame>
 </anim>
 <anim name="idle" root="cup_soda" numframes="25" framerate="40">
  <frame idx="0" w="72" h="99" x="-1.000000" y="-26.000000">
   <element name="cup_soda" layername="cup_soda" frame="0" z_index="39" m_a="1.000000" m_b="0.000000" m_c="0.000000" m_d="1.000000" m_tx="0.000000" m_ty="0.000000"/>
  </frame>
 </anim>
 <anim name="idle" root="cup_beer" numframes="25" framerate="40">
  <frame idx="0" w="69" h="91" x="2.000000" y="-18.000000">
   <element name="cup_beer" layername="cup_beer" frame="0" z_index="39" m_a="1.000000" m_b="0.000000" m_c="0.000000" m_d="1.000000" m_tx="0.000000" m_ty="0.000000"/>
  </frame>
 </anim>
 <anim name="idle" root="cup_fruitwine" numframes="25" framerate="40">
  <frame idx="0" w="72" h="99" x="-1.000000" y="-26.000000">
   <element name="cup_fruitwine" layername="cup_fruitwine" frame="0" z_index="39" m_a="1.000000" m_b="0.000000" m_c="0.000000" m_d="1.000000" m_tx="0.000000" m_ty="0.000000"/>
  </frame>
 </anim>
 <anim name="idle" root="cup_lightwine" numframes="25" framerate="40">
  <frame idx="0" w="72" h="99" x="-1.000000" y="-26.000000">
   <element name="cup_lightwine" layername="cup_lightwine" frame="0" z_index="39" m_a="1.000000" m_b="0.000000" m_c="0.000000" m_d="1.000000" m_tx="0.000000" m_ty="0.000000"/>
  </frame>
 </anim>
 <anim name="idle" root="cup_wine" numframes="25" framerate="40">
  <frame idx="0" w="72" h="99" x="-1.000000" y="-26.000000">
   <element name="cup_wine" layername="cup_wine" frame="0" z_index="39" m_a="1.000000" m_b="0.000000" m_c="0.000000" m_d="1.000000" m_tx="0.000000" m_ty="0.000000"/>
  </frame>
 </anim>
 <anim name="idle" root="cup_ginsengwine" numframes="25" framerate="40">
  <frame idx="0" w="71" h="96" x="0.000000" y="-23.000000">
   <element name="cup_ginsengwine" layername="cup_ginsengwine" frame="0" z_index="39" m_a="1.000000" m_b="0.000000" m_c="0.000000" m_d="1.000000" m_tx="0.000000" m_ty="0.000000"/>
  </frame>
 </anim>
 <anim name="idle" root="cup_mead" numframes="25" framerate="40">
  <frame idx="0" w="71" h="96" x="0.000000" y="-23.000000">
   <element name="cup_mead" layername="cup_mead" frame="0" z_index="39" m_a="1.000000" m_b="0.000000" m_c="0.000000" m_d="1.000000" m_tx="0.000000" m_ty="0.000000"/>
  </frame>
 </anim>
 <anim name="idle" root="cup_pulqu" numframes="25" framerate="40">
  <frame idx="0" w="71" h="96" x="0.000000" y="-23.000000">
   <element name="cup_pulqu" layername="cup_pulqu" frame="0" z_index="39" m_a="1.000000" m_b="0.000000" m_c="0.000000" m_d="1.000000" m_tx="0.000000" m_ty="0.000000"/>
  </frame>
 </anim>
</Anims>
