<Anims>
 <anim name="idle" root="cups" numframes="100" framerate="40">
  <frame idx="0" w="155" h="201" x="-5.999977" y="-48.000034">
   <element name="cups" layername="cups" frame="0" z_index="9" m_a="2.003300" m_b="0.000000" m_c="0.000000" m_d="2.003300" m_tx="7.000023" m_ty="-31.000034"/>
  </frame>
  <frame idx="25" w="155" h="201" x="-5.999977" y="-48.000034">
   <element name="cups" layername="cups" frame="0" z_index="9" m_a="2.003300" m_b="0.000000" m_c="0.000000" m_d="2.003300" m_tx="7.000023" m_ty="-31.000034"/>
  </frame>
  <frame idx="50" w="155" h="201" x="-5.999977" y="-48.000034">
   <element name="cups" layername="cups" frame="0" z_index="9" m_a="2.003300" m_b="0.000000" m_c="0.000000" m_d="2.003300" m_tx="7.000023" m_ty="-31.000034"/>
  </frame>
  <frame idx="75" w="155" h="201" x="-5.999977" y="-48.000034">
   <element name="cups" layername="cups" frame="0" z_index="9" m_a="2.003300" m_b="0.000000" m_c="0.000000" m_d="2.003300" m_tx="7.000023" m_ty="-31.000034"/>
  </frame>
 </anim>
 <anim name="coffe" root="cups" numframes="100" framerate="40">
  <frame idx="0" w="155" h="197" x="-15.000033" y="-53.500011">
   <element name="cups" layername="cups" frame="3" z_index="9" m_a="2.003300" m_b="0.000000" m_c="0.000000" m_d="2.003300" m_tx="-2.000033" m_ty="-37.000011"/>
  </frame>
  <frame idx="25" w="155" h="197" x="-15.000033" y="-53.500011">
   <element name="cups" layername="cups" frame="3" z_index="9" m_a="2.003300" m_b="0.000000" m_c="0.000000" m_d="2.003300" m_tx="-2.000033" m_ty="-37.000011"/>
  </frame>
  <frame idx="50" w="155" h="197" x="-15.000033" y="-53.500011">
   <element name="cups" layername="cups" frame="3" z_index="9" m_a="2.003300" m_b="0.000000" m_c="0.000000" m_d="2.003300" m_tx="-2.000033" m_ty="-37.000011"/>
  </frame>
  <frame idx="75" w="155" h="197" x="-15.000033" y="-53.500011">
   <element name="cups" layername="cups" frame="3" z_index="9" m_a="2.003300" m_b="0.000000" m_c="0.000000" m_d="2.003300" m_tx="-2.000033" m_ty="-37.000011"/>
  </frame>
 </anim>
 <anim name="red" root="cups" numframes="100" framerate="40">
  <frame idx="0" w="155" h="202" x="-4.999977" y="-47.999954">
   <element name="cups" layername="cups" frame="4" z_index="9" m_a="2.003300" m_b="0.000000" m_c="0.000000" m_d="2.003300" m_tx="8.000023" m_ty="-30.999954"/>
  </frame>
  <frame idx="25" w="155" h="202" x="-4.999977" y="-47.999954">
   <element name="cups" layername="cups" frame="4" z_index="9" m_a="2.003300" m_b="0.000000" m_c="0.000000" m_d="2.003300" m_tx="8.000023" m_ty="-30.999954"/>
  </frame>
  <frame idx="50" w="155" h="202" x="-4.999977" y="-47.999954">
   <element name="cups" layername="cups" frame="4" z_index="9" m_a="2.003300" m_b="0.000000" m_c="0.000000" m_d="2.003300" m_tx="8.000023" m_ty="-30.999954"/>
  </frame>
  <frame idx="75" w="155" h="202" x="-4.999977" y="-47.999954">
   <element name="cups" layername="cups" frame="4" z_index="9" m_a="2.003300" m_b="0.000000" m_c="0.000000" m_d="2.003300" m_tx="8.000023" m_ty="-30.999954"/>
  </frame>
 </anim>
 <anim name="green" root="cups" numframes="100" framerate="40">
  <frame idx="0" w="155" h="205" x="-10.000033" y="-55.500011">
   <element name="cups" layername="cups" frame="2" z_index="9" m_a="2.003300" m_b="0.000000" m_c="0.000000" m_d="2.003300" m_tx="2.999967" m_ty="-38.000011"/>
  </frame>
  <frame idx="25" w="155" h="205" x="-10.000033" y="-55.500011">
   <element name="cups" layername="cups" frame="2" z_index="9" m_a="2.003300" m_b="0.000000" m_c="0.000000" m_d="2.003300" m_tx="2.999967" m_ty="-38.000011"/>
  </frame>
  <frame idx="50" w="155" h="205" x="-10.000033" y="-55.500011">
   <element name="cups" layername="cups" frame="2" z_index="9" m_a="2.003300" m_b="0.000000" m_c="0.000000" m_d="2.003300" m_tx="2.999967" m_ty="-38.000011"/>
  </frame>
  <frame idx="75" w="155" h="205" x="-10.000033" y="-55.500011">
   <element name="cups" layername="cups" frame="2" z_index="9" m_a="2.003300" m_b="0.000000" m_c="0.000000" m_d="2.003300" m_tx="2.999967" m_ty="-38.000011"/>
  </frame>
 </anim>
 <anim name="water" root="cups" numframes="100" framerate="40">
  <frame idx="0" w="155" h="205" x="-7.000057" y="-52.499996">
   <element name="cups" layername="cups" frame="1" z_index="9" m_a="2.003300" m_b="0.000000" m_c="0.000000" m_d="2.003300" m_tx="5.999943" m_ty="-34.999996"/>
  </frame>
  <frame idx="25" w="155" h="205" x="-7.000057" y="-52.499996">
   <element name="cups" layername="cups" frame="1" z_index="9" m_a="2.003300" m_b="0.000000" m_c="0.000000" m_d="2.003300" m_tx="5.999943" m_ty="-34.999996"/>
  </frame>
  <frame idx="50" w="155" h="205" x="-7.000057" y="-52.499996">
   <element name="cups" layername="cups" frame="1" z_index="9" m_a="2.003300" m_b="0.000000" m_c="0.000000" m_d="2.003300" m_tx="5.999943" m_ty="-34.999996"/>
  </frame>
  <frame idx="75" w="155" h="205" x="-7.000057" y="-52.499996">
   <element name="cups" layername="cups" frame="1" z_index="9" m_a="2.003300" m_b="0.000000" m_c="0.000000" m_d="2.003300" m_tx="5.999943" m_ty="-34.999996"/>
  </frame>
 </anim>
 <anim name="beer" root="cups" numframes="100" framerate="40">
  <frame idx="0" w="155" h="211" x="-8.107256" y="-59.025837">
   <element name="cups" layername="cups" frame="5" z_index="9" m_a="2.003300" m_b="0.000000" m_c="0.000000" m_d="2.003300" m_tx="4.892745" m_ty="-41.025837"/>
  </frame>
  <frame idx="25" w="155" h="211" x="-8.107256" y="-59.025837">
   <element name="cups" layername="cups" frame="5" z_index="9" m_a="2.003300" m_b="0.000000" m_c="0.000000" m_d="2.003300" m_tx="4.892745" m_ty="-41.025837"/>
  </frame>
  <frame idx="50" w="155" h="211" x="-8.107256" y="-59.025837">
   <element name="cups" layername="cups" frame="5" z_index="9" m_a="2.003300" m_b="0.000000" m_c="0.000000" m_d="2.003300" m_tx="4.892745" m_ty="-41.025837"/>
  </frame>
  <frame idx="75" w="155" h="211" x="-8.107256" y="-59.025837">
   <element name="cups" layername="cups" frame="5" z_index="9" m_a="2.003300" m_b="0.000000" m_c="0.000000" m_d="2.003300" m_tx="4.892745" m_ty="-41.025837"/>
  </frame>
 </anim>
 <anim name="berry" root="cups" numframes="100" framerate="40">
  <frame idx="0" w="155" h="211" x="-8.107254" y="-59.025833">
   <element name="cups" layername="cups" frame="7" z_index="9" m_a="2.003300" m_b="0.000000" m_c="0.000000" m_d="2.003300" m_tx="-59.212852" m_ty="-105.131432"/>
  </frame>
  <frame idx="25" w="155" h="211" x="-8.107254" y="-59.025833">
   <element name="cups" layername="cups" frame="7" z_index="9" m_a="2.003300" m_b="0.000000" m_c="0.000000" m_d="2.003300" m_tx="-59.212852" m_ty="-105.131432"/>
  </frame>
  <frame idx="50" w="155" h="211" x="-8.107254" y="-59.025833">
   <element name="cups" layername="cups" frame="7" z_index="9" m_a="2.003300" m_b="0.000000" m_c="0.000000" m_d="2.003300" m_tx="-59.212852" m_ty="-105.131432"/>
  </frame>
  <frame idx="75" w="155" h="211" x="-8.107254" y="-59.025833">
   <element name="cups" layername="cups" frame="7" z_index="9" m_a="2.003300" m_b="0.000000" m_c="0.000000" m_d="2.003300" m_tx="-59.212852" m_ty="-105.131432"/>
  </frame>
 </anim>
 <anim name="carrot" root="cups" numframes="100" framerate="40">
  <frame idx="0" w="155" h="211" x="-8.107254" y="-59.025833">
   <element name="cups" layername="cups" frame="8" z_index="9" m_a="2.003300" m_b="0.000000" m_c="0.000000" m_d="2.003300" m_tx="-59.212852" m_ty="-105.131432"/>
  </frame>
  <frame idx="25" w="155" h="211" x="-8.107254" y="-59.025833">
   <element name="cups" layername="cups" frame="8" z_index="9" m_a="2.003300" m_b="0.000000" m_c="0.000000" m_d="2.003300" m_tx="-59.212852" m_ty="-105.131432"/>
  </frame>
  <frame idx="50" w="155" h="211" x="-8.107254" y="-59.025833">
   <element name="cups" layername="cups" frame="8" z_index="9" m_a="2.003300" m_b="0.000000" m_c="0.000000" m_d="2.003300" m_tx="-59.212852" m_ty="-105.131432"/>
  </frame>
  <frame idx="75" w="155" h="211" x="-8.107254" y="-59.025833">
   <element name="cups" layername="cups" frame="8" z_index="9" m_a="2.003300" m_b="0.000000" m_c="0.000000" m_d="2.003300" m_tx="-59.212852" m_ty="-105.131432"/>
  </frame>
 </anim>
 <anim name="cactus" root="cups" numframes="100" framerate="40">
  <frame idx="0" w="155" h="211" x="-8.107254" y="-59.025833">
   <element name="cups" layername="cups" frame="9" z_index="9" m_a="2.003300" m_b="0.000000" m_c="0.000000" m_d="2.003300" m_tx="-59.212852" m_ty="-105.131432"/>
  </frame>
  <frame idx="25" w="155" h="211" x="-8.107254" y="-59.025833">
   <element name="cups" layername="cups" frame="9" z_index="9" m_a="2.003300" m_b="0.000000" m_c="0.000000" m_d="2.003300" m_tx="-59.212852" m_ty="-105.131432"/>
  </frame>
  <frame idx="50" w="155" h="211" x="-8.107254" y="-59.025833">
   <element name="cups" layername="cups" frame="9" z_index="9" m_a="2.003300" m_b="0.000000" m_c="0.000000" m_d="2.003300" m_tx="-59.212852" m_ty="-105.131432"/>
  </frame>
  <frame idx="75" w="155" h="211" x="-8.107254" y="-59.025833">
   <element name="cups" layername="cups" frame="9" z_index="9" m_a="2.003300" m_b="0.000000" m_c="0.000000" m_d="2.003300" m_tx="-59.212852" m_ty="-105.131432"/>
  </frame>
 </anim>
</Anims>
