<Anims>
 <anim name="idle" root="caffeinberry_bean" numframes="25" framerate="40">
  <frame idx="0" w="278" h="110" x="0.000000" y="0.000000">
   <element name="caffeinberry_bean01" layername="caffeinberry_bean" frame="0" z_index="2" m_a="1.000000" m_b="0.000000" m_c="0.000000" m_d="1.000000" m_tx="0.000000" m_ty="0.000000"/>
  </frame>
 </anim>
 <anim name="cooked" root="caffeinberry_bean" numframes="25" framerate="40">
  <frame idx="0" w="278" h="110" x="0.000000" y="0.000000">
   <element name="caffeinberry_bean01" layername="caffeinberry_bean" frame="1" z_index="2" m_a="1.000000" m_b="0.000000" m_c="0.000000" m_d="1.000000" m_tx="0.000000" m_ty="0.000000"/>
  </frame>
 </anim>
</Anims>
