<Anims>
 <anim name="idle_tealeaves" root="tealeaves" numframes="50" framerate="40">
  <frame idx="0" w="183" h="92" x="-0.099998" y="-0.049999">
   <element name="tealeaves_item" layername="foliage" frame="0" z_index="4" m_a="1.000000" m_b="0.000000" m_c="0.000000" m_d="1.000000" m_tx="-0.100000" m_ty="-0.050000"/>
  </frame>
  <frame idx="25" w="183" h="92" x="-0.099998" y="-0.049999">
   <element name="tealeaves_item" layername="foliage" frame="0" z_index="4" m_a="1.000000" m_b="0.000000" m_c="0.000000" m_d="1.000000" m_tx="-0.100000" m_ty="-0.050000"/>
  </frame>
 </anim>
 <anim name="idle_tealeaves_dried" root="tealeaves" numframes="50" framerate="40">
  <frame idx="0" w="201" h="101" x="16.400009" y="8.150002">
   <element name="tealeaves_dried_item" layername="foliage_Dried" frame="0" z_index="4" m_a="1.200000" m_b="0.000000" m_c="0.000000" m_d="1.200000" m_tx="-0.100000" m_ty="-0.050000"/>
  </frame>
  <frame idx="25" w="201" h="101" x="16.400009" y="8.150002">
   <element name="tealeaves_dried_item" layername="foliage_Dried" frame="0" z_index="4" m_a="1.200000" m_b="0.000000" m_c="0.000000" m_d="1.200000" m_tx="-0.100000" m_ty="-0.050000"/>
  </frame>
 </anim>
 <anim name="tealeaves" root="tealeaves" numframes="50" framerate="40">
  <frame idx="0" w="418" h="680" x="50.800049" y="-63.266357">
   <element name="tealeaves" layername="tealeaves" frame="0" z_index="4" m_a="2.000000" m_b="0.000000" m_c="0.000000" m_d="2.000000" m_tx="27.799999" m_ty="-194.920273"/>
  </frame>
  <frame idx="25" w="418" h="680" x="50.800049" y="-63.266357">
   <element name="tealeaves" layername="tealeaves" frame="0" z_index="4" m_a="2.000000" m_b="0.000000" m_c="0.000000" m_d="2.000000" m_tx="27.799999" m_ty="-194.920273"/>
  </frame>
 </anim>
 <anim name="tealeaves_dried" root="tealeaves" numframes="50" framerate="40">
  <frame idx="0" w="418" h="680" x="50.800049" y="-63.266357">
   <element name="tealeaves_dried" layername="tealeaves" frame="0" z_index="4" m_a="2.000000" m_b="0.000000" m_c="0.000000" m_d="2.000000" m_tx="27.799999" m_ty="-194.920273"/>
  </frame>
  <frame idx="25" w="418" h="680" x="50.800049" y="-63.266357">
   <element name="tealeaves_dried" layername="tealeaves" frame="0" z_index="4" m_a="2.000000" m_b="0.000000" m_c="0.000000" m_d="2.000000" m_tx="27.799999" m_ty="-194.920273"/>
  </frame>
 </anim>
</Anims>
