<Anims>
 <anim name="anim" root="fili_thirst_bage" numframes="750" framerate="40">
  <frame idx="0" w="100" h="103" x="-10.323597" y="-9.049538">
   <element name="frame_circle" layername="frame_circle" frame="0" z_index="2" m_a="1.000000" m_b="0.000000" m_c="0.000000" m_d="1.000000" m_tx="0.500000" m_ty="-0.649000"/>
   <element name="heart" layername="heart" frame="0" z_index="3" m_a="1.000000" m_b="0.000000" m_c="0.000000" m_d="1.000000" m_tx="0.000000" m_ty="0.000000"/>
   <element name="health_level" layername="health_level" frame="0" z_index="4" m_a="1.000000" m_b="0.000000" m_c="0.000000" m_d="1.000000" m_tx="0.000033" m_ty="-0.000034"/>
   <element name="bg" layername="bg" frame="0" z_index="5" m_a="1.000000" m_b="0.000000" m_c="0.000000" m_d="1.000000" m_tx="-86.549004" m_ty="-87.598999"/>
   <element name="bg2" layername="bg2" frame="0" z_index="6" m_a="1.000000" m_b="0.000000" m_c="0.000000" m_d="1.000000" m_tx="-86.749001" m_ty="-87.749001"/>
   <element name="stomach" layername="stomach" frame="0" z_index="1" m_a="0.811286" m_b="0.000000" m_c="0.000000" m_d="0.772348" m_tx="-22.917032" m_ty="-24.524073"/>
  </frame>
  <frame idx="25" w="100" h="105" x="-10.323597" y="-10.567307">
   <element name="frame_circle" layername="frame_circle" frame="0" z_index="2" m_a="1.000000" m_b="0.000000" m_c="0.000000" m_d="1.000000" m_tx="0.500000" m_ty="-0.649000"/>
   <element name="heart" layername="heart" frame="0" z_index="3" m_a="1.000000" m_b="0.000000" m_c="0.000000" m_d="1.000000" m_tx="0.000000" m_ty="0.000000"/>
   <element name="health_level" layername="health_level" frame="0" z_index="4" m_a="1.000000" m_b="0.000000" m_c="0.000000" m_d="1.000000" m_tx="0.000033" m_ty="-1.517803"/>
   <element name="bg" layername="bg" frame="0" z_index="5" m_a="1.000000" m_b="0.000000" m_c="0.000000" m_d="1.000000" m_tx="-86.549004" m_ty="-87.598999"/>
   <element name="bg2" layername="bg2" frame="0" z_index="6" m_a="1.000000" m_b="0.000000" m_c="0.000000" m_d="1.000000" m_tx="-86.749001" m_ty="-87.749001"/>
   <element name="stomach" layername="stomach" frame="0" z_index="1" m_a="0.811286" m_b="0.000000" m_c="0.000000" m_d="0.772348" m_tx="-22.917032" m_ty="-24.524073"/>
  </frame>
  <frame idx="50" w="100" h="103" x="-10.323597" y="-8.808937">
   <element name="frame_circle" layername="frame_circle" frame="0" z_index="2" m_a="1.000000" m_b="0.000000" m_c="0.000000" m_d="1.000000" m_tx="0.500000" m_ty="-0.649000"/>
   <element name="heart" layername="heart" frame="0" z_index="3" m_a="1.000000" m_b="0.000000" m_c="0.000000" m_d="1.000000" m_tx="0.000000" m_ty="0.000000"/>
   <element name="health_level" layername="health_level" frame="1" z_index="4" m_a="1.000000" m_b="0.000000" m_c="0.000000" m_d="1.000000" m_tx="0.000030" m_ty="-1.053131"/>
   <element name="bg" layername="bg" frame="0" z_index="5" m_a="1.000000" m_b="0.000000" m_c="0.000000" m_d="1.000000" m_tx="-86.549004" m_ty="-87.598999"/>
   <element name="bg2" layername="bg2" frame="0" z_index="6" m_a="1.000000" m_b="0.000000" m_c="0.000000" m_d="1.000000" m_tx="-86.749001" m_ty="-87.749001"/>
   <element name="stomach" layername="stomach" frame="0" z_index="1" m_a="0.811286" m_b="0.000000" m_c="0.000000" m_d="0.772348" m_tx="-22.917032" m_ty="-24.524073"/>
  </frame>
  <frame idx="75" w="100" h="103" x="-10.323597" y="-8.808937">
   <element name="frame_circle" layername="frame_circle" frame="0" z_index="2" m_a="1.000000" m_b="0.000000" m_c="0.000000" m_d="1.000000" m_tx="0.500000" m_ty="-0.649000"/>
   <element name="heart" layername="heart" frame="0" z_index="3" m_a="1.000000" m_b="0.000000" m_c="0.000000" m_d="1.000000" m_tx="0.000000" m_ty="0.000000"/>
   <element name="health_level" layername="health_level" frame="2" z_index="4" m_a="1.000000" m_b="0.000000" m_c="0.000000" m_d="1.000000" m_tx="0.000026" m_ty="-0.000027"/>
   <element name="bg" layername="bg" frame="0" z_index="5" m_a="1.000000" m_b="0.000000" m_c="0.000000" m_d="1.000000" m_tx="-86.549004" m_ty="-87.598999"/>
   <element name="bg2" layername="bg2" frame="0" z_index="6" m_a="1.000000" m_b="0.000000" m_c="0.000000" m_d="1.000000" m_tx="-86.749001" m_ty="-87.749001"/>
   <element name="stomach" layername="stomach" frame="0" z_index="1" m_a="0.811286" m_b="0.000000" m_c="0.000000" m_d="0.772348" m_tx="-22.917032" m_ty="-24.524073"/>
  </frame>
  <frame idx="100" w="100" h="103" x="-10.323597" y="-8.808937">
   <element name="frame_circle" layername="frame_circle" frame="0" z_index="2" m_a="1.000000" m_b="0.000000" m_c="0.000000" m_d="1.000000" m_tx="0.500000" m_ty="-0.649000"/>
   <element name="heart" layername="heart" frame="0" z_index="3" m_a="1.000000" m_b="0.000000" m_c="0.000000" m_d="1.000000" m_tx="0.000000" m_ty="0.000000"/>
   <element name="health_level" layername="health_level" frame="3" z_index="4" m_a="1.000000" m_b="0.000000" m_c="0.000000" m_d="1.000000" m_tx="0.000026" m_ty="-0.000008"/>
   <element name="bg" layername="bg" frame="0" z_index="5" m_a="1.000000" m_b="0.000000" m_c="0.000000" m_d="1.000000" m_tx="-86.549004" m_ty="-87.598999"/>
   <element name="bg2" layername="bg2" frame="0" z_index="6" m_a="1.000000" m_b="0.000000" m_c="0.000000" m_d="1.000000" m_tx="-86.749001" m_ty="-87.749001"/>
   <element name="stomach" layername="stomach" frame="0" z_index="1" m_a="0.811286" m_b="0.000000" m_c="0.000000" m_d="0.772348" m_tx="-22.917032" m_ty="-24.524073"/>
  </frame>
  <frame idx="125" w="100" h="103" x="-10.323597" y="-8.808937">
   <element name="frame_circle" layername="frame_circle" frame="0" z_index="2" m_a="1.000000" m_b="0.000000" m_c="0.000000" m_d="1.000000" m_tx="0.500000" m_ty="-0.649000"/>
   <element name="heart" layername="heart" frame="0" z_index="3" m_a="1.000000" m_b="0.000000" m_c="0.000000" m_d="1.000000" m_tx="0.000000" m_ty="0.000000"/>
   <element name="health_level" layername="health_level" frame="3" z_index="4" m_a="1.000000" m_b="0.000000" m_c="0.000000" m_d="1.000000" m_tx="0.000026" m_ty="-1.721428"/>
   <element name="bg" layername="bg" frame="0" z_index="5" m_a="1.000000" m_b="0.000000" m_c="0.000000" m_d="1.000000" m_tx="-86.549004" m_ty="-87.598999"/>
   <element name="bg2" layername="bg2" frame="0" z_index="6" m_a="1.000000" m_b="0.000000" m_c="0.000000" m_d="1.000000" m_tx="-86.749001" m_ty="-87.749001"/>
   <element name="stomach" layername="stomach" frame="0" z_index="1" m_a="0.811286" m_b="0.000000" m_c="0.000000" m_d="0.772348" m_tx="-22.917032" m_ty="-24.524073"/>
  </frame>
  <frame idx="150" w="100" h="103" x="-10.323597" y="-8.808937">
   <element name="frame_circle" layername="frame_circle" frame="0" z_index="2" m_a="1.000000" m_b="0.000000" m_c="0.000000" m_d="1.000000" m_tx="0.500000" m_ty="-0.649000"/>
   <element name="heart" layername="heart" frame="0" z_index="3" m_a="1.000000" m_b="0.000000" m_c="0.000000" m_d="1.000000" m_tx="0.000000" m_ty="0.000000"/>
   <element name="health_level" layername="health_level" frame="4" z_index="4" m_a="1.000000" m_b="0.000000" m_c="0.000000" m_d="1.000000" m_tx="-0.000002" m_ty="-0.000011"/>
   <element name="bg" layername="bg" frame="0" z_index="5" m_a="1.000000" m_b="0.000000" m_c="0.000000" m_d="1.000000" m_tx="-86.549004" m_ty="-87.598999"/>
   <element name="bg2" layername="bg2" frame="0" z_index="6" m_a="1.000000" m_b="0.000000" m_c="0.000000" m_d="1.000000" m_tx="-86.749001" m_ty="-87.749001"/>
   <element name="stomach" layername="stomach" frame="0" z_index="1" m_a="0.811286" m_b="0.000000" m_c="0.000000" m_d="0.772348" m_tx="-22.917032" m_ty="-24.524073"/>
  </frame>
  <frame idx="175" w="100" h="103" x="-10.323597" y="-8.808937">
   <element name="frame_circle" layername="frame_circle" frame="0" z_index="2" m_a="1.000000" m_b="0.000000" m_c="0.000000" m_d="1.000000" m_tx="0.500000" m_ty="-0.649000"/>
   <element name="heart" layername="heart" frame="0" z_index="3" m_a="1.000000" m_b="0.000000" m_c="0.000000" m_d="1.000000" m_tx="0.181817" m_ty="-0.031327"/>
   <element name="health_level" layername="health_level" frame="5" z_index="4" m_a="1.000000" m_b="0.000000" m_c="0.000000" m_d="1.000000" m_tx="-0.000025" m_ty="-0.636379"/>
   <element name="bg" layername="bg" frame="0" z_index="5" m_a="1.000000" m_b="0.000000" m_c="0.000000" m_d="1.000000" m_tx="-86.549004" m_ty="-87.598999"/>
   <element name="bg2" layername="bg2" frame="0" z_index="6" m_a="1.000000" m_b="0.000000" m_c="0.000000" m_d="1.000000" m_tx="-86.749001" m_ty="-87.749001"/>
   <element name="stomach" layername="stomach" frame="0" z_index="1" m_a="0.811286" m_b="0.000000" m_c="0.000000" m_d="0.772348" m_tx="-22.917032" m_ty="-24.524073"/>
  </frame>
  <frame idx="200" w="100" h="103" x="-10.323597" y="-8.808937">
   <element name="frame_circle" layername="frame_circle" frame="0" z_index="2" m_a="1.000000" m_b="0.000000" m_c="0.000000" m_d="1.000000" m_tx="0.500000" m_ty="-0.649000"/>
   <element name="heart" layername="heart" frame="1" z_index="3" m_a="1.000000" m_b="0.000000" m_c="0.000000" m_d="1.000000" m_tx="0.749997" m_ty="-0.119282"/>
   <element name="health_level" layername="health_level" frame="6" z_index="4" m_a="1.000000" m_b="0.000000" m_c="0.000000" m_d="1.000000" m_tx="-0.000004" m_ty="0.000027"/>
   <element name="bg" layername="bg" frame="0" z_index="5" m_a="1.000000" m_b="0.000000" m_c="0.000000" m_d="1.000000" m_tx="-86.549004" m_ty="-87.598999"/>
   <element name="bg2" layername="bg2" frame="0" z_index="6" m_a="1.000000" m_b="0.000000" m_c="0.000000" m_d="1.000000" m_tx="-86.749001" m_ty="-87.749001"/>
   <element name="stomach" layername="stomach" frame="0" z_index="1" m_a="0.811286" m_b="0.000000" m_c="0.000000" m_d="0.772348" m_tx="-22.917032" m_ty="-24.524073"/>
  </frame>
  <frame idx="225" w="100" h="103" x="-10.323597" y="-8.808937">
   <element name="frame_circle" layername="frame_circle" frame="0" z_index="2" m_a="1.000000" m_b="0.000000" m_c="0.000000" m_d="1.000000" m_tx="0.500000" m_ty="-0.649000"/>
   <element name="heart" layername="heart" frame="1" z_index="3" m_a="1.000000" m_b="0.000000" m_c="0.000000" m_d="1.000000" m_tx="0.749997" m_ty="-0.119282"/>
   <element name="health_level" layername="health_level" frame="6" z_index="4" m_a="1.000000" m_b="0.000000" m_c="0.000000" m_d="1.000000" m_tx="0.000023" m_ty="-1.996403"/>
   <element name="bg" layername="bg" frame="0" z_index="5" m_a="1.000000" m_b="0.000000" m_c="0.000000" m_d="1.000000" m_tx="-86.549004" m_ty="-87.598999"/>
   <element name="bg2" layername="bg2" frame="0" z_index="6" m_a="1.000000" m_b="0.000000" m_c="0.000000" m_d="1.000000" m_tx="-86.749001" m_ty="-87.749001"/>
   <element name="stomach" layername="stomach" frame="0" z_index="1" m_a="0.811286" m_b="0.000000" m_c="0.000000" m_d="0.772348" m_tx="-22.917032" m_ty="-24.524073"/>
  </frame>
  <frame idx="250" w="100" h="103" x="-10.323597" y="-8.808937">
   <element name="frame_circle" layername="frame_circle" frame="0" z_index="2" m_a="1.000000" m_b="0.000000" m_c="0.000000" m_d="1.000000" m_tx="0.500000" m_ty="-0.649000"/>
   <element name="heart" layername="heart" frame="1" z_index="3" m_a="1.000000" m_b="0.000000" m_c="0.000000" m_d="1.000000" m_tx="0.749997" m_ty="-0.119282"/>
   <element name="health_level" layername="health_level" frame="7" z_index="4" m_a="1.000000" m_b="0.000000" m_c="0.000000" m_d="1.000000" m_tx="0.000033" m_ty="0.000015"/>
   <element name="bg" layername="bg" frame="0" z_index="5" m_a="1.000000" m_b="0.000000" m_c="0.000000" m_d="1.000000" m_tx="-86.549004" m_ty="-87.598999"/>
   <element name="bg2" layername="bg2" frame="0" z_index="6" m_a="1.000000" m_b="0.000000" m_c="0.000000" m_d="1.000000" m_tx="-86.749001" m_ty="-87.749001"/>
   <element name="stomach" layername="stomach" frame="0" z_index="1" m_a="0.811286" m_b="0.000000" m_c="0.000000" m_d="0.772348" m_tx="-22.917032" m_ty="-24.524073"/>
  </frame>
  <frame idx="275" w="100" h="103" x="-10.323597" y="-8.808937">
   <element name="frame_circle" layername="frame_circle" frame="0" z_index="2" m_a="1.000000" m_b="0.000000" m_c="0.000000" m_d="1.000000" m_tx="0.500000" m_ty="-0.649000"/>
   <element name="heart" layername="heart" frame="1" z_index="3" m_a="1.000000" m_b="0.000000" m_c="0.000000" m_d="1.000000" m_tx="0.749997" m_ty="-0.119282"/>
   <element name="health_level" layername="health_level" frame="8" z_index="4" m_a="1.000000" m_b="0.000000" m_c="0.000000" m_d="1.000000" m_tx="0.000016" m_ty="-0.726463"/>
   <element name="bg" layername="bg" frame="0" z_index="5" m_a="1.000000" m_b="0.000000" m_c="0.000000" m_d="1.000000" m_tx="-86.549004" m_ty="-87.598999"/>
   <element name="bg2" layername="bg2" frame="0" z_index="6" m_a="1.000000" m_b="0.000000" m_c="0.000000" m_d="1.000000" m_tx="-86.749001" m_ty="-87.749001"/>
   <element name="stomach" layername="stomach" frame="0" z_index="1" m_a="0.811286" m_b="0.000000" m_c="0.000000" m_d="0.772348" m_tx="-22.917032" m_ty="-24.524073"/>
  </frame>
  <frame idx="300" w="100" h="103" x="-10.323597" y="-8.808937">
   <element name="frame_circle" layername="frame_circle" frame="0" z_index="2" m_a="1.000000" m_b="0.000000" m_c="0.000000" m_d="1.000000" m_tx="0.500000" m_ty="-0.649000"/>
   <element name="heart" layername="heart" frame="1" z_index="3" m_a="1.000000" m_b="0.000000" m_c="0.000000" m_d="1.000000" m_tx="0.749997" m_ty="-0.119282"/>
   <element name="health_level" layername="health_level" frame="9" z_index="4" m_a="1.000000" m_b="0.000000" m_c="0.000000" m_d="1.000000" m_tx="-0.000037" m_ty="0.000015"/>
   <element name="bg" layername="bg" frame="0" z_index="5" m_a="1.000000" m_b="0.000000" m_c="0.000000" m_d="1.000000" m_tx="-86.549004" m_ty="-87.598999"/>
   <element name="bg2" layername="bg2" frame="0" z_index="6" m_a="1.000000" m_b="0.000000" m_c="0.000000" m_d="1.000000" m_tx="-86.749001" m_ty="-87.749001"/>
   <element name="stomach" layername="stomach" frame="0" z_index="1" m_a="0.811286" m_b="0.000000" m_c="0.000000" m_d="0.772348" m_tx="-22.917032" m_ty="-24.524073"/>
  </frame>
  <frame idx="325" w="100" h="103" x="-10.323597" y="-8.808937">
   <element name="frame_circle" layername="frame_circle" frame="0" z_index="2" m_a="1.000000" m_b="0.000000" m_c="0.000000" m_d="1.000000" m_tx="0.500000" m_ty="-0.649000"/>
   <element name="heart" layername="heart" frame="1" z_index="3" m_a="1.000000" m_b="0.000000" m_c="0.000000" m_d="1.000000" m_tx="0.749997" m_ty="-0.119282"/>
   <element name="health_level" layername="health_level" frame="9" z_index="4" m_a="1.000000" m_b="0.000000" m_c="0.000000" m_d="1.000000" m_tx="0.000020" m_ty="0.000015"/>
   <element name="bg" layername="bg" frame="0" z_index="5" m_a="1.000000" m_b="0.000000" m_c="0.000000" m_d="1.000000" m_tx="-86.549004" m_ty="-87.598999"/>
   <element name="bg2" layername="bg2" frame="0" z_index="6" m_a="1.000000" m_b="0.000000" m_c="0.000000" m_d="1.000000" m_tx="-86.749001" m_ty="-87.749001"/>
   <element name="stomach" layername="stomach" frame="0" z_index="1" m_a="0.811286" m_b="0.000000" m_c="0.000000" m_d="0.772348" m_tx="-22.917032" m_ty="-24.524073"/>
  </frame>
  <frame idx="350" w="100" h="103" x="-10.323597" y="-8.808937">
   <element name="frame_circle" layername="frame_circle" frame="0" z_index="2" m_a="1.000000" m_b="0.000000" m_c="0.000000" m_d="1.000000" m_tx="0.500000" m_ty="-0.649000"/>
   <element name="heart" layername="heart" frame="1" z_index="3" m_a="1.000000" m_b="0.000000" m_c="0.000000" m_d="1.000000" m_tx="0.749997" m_ty="-0.119282"/>
   <element name="health_level" layername="health_level" frame="10" z_index="4" m_a="1.000000" m_b="0.000000" m_c="0.000000" m_d="1.000000" m_tx="0.000021" m_ty="-1.601528"/>
   <element name="bg" layername="bg" frame="0" z_index="5" m_a="1.000000" m_b="0.000000" m_c="0.000000" m_d="1.000000" m_tx="-86.549004" m_ty="-87.598999"/>
   <element name="bg2" layername="bg2" frame="0" z_index="6" m_a="1.000000" m_b="0.000000" m_c="0.000000" m_d="1.000000" m_tx="-86.749001" m_ty="-87.749001"/>
   <element name="stomach" layername="stomach" frame="0" z_index="1" m_a="0.811286" m_b="0.000000" m_c="0.000000" m_d="0.772348" m_tx="-22.917032" m_ty="-24.524073"/>
  </frame>
  <frame idx="375" w="100" h="103" x="-10.323597" y="-8.808937">
   <element name="frame_circle" layername="frame_circle" frame="0" z_index="2" m_a="1.000000" m_b="0.000000" m_c="0.000000" m_d="1.000000" m_tx="0.500000" m_ty="-0.649000"/>
   <element name="heart" layername="heart" frame="1" z_index="3" m_a="1.000000" m_b="0.000000" m_c="0.000000" m_d="1.000000" m_tx="0.749997" m_ty="-0.119282"/>
   <element name="health_level" layername="health_level" frame="11" z_index="4" m_a="1.000000" m_b="0.000000" m_c="0.000000" m_d="1.000000" m_tx="0.000007" m_ty="-0.903835"/>
   <element name="bg" layername="bg" frame="0" z_index="5" m_a="1.000000" m_b="0.000000" m_c="0.000000" m_d="1.000000" m_tx="-86.549004" m_ty="-87.598999"/>
   <element name="bg2" layername="bg2" frame="0" z_index="6" m_a="1.000000" m_b="0.000000" m_c="0.000000" m_d="1.000000" m_tx="-86.749001" m_ty="-87.749001"/>
   <element name="stomach" layername="stomach" frame="0" z_index="1" m_a="0.811286" m_b="0.000000" m_c="0.000000" m_d="0.772348" m_tx="-22.917032" m_ty="-24.524073"/>
  </frame>
  <frame idx="400" w="100" h="103" x="-10.323597" y="-8.808937">
   <element name="frame_circle" layername="frame_circle" frame="0" z_index="2" m_a="1.000000" m_b="0.000000" m_c="0.000000" m_d="1.000000" m_tx="0.500000" m_ty="-0.649000"/>
   <element name="heart" layername="heart" frame="1" z_index="3" m_a="1.000000" m_b="0.000000" m_c="0.000000" m_d="1.000000" m_tx="0.749997" m_ty="-0.119282"/>
   <element name="health_level" layername="health_level" frame="12" z_index="4" m_a="1.000000" m_b="0.000000" m_c="0.000000" m_d="1.000000" m_tx="0.000033" m_ty="-0.000015"/>
   <element name="bg" layername="bg" frame="0" z_index="5" m_a="1.000000" m_b="0.000000" m_c="0.000000" m_d="1.000000" m_tx="-86.549004" m_ty="-87.598999"/>
   <element name="bg2" layername="bg2" frame="0" z_index="6" m_a="1.000000" m_b="0.000000" m_c="0.000000" m_d="1.000000" m_tx="-86.749001" m_ty="-87.749001"/>
   <element name="stomach" layername="stomach" frame="0" z_index="1" m_a="0.811286" m_b="0.000000" m_c="0.000000" m_d="0.772348" m_tx="-22.917032" m_ty="-24.524073"/>
  </frame>
  <frame idx="425" w="100" h="103" x="-10.323597" y="-8.808937">
   <element name="frame_circle" layername="frame_circle" frame="0" z_index="2" m_a="1.000000" m_b="0.000000" m_c="0.000000" m_d="1.000000" m_tx="0.500000" m_ty="-0.649000"/>
   <element name="heart" layername="heart" frame="1" z_index="3" m_a="1.000000" m_b="0.000000" m_c="0.000000" m_d="1.000000" m_tx="0.261312" m_ty="0.932129"/>
   <element name="health_level" layername="health_level" frame="12" z_index="4" m_a="1.000000" m_b="0.000000" m_c="0.000000" m_d="1.000000" m_tx="-0.000015" m_ty="-0.000019"/>
   <element name="bg" layername="bg" frame="0" z_index="5" m_a="1.000000" m_b="0.000000" m_c="0.000000" m_d="1.000000" m_tx="-86.549004" m_ty="-87.598999"/>
   <element name="bg2" layername="bg2" frame="0" z_index="6" m_a="1.000000" m_b="0.000000" m_c="0.000000" m_d="1.000000" m_tx="-86.749001" m_ty="-87.749001"/>
   <element name="stomach" layername="stomach" frame="0" z_index="1" m_a="0.811286" m_b="0.000000" m_c="0.000000" m_d="0.772348" m_tx="-22.917032" m_ty="-24.524073"/>
  </frame>
  <frame idx="450" w="100" h="103" x="-10.323597" y="-8.808937">
   <element name="frame_circle" layername="frame_circle" frame="0" z_index="2" m_a="1.000000" m_b="0.000000" m_c="0.000000" m_d="1.000000" m_tx="0.500000" m_ty="-0.649000"/>
   <element name="heart" layername="heart" frame="2" z_index="3" m_a="1.000000" m_b="0.000000" m_c="0.000000" m_d="1.000000" m_tx="0.078817" m_ty="1.092198"/>
   <element name="health_level" layername="health_level" frame="13" z_index="4" m_a="1.000000" m_b="0.000000" m_c="0.000000" m_d="1.000000" m_tx="0.000011" m_ty="-2.009178"/>
   <element name="bg" layername="bg" frame="0" z_index="5" m_a="1.000000" m_b="0.000000" m_c="0.000000" m_d="1.000000" m_tx="-86.549004" m_ty="-87.598999"/>
   <element name="bg2" layername="bg2" frame="0" z_index="6" m_a="1.000000" m_b="0.000000" m_c="0.000000" m_d="1.000000" m_tx="-86.749001" m_ty="-87.749001"/>
   <element name="stomach" layername="stomach" frame="0" z_index="1" m_a="0.811286" m_b="0.000000" m_c="0.000000" m_d="0.772348" m_tx="-22.917032" m_ty="-24.524073"/>
  </frame>
  <frame idx="475" w="100" h="103" x="-10.323597" y="-8.808937">
   <element name="frame_circle" layername="frame_circle" frame="0" z_index="2" m_a="1.000000" m_b="0.000000" m_c="0.000000" m_d="1.000000" m_tx="0.500000" m_ty="-0.649000"/>
   <element name="heart" layername="heart" frame="2" z_index="3" m_a="1.000000" m_b="0.000000" m_c="0.000000" m_d="1.000000" m_tx="0.078817" m_ty="1.092198"/>
   <element name="health_level" layername="health_level" frame="14" z_index="4" m_a="1.000000" m_b="0.000000" m_c="0.000000" m_d="1.000000" m_tx="0.000010" m_ty="0.000000"/>
   <element name="bg" layername="bg" frame="0" z_index="5" m_a="1.000000" m_b="0.000000" m_c="0.000000" m_d="1.000000" m_tx="-86.549004" m_ty="-87.598999"/>
   <element name="bg2" layername="bg2" frame="0" z_index="6" m_a="1.000000" m_b="0.000000" m_c="0.000000" m_d="1.000000" m_tx="-86.749001" m_ty="-87.749001"/>
   <element name="stomach" layername="stomach" frame="0" z_index="1" m_a="0.811286" m_b="0.000000" m_c="0.000000" m_d="0.772348" m_tx="-22.917032" m_ty="-24.524073"/>
  </frame>
  <frame idx="500" w="100" h="103" x="-10.323597" y="-8.808937">
   <element name="frame_circle" layername="frame_circle" frame="0" z_index="2" m_a="1.000000" m_b="0.000000" m_c="0.000000" m_d="1.000000" m_tx="0.500000" m_ty="-0.649000"/>
   <element name="heart" layername="heart" frame="2" z_index="3" m_a="1.000000" m_b="0.000000" m_c="0.000000" m_d="1.000000" m_tx="0.078817" m_ty="1.092198"/>
   <element name="health_level" layername="health_level" frame="15" z_index="4" m_a="1.000000" m_b="0.000000" m_c="0.000000" m_d="1.000000" m_tx="0.000010" m_ty="0.000015"/>
   <element name="bg" layername="bg" frame="0" z_index="5" m_a="1.000000" m_b="0.000000" m_c="0.000000" m_d="1.000000" m_tx="-86.549004" m_ty="-87.598999"/>
   <element name="bg2" layername="bg2" frame="0" z_index="6" m_a="1.000000" m_b="0.000000" m_c="0.000000" m_d="1.000000" m_tx="-86.749001" m_ty="-87.749001"/>
   <element name="stomach" layername="stomach" frame="0" z_index="1" m_a="0.811286" m_b="0.000000" m_c="0.000000" m_d="0.772348" m_tx="-22.917032" m_ty="-24.524073"/>
  </frame>
  <frame idx="525" w="100" h="103" x="-10.323597" y="-8.808937">
   <element name="frame_circle" layername="frame_circle" frame="0" z_index="2" m_a="1.000000" m_b="0.000000" m_c="0.000000" m_d="1.000000" m_tx="0.500000" m_ty="-0.649000"/>
   <element name="heart" layername="heart" frame="2" z_index="3" m_a="1.000000" m_b="0.000000" m_c="0.000000" m_d="1.000000" m_tx="0.078817" m_ty="1.092198"/>
   <element name="health_level" layername="health_level" frame="15" z_index="4" m_a="1.000000" m_b="0.000000" m_c="0.000000" m_d="1.000000" m_tx="0.000065" m_ty="-3.470264"/>
   <element name="bg" layername="bg" frame="0" z_index="5" m_a="1.000000" m_b="0.000000" m_c="0.000000" m_d="1.000000" m_tx="-86.549004" m_ty="-87.598999"/>
   <element name="bg2" layername="bg2" frame="0" z_index="6" m_a="1.000000" m_b="0.000000" m_c="0.000000" m_d="1.000000" m_tx="-86.749001" m_ty="-87.749001"/>
   <element name="stomach" layername="stomach" frame="0" z_index="1" m_a="0.811286" m_b="0.000000" m_c="0.000000" m_d="0.772348" m_tx="-22.917032" m_ty="-24.524073"/>
  </frame>
  <frame idx="550" w="100" h="103" x="-10.323597" y="-8.808937">
   <element name="frame_circle" layername="frame_circle" frame="0" z_index="2" m_a="1.000000" m_b="0.000000" m_c="0.000000" m_d="1.000000" m_tx="0.500000" m_ty="-0.649000"/>
   <element name="heart" layername="heart" frame="2" z_index="3" m_a="1.000000" m_b="0.000000" m_c="0.000000" m_d="1.000000" m_tx="0.078817" m_ty="1.092198"/>
   <element name="health_level" layername="health_level" frame="16" z_index="4" m_a="1.000000" m_b="0.000000" m_c="0.000000" m_d="1.000000" m_tx="0.000034" m_ty="-2.662739"/>
   <element name="bg" layername="bg" frame="0" z_index="5" m_a="1.000000" m_b="0.000000" m_c="0.000000" m_d="1.000000" m_tx="-86.549004" m_ty="-87.598999"/>
   <element name="bg2" layername="bg2" frame="0" z_index="6" m_a="1.000000" m_b="0.000000" m_c="0.000000" m_d="1.000000" m_tx="-86.749001" m_ty="-87.749001"/>
   <element name="stomach" layername="stomach" frame="0" z_index="1" m_a="0.811286" m_b="0.000000" m_c="0.000000" m_d="0.772348" m_tx="-22.917032" m_ty="-24.524073"/>
  </frame>
  <frame idx="575" w="100" h="103" x="-10.323597" y="-8.808937">
   <element name="frame_circle" layername="frame_circle" frame="0" z_index="2" m_a="1.000000" m_b="0.000000" m_c="0.000000" m_d="1.000000" m_tx="0.500000" m_ty="-0.649000"/>
   <element name="heart" layername="heart" frame="2" z_index="3" m_a="1.000000" m_b="0.000000" m_c="0.000000" m_d="1.000000" m_tx="0.078817" m_ty="1.092198"/>
   <element name="health_level" layername="health_level" frame="17" z_index="4" m_a="1.000000" m_b="0.000000" m_c="0.000000" m_d="1.000000" m_tx="0.000051" m_ty="-0.000011"/>
   <element name="bg" layername="bg" frame="0" z_index="5" m_a="1.000000" m_b="0.000000" m_c="0.000000" m_d="1.000000" m_tx="-86.549004" m_ty="-87.598999"/>
   <element name="bg2" layername="bg2" frame="0" z_index="6" m_a="1.000000" m_b="0.000000" m_c="0.000000" m_d="1.000000" m_tx="-86.749001" m_ty="-87.749001"/>
   <element name="stomach" layername="stomach" frame="0" z_index="1" m_a="0.811286" m_b="0.000000" m_c="0.000000" m_d="0.772348" m_tx="-22.917032" m_ty="-24.524073"/>
  </frame>
  <frame idx="600" w="100" h="103" x="-10.323597" y="-8.808937">
   <element name="frame_circle" layername="frame_circle" frame="0" z_index="2" m_a="1.000000" m_b="0.000000" m_c="0.000000" m_d="1.000000" m_tx="0.500000" m_ty="-0.649000"/>
   <element name="heart" layername="heart" frame="2" z_index="3" m_a="1.000000" m_b="0.000000" m_c="0.000000" m_d="1.000000" m_tx="0.078817" m_ty="1.092198"/>
   <element name="health_level" layername="health_level" frame="18" z_index="4" m_a="1.000000" m_b="0.000000" m_c="0.000000" m_d="1.000000" m_tx="0.000027" m_ty="-0.000019"/>
   <element name="bg" layername="bg" frame="0" z_index="5" m_a="1.000000" m_b="0.000000" m_c="0.000000" m_d="1.000000" m_tx="-86.549004" m_ty="-87.598999"/>
   <element name="bg2" layername="bg2" frame="0" z_index="6" m_a="1.000000" m_b="0.000000" m_c="0.000000" m_d="1.000000" m_tx="-86.749001" m_ty="-87.749001"/>
   <element name="stomach" layername="stomach" frame="0" z_index="1" m_a="0.811286" m_b="0.000000" m_c="0.000000" m_d="0.772348" m_tx="-22.917032" m_ty="-24.524073"/>
  </frame>
  <frame idx="625" w="100" h="103" x="-10.323597" y="-8.808937">
   <element name="frame_circle" layername="frame_circle" frame="0" z_index="2" m_a="1.000000" m_b="0.000000" m_c="0.000000" m_d="1.000000" m_tx="0.500000" m_ty="-0.649000"/>
   <element name="heart" layername="heart" frame="2" z_index="3" m_a="1.000000" m_b="0.000000" m_c="0.000000" m_d="1.000000" m_tx="0.648570" m_ty="-0.468301"/>
   <element name="health_level" layername="health_level" frame="18" z_index="4" m_a="1.000000" m_b="0.000000" m_c="0.000000" m_d="1.000000" m_tx="0.010670" m_ty="-4.875111"/>
   <element name="bg" layername="bg" frame="0" z_index="5" m_a="1.000000" m_b="0.000000" m_c="0.000000" m_d="1.000000" m_tx="-86.549004" m_ty="-87.598999"/>
   <element name="bg2" layername="bg2" frame="0" z_index="6" m_a="1.000000" m_b="0.000000" m_c="0.000000" m_d="1.000000" m_tx="-86.749001" m_ty="-87.749001"/>
   <element name="stomach" layername="stomach" frame="0" z_index="1" m_a="0.811286" m_b="0.000000" m_c="0.000000" m_d="0.772348" m_tx="-22.917032" m_ty="-24.524073"/>
  </frame>
  <frame idx="650" w="100" h="103" x="-10.323597" y="-8.808937">
   <element name="frame_circle" layername="frame_circle" frame="0" z_index="2" m_a="1.000000" m_b="0.000000" m_c="0.000000" m_d="1.000000" m_tx="0.500000" m_ty="-0.649000"/>
   <element name="heart" layername="heart" frame="3" z_index="3" m_a="1.000000" m_b="0.000000" m_c="0.000000" m_d="1.000000" m_tx="0.711401" m_ty="-0.927072"/>
   <element name="health_level" layername="health_level" frame="19" z_index="4" m_a="1.000000" m_b="0.000000" m_c="0.000000" m_d="1.000000" m_tx="0.016560" m_ty="0.000004"/>
   <element name="bg" layername="bg" frame="0" z_index="5" m_a="1.000000" m_b="0.000000" m_c="0.000000" m_d="1.000000" m_tx="-86.549004" m_ty="-87.598999"/>
   <element name="bg2" layername="bg2" frame="0" z_index="6" m_a="1.000000" m_b="0.000000" m_c="0.000000" m_d="1.000000" m_tx="-86.749001" m_ty="-87.749001"/>
   <element name="stomach" layername="stomach" frame="0" z_index="1" m_a="0.811286" m_b="0.000000" m_c="0.000000" m_d="0.772348" m_tx="-22.917032" m_ty="-24.524073"/>
  </frame>
  <frame idx="675" w="100" h="103" x="-10.323597" y="-8.808937">
   <element name="frame_circle" layername="frame_circle" frame="0" z_index="2" m_a="1.000000" m_b="0.000000" m_c="0.000000" m_d="1.000000" m_tx="0.500000" m_ty="-0.649000"/>
   <element name="heart" layername="heart" frame="3" z_index="3" m_a="1.000000" m_b="0.000000" m_c="0.000000" m_d="1.000000" m_tx="0.711401" m_ty="-0.927072"/>
   <element name="health_level" layername="health_level" frame="20" z_index="4" m_a="1.000000" m_b="0.000000" m_c="0.000000" m_d="1.000000" m_tx="0.004554" m_ty="-2.032356"/>
   <element name="bg" layername="bg" frame="0" z_index="5" m_a="1.000000" m_b="0.000000" m_c="0.000000" m_d="1.000000" m_tx="-86.549004" m_ty="-87.598999"/>
   <element name="bg2" layername="bg2" frame="0" z_index="6" m_a="1.000000" m_b="0.000000" m_c="0.000000" m_d="1.000000" m_tx="-86.749001" m_ty="-87.749001"/>
   <element name="stomach" layername="stomach" frame="0" z_index="1" m_a="0.811286" m_b="0.000000" m_c="0.000000" m_d="0.772348" m_tx="-22.917032" m_ty="-24.524073"/>
  </frame>
  <frame idx="700" w="100" h="103" x="-10.323597" y="-8.808937">
   <element name="frame_circle" layername="frame_circle" frame="0" z_index="2" m_a="1.000000" m_b="0.000000" m_c="0.000000" m_d="1.000000" m_tx="0.500000" m_ty="-0.649000"/>
   <element name="heart" layername="heart" frame="3" z_index="3" m_a="1.000000" m_b="0.000000" m_c="0.000000" m_d="1.000000" m_tx="0.711401" m_ty="-0.927072"/>
   <element name="health_level" layername="health_level" frame="21" z_index="4" m_a="1.000000" m_b="0.000000" m_c="0.000000" m_d="1.000000" m_tx="0.000011" m_ty="-0.000011"/>
   <element name="bg" layername="bg" frame="0" z_index="5" m_a="1.000000" m_b="0.000000" m_c="0.000000" m_d="1.000000" m_tx="-86.549004" m_ty="-87.598999"/>
   <element name="bg2" layername="bg2" frame="0" z_index="6" m_a="1.000000" m_b="0.000000" m_c="0.000000" m_d="1.000000" m_tx="-86.749001" m_ty="-87.749001"/>
   <element name="stomach" layername="stomach" frame="0" z_index="1" m_a="0.811286" m_b="0.000000" m_c="0.000000" m_d="0.772348" m_tx="-22.917032" m_ty="-24.524073"/>
  </frame>
  <frame idx="725" w="100" h="103" x="-10.323597" y="-8.808937">
   <element name="frame_circle" layername="frame_circle" frame="0" z_index="2" m_a="1.000000" m_b="0.000000" m_c="0.000000" m_d="1.000000" m_tx="0.500000" m_ty="-0.649000"/>
   <element name="heart" layername="heart" frame="3" z_index="3" m_a="1.000000" m_b="0.000000" m_c="0.000000" m_d="1.000000" m_tx="0.711401" m_ty="-0.927072"/>
   <element name="health_level" layername="health_level" frame="21" z_index="4" m_a="1.000000" m_b="0.000000" m_c="0.000000" m_d="1.000000" m_tx="0.000013" m_ty="-0.000011"/>
   <element name="bg" layername="bg" frame="0" z_index="5" m_a="1.000000" m_b="0.000000" m_c="0.000000" m_d="1.000000" m_tx="-86.549004" m_ty="-87.598999"/>
   <element name="bg2" layername="bg2" frame="0" z_index="6" m_a="1.000000" m_b="0.000000" m_c="0.000000" m_d="1.000000" m_tx="-86.749001" m_ty="-87.749001"/>
   <element name="stomach" layername="stomach" frame="0" z_index="1" m_a="0.811286" m_b="0.000000" m_c="0.000000" m_d="0.772348" m_tx="-22.917032" m_ty="-24.524073"/>
  </frame>
 </anim>
</Anims>
