<Anims>
 <anim name="idle" root="boilbook" numframes="50" framerate="40">
  <frame idx="0" w="239" h="191" x="-7.099922" y="-31.525002">
   <element name="book_swap" layername="boilboo" frame="0" z_index="1" m_a="1.000000" m_b="0.000000" m_c="0.000000" m_d="1.000000" m_tx="-0.200000" m_ty="-27.100000"/>
  </frame>
  <frame idx="25" w="239" h="191" x="-7.099922" y="-31.525002">
   <element name="book_swap" layername="boilboo" frame="0" z_index="1" m_a="1.000000" m_b="0.000000" m_c="0.000000" m_d="1.000000" m_tx="-0.200000" m_ty="-27.100000"/>
  </frame>
 </anim>
</Anims>
