<Anims>
 <anim name="idle" root="bottle_banana" numframes="25" framerate="40">
  <frame idx="0" w="71" h="98" x="0.000000" y="-25.000000">
   <element name="bottle_banana" layername="bottle_banana" frame="0" z_index="37" m_a="1.000000" m_b="0.000000" m_c="0.000000" m_d="1.000000" m_tx="0.000000" m_ty="0.000000"/>
  </frame>
 </anim>
 <anim name="idle" root="bottle_berries" numframes="25" framerate="40">
  <frame idx="0" w="71" h="98" x="0.000000" y="-25.000000">
   <element name="bottle_berries" layername="bottle_berries" frame="0" z_index="37" m_a="1.000000" m_b="0.000000" m_c="0.000000" m_d="1.000000" m_tx="0.000000" m_ty="0.000000"/>
  </frame>
 </anim>
 <anim name="idle" root="bottle_blacktea" numframes="25" framerate="40">
  <frame idx="0" w="71" h="98" x="0.000000" y="-25.000000">
   <element name="bottle_blacktea" layername="bottle_blacktea" frame="0" z_index="37" m_a="1.000000" m_b="0.000000" m_c="0.000000" m_d="1.000000" m_tx="0.000000" m_ty="0.000000"/>
  </frame>
 </anim>
 <anim name="idle" root="bottle_cactus" numframes="25" framerate="40">
  <frame idx="0" w="71" h="98" x="0.000000" y="-25.000000">
   <element name="bottle_cactus" layername="bottle_cactus" frame="0" z_index="37" m_a="1.000000" m_b="0.000000" m_c="0.000000" m_d="1.000000" m_tx="0.000000" m_ty="0.000000"/>
  </frame>
 </anim>
 <anim name="idle" root="bottle_cactusflower" numframes="25" framerate="40">
  <frame idx="0" w="71" h="98" x="0.000000" y="-25.000000">
   <element name="bottle_cactusflower" layername="bottle_cactusflower" frame="0" z_index="37" m_a="1.000000" m_b="0.000000" m_c="0.000000" m_d="1.000000" m_tx="0.000000" m_ty="0.000000"/>
  </frame>
 </anim>
 <anim name="idle" root="bottle_carrot" numframes="25" framerate="40">
  <frame idx="0" w="71" h="98" x="0.000000" y="-25.000000">
   <element name="bottle_carrot" layername="bottle_carrot" frame="0" z_index="37" m_a="1.000000" m_b="0.000000" m_c="0.000000" m_d="1.000000" m_tx="0.000000" m_ty="0.000000"/>
  </frame>
 </anim>
 <anim name="idle" root="bottle_coffee" numframes="25" framerate="40">
  <frame idx="0" w="71" h="98" x="0.000000" y="-25.000000">
   <element name="bottle_coffee" layername="bottle_coffee" frame="0" z_index="37" m_a="1.000000" m_b="0.000000" m_c="0.000000" m_d="1.000000" m_tx="0.000000" m_ty="0.000000"/>
  </frame>
 </anim>
 <anim name="idle" root="bottle_dragonfruit" numframes="25" framerate="40">
  <frame idx="0" w="71" h="98" x="0.000000" y="-25.000000">
   <element name="bottle_dragonfruit" layername="bottle_dragonfruit" frame="0" z_index="37" m_a="1.000000" m_b="0.000000" m_c="0.000000" m_d="1.000000" m_tx="0.000000" m_ty="0.000000"/>
  </frame>
 </anim>
 <anim name="idle" root="bottle_fig" numframes="25" framerate="40">
  <frame idx="0" w="71" h="98" x="0.000000" y="-25.000000">
   <element name="bottle_fig" layername="bottle_fig" frame="0" z_index="37" m_a="1.000000" m_b="0.000000" m_c="0.000000" m_d="1.000000" m_tx="0.000000" m_ty="0.000000"/>
  </frame>
 </anim>
 <anim name="idle" root="bottle_fruit" numframes="25" framerate="40">
  <frame idx="0" w="71" h="98" x="0.000000" y="-25.000000">
   <element name="bottle_fruit" layername="bottle_fruit" frame="0" z_index="37" m_a="1.000000" m_b="0.000000" m_c="0.000000" m_d="1.000000" m_tx="0.000000" m_ty="0.000000"/>
  </frame>
 </anim>
 <anim name="idle" root="bottle_fuer" numframes="25" framerate="40">
  <frame idx="0" w="71" h="98" x="0.000000" y="-25.000000">
   <element name="bottle_fuer" layername="bottle_fuer" frame="0" z_index="37" m_a="1.000000" m_b="0.000000" m_c="0.000000" m_d="1.000000" m_tx="0.000000" m_ty="0.000000"/>
  </frame>
 </anim>
 <anim name="idle" root="bottle_glowberry" numframes="25" framerate="40">
  <frame idx="0" w="71" h="98" x="0.000000" y="-25.000000">
   <element name="bottle_glowberry" layername="bottle_glowberry" frame="0" z_index="37" m_a="1.000000" m_b="0.000000" m_c="0.000000" m_d="1.000000" m_tx="0.000000" m_ty="0.000000"/>
  </frame>
 </anim>
 <anim name="idle" root="bottle_greentea" numframes="25" framerate="40">
  <frame idx="0" w="71" h="98" x="0.000000" y="-25.000000">
   <element name="bottle_greentea" layername="bottle_greentea" frame="0" z_index="37" m_a="1.000000" m_b="0.000000" m_c="0.000000" m_d="1.000000" m_tx="0.000000" m_ty="0.000000"/>
  </frame>
 </anim>
 <anim name="idle" root="bottle_hibiscus" numframes="25" framerate="40">
  <frame idx="0" w="71" h="98" x="0.000000" y="-25.000000">
   <element name="bottle_hibiscus" layername="bottle_hibiscus" frame="0" z_index="37" m_a="1.000000" m_b="0.000000" m_c="0.000000" m_d="1.000000" m_tx="0.000000" m_ty="0.000000"/>
  </frame>
 </anim>
 <anim name="idle" root="bottle_lotusflower" numframes="25" framerate="40">
  <frame idx="0" w="71" h="98" x="0.000000" y="-25.000000">
   <element name="bottle_lotusflower" layername="bottle_lotusflower" frame="0" z_index="37" m_a="1.000000" m_b="0.000000" m_c="0.000000" m_d="1.000000" m_tx="0.000000" m_ty="0.000000"/>
  </frame>
 </anim>
 <anim name="idle" root="bottle_mixflower" numframes="25" framerate="40">
  <frame idx="0" w="71" h="98" x="0.000000" y="-25.000000">
   <element name="bottle_mixflower" layername="bottle_mixflower" frame="0" z_index="37" m_a="1.000000" m_b="0.000000" m_c="0.000000" m_d="1.000000" m_tx="0.000000" m_ty="0.000000"/>
  </frame>
 </anim>
 <anim name="idle" root="bottle_mulled" numframes="25" framerate="40">
  <frame idx="0" w="71" h="98" x="0.000000" y="-25.000000">
   <element name="bottle_mulled" layername="bottle_mulled" frame="0" z_index="37" m_a="1.000000" m_b="0.000000" m_c="0.000000" m_d="1.000000" m_tx="0.000000" m_ty="0.000000"/>
  </frame>
 </anim>
 <anim name="idle" root="bottle_pomegranate" numframes="25" framerate="40">
  <frame idx="0" w="71" h="98" x="0.000000" y="-25.000000">
   <element name="bottle_pomegranate" layername="bottle_pomegranate" frame="0" z_index="37" m_a="1.000000" m_b="0.000000" m_c="0.000000" m_d="1.000000" m_tx="0.000000" m_ty="0.000000"/>
  </frame>
 </anim>
 <anim name="idle" root="bottle_sus_hibiscus" numframes="25" framerate="40">
  <frame idx="0" w="71" h="98" x="0.000000" y="-25.000000">
   <element name="bottle_sus_hibiscus" layername="bottle_sus_hibiscus" frame="0" z_index="37" m_a="1.000000" m_b="0.000000" m_c="0.000000" m_d="1.000000" m_tx="0.000000" m_ty="0.000000"/>
  </frame>
 </anim>
 <anim name="idle" root="bottle_vagge" numframes="25" framerate="40">
  <frame idx="0" w="71" h="98" x="0.000000" y="-25.000000">
   <element name="bottle_vagge" layername="bottle_vagge" frame="0" z_index="37" m_a="1.000000" m_b="0.000000" m_c="0.000000" m_d="1.000000" m_tx="0.000000" m_ty="0.000000"/>
  </frame>
 </anim>
 <anim name="idle" root="bottle_cola" numframes="25" framerate="40">
  <frame idx="0" w="69" h="97" x="2.000000" y="-24.000000">
   <element name="bottle_cola" layername="bottle_cola" frame="0" z_index="37" m_a="1.000000" m_b="0.000000" m_c="0.000000" m_d="1.000000" m_tx="0.000000" m_ty="0.000000"/>
  </frame>
 </anim>
 <anim name="idle" root="bottle_colaquantum" numframes="25" framerate="40">
  <frame idx="0" w="69" h="97" x="2.000000" y="-24.000000">
   <element name="bottle_colaquantum" layername="bottle_colaquantum" frame="0" z_index="37" m_a="1.000000" m_b="0.000000" m_c="0.000000" m_d="1.000000" m_tx="0.000000" m_ty="0.000000"/>
  </frame>
 </anim>
 <anim name="idle" root="bottle_fruitsoda" numframes="25" framerate="40">
  <frame idx="0" w="69" h="97" x="2.000000" y="-24.000000">
   <element name="bottle_fruitsoda" layername="bottle_fruitsoda" frame="0" z_index="37" m_a="1.000000" m_b="0.000000" m_c="0.000000" m_d="1.000000" m_tx="0.000000" m_ty="0.000000"/>
  </frame>
 </anim>
 <anim name="idle" root="bottle_llsoda" numframes="25" framerate="40">
  <frame idx="0" w="69" h="97" x="2.000000" y="-24.000000">
   <element name="bottle_llsoda" layername="bottle_llsoda" frame="0" z_index="37" m_a="1.000000" m_b="0.000000" m_c="0.000000" m_d="1.000000" m_tx="0.000000" m_ty="0.000000"/>
  </frame>
 </anim>
 <anim name="idle" root="bottle_soda" numframes="25" framerate="40">
  <frame idx="0" w="69" h="97" x="2.000000" y="-24.000000">
   <element name="bottle_soda" layername="bottle_soda" frame="0" z_index="37" m_a="1.000000" m_b="0.000000" m_c="0.000000" m_d="1.000000" m_tx="0.000000" m_ty="0.000000"/>
  </frame>
 </anim>
 <anim name="idle" root="bottle_beer" numframes="25" framerate="40">
  <frame idx="0" w="71" h="101" x="0.000000" y="-27.000000">
   <element name="bottle_beer" layername="bottle_beer" frame="0" z_index="37" m_a="1.000000" m_b="0.000000" m_c="0.000000" m_d="1.000000" m_tx="0.000000" m_ty="0.000000"/>
  </frame>
 </anim>
 <anim name="idle" root="bottle_fruitwine" numframes="25" framerate="40">
  <frame idx="0" w="71" h="101" x="0.000000" y="-27.000000">
   <element name="bottle_fruitwine" layername="bottle_fruitwine" frame="0" z_index="37" m_a="1.000000" m_b="0.000000" m_c="0.000000" m_d="1.000000" m_tx="0.000000" m_ty="0.000000"/>
  </frame>
 </anim>
 <anim name="idle" root="bottle_ginsengwine" numframes="25" framerate="40">
  <frame idx="0" w="71" h="101" x="0.000000" y="-27.000000">
   <element name="bottle_ginsengwine" layername="bottle_ginsengwine" frame="0" z_index="37" m_a="1.000000" m_b="0.000000" m_c="0.000000" m_d="1.000000" m_tx="0.000000" m_ty="0.000000"/>
  </frame>
 </anim>
 <anim name="idle" root="bottle_glowwine" numframes="25" framerate="40">
  <frame idx="0" w="71" h="101" x="0.000000" y="-27.000000">
   <element name="bottle_glowwine" layername="bottle_glowwine" frame="0" z_index="37" m_a="1.000000" m_b="0.000000" m_c="0.000000" m_d="1.000000" m_tx="0.000000" m_ty="0.000000"/>
  </frame>
 </anim>
 <anim name="idle" root="bottle_mead" numframes="25" framerate="40">
  <frame idx="0" w="71" h="101" x="0.000000" y="-27.000000">
   <element name="bottle_mead" layername="bottle_mead" frame="0" z_index="37" m_a="1.000000" m_b="0.000000" m_c="0.000000" m_d="1.000000" m_tx="0.000000" m_ty="0.000000"/>
  </frame>
 </anim>
 <anim name="idle" root="bottle_pulqu" numframes="25" framerate="40">
  <frame idx="0" w="71" h="101" x="0.000000" y="-27.000000">
   <element name="bottle_pulqu" layername="bottle_pulqu" frame="0" z_index="37" m_a="1.000000" m_b="0.000000" m_c="0.000000" m_d="1.000000" m_tx="0.000000" m_ty="0.000000"/>
  </frame>
 </anim>
 <anim name="idle" root="bottle_wine" numframes="25" framerate="40">
  <frame idx="0" w="71" h="101" x="0.000000" y="-27.000000">
   <element name="bottle_wine" layername="bottle_wine" frame="0" z_index="37" m_a="1.000000" m_b="0.000000" m_c="0.000000" m_d="1.000000" m_tx="0.000000" m_ty="0.000000"/>
  </frame>
 </anim>
 <anim name="idle" root="bottle_water" numframes="25" framerate="40">
  <frame idx="0" w="71" h="98" x="0.000000" y="-25.000000">
   <element name="bottle_water" layername="bottle_water" frame="0" z_index="37" m_a="1.000000" m_b="0.000000" m_c="0.000000" m_d="1.000000" m_tx="0.000000" m_ty="0.000000"/>
  </frame>
 </anim>
 <anim name="idle" root="bottle_strang" numframes="25" framerate="40">
  <frame idx="0" w="71" h="98" x="0.000000" y="-25.000000">
   <element name="bottle_strang" layername="bottle_strang" frame="0" z_index="37" m_a="1.000000" m_b="0.000000" m_c="0.000000" m_d="1.000000" m_tx="0.000000" m_ty="0.000000"/>
  </frame>
 </anim>
 <anim name="idle" root="bottle_salt" numframes="25" framerate="40">
  <frame idx="0" w="71" h="98" x="0.000000" y="-25.000000">
   <element name="bottle_salt" layername="bottle_salt" frame="0" z_index="37" m_a="1.000000" m_b="0.000000" m_c="0.000000" m_d="1.000000" m_tx="0.000000" m_ty="0.000000"/>
  </frame>
 </anim>
 <anim name="idle" root="bottle_garbage" numframes="25" framerate="40">
  <frame idx="0" w="71" h="98" x="0.000000" y="-25.000000">
   <element name="bottle_garbage" layername="bottle_garbage" frame="0" z_index="37" m_a="1.000000" m_b="0.000000" m_c="0.000000" m_d="1.000000" m_tx="0.000000" m_ty="0.000000"/>
  </frame>
 </anim>
 <anim name="idle" root="bottle_drity" numframes="25" framerate="40">
  <frame idx="0" w="71" h="98" x="0.000000" y="-25.000000">
   <element name="bottle_drity" layername="bottle_drity" frame="0" z_index="37" m_a="1.000000" m_b="0.000000" m_c="0.000000" m_d="1.000000" m_tx="0.000000" m_ty="0.000000"/>
  </frame>
 </anim>
</Anims>
