<Anims>
 <anim name="idle" root="quagmire_flour2" numframes="125" framerate="40">
  <frame idx="0" w="183" h="207" x="-14.125008" y="-43.175056">
   <element name="quagmire_flour01" layername="quagmire_flou" frame="0" z_index="1" m_a="1.000000" m_b="0.000000" m_c="0.000000" m_d="1.000000" m_tx="0.000000" m_ty="0.000000"/>
  </frame>
  <frame idx="25" w="183" h="207" x="-14.125008" y="-43.175056">
   <element name="quagmire_flour01" layername="quagmire_flou" frame="0" z_index="1" m_a="1.000000" m_b="0.000000" m_c="0.000000" m_d="1.000000" m_tx="0.000000" m_ty="0.000000"/>
  </frame>
  <frame idx="50" w="183" h="207" x="-14.125008" y="-43.175056">
   <element name="quagmire_flour01" layername="quagmire_flou" frame="0" z_index="1" m_a="1.000000" m_b="0.000000" m_c="0.000000" m_d="1.000000" m_tx="0.000000" m_ty="0.000000"/>
  </frame>
  <frame idx="75" w="183" h="207" x="-14.125008" y="-43.175056">
   <element name="quagmire_flour01" layername="quagmire_flou" frame="0" z_index="1" m_a="1.000000" m_b="0.000000" m_c="0.000000" m_d="1.000000" m_tx="0.000000" m_ty="0.000000"/>
  </frame>
  <frame idx="100" w="183" h="207" x="-14.125008" y="-43.175056">
   <element name="quagmire_flour01" layername="quagmire_flou" frame="0" z_index="1" m_a="1.000000" m_b="0.000000" m_c="0.000000" m_d="1.000000" m_tx="0.000000" m_ty="0.000000"/>
  </frame>
 </anim>
</Anims>
