<Anims>
 <anim name="idle" root="well_sprinkler_placement" numframes="125" framerate="40">
  <frame idx="0" w="2086" h="2086" x="0.000000" y="0.000000">
   <element name="well_sprinkler_placement" layername="well_sprinkler_placement" frame="0" z_index="1" m_a="1.000000" m_b="0.000000" m_c="0.000000" m_d="1.000000" m_tx="0.000000" m_ty="0.000000"/>
  </frame>
  <frame idx="25" w="2086" h="2086" x="0.000000" y="0.000000">
   <element name="well_sprinkler_placement" layername="well_sprinkler_placement" frame="0" z_index="1" m_a="1.000000" m_b="0.000000" m_c="0.000000" m_d="1.000000" m_tx="0.000000" m_ty="0.000000"/>
  </frame>
  <frame idx="50" w="2086" h="2086" x="0.000000" y="0.000000">
   <element name="well_sprinkler_placement" layername="well_sprinkler_placement" frame="0" z_index="1" m_a="1.000000" m_b="0.000000" m_c="0.000000" m_d="1.000000" m_tx="0.000000" m_ty="0.000000"/>
  </frame>
  <frame idx="75" w="2086" h="2086" x="0.000000" y="0.000000">
   <element name="well_sprinkler_placement" layername="well_sprinkler_placement" frame="0" z_index="1" m_a="1.000000" m_b="0.000000" m_c="0.000000" m_d="1.000000" m_tx="0.000000" m_ty="0.000000"/>
  </frame>
  <frame idx="100" w="2086" h="2086" x="0.000000" y="0.000000">
   <element name="well_sprinkler_placement" layername="well_sprinkler_placement" frame="0" z_index="1" m_a="1.000000" m_b="0.000000" m_c="0.000000" m_d="1.000000" m_tx="0.000000" m_ty="0.000000"/>
  </frame>
 </anim>
</Anims>
