<Anims>
 <anim name="idle_tealeaves" root="tealeaves" numframes="50" framerate="40">
  <frame idx="0" w="238" h="74" x="-35.385452" y="-15.579916">
   <element name="shadow" layername="shadow" frame="0" z_index="6" m_a="0.448221" m_b="0.000000" m_c="0.000000" m_d="0.562903" m_tx="-0.629008" m_ty="4.803494"/>
   <element name="tealeaves" layername="tealeaves_dried" frame="0" z_index="5" m_a="1.399292" m_b="0.026603" m_c="-0.013608" m_d="0.715756" m_tx="-2.696595" m_ty="-8.869757"/>
  </frame>
  <frame idx="25" w="238" h="74" x="-35.385452" y="-15.579916">
   <element name="shadow" layername="shadow" frame="0" z_index="6" m_a="0.448221" m_b="0.000000" m_c="0.000000" m_d="0.562903" m_tx="-0.629008" m_ty="4.803494"/>
   <element name="tealeaves" layername="tealeaves_dried" frame="0" z_index="5" m_a="1.399292" m_b="0.026603" m_c="-0.013608" m_d="0.715756" m_tx="-2.696595" m_ty="-8.869757"/>
  </frame>
 </anim>
 <anim name="idle_tealeaves_dried" root="tealeaves" numframes="50" framerate="40">
  <frame idx="0" w="238" h="74" x="-35.385452" y="-15.579916">
   <element name="shadow" layername="shadow" frame="0" z_index="6" m_a="0.448221" m_b="0.000000" m_c="0.000000" m_d="0.562903" m_tx="-0.629008" m_ty="4.803494"/>
   <element name="tealeaves" layername="tealeaves_dried" frame="1" z_index="5" m_a="1.399292" m_b="0.026603" m_c="-0.013608" m_d="0.715756" m_tx="-2.696595" m_ty="-8.869757"/>
  </frame>
  <frame idx="25" w="238" h="74" x="-35.385452" y="-15.579916">
   <element name="shadow" layername="shadow" frame="0" z_index="6" m_a="0.448221" m_b="0.000000" m_c="0.000000" m_d="0.562903" m_tx="-0.629008" m_ty="4.803494"/>
   <element name="tealeaves" layername="tealeaves_dried" frame="1" z_index="5" m_a="1.399292" m_b="0.026603" m_c="-0.013608" m_d="0.715756" m_tx="-2.696595" m_ty="-8.869757"/>
  </frame>
 </anim>
 <anim name="tealeaves" root="tealeaves" numframes="50" framerate="40">
  <frame idx="0" w="389" h="427" x="-134.361908" y="-169.685577">
   <element name="tealeaves" layername="tealeaves" frame="0" z_index="6" m_a="-0.900648" m_b="2.504928" m_c="-2.504928" m_d="-0.900648" m_tx="6.616541" m_ty="-189.022552"/>
  </frame>
  <frame idx="25" w="389" h="427" x="-134.361908" y="-169.685577">
   <element name="tealeaves" layername="tealeaves" frame="0" z_index="6" m_a="-0.900648" m_b="2.504928" m_c="-2.504928" m_d="-0.900648" m_tx="6.616541" m_ty="-189.022552"/>
  </frame>
 </anim>
 <anim name="tealeaves_dried" root="tealeaves" numframes="50" framerate="40">
  <frame idx="0" w="389" h="427" x="-134.361908" y="-169.685577">
   <element name="tealeaves" layername="tealeaves" frame="1" z_index="6" m_a="-0.900648" m_b="2.504928" m_c="-2.504928" m_d="-0.900648" m_tx="6.616541" m_ty="-189.022552"/>
  </frame>
  <frame idx="25" w="389" h="427" x="-134.361908" y="-169.685577">
   <element name="tealeaves" layername="tealeaves" frame="1" z_index="6" m_a="-0.900648" m_b="2.504928" m_c="-2.504928" m_d="-0.900648" m_tx="6.616541" m_ty="-189.022552"/>
  </frame>
 </anim>
</Anims>
