<Anims>
 <anim name="idle" root="tea_seed" numframes="25" framerate="40">
  <frame idx="0" w="190" h="169" x="-24.500000" y="-21.750000">
   <element name="tea_seed" layername="tea_seed_item" frame="3" z_index="11" m_a="0.750000" m_b="0.000000" m_c="0.000000" m_d="0.750000" m_tx="0.000000" m_ty="0.000000"/>
  </frame>
 </anim>
 <anim name="cooked" root="tea_seed" numframes="25" framerate="40">
  <frame idx="0" w="194" h="222" x="-28.687271" y="-69.925659">
   <element name="tea_seed" layername="tea_seed_item" frame="2" z_index="11" m_a="0.750000" m_b="0.000000" m_c="0.000000" m_d="0.750000" m_tx="4.607638" m_ty="2.574405"/>
  </frame>
 </anim>
 <anim name="planted" root="tea_seed" numframes="25" framerate="40">
  <frame idx="0" w="270" h="310" x="-24.948051" y="-58.168869">
   <element name="tea_seed" layername="Ground" frame="1" z_index="9" m_a="1.000000" m_b="0.000000" m_c="0.000000" m_d="1.000000" m_tx="0.549451" m_ty="-1.369104"/>
   <element name="tea_seed" layername="tea_seed_A" frame="0" z_index="10" m_a="1.300000" m_b="0.000000" m_c="0.000000" m_d="1.300000" m_tx="-0.823045" m_ty="-14.318819"/>
   <element name="tea_seed_ground" layername="shadow" frame="0" z_index="11" m_a="0.632425" m_b="0.000000" m_c="0.000000" m_d="0.634196" m_tx="4.426949" m_ty="1.116195"/>
  </frame>
 </anim>
 <anim name="growth" root="tea_seed" numframes="750" framerate="40">
  <frame idx="0" w="270" h="310" x="-24.948051" y="-58.168869">
   <element name="tea_seed" layername="Ground" frame="1" z_index="9" m_a="1.000000" m_b="0.000000" m_c="0.000000" m_d="1.000000" m_tx="0.549451" m_ty="-1.369104"/>
   <element name="tea_seed" layername="tea_seed_A" frame="0" z_index="10" m_a="1.300000" m_b="0.000000" m_c="0.000000" m_d="1.300000" m_tx="-0.823045" m_ty="-14.318819"/>
   <element name="tea_seed_ground" layername="shadow" frame="0" z_index="11" m_a="0.632425" m_b="0.000000" m_c="0.000000" m_d="0.634196" m_tx="4.426949" m_ty="1.116195"/>
  </frame>
  <frame idx="25" w="267" h="316" x="-27.795853" y="-52.224442">
   <element name="tea_seed" layername="Ground" frame="1" z_index="9" m_a="1.000000" m_b="0.000000" m_c="0.000000" m_d="1.000000" m_tx="0.549451" m_ty="-1.369104"/>
   <element name="tea_seed" layername="tea_seed_A" frame="0" z_index="10" m_a="1.250473" m_b="0.000000" m_c="0.000000" m_d="1.369525" m_tx="-0.823045" m_ty="-14.318819"/>
   <element name="tea_seed_ground" layername="shadow" frame="0" z_index="11" m_a="0.657786" m_b="0.000000" m_c="0.000000" m_d="0.634196" m_tx="4.426949" m_ty="1.116195"/>
  </frame>
  <frame idx="50" w="263" h="323" x="-30.511818" y="-46.279999">
   <element name="tea_seed" layername="Ground" frame="1" z_index="9" m_a="1.000000" m_b="0.000000" m_c="0.000000" m_d="1.000000" m_tx="0.549451" m_ty="-1.369104"/>
   <element name="tea_seed" layername="tea_seed_A" frame="0" z_index="10" m_a="1.200946" m_b="0.000000" m_c="0.000000" m_d="1.439051" m_tx="-0.823045" m_ty="-14.318820"/>
   <element name="tea_seed_ground" layername="shadow" frame="0" z_index="11" m_a="0.683148" m_b="0.000000" m_c="0.000000" m_d="0.634196" m_tx="4.426949" m_ty="1.116195"/>
  </frame>
  <frame idx="75" w="274" h="294" x="-20.877434" y="-71.916489">
   <element name="tea_seed" layername="Ground" frame="1" z_index="9" m_a="1.000000" m_b="0.000000" m_c="0.000000" m_d="1.000000" m_tx="0.549451" m_ty="-1.369104"/>
   <element name="tea_seed" layername="tea_seed_A" frame="0" z_index="10" m_a="1.367215" m_b="0.000000" m_c="0.000000" m_d="1.139209" m_tx="-0.411523" m_ty="-14.318820"/>
   <element name="tea_seed_ground" layername="shadow" frame="0" z_index="11" m_a="0.708510" m_b="0.000000" m_c="0.000000" m_d="0.634196" m_tx="4.426949" m_ty="1.116195"/>
  </frame>
  <frame idx="100" w="285" h="292" x="-11.111198" y="-74.343971">
   <element name="tea_seed" layername="Ground" frame="1" z_index="9" m_a="1.000000" m_b="0.000000" m_c="0.000000" m_d="1.000000" m_tx="0.549451" m_ty="-1.369104"/>
   <element name="tea_seed" layername="tea_seed_A" frame="0" z_index="10" m_a="1.533484" m_b="0.000000" m_c="0.000000" m_d="0.839367" m_tx="0.000000" m_ty="-14.318820"/>
   <element name="tea_seed_ground" layername="shadow" frame="0" z_index="11" m_a="0.733871" m_b="0.000000" m_c="0.000000" m_d="0.634196" m_tx="4.426949" m_ty="1.116195"/>
  </frame>
  <frame idx="125" w="269" h="300" x="-26.017021" y="-67.593750">
   <element name="tea_seed" layername="Ground" frame="1" z_index="9" m_a="1.000000" m_b="0.000000" m_c="0.000000" m_d="1.000000" m_tx="0.549451" m_ty="-1.369104"/>
   <element name="tea_seed" layername="tea_seed_A" frame="0" z_index="10" m_a="1.274252" m_b="0.000000" m_c="0.000000" m_d="1.189767" m_tx="0.000000" m_ty="-14.318820"/>
   <element name="tea_seed_ground" layername="shadow" frame="0" z_index="11" m_a="0.652043" m_b="0.000000" m_c="0.000000" m_d="0.634196" m_tx="4.426949" m_ty="1.116195"/>
  </frame>
  <frame idx="150" w="263" h="333" x="-30.511818" y="-37.634521">
   <element name="tea_seed" layername="Ground" frame="1" z_index="9" m_a="1.000000" m_b="0.000000" m_c="0.000000" m_d="1.000000" m_tx="0.549451" m_ty="-1.369104"/>
   <element name="tea_seed" layername="tea_seed_A" frame="0" z_index="10" m_a="1.015021" m_b="0.000000" m_c="0.000000" m_d="1.540168" m_tx="0.000000" m_ty="-14.318820"/>
   <element name="tea_seed_ground" layername="shadow" frame="0" z_index="11" m_a="0.570216" m_b="0.000000" m_c="0.000000" m_d="0.634196" m_tx="4.426949" m_ty="1.116195"/>
  </frame>
  <frame idx="175" w="261" h="328" x="-34.539330" y="-41.358406">
   <element name="tea_seed" layername="Ground" frame="1" z_index="9" m_a="0.951515" m_b="0.000000" m_c="0.000000" m_d="0.951515" m_tx="0.549451" m_ty="-1.369104"/>
   <element name="tea_seed" layername="tea_seed_A" frame="0" z_index="10" m_a="0.838743" m_b="0.000000" m_c="0.000000" m_d="1.496614" m_tx="0.000000" m_ty="-14.318820"/>
   <element name="tea_seed_ground" layername="shadow" frame="0" z_index="11" m_a="0.571632" m_b="0.000000" m_c="0.000000" m_d="0.610969" m_tx="3.353749" m_ty="0.845602"/>
  </frame>
  <frame idx="200" w="383" h="448" x="23.515778" y="-128.864395">
   <element name="tea_seed" layername="Ground" frame="1" z_index="9" m_a="0.800000" m_b="0.000000" m_c="0.000000" m_d="0.800000" m_tx="0.549451" m_ty="-1.369104"/>
   <element name="tea_seed" layername="tea_seed_A" frame="0" z_index="10" m_a="0.838743" m_b="0.000000" m_c="0.000000" m_d="0.615906" m_tx="0.000000" m_ty="-14.318820"/>
   <element name="tea_seed_ground" layername="shadow" frame="0" z_index="11" m_a="0.749941" m_b="0.000000" m_c="0.000000" m_d="0.538385" m_tx="0.000000" m_ty="0.000000"/>
   <element name="tea_tree_trunk" layername="tea_tree_trunk_A" frame="1" z_index="8" m_a="1.134654" m_b="0.000000" m_c="0.000000" m_d="0.575510" m_tx="-3.000000" m_ty="0.507614"/>
   <element name="tea_tree_bush" layername="tea_tree_bush_a" frame="0" z_index="7" m_a="1.131783" m_b="0.000000" m_c="0.000000" m_d="0.614303" m_tx="4.320519" m_ty="-107.103058"/>
   <element name="tea_tree_bush" layername="tea_tree_bush_b" frame="1" z_index="6" m_a="1.120238" m_b="0.000000" m_c="0.000000" m_d="0.685122" m_tx="7.368689" m_ty="-48.401344"/>
  </frame>
  <frame idx="225" w="378" h="453" x="18.686523" y="-124.709869">
   <element name="tea_seed" layername="Ground" frame="1" z_index="9" m_a="0.651003" m_b="0.000000" m_c="0.000000" m_d="0.644634" m_tx="0.549451" m_ty="-0.546059"/>
   <element name="tea_seed" layername="tea_seed_A" frame="0" z_index="10" m_a="0.672563" m_b="0.000000" m_c="0.000000" m_d="0.487049" m_tx="0.000000" m_ty="-13.988270"/>
   <element name="tea_seed_ground" layername="shadow" frame="0" z_index="11" m_a="0.788059" m_b="0.000000" m_c="0.000000" m_d="0.653789" m_tx="0.000000" m_ty="0.000000"/>
   <element name="tea_tree_trunk" layername="tea_tree_trunk_A" frame="1" z_index="8" m_a="1.046971" m_b="0.000000" m_c="0.000000" m_d="0.731414" m_tx="-3.000000" m_ty="0.507614"/>
   <element name="tea_tree_bush" layername="tea_tree_bush_a" frame="0" z_index="7" m_a="1.098837" m_b="0.000000" m_c="0.000000" m_d="0.795120" m_tx="5.349931" m_ty="-142.397171"/>
   <element name="tea_tree_bush" layername="tea_tree_bush_b" frame="1" z_index="6" m_a="1.090178" m_b="0.000000" m_c="0.000000" m_d="0.786230" m_tx="8.545159" m_ty="-72.371933"/>
  </frame>
  <frame idx="250" w="372" h="457" x="13.864014" y="-120.555328">
   <element name="tea_seed" layername="Ground" frame="1" z_index="9" m_a="0.502007" m_b="0.000000" m_c="0.000000" m_d="0.489269" m_tx="0.549451" m_ty="0.276986"/>
   <element name="tea_seed" layername="tea_seed_A" frame="0" z_index="10" m_a="0.506384" m_b="0.000000" m_c="0.000000" m_d="0.358191" m_tx="0.000000" m_ty="-13.657720"/>
   <element name="tea_seed_ground" layername="shadow" frame="0" z_index="11" m_a="0.826177" m_b="0.000000" m_c="0.000000" m_d="0.769192" m_tx="0.000000" m_ty="0.000000"/>
   <element name="tea_tree_trunk" layername="tea_tree_trunk_A" frame="1" z_index="8" m_a="0.959288" m_b="0.000000" m_c="0.000000" m_d="0.887318" m_tx="-3.000000" m_ty="0.507614"/>
   <element name="tea_tree_bush" layername="tea_tree_bush_a" frame="0" z_index="7" m_a="1.065892" m_b="0.000000" m_c="0.000000" m_d="0.975936" m_tx="6.379342" m_ty="-177.691284"/>
   <element name="tea_tree_bush" layername="tea_tree_bush_b" frame="1" z_index="6" m_a="1.060119" m_b="0.000000" m_c="0.000000" m_d="0.887338" m_tx="9.721630" m_ty="-96.342514"/>
  </frame>
  <frame idx="275" w="368" h="480" x="9.041519" y="-121.897247">
   <element name="tea_seed" layername="Ground" frame="1" z_index="9" m_a="0.353011" m_b="0.000000" m_c="0.000000" m_d="0.333904" m_tx="0.549451" m_ty="1.100032"/>
   <element name="tea_seed" layername="tea_seed_A" frame="0" z_index="10" m_a="0.340204" m_b="0.000000" m_c="0.000000" m_d="0.229334" m_tx="0.000000" m_ty="-13.327169"/>
   <element name="tea_seed_ground" layername="shadow" frame="0" z_index="11" m_a="0.864296" m_b="0.000000" m_c="0.000000" m_d="0.884596" m_tx="0.000000" m_ty="0.000000"/>
   <element name="tea_tree_trunk" layername="tea_tree_trunk_A" frame="1" z_index="8" m_a="0.871606" m_b="0.000000" m_c="0.000000" m_d="1.043221" m_tx="-3.000000" m_ty="0.507614"/>
   <element name="tea_tree_bush" layername="tea_tree_bush_a" frame="0" z_index="7" m_a="1.032946" m_b="0.000000" m_c="0.000000" m_d="1.156752" m_tx="7.408754" m_ty="-212.985413"/>
   <element name="tea_tree_bush" layername="tea_tree_bush_b" frame="1" z_index="6" m_a="1.030059" m_b="0.000000" m_c="0.000000" m_d="0.988446" m_tx="10.898101" m_ty="-120.313103"/>
  </frame>
  <frame idx="300" w="362" h="557" x="4.219009" y="-122.158951">
   <element name="tea_seed" layername="Ground" frame="1" z_index="10" m_a="0.204014" m_b="0.000000" m_c="0.000000" m_d="0.178538" m_tx="0.549451" m_ty="1.923077"/>
   <element name="tea_seed" layername="tea_seed_A" frame="0" z_index="9" m_a="0.174025" m_b="0.000000" m_c="0.000000" m_d="0.100476" m_tx="0.000000" m_ty="-12.996619"/>
   <element name="tea_seed_ground" layername="shadow" frame="0" z_index="11" m_a="0.902414" m_b="0.000000" m_c="0.000000" m_d="1.000000" m_tx="0.000000" m_ty="0.000000"/>
   <element name="tea_tree_trunk" layername="tea_tree_trunk_A" frame="1" z_index="8" m_a="0.783923" m_b="0.000000" m_c="0.000000" m_d="1.199125" m_tx="-3.000000" m_ty="0.507614"/>
   <element name="tea_tree_bush" layername="tea_tree_bush_a" frame="0" z_index="7" m_a="1.000000" m_b="0.000000" m_c="0.000000" m_d="1.337569" m_tx="8.438166" m_ty="-248.279526"/>
   <element name="tea_tree_bush" layername="tea_tree_bush_b" frame="1" z_index="6" m_a="1.000000" m_b="0.000000" m_c="0.000000" m_d="1.089554" m_tx="12.074572" m_ty="-144.283691"/>
  </frame>
  <frame idx="325" w="367" h="506" x="8.249359" y="-123.746948">
   <element name="tea_seed" layername="Ground" frame="1" z_index="10" m_a="0.204014" m_b="0.000000" m_c="0.000000" m_d="0.178538" m_tx="0.549451" m_ty="1.923077"/>
   <element name="tea_seed" layername="tea_seed_A" frame="0" z_index="9" m_a="0.173106" m_b="0.000000" m_c="0.000000" m_d="0.101608" m_tx="-0.015849" m_ty="-13.148762"/>
   <element name="tea_seed_ground" layername="shadow" frame="0" z_index="11" m_a="0.956772" m_b="0.000000" m_c="0.000000" m_d="0.942607" m_tx="0.000000" m_ty="0.000000"/>
   <element name="tea_tree_trunk" layername="tea_tree_trunk_A" frame="1" z_index="8" m_a="0.865872" m_b="0.000000" m_c="0.000000" m_d="1.109093" m_tx="-3.000000" m_ty="0.507614"/>
   <element name="tea_tree_bush" layername="tea_tree_bush_a" frame="0" z_index="7" m_a="1.027930" m_b="0.000000" m_c="0.000000" m_d="1.212926" m_tx="7.449725" m_ty="-226.156555"/>
   <element name="tea_tree_bush" layername="tea_tree_bush_b" frame="1" z_index="6" m_a="1.027930" m_b="0.000000" m_c="0.000000" m_d="1.026915" m_tx="13.177902" m_ty="-127.827225"/>
  </frame>
  <frame idx="350" w="371" h="465" x="12.279755" y="-117.399124">
   <element name="tea_seed" layername="Ground" frame="1" z_index="10" m_a="0.204014" m_b="0.000000" m_c="0.000000" m_d="0.178538" m_tx="0.549451" m_ty="1.923077"/>
   <element name="tea_seed" layername="tea_seed_A" frame="0" z_index="9" m_a="0.172186" m_b="0.000000" m_c="0.000000" m_d="0.102740" m_tx="-0.031698" m_ty="-13.300905"/>
   <element name="tea_seed_ground" layername="shadow" frame="0" z_index="11" m_a="1.011129" m_b="0.000000" m_c="0.000000" m_d="0.885213" m_tx="0.000000" m_ty="0.000000"/>
   <element name="tea_tree_trunk" layername="tea_tree_trunk_A" frame="1" z_index="8" m_a="0.947821" m_b="0.000000" m_c="0.000000" m_d="1.019061" m_tx="-3.000000" m_ty="0.507614"/>
   <element name="tea_tree_bush" layername="tea_tree_bush_a" frame="0" z_index="7" m_a="1.055859" m_b="0.000000" m_c="0.000000" m_d="1.088283" m_tx="6.461284" m_ty="-204.033569"/>
   <element name="tea_tree_bush" layername="tea_tree_bush_b" frame="1" z_index="6" m_a="1.055859" m_b="0.000000" m_c="0.000000" m_d="0.964275" m_tx="14.281232" m_ty="-111.370750"/>
  </frame>
  <frame idx="375" w="376" h="459" x="16.310089" y="-118.444763">
   <element name="tea_seed" layername="Ground" frame="1" z_index="10" m_a="0.204014" m_b="0.000000" m_c="0.000000" m_d="0.178538" m_tx="0.549451" m_ty="1.923077"/>
   <element name="tea_seed" layername="tea_seed_A" frame="0" z_index="9" m_a="0.171267" m_b="0.000000" m_c="0.000000" m_d="0.103872" m_tx="-0.047547" m_ty="-13.453049"/>
   <element name="tea_seed_ground" layername="shadow" frame="0" z_index="11" m_a="1.065487" m_b="0.000000" m_c="0.000000" m_d="0.827819" m_tx="0.000000" m_ty="0.000000"/>
   <element name="tea_tree_trunk" layername="tea_tree_trunk_A" frame="1" z_index="8" m_a="1.029769" m_b="0.000000" m_c="0.000000" m_d="0.929029" m_tx="-3.000000" m_ty="0.507614"/>
   <element name="tea_tree_bush" layername="tea_tree_bush_a" frame="0" z_index="7" m_a="1.083789" m_b="0.000000" m_c="0.000000" m_d="0.963640" m_tx="5.472842" m_ty="-181.910599"/>
   <element name="tea_tree_bush" layername="tea_tree_bush_b" frame="1" z_index="6" m_a="1.083789" m_b="0.000000" m_c="0.000000" m_d="0.901636" m_tx="15.384562" m_ty="-94.914276"/>
  </frame>
  <frame idx="400" w="380" h="457" x="20.340454" y="-120.510925">
   <element name="tea_seed" layername="Ground" frame="1" z_index="10" m_a="0.204014" m_b="0.000000" m_c="0.000000" m_d="0.178538" m_tx="0.549451" m_ty="1.923077"/>
   <element name="tea_seed" layername="tea_seed_A" frame="0" z_index="9" m_a="0.170347" m_b="0.000000" m_c="0.000000" m_d="0.105004" m_tx="-0.063396" m_ty="-13.605191"/>
   <element name="tea_seed_ground" layername="shadow" frame="0" z_index="11" m_a="1.119845" m_b="0.000000" m_c="0.000000" m_d="0.770426" m_tx="0.000000" m_ty="0.000000"/>
   <element name="tea_tree_trunk" layername="tea_tree_trunk_A" frame="1" z_index="8" m_a="1.111718" m_b="0.000000" m_c="0.000000" m_d="0.838997" m_tx="-3.000000" m_ty="0.507614"/>
   <element name="tea_tree_bush" layername="tea_tree_bush_a" frame="0" z_index="7" m_a="1.111718" m_b="0.000000" m_c="0.000000" m_d="0.838997" m_tx="4.484401" m_ty="-159.787628"/>
   <element name="tea_tree_bush" layername="tea_tree_bush_b" frame="1" z_index="6" m_a="1.111718" m_b="0.000000" m_c="0.000000" m_d="0.838997" m_tx="16.487892" m_ty="-78.457809"/>
  </frame>
  <frame idx="425" w="372" h="460" x="13.974579" y="-117.379517">
   <element name="tea_seed" layername="Ground" frame="1" z_index="10" m_a="0.204014" m_b="0.000000" m_c="0.000000" m_d="0.178538" m_tx="0.549451" m_ty="1.923077"/>
   <element name="tea_seed" layername="tea_seed_A" frame="0" z_index="9" m_a="0.169428" m_b="0.000000" m_c="0.000000" m_d="0.106136" m_tx="-0.079245" m_ty="-13.757334"/>
   <element name="tea_seed_ground" layername="shadow" frame="0" z_index="11" m_a="1.077851" m_b="0.000000" m_c="0.000000" m_d="0.857409" m_tx="0.000000" m_ty="0.000000"/>
   <element name="tea_tree_trunk" layername="tea_tree_trunk_A" frame="1" z_index="8" m_a="1.073223" m_b="0.000000" m_c="0.000000" m_d="0.901780" m_tx="-3.000000" m_ty="0.507614"/>
   <element name="tea_tree_bush" layername="tea_tree_bush_a" frame="0" z_index="7" m_a="1.073223" m_b="0.000000" m_c="0.000000" m_d="0.901780" m_tx="4.225239" m_ty="-175.916824"/>
   <element name="tea_tree_bush" layername="tea_tree_bush_b" frame="1" z_index="6" m_a="1.073223" m_b="0.000000" m_c="0.000000" m_d="0.901780" m_tx="15.794367" m_ty="-87.690155"/>
  </frame>
  <frame idx="450" w="366" h="464" x="7.608765" y="-114.248108">
   <element name="tea_seed" layername="Ground" frame="1" z_index="10" m_a="0.204014" m_b="0.000000" m_c="0.000000" m_d="0.178538" m_tx="0.549451" m_ty="1.923077"/>
   <element name="tea_seed" layername="tea_seed_A" frame="0" z_index="9" m_a="0.168509" m_b="0.000000" m_c="0.000000" m_d="0.107268" m_tx="-0.095094" m_ty="-13.909477"/>
   <element name="tea_seed_ground" layername="shadow" frame="0" z_index="11" m_a="1.035856" m_b="0.000000" m_c="0.000000" m_d="0.944393" m_tx="0.000000" m_ty="0.000000"/>
   <element name="tea_tree_trunk" layername="tea_tree_trunk_A" frame="1" z_index="8" m_a="1.034727" m_b="0.000000" m_c="0.000000" m_d="0.964564" m_tx="-3.000000" m_ty="0.507614"/>
   <element name="tea_tree_bush" layername="tea_tree_bush_a" frame="0" z_index="7" m_a="1.034727" m_b="0.000000" m_c="0.000000" m_d="0.964564" m_tx="3.966076" m_ty="-192.046021"/>
   <element name="tea_tree_bush" layername="tea_tree_bush_b" frame="1" z_index="6" m_a="1.034727" m_b="0.000000" m_c="0.000000" m_d="0.964564" m_tx="15.100842" m_ty="-96.922501"/>
  </frame>
  <frame idx="475" w="359" h="478" x="1.242889" y="-114.208069">
   <element name="tea_seed" layername="Ground" frame="1" z_index="10" m_a="0.204014" m_b="0.000000" m_c="0.000000" m_d="0.178538" m_tx="0.549451" m_ty="1.923077"/>
   <element name="tea_seed" layername="tea_seed_A" frame="0" z_index="9" m_a="0.167589" m_b="0.000000" m_c="0.000000" m_d="0.108400" m_tx="-0.110943" m_ty="-14.061621"/>
   <element name="tea_seed_ground" layername="shadow" frame="0" z_index="11" m_a="0.993862" m_b="0.000000" m_c="0.000000" m_d="1.031377" m_tx="0.000000" m_ty="0.000000"/>
   <element name="tea_tree_trunk" layername="tea_tree_trunk_A" frame="1" z_index="8" m_a="0.996232" m_b="0.000000" m_c="0.000000" m_d="1.027348" m_tx="-3.000000" m_ty="0.507614"/>
   <element name="tea_tree_bush" layername="tea_tree_bush_a" frame="0" z_index="7" m_a="0.996232" m_b="0.000000" m_c="0.000000" m_d="1.027348" m_tx="3.706913" m_ty="-208.175232"/>
   <element name="tea_tree_bush" layername="tea_tree_bush_b" frame="1" z_index="6" m_a="0.996232" m_b="0.000000" m_c="0.000000" m_d="1.027348" m_tx="14.407316" m_ty="-106.154846"/>
  </frame>
  <frame idx="500" w="351" h="508" x="-5.122971" y="-119.141266">
   <element name="tea_seed" layername="Ground" frame="1" z_index="10" m_a="0.204014" m_b="0.000000" m_c="0.000000" m_d="0.178538" m_tx="0.549451" m_ty="1.923077"/>
   <element name="tea_seed" layername="tea_seed_A" frame="0" z_index="9" m_a="0.166670" m_b="0.000000" m_c="0.000000" m_d="0.109532" m_tx="-0.126792" m_ty="-14.213763"/>
   <element name="tea_seed_ground" layername="shadow" frame="0" z_index="11" m_a="0.951868" m_b="0.000000" m_c="0.000000" m_d="1.118360" m_tx="0.000000" m_ty="0.000000"/>
   <element name="tea_tree_trunk" layername="tea_tree_trunk_A" frame="1" z_index="8" m_a="0.957736" m_b="0.000000" m_c="0.000000" m_d="1.090131" m_tx="-3.000000" m_ty="0.507614"/>
   <element name="tea_tree_bush" layername="tea_tree_bush_a" frame="0" z_index="7" m_a="0.957736" m_b="0.000000" m_c="0.000000" m_d="1.090131" m_tx="3.447751" m_ty="-224.304428"/>
   <element name="tea_tree_bush" layername="tea_tree_bush_b" frame="1" z_index="6" m_a="0.957736" m_b="0.000000" m_c="0.000000" m_d="1.090131" m_tx="13.713791" m_ty="-115.387192"/>
  </frame>
  <frame idx="525" w="354" h="497" x="-3.375702" y="-116.287125">
   <element name="tea_seed" layername="Ground" frame="1" z_index="10" m_a="0.204014" m_b="0.000000" m_c="0.000000" m_d="0.178538" m_tx="0.549451" m_ty="1.923077"/>
   <element name="tea_seed" layername="tea_seed_A" frame="0" z_index="9" m_a="0.167359" m_b="0.000000" m_c="0.000000" m_d="0.108684" m_tx="-0.114920" m_ty="-14.099798"/>
   <element name="tea_seed_ground" layername="shadow" frame="0" z_index="11" m_a="0.956375" m_b="0.000000" m_c="0.000000" m_d="1.107278" m_tx="0.000000" m_ty="0.000000"/>
   <element name="tea_tree_trunk" layername="tea_tree_trunk_A" frame="1" z_index="8" m_a="0.968302" m_b="0.000000" m_c="0.000000" m_d="1.067598" m_tx="-3.000000" m_ty="0.507614"/>
   <element name="tea_tree_bush" layername="tea_tree_bush_a" frame="0" z_index="7" m_a="0.968302" m_b="0.000000" m_c="0.000000" m_d="1.067598" m_tx="3.518884" m_ty="-217.798203"/>
   <element name="tea_tree_bush" layername="tea_tree_bush_b" frame="1" z_index="6" m_a="0.968302" m_b="0.000000" m_c="0.000000" m_d="1.067598" m_tx="14.039280" m_ty="-111.876022"/>
  </frame>
  <frame idx="550" w="356" h="486" x="-1.628448" y="-113.432983">
   <element name="tea_seed" layername="Ground" frame="1" z_index="10" m_a="0.204014" m_b="0.000000" m_c="0.000000" m_d="0.178538" m_tx="0.549451" m_ty="1.923077"/>
   <element name="tea_seed" layername="tea_seed_A" frame="0" z_index="9" m_a="0.168047" m_b="0.000000" m_c="0.000000" m_d="0.107836" m_tx="-0.103048" m_ty="-13.985834"/>
   <element name="tea_seed_ground" layername="shadow" frame="0" z_index="11" m_a="0.960881" m_b="0.000000" m_c="0.000000" m_d="1.096195" m_tx="0.000000" m_ty="0.000000"/>
   <element name="tea_tree_trunk" layername="tea_tree_trunk_A" frame="1" z_index="8" m_a="0.978868" m_b="0.000000" m_c="0.000000" m_d="1.045066" m_tx="-3.000000" m_ty="0.507614"/>
   <element name="tea_tree_bush" layername="tea_tree_bush_a" frame="0" z_index="7" m_a="0.978868" m_b="0.000000" m_c="0.000000" m_d="1.045066" m_tx="3.590017" m_ty="-211.291977"/>
   <element name="tea_tree_bush" layername="tea_tree_bush_b" frame="1" z_index="6" m_a="0.978868" m_b="0.000000" m_c="0.000000" m_d="1.045066" m_tx="14.364769" m_ty="-108.364853"/>
  </frame>
  <frame idx="575" w="358" h="473" x="0.118805" y="-110.578827">
   <element name="tea_seed" layername="Ground" frame="1" z_index="10" m_a="0.204014" m_b="0.000000" m_c="0.000000" m_d="0.178538" m_tx="0.549451" m_ty="1.923077"/>
   <element name="tea_seed" layername="tea_seed_A" frame="0" z_index="9" m_a="0.168736" m_b="0.000000" m_c="0.000000" m_d="0.106988" m_tx="-0.091176" m_ty="-13.871869"/>
   <element name="tea_seed_ground" layername="shadow" frame="0" z_index="11" m_a="0.965388" m_b="0.000000" m_c="0.000000" m_d="1.085113" m_tx="0.000000" m_ty="0.000000"/>
   <element name="tea_tree_trunk" layername="tea_tree_trunk_A" frame="1" z_index="8" m_a="0.989434" m_b="0.000000" m_c="0.000000" m_d="1.022533" m_tx="-3.000000" m_ty="0.507614"/>
   <element name="tea_tree_bush" layername="tea_tree_bush_a" frame="0" z_index="7" m_a="0.989434" m_b="0.000000" m_c="0.000000" m_d="1.022533" m_tx="3.661150" m_ty="-204.785751"/>
   <element name="tea_tree_bush" layername="tea_tree_bush_b" frame="1" z_index="6" m_a="0.989434" m_b="0.000000" m_c="0.000000" m_d="1.022533" m_tx="14.690259" m_ty="-104.853691"/>
  </frame>
  <frame idx="600" w="359" h="469" x="1.866058" y="-109.581161">
   <element name="tea_seed" layername="Ground" frame="1" z_index="10" m_a="0.204014" m_b="0.000000" m_c="0.000000" m_d="0.178538" m_tx="0.549451" m_ty="1.923077"/>
   <element name="tea_seed" layername="tea_seed_A" frame="0" z_index="9" m_a="0.169425" m_b="0.000000" m_c="0.000000" m_d="0.106140" m_tx="-0.079304" m_ty="-13.757904"/>
   <element name="tea_seed_ground" layername="shadow" frame="0" z_index="11" m_a="0.969895" m_b="0.000000" m_c="0.000000" m_d="1.074030" m_tx="0.000000" m_ty="0.000000"/>
   <element name="tea_tree_trunk" layername="tea_tree_trunk_A" frame="1" z_index="8" m_a="1.000000" m_b="0.000000" m_c="0.000000" m_d="1.000000" m_tx="-3.000000" m_ty="0.507614"/>
   <element name="tea_tree_bush" layername="tea_tree_bush_a" frame="0" z_index="7" m_a="1.000000" m_b="0.000000" m_c="0.000000" m_d="1.000000" m_tx="3.732283" m_ty="-198.279526"/>
   <element name="tea_tree_bush" layername="tea_tree_bush_b" frame="1" z_index="6" m_a="1.000000" m_b="0.000000" m_c="0.000000" m_d="1.000000" m_tx="15.015748" m_ty="-101.342522"/>
  </frame>
  <frame idx="625" w="359" h="469" x="1.866058" y="-109.980133">
   <element name="tea_seed" layername="Ground" frame="1" z_index="10" m_a="0.204014" m_b="0.000000" m_c="0.000000" m_d="0.178538" m_tx="0.549451" m_ty="1.923077"/>
   <element name="tea_seed" layername="tea_seed_A" frame="0" z_index="9" m_a="0.170113" m_b="0.000000" m_c="0.000000" m_d="0.105292" m_tx="-0.067432" m_ty="-13.643939"/>
   <element name="tea_seed_ground" layername="shadow" frame="0" z_index="11" m_a="0.974402" m_b="0.000000" m_c="0.000000" m_d="1.062948" m_tx="0.000000" m_ty="0.000000"/>
   <element name="tea_tree_trunk" layername="tea_tree_trunk_A" frame="1" z_index="8" m_a="1.000000" m_b="0.000000" m_c="0.000000" m_d="1.000000" m_tx="-3.000000" m_ty="0.507614"/>
   <element name="tea_tree_bush" layername="tea_tree_bush_a" frame="0" z_index="7" m_a="1.000000" m_b="0.000000" m_c="0.000000" m_d="1.000000" m_tx="3.732283" m_ty="-198.279526"/>
   <element name="tea_tree_bush" layername="tea_tree_bush_b" frame="1" z_index="6" m_a="1.000000" m_b="0.000000" m_c="0.000000" m_d="1.000000" m_tx="15.015748" m_ty="-101.342522"/>
  </frame>
  <frame idx="650" w="359" h="468" x="1.866058" y="-110.379089">
   <element name="tea_seed" layername="Ground" frame="1" z_index="10" m_a="0.204014" m_b="0.000000" m_c="0.000000" m_d="0.178538" m_tx="0.549451" m_ty="1.923077"/>
   <element name="tea_seed" layername="tea_seed_A" frame="0" z_index="9" m_a="0.170802" m_b="0.000000" m_c="0.000000" m_d="0.104444" m_tx="-0.055561" m_ty="-13.529974"/>
   <element name="tea_seed_ground" layername="shadow" frame="0" z_index="11" m_a="0.978908" m_b="0.000000" m_c="0.000000" m_d="1.051866" m_tx="0.000000" m_ty="0.000000"/>
   <element name="tea_tree_trunk" layername="tea_tree_trunk_A" frame="1" z_index="8" m_a="1.000000" m_b="0.000000" m_c="0.000000" m_d="1.000000" m_tx="-3.000000" m_ty="0.507614"/>
   <element name="tea_tree_bush" layername="tea_tree_bush_a" frame="0" z_index="7" m_a="1.000000" m_b="0.000000" m_c="0.000000" m_d="1.000000" m_tx="3.732283" m_ty="-198.279526"/>
   <element name="tea_tree_bush" layername="tea_tree_bush_b" frame="1" z_index="6" m_a="1.000000" m_b="0.000000" m_c="0.000000" m_d="1.000000" m_tx="15.015748" m_ty="-101.342522"/>
  </frame>
  <frame idx="675" w="359" h="468" x="1.866058" y="-110.778061">
   <element name="tea_seed" layername="Ground" frame="1" z_index="10" m_a="0.204014" m_b="0.000000" m_c="0.000000" m_d="0.178538" m_tx="0.549451" m_ty="1.923077"/>
   <element name="tea_seed" layername="tea_seed_A" frame="0" z_index="9" m_a="0.171491" m_b="0.000000" m_c="0.000000" m_d="0.103596" m_tx="-0.043689" m_ty="-13.416010"/>
   <element name="tea_seed_ground" layername="shadow" frame="0" z_index="11" m_a="0.983415" m_b="0.000000" m_c="0.000000" m_d="1.040783" m_tx="0.000000" m_ty="0.000000"/>
   <element name="tea_tree_trunk" layername="tea_tree_trunk_A" frame="1" z_index="8" m_a="1.000000" m_b="0.000000" m_c="0.000000" m_d="1.000000" m_tx="-3.000000" m_ty="0.507614"/>
   <element name="tea_tree_bush" layername="tea_tree_bush_a" frame="0" z_index="7" m_a="1.000000" m_b="0.000000" m_c="0.000000" m_d="1.000000" m_tx="3.732283" m_ty="-198.279526"/>
   <element name="tea_tree_bush" layername="tea_tree_bush_b" frame="1" z_index="6" m_a="1.000000" m_b="0.000000" m_c="0.000000" m_d="1.000000" m_tx="15.015748" m_ty="-101.342522"/>
  </frame>
  <frame idx="700" w="359" h="467" x="1.866058" y="-111.177032">
   <element name="tea_seed" layername="Ground" frame="1" z_index="10" m_a="0.204014" m_b="0.000000" m_c="0.000000" m_d="0.178538" m_tx="0.549451" m_ty="1.923077"/>
   <element name="tea_seed" layername="tea_seed_A" frame="0" z_index="9" m_a="0.172179" m_b="0.000000" m_c="0.000000" m_d="0.102748" m_tx="-0.031817" m_ty="-13.302045"/>
   <element name="tea_seed_ground" layername="shadow" frame="0" z_index="11" m_a="0.987922" m_b="0.000000" m_c="0.000000" m_d="1.029701" m_tx="0.000000" m_ty="0.000000"/>
   <element name="tea_tree_trunk" layername="tea_tree_trunk_A" frame="1" z_index="8" m_a="1.000000" m_b="0.000000" m_c="0.000000" m_d="1.000000" m_tx="-3.000000" m_ty="0.507614"/>
   <element name="tea_tree_bush" layername="tea_tree_bush_a" frame="0" z_index="7" m_a="1.000000" m_b="0.000000" m_c="0.000000" m_d="1.000000" m_tx="3.732283" m_ty="-198.279526"/>
   <element name="tea_tree_bush" layername="tea_tree_bush_b" frame="1" z_index="6" m_a="1.000000" m_b="0.000000" m_c="0.000000" m_d="1.000000" m_tx="15.015748" m_ty="-101.342522"/>
  </frame>
  <frame idx="725" w="359" h="467" x="1.866058" y="-111.575989">
   <element name="tea_seed" layername="Ground" frame="1" z_index="10" m_a="0.204014" m_b="0.000000" m_c="0.000000" m_d="0.178538" m_tx="0.549451" m_ty="1.923077"/>
   <element name="tea_seed" layername="tea_seed_A" frame="0" z_index="9" m_a="0.172868" m_b="0.000000" m_c="0.000000" m_d="0.101901" m_tx="-0.019945" m_ty="-13.188080"/>
   <element name="tea_seed_ground" layername="shadow" frame="0" z_index="11" m_a="0.992429" m_b="0.000000" m_c="0.000000" m_d="1.018618" m_tx="0.000000" m_ty="0.000000"/>
   <element name="tea_tree_trunk" layername="tea_tree_trunk_A" frame="1" z_index="8" m_a="1.000000" m_b="0.000000" m_c="0.000000" m_d="1.000000" m_tx="-3.000000" m_ty="0.507614"/>
   <element name="tea_tree_bush" layername="tea_tree_bush_a" frame="0" z_index="7" m_a="1.000000" m_b="0.000000" m_c="0.000000" m_d="1.000000" m_tx="3.732283" m_ty="-198.279526"/>
   <element name="tea_tree_bush" layername="tea_tree_bush_b" frame="1" z_index="6" m_a="1.000000" m_b="0.000000" m_c="0.000000" m_d="1.000000" m_tx="15.015748" m_ty="-101.342522"/>
  </frame>
 </anim>
</Anims>
