<Anims>
 <anim name="idle" root="campkettle_item" numframes="25" framerate="40">
  <frame idx="0" w="285" h="362" x="-21.299652" y="-99.713081">
   <element name="pot" layername="pot_A" frame="0" z_index="28" m_a="0.800000" m_b="0.000000" m_c="0.000000" m_d="0.800000" m_tx="3.200000" m_ty="-180.000000"/>
   <element name="lid" layername="Lid" frame="0" z_index="29" m_a="0.700000" m_b="0.000000" m_c="0.000000" m_d="0.700000" m_tx="4.585628" m_ty="-120.358055"/>
   <element name="campfire_shadow" layername="shdw-A" frame="1" z_index="31" m_a="0.572207" m_b="0.000000" m_c="0.000000" m_d="0.635990" m_tx="4.050711" m_ty="4.014636"/>
   <element name="pot" layername="pot_B" frame="1" z_index="30" m_a="0.800000" m_b="0.000000" m_c="0.000000" m_d="0.800000" m_tx="3.200000" m_ty="-180.000000"/>
  </frame>
 </anim>
 <anim name="collapse_B" root="campkettle_item" numframes="625" framerate="40">
  <frame idx="0" w="871" h="1203" x="170.494537" y="-141.424286">
   <element name="campfire_shadow" layername="shad_L" frame="0" z_index="30" m_a="1.700000" m_b="0.000000" m_c="0.000000" m_d="1.700000" m_tx="-276.636078" m_ty="8.826230"/>
   <element name="campfire_shadow" layername="shad_R" frame="0" z_index="29" m_a="1.700000" m_b="0.000000" m_c="0.000000" m_d="1.700000" m_tx="259.532776" m_ty="9.362784"/>
   <element name="wood" layername="wood_LB" frame="7" z_index="28" m_a="1.698690" m_b="-0.066734" m_c="0.073094" m_d="1.860568" m_tx="-259.275085" m_ty="-6.609437"/>
   <element name="wood" layername="wood_R_B" frame="11" z_index="27" m_a="1.698202" m_b="0.078163" m_c="-0.084696" m_d="1.840142" m_tx="240.460327" m_ty="-8.352864"/>
   <element name="wood" layername="S_B" frame="6" z_index="26" m_a="0.905448" m_b="0.000000" m_c="0.000000" m_d="0.776098" m_tx="-5.311086" m_ty="-529.119751"/>
   <element name="pot" layername="pot_A" frame="0" z_index="23" m_a="0.800000" m_b="0.000000" m_c="0.000000" m_d="0.800000" m_tx="-1.700000" m_ty="-487.000000"/>
   <element name="lid" layername="Lid" frame="0" z_index="24" m_a="0.700000" m_b="0.000000" m_c="0.000000" m_d="0.700000" m_tx="0.169935" m_ty="-426.466553"/>
   <element name="wood" layername="S_M" frame="4" z_index="22" m_a="0.905448" m_b="0.000000" m_c="0.000000" m_d="0.776098" m_tx="-5.311090" m_ty="-529.119751"/>
   <element name="wood" layername="wood_M_A" frame="9" z_index="21" m_a="2.236369" m_b="0.000000" m_c="0.000000" m_d="1.644984" m_tx="-8.695037" m_ty="-577.265930"/>
   <element name="wood" layername="wood_L_F" frame="8" z_index="20" m_a="1.698690" m_b="-0.066734" m_c="0.073094" m_d="1.860568" m_tx="-259.275116" m_ty="-6.609440"/>
   <element name="wood" layername="wood_R_F" frame="10" z_index="19" m_a="1.698202" m_b="0.078163" m_c="-0.084696" m_d="1.840142" m_tx="240.460327" m_ty="-8.352860"/>
   <element name="wood" layername="S_F" frame="5" z_index="18" m_a="0.905450" m_b="0.000000" m_c="0.000000" m_d="0.776100" m_tx="-5.311090" m_ty="-529.119751"/>
   <element name="pot" layername="pot_B" frame="1" z_index="25" m_a="0.800000" m_b="0.000000" m_c="0.000000" m_d="0.800000" m_tx="-1.700000" m_ty="-487.000000"/>
  </frame>
  <frame idx="25" w="871" h="1009" x="170.494537" y="-164.165527">
   <element name="campfire_shadow" layername="shad_L" frame="0" z_index="30" m_a="1.700000" m_b="0.000000" m_c="0.000000" m_d="1.700000" m_tx="-276.636078" m_ty="8.826230"/>
   <element name="campfire_shadow" layername="shad_R" frame="0" z_index="29" m_a="1.700000" m_b="0.000000" m_c="0.000000" m_d="1.700000" m_tx="259.532776" m_ty="9.362784"/>
   <element name="wood" layername="wood_LB" frame="7" z_index="28" m_a="1.698690" m_b="-0.066734" m_c="0.060366" m_d="1.536583" m_tx="-259.077179" m_ty="-10.909213"/>
   <element name="wood" layername="wood_R_B" frame="11" z_index="27" m_a="1.698202" m_b="0.078163" m_c="-0.069948" m_d="1.519713" m_tx="240.460327" m_ty="-8.352863"/>
   <element name="wood" layername="S_B" frame="6" z_index="26" m_a="0.905448" m_b="0.000000" m_c="0.000000" m_d="0.498506" m_tx="-5.311086" m_ty="-460.485535"/>
   <element name="pot" layername="pot_A" frame="0" z_index="23" m_a="0.800000" m_b="0.000000" m_c="0.000000" m_d="0.513859" m_tx="-1.700000" m_ty="-433.431030"/>
   <element name="lid" layername="Lid" frame="0" z_index="24" m_a="0.700000" m_b="0.000000" m_c="0.000000" m_d="0.449626" m_tx="0.169935" m_ty="-394.548981"/>
   <element name="wood" layername="S_M" frame="4" z_index="22" m_a="0.905448" m_b="0.000000" m_c="0.000000" m_d="0.498506" m_tx="-5.311090" m_ty="-460.485535"/>
   <element name="wood" layername="wood_M_A" frame="9" z_index="21" m_a="2.236369" m_b="0.000000" m_c="0.000000" m_d="1.056612" m_tx="-8.695037" m_ty="-491.410980"/>
   <element name="wood" layername="wood_L_F" frame="8" z_index="20" m_a="1.698690" m_b="-0.066734" m_c="0.060366" m_d="1.536583" m_tx="-259.077209" m_ty="-10.909216"/>
   <element name="wood" layername="wood_R_F" frame="10" z_index="19" m_a="1.698202" m_b="0.078163" m_c="-0.069948" m_d="1.519713" m_tx="240.460327" m_ty="-8.352860"/>
   <element name="wood" layername="S_F" frame="5" z_index="18" m_a="0.905450" m_b="0.000000" m_c="0.000000" m_d="0.498507" m_tx="-5.311090" m_ty="-460.485535"/>
   <element name="pot" layername="pot_B" frame="1" z_index="25" m_a="0.800000" m_b="0.000000" m_c="0.000000" m_d="0.513859" m_tx="-1.700000" m_ty="-433.431030"/>
  </frame>
  <frame idx="50" w="871" h="1008" x="170.494537" y="-157.527649">
   <element name="campfire_shadow" layername="shad_L" frame="0" z_index="30" m_a="1.700000" m_b="0.000000" m_c="0.000000" m_d="1.700000" m_tx="-276.636078" m_ty="8.826230"/>
   <element name="campfire_shadow" layername="shad_R" frame="0" z_index="29" m_a="1.700000" m_b="0.000000" m_c="0.000000" m_d="1.700000" m_tx="259.532776" m_ty="9.362784"/>
   <element name="wood" layername="wood_LB" frame="7" z_index="28" m_a="1.698690" m_b="-0.066734" m_c="0.061455" m_d="1.564323" m_tx="-259.216248" m_ty="-9.173337"/>
   <element name="wood" layername="wood_R_B" frame="11" z_index="27" m_a="1.698202" m_b="0.078163" m_c="-0.071211" m_d="1.547149" m_tx="240.460327" m_ty="-9.585368"/>
   <element name="wood" layername="S_B" frame="6" z_index="26" m_a="0.848938" m_b="0.000000" m_c="0.000000" m_d="0.540111" m_tx="-5.085712" m_ty="-456.402802"/>
   <element name="pot" layername="pot_A" frame="0" z_index="23" m_a="0.750071" m_b="0.000000" m_c="0.000000" m_d="0.556746" m_tx="-1.700000" m_ty="-429.695038"/>
   <element name="lid" layername="Lid" frame="0" z_index="24" m_a="0.656312" m_b="0.000000" m_c="0.000000" m_d="0.487152" m_tx="0.053229" m_ty="-387.567902"/>
   <element name="wood" layername="S_M" frame="4" z_index="22" m_a="0.848938" m_b="0.000000" m_c="0.000000" m_d="0.540111" m_tx="-5.085716" m_ty="-456.402802"/>
   <element name="wood" layername="wood_M_A" frame="9" z_index="21" m_a="2.236369" m_b="0.000000" m_c="0.000000" m_d="1.110796" m_tx="-8.695037" m_ty="-490.183533"/>
   <element name="wood" layername="wood_L_F" frame="8" z_index="20" m_a="1.698690" m_b="-0.066734" m_c="0.061455" m_d="1.564323" m_tx="-259.216248" m_ty="-9.173340"/>
   <element name="wood" layername="wood_R_F" frame="10" z_index="19" m_a="1.698202" m_b="0.078163" m_c="-0.071211" m_d="1.547149" m_tx="240.460327" m_ty="-9.585365"/>
   <element name="wood" layername="S_F" frame="5" z_index="18" m_a="0.848939" m_b="0.000000" m_c="0.000000" m_d="0.540113" m_tx="-5.085716" m_ty="-456.402802"/>
   <element name="pot" layername="pot_B" frame="1" z_index="25" m_a="0.750071" m_b="0.000000" m_c="0.000000" m_d="0.556746" m_tx="-1.700000" m_ty="-429.695038"/>
  </frame>
  <frame idx="75" w="872" h="1301" x="171.362762" y="-131.633484">
   <element name="campfire_shadow" layername="shad_L" frame="0" z_index="30" m_a="1.700000" m_b="0.000000" m_c="0.000000" m_d="1.700000" m_tx="-276.636078" m_ty="8.826230"/>
   <element name="campfire_shadow" layername="shad_R" frame="0" z_index="29" m_a="1.700000" m_b="0.000000" m_c="0.000000" m_d="1.700000" m_tx="259.532776" m_ty="9.362784"/>
   <element name="wood" layername="wood_LB" frame="7" z_index="28" m_a="1.698690" m_b="-0.066734" m_c="0.079353" m_d="2.019906" m_tx="-259.437531" m_ty="-3.722942"/>
   <element name="wood" layername="wood_R_B" frame="11" z_index="27" m_a="1.698202" m_b="0.078163" m_c="-0.091950" m_d="1.997731" m_tx="240.460327" m_ty="-8.969116"/>
   <element name="wood" layername="S_B" frame="6" z_index="26" m_a="0.792427" m_b="0.000000" m_c="0.000000" m_d="0.713183" m_tx="-3.300678" m_ty="-574.033813"/>
   <element name="pot" layername="pot_A" frame="0" z_index="23" m_a="0.700141" m_b="0.000000" m_c="0.000000" m_d="0.735147" m_tx="-0.235063" m_ty="-541.348877"/>
   <element name="lid" layername="Lid" frame="0" z_index="24" m_a="0.612624" m_b="0.000000" m_c="0.000000" m_d="0.643254" m_tx="1.239786" m_ty="-485.735168"/>
   <element name="wood" layername="S_M" frame="4" z_index="22" m_a="0.792427" m_b="0.000000" m_c="0.000000" m_d="0.713183" m_tx="-3.300682" m_ty="-574.033813"/>
   <element name="wood" layername="wood_M_A" frame="9" z_index="21" m_a="2.236369" m_b="0.000000" m_c="0.000000" m_d="1.471117" m_tx="-6.958554" m_ty="-616.951965"/>
   <element name="wood" layername="wood_L_F" frame="8" z_index="20" m_a="1.698690" m_b="-0.066734" m_c="0.079353" m_d="2.019906" m_tx="-259.437531" m_ty="-3.722946"/>
   <element name="wood" layername="wood_R_F" frame="10" z_index="19" m_a="1.698202" m_b="0.078163" m_c="-0.091950" m_d="1.997731" m_tx="240.460327" m_ty="-8.969112"/>
   <element name="wood" layername="S_F" frame="5" z_index="18" m_a="0.792429" m_b="0.000000" m_c="0.000000" m_d="0.713185" m_tx="-3.300682" m_ty="-574.033813"/>
   <element name="pot" layername="pot_B" frame="1" z_index="25" m_a="0.700141" m_b="0.000000" m_c="0.000000" m_d="0.735147" m_tx="-0.235063" m_ty="-541.348877"/>
  </frame>
  <frame idx="100" w="1041" h="1485" x="119.081299" y="-66.279846">
   <element name="campfire_shadow" layername="shad_L" frame="0" z_index="30" m_a="1.700000" m_b="0.000000" m_c="0.000000" m_d="1.700000" m_tx="-276.636078" m_ty="8.826230"/>
   <element name="campfire_shadow" layername="shad_R" frame="0" z_index="29" m_a="1.700000" m_b="0.000000" m_c="0.000000" m_d="1.700000" m_tx="259.532776" m_ty="9.362784"/>
   <element name="wood" layername="wood_LB" frame="7" z_index="28" m_a="1.689377" m_b="0.189754" m_c="-0.279601" m_d="2.489284" m_tx="-259.969849" m_ty="-6.936403"/>
   <element name="wood" layername="wood_R_B" frame="11" z_index="27" m_a="1.692631" m_b="-0.158112" m_c="0.230486" m_d="2.467406" m_tx="240.460327" m_ty="-8.352864"/>
   <element name="wood" layername="S_B" frame="6" z_index="26" m_a="0.764172" m_b="0.000000" m_c="0.000000" m_d="0.769588" m_tx="-3.447935" m_ty="-598.258911"/>
   <element name="pot" layername="pot_A" frame="0" z_index="23" m_a="0.675177" m_b="0.000000" m_c="0.000000" m_d="0.793290" m_tx="-0.009736" m_ty="-566.539551"/>
   <element name="lid" layername="Lid" frame="0" z_index="24" m_a="0.590780" m_b="0.000000" m_c="0.000000" m_d="0.694128" m_tx="1.433706" m_ty="-506.524292"/>
   <element name="wood" layername="S_M" frame="4" z_index="22" m_a="0.764172" m_b="0.000000" m_c="0.000000" m_d="0.769588" m_tx="-3.447938" m_ty="-598.258911"/>
   <element name="wood" layername="wood_M_A" frame="9" z_index="21" m_a="2.236369" m_b="0.000000" m_c="0.000000" m_d="1.644984" m_tx="-8.695037" m_ty="-668.265930"/>
   <element name="wood" layername="wood_L_F" frame="8" z_index="20" m_a="1.689377" m_b="0.189754" m_c="-0.279601" m_d="2.489284" m_tx="-259.969849" m_ty="-6.936408"/>
   <element name="wood" layername="wood_R_F" frame="10" z_index="19" m_a="1.692631" m_b="-0.158112" m_c="0.230486" m_d="2.467406" m_tx="240.460327" m_ty="-8.352859"/>
   <element name="wood" layername="S_F" frame="5" z_index="18" m_a="0.764174" m_b="0.000000" m_c="0.000000" m_d="0.769590" m_tx="-3.447938" m_ty="-598.258911"/>
   <element name="pot" layername="pot_B" frame="1" z_index="25" m_a="0.675177" m_b="0.000000" m_c="0.000000" m_d="0.793290" m_tx="-0.009736" m_ty="-566.539551"/>
  </frame>
  <frame idx="125" w="887" h="1441" x="165.995819" y="-109.763245">
   <element name="campfire_shadow" layername="shad_L" frame="0" z_index="30" m_a="1.700000" m_b="0.000000" m_c="0.000000" m_d="1.700000" m_tx="-276.636078" m_ty="8.826230"/>
   <element name="campfire_shadow" layername="shad_R" frame="0" z_index="29" m_a="1.700000" m_b="0.000000" m_c="0.000000" m_d="1.700000" m_tx="259.532776" m_ty="9.362784"/>
   <element name="wood" layername="wood_LB" frame="7" z_index="28" m_a="1.699885" m_b="0.019821" m_c="-0.026683" m_d="2.288446" m_tx="-259.903473" m_ty="-6.450760"/>
   <element name="wood" layername="wood_R_B" frame="11" z_index="27" m_a="1.699701" m_b="0.031874" m_c="-0.042437" m_d="2.262980" m_tx="240.460327" m_ty="-8.352864"/>
   <element name="wood" layername="S_B" frame="6" z_index="26" m_a="0.735917" m_b="0.000000" m_c="0.000000" m_d="0.825993" m_tx="-3.595191" m_ty="-622.484009"/>
   <element name="pot" layername="pot_A" frame="0" z_index="23" m_a="0.650212" m_b="0.000000" m_c="0.000000" m_d="0.851433" m_tx="0.215592" m_ty="-591.730225"/>
   <element name="lid" layername="Lid" frame="0" z_index="24" m_a="0.568936" m_b="0.000000" m_c="0.000000" m_d="0.745003" m_tx="1.627627" m_ty="-527.313416"/>
   <element name="wood" layername="S_M" frame="4" z_index="22" m_a="0.735917" m_b="0.000000" m_c="0.000000" m_d="0.825993" m_tx="-3.595194" m_ty="-622.484009"/>
   <element name="wood" layername="wood_M_A" frame="9" z_index="21" m_a="2.236369" m_b="0.000000" m_c="0.000000" m_d="1.552660" m_tx="-8.258990" m_ty="-669.993286"/>
   <element name="wood" layername="wood_L_F" frame="8" z_index="20" m_a="1.699885" m_b="0.019821" m_c="-0.026683" m_d="2.288446" m_tx="-259.903473" m_ty="-6.450764"/>
   <element name="wood" layername="wood_R_F" frame="10" z_index="19" m_a="1.699701" m_b="0.031874" m_c="-0.042437" m_d="2.262980" m_tx="240.460327" m_ty="-8.352859"/>
   <element name="wood" layername="S_F" frame="5" z_index="18" m_a="0.735919" m_b="0.000000" m_c="0.000000" m_d="0.825996" m_tx="-3.595194" m_ty="-622.484009"/>
   <element name="campfire_shadow" layername="shdw-A" frame="1" z_index="31" m_a="0.091028" m_b="0.000000" m_c="0.000000" m_d="0.178776" m_tx="4.050711" m_ty="4.014636"/>
   <element name="pot" layername="pot_B" frame="1" z_index="25" m_a="0.650212" m_b="0.000000" m_c="0.000000" m_d="0.851433" m_tx="0.215592" m_ty="-591.730225"/>
  </frame>
  <frame idx="150" w="872" h="1432" x="170.930573" y="-152.939392">
   <element name="campfire_shadow" layername="shad_L" frame="0" z_index="30" m_a="1.700000" m_b="0.000000" m_c="0.000000" m_d="1.700000" m_tx="-276.636078" m_ty="8.826230"/>
   <element name="campfire_shadow" layername="shad_R" frame="0" z_index="29" m_a="1.700000" m_b="0.000000" m_c="0.000000" m_d="1.700000" m_tx="259.532776" m_ty="9.362784"/>
   <element name="wood" layername="wood_LB" frame="7" z_index="28" m_a="1.693342" m_b="-0.150310" m_c="0.183225" m_d="2.064150" m_tx="-259.837097" m_ty="-5.965117"/>
   <element name="wood" layername="wood_R_B" frame="11" z_index="27" m_a="1.685513" m_b="0.221461" m_c="-0.266875" m_d="2.031150" m_tx="240.460327" m_ty="-8.352865"/>
   <element name="wood" layername="S_B" frame="6" z_index="26" m_a="0.707662" m_b="0.000000" m_c="0.000000" m_d="0.882398" m_tx="-3.742448" m_ty="-646.709106"/>
   <element name="pot" layername="pot_A" frame="0" z_index="23" m_a="0.625247" m_b="0.000000" m_c="0.000000" m_d="0.909575" m_tx="0.440919" m_ty="-616.920898"/>
   <element name="lid" layername="Lid" frame="0" z_index="24" m_a="0.547092" m_b="0.000000" m_c="0.000000" m_d="0.795877" m_tx="1.821547" m_ty="-548.102539"/>
   <element name="wood" layername="S_M" frame="4" z_index="22" m_a="0.707662" m_b="0.000000" m_c="0.000000" m_d="0.882398" m_tx="-3.742451" m_ty="-646.709106"/>
   <element name="wood" layername="wood_M_A" frame="9" z_index="21" m_a="2.236369" m_b="0.000000" m_c="0.000000" m_d="1.460335" m_tx="-7.822944" m_ty="-671.720642"/>
   <element name="wood" layername="wood_L_F" frame="8" z_index="20" m_a="1.693342" m_b="-0.150310" m_c="0.183225" m_d="2.064150" m_tx="-259.837097" m_ty="-5.965120"/>
   <element name="wood" layername="wood_R_F" frame="10" z_index="19" m_a="1.685513" m_b="0.221461" m_c="-0.266875" m_d="2.031150" m_tx="240.460327" m_ty="-8.352859"/>
   <element name="wood" layername="S_F" frame="5" z_index="18" m_a="0.707663" m_b="0.000000" m_c="0.000000" m_d="0.882401" m_tx="-3.742451" m_ty="-646.709106"/>
   <element name="campfire_shadow" layername="shdw-A" frame="1" z_index="31" m_a="0.091028" m_b="0.000000" m_c="0.000000" m_d="0.178776" m_tx="4.050711" m_ty="4.014636"/>
   <element name="pot" layername="pot_B" frame="1" z_index="25" m_a="0.625247" m_b="0.000000" m_c="0.000000" m_d="0.909575" m_tx="0.440919" m_ty="-616.920898"/>
  </frame>
  <frame idx="175" w="872" h="1429" x="171.148590" y="-203.398254">
   <element name="campfire_shadow" layername="shad_L" frame="0" z_index="30" m_a="1.700000" m_b="0.000000" m_c="0.000000" m_d="1.700000" m_tx="-276.636078" m_ty="8.826230"/>
   <element name="campfire_shadow" layername="shad_R" frame="0" z_index="29" m_a="1.700000" m_b="0.000000" m_c="0.000000" m_d="1.700000" m_tx="259.532776" m_ty="9.362784"/>
   <element name="wood" layername="wood_LB" frame="7" z_index="28" m_a="1.669815" m_b="-0.318935" m_c="0.348189" m_d="1.822976" m_tx="-259.770721" m_ty="-5.479475"/>
   <element name="wood" layername="wood_R_B" frame="11" z_index="27" m_a="1.650245" m_b="0.408279" m_c="-0.440422" m_d="1.780165" m_tx="240.460327" m_ty="-8.352865"/>
   <element name="wood" layername="S_B" frame="6" z_index="26" m_a="0.679406" m_b="0.000000" m_c="0.000000" m_d="0.938804" m_tx="-3.889705" m_ty="-670.934265"/>
   <element name="pot" layername="pot_A" frame="0" z_index="23" m_a="0.600283" m_b="0.000000" m_c="0.000000" m_d="0.967717" m_tx="0.666247" m_ty="-642.111633"/>
   <element name="lid" layername="Lid" frame="0" z_index="24" m_a="0.525248" m_b="0.000000" m_c="0.000000" m_d="0.846752" m_tx="2.015468" m_ty="-568.891724"/>
   <element name="wood" layername="S_M" frame="4" z_index="22" m_a="0.679406" m_b="0.000000" m_c="0.000000" m_d="0.938804" m_tx="-3.889708" m_ty="-670.934265"/>
   <element name="wood" layername="wood_M_A" frame="9" z_index="21" m_a="2.236369" m_b="0.000000" m_c="0.000000" m_d="1.368011" m_tx="-7.386898" m_ty="-673.447998"/>
   <element name="wood" layername="wood_L_F" frame="8" z_index="20" m_a="1.669815" m_b="-0.318935" m_c="0.348189" m_d="1.822976" m_tx="-259.770721" m_ty="-5.479477"/>
   <element name="wood" layername="wood_R_F" frame="10" z_index="19" m_a="1.650245" m_b="0.408279" m_c="-0.440422" m_d="1.780165" m_tx="240.460327" m_ty="-8.352860"/>
   <element name="wood" layername="S_F" frame="5" z_index="18" m_a="0.679407" m_b="0.000000" m_c="0.000000" m_d="0.938807" m_tx="-3.889708" m_ty="-670.934265"/>
   <element name="campfire_shadow" layername="shdw-A" frame="1" z_index="31" m_a="0.091028" m_b="0.000000" m_c="0.000000" m_d="0.178776" m_tx="4.050711" m_ty="4.014636"/>
   <element name="pot" layername="pot_B" frame="1" z_index="25" m_a="0.600283" m_b="0.000000" m_c="0.000000" m_d="0.967717" m_tx="0.666247" m_ty="-642.111633"/>
  </frame>
  <frame idx="200" w="872" h="1425" x="171.366608" y="-256.154053">
   <element name="campfire_shadow" layername="shad_L" frame="0" z_index="30" m_a="1.700000" m_b="0.000000" m_c="0.000000" m_d="1.700000" m_tx="-276.636078" m_ty="8.826230"/>
   <element name="campfire_shadow" layername="shad_R" frame="0" z_index="29" m_a="1.700000" m_b="0.000000" m_c="0.000000" m_d="1.700000" m_tx="259.532776" m_ty="9.362784"/>
   <element name="wood" layername="wood_LB" frame="7" z_index="28" m_a="1.629539" m_b="-0.484358" m_c="0.467148" m_d="1.571638" m_tx="-259.704346" m_ty="-4.993832"/>
   <element name="wood" layername="wood_R_B" frame="11" z_index="27" m_a="1.594338" m_b="0.589990" m_c="-0.561902" m_d="1.518435" m_tx="240.460327" m_ty="-8.352865"/>
   <element name="wood" layername="S_B" frame="6" z_index="26" m_a="0.651151" m_b="0.000000" m_c="0.000000" m_d="0.995209" m_tx="-4.036961" m_ty="-695.159363"/>
   <element name="pot" layername="pot_A" frame="0" z_index="23" m_a="0.575318" m_b="0.000000" m_c="0.000000" m_d="1.025860" m_tx="0.891574" m_ty="-667.302307"/>
   <element name="lid" layername="Lid" frame="0" z_index="24" m_a="0.503404" m_b="0.000000" m_c="0.000000" m_d="0.897627" m_tx="2.209388" m_ty="-589.680847"/>
   <element name="wood" layername="S_M" frame="4" z_index="22" m_a="0.651151" m_b="0.000000" m_c="0.000000" m_d="0.995209" m_tx="-4.036964" m_ty="-695.159363"/>
   <element name="wood" layername="wood_M_A" frame="9" z_index="21" m_a="2.236369" m_b="0.000000" m_c="0.000000" m_d="1.275687" m_tx="-6.950851" m_ty="-675.175354"/>
   <element name="wood" layername="wood_L_F" frame="8" z_index="20" m_a="1.629539" m_b="-0.484358" m_c="0.467148" m_d="1.571638" m_tx="-259.704346" m_ty="-4.993833"/>
   <element name="wood" layername="wood_R_F" frame="10" z_index="19" m_a="1.594338" m_b="0.589990" m_c="-0.561902" m_d="1.518435" m_tx="240.460327" m_ty="-8.352861"/>
   <element name="wood" layername="S_F" frame="5" z_index="18" m_a="0.651152" m_b="0.000000" m_c="0.000000" m_d="0.995212" m_tx="-4.036964" m_ty="-695.159363"/>
   <element name="campfire_shadow" layername="shdw-A" frame="1" z_index="31" m_a="0.091028" m_b="0.000000" m_c="0.000000" m_d="0.178776" m_tx="4.050711" m_ty="4.014636"/>
   <element name="pot" layername="pot_B" frame="1" z_index="25" m_a="0.575318" m_b="0.000000" m_c="0.000000" m_d="1.025860" m_tx="0.891574" m_ty="-667.302307"/>
  </frame>
  <frame idx="225" w="874" h="1419" x="173.281769" y="-309.724304">
   <element name="campfire_shadow" layername="shad_L" frame="0" z_index="30" m_a="1.700000" m_b="0.000000" m_c="0.000000" m_d="1.700000" m_tx="-276.636078" m_ty="8.826230"/>
   <element name="campfire_shadow" layername="shad_R" frame="0" z_index="29" m_a="1.700000" m_b="0.000000" m_c="0.000000" m_d="1.700000" m_tx="259.532776" m_ty="9.362784"/>
   <element name="wood" layername="wood_LB" frame="7" z_index="28" m_a="1.572918" m_b="-0.644925" m_c="0.539938" m_d="1.316865" m_tx="-259.637970" m_ty="-4.508189"/>
   <element name="wood" layername="wood_R_B" frame="11" z_index="27" m_a="1.518490" m_b="0.764323" m_c="-0.631374" m_d="1.254359" m_tx="240.460327" m_ty="-8.352866"/>
   <element name="wood" layername="S_B" frame="6" z_index="23" m_a="0.622896" m_b="0.000000" m_c="0.000000" m_d="1.051615" m_tx="-4.184218" m_ty="-719.384460"/>
   <element name="pot" layername="pot_A" frame="0" z_index="24" m_a="0.550354" m_b="0.000000" m_c="0.000000" m_d="1.084002" m_tx="1.116901" m_ty="-692.492981"/>
   <element name="lid" layername="Lid" frame="0" z_index="25" m_a="0.481559" m_b="0.000000" m_c="0.000000" m_d="0.948502" m_tx="2.403308" m_ty="-610.469971"/>
   <element name="wood" layername="S_M" frame="4" z_index="22" m_a="0.622896" m_b="0.000000" m_c="0.000000" m_d="1.051615" m_tx="-4.184221" m_ty="-719.384460"/>
   <element name="wood" layername="wood_M_A" frame="9" z_index="21" m_a="2.234115" m_b="-0.100389" m_c="0.051048" m_d="1.136054" m_tx="-6.296781" m_ty="-591.766357"/>
   <element name="wood" layername="wood_L_F" frame="8" z_index="20" m_a="1.572918" m_b="-0.644925" m_c="0.539938" m_d="1.316865" m_tx="-259.638000" m_ty="-4.508190"/>
   <element name="wood" layername="wood_R_F" frame="10" z_index="19" m_a="1.518490" m_b="0.764323" m_c="-0.631374" m_d="1.254359" m_tx="240.460327" m_ty="-8.352861"/>
   <element name="wood" layername="S_F" frame="5" z_index="18" m_a="0.622897" m_b="0.000000" m_c="0.000000" m_d="1.051617" m_tx="-4.184221" m_ty="-719.384460"/>
   <element name="campfire_shadow" layername="shdw-A" frame="1" z_index="31" m_a="0.091028" m_b="0.000000" m_c="0.000000" m_d="0.178776" m_tx="4.050711" m_ty="4.014636"/>
   <element name="pot" layername="pot_B" frame="1" z_index="26" m_a="0.550354" m_b="0.000000" m_c="0.000000" m_d="1.084002" m_tx="1.116901" m_ty="-692.492981"/>
  </frame>
  <frame idx="250" w="874" h="1346" x="174.218658" y="-342.003723">
   <element name="wood" layername="wood_LB" frame="7" z_index="28" m_a="1.500521" m_b="-0.799022" m_c="0.567270" m_d="1.065303" m_tx="-259.571594" m_ty="-4.022546"/>
   <element name="wood" layername="wood_R_B" frame="11" z_index="27" m_a="1.423650" m_b="0.929096" m_c="-0.650109" m_d="0.996159" m_tx="240.460327" m_ty="-8.352866"/>
   <element name="wood" layername="S_B" frame="6" z_index="23" m_a="0.622896" m_b="0.000000" m_c="0.000000" m_d="0.923562" m_tx="-4.184218" m_ty="-702.304504"/>
   <element name="pot" layername="pot_A" frame="0" z_index="24" m_a="0.548387" m_b="0.000000" m_c="0.000000" m_d="1.119873" m_tx="1.631450" m_ty="-638.317078"/>
   <element name="lid" layername="Lid" frame="0" z_index="25" m_a="0.479838" m_b="0.000000" m_c="0.000000" m_d="0.979889" m_tx="2.866854" m_ty="-553.792419"/>
   <element name="wood" layername="S_M" frame="4" z_index="22" m_a="0.622896" m_b="0.000000" m_c="0.000000" m_d="0.923562" m_tx="-4.184221" m_ty="-702.304504"/>
   <element name="wood" layername="wood_M_A" frame="9" z_index="21" m_a="2.227356" m_b="-0.200576" m_c="0.089573" m_d="0.994689" m_tx="-5.642711" m_ty="-508.357391"/>
   <element name="wood" layername="wood_L_F" frame="8" z_index="20" m_a="1.500521" m_b="-0.799022" m_c="0.567270" m_d="1.065303" m_tx="-259.571625" m_ty="-4.022546"/>
   <element name="wood" layername="wood_R_F" frame="10" z_index="19" m_a="1.423650" m_b="0.929096" m_c="-0.650109" m_d="0.996159" m_tx="240.460327" m_ty="-8.352861"/>
   <element name="wood" layername="S_F" frame="5" z_index="18" m_a="0.622897" m_b="0.000000" m_c="0.000000" m_d="0.923563" m_tx="-4.184221" m_ty="-702.304504"/>
   <element name="campfire_shadow" layername="shdw-A" frame="1" z_index="31" m_a="0.133825" m_b="0.000000" m_c="0.000000" m_d="0.244092" m_tx="4.050711" m_ty="4.014636"/>
   <element name="pot" layername="pot_B" frame="1" z_index="26" m_a="0.548387" m_b="0.000000" m_c="0.000000" m_d="1.119873" m_tx="1.631450" m_ty="-638.317078"/>
  </frame>
  <frame idx="275" w="873" h="1275" x="173.467010" y="-372.250854">
   <element name="wood" layername="wood_LB" frame="7" z_index="28" m_a="1.413073" m_b="-0.945105" m_c="0.550712" m_d="0.823396" m_tx="-259.505249" m_ty="-3.536904"/>
   <element name="wood" layername="wood_R_B" frame="11" z_index="27" m_a="1.311005" m_b="1.082250" m_c="-0.620547" m_d="0.751712" m_tx="240.460327" m_ty="-8.352866"/>
   <element name="wood" layername="S_B" frame="6" z_index="23" m_a="0.622896" m_b="0.000000" m_c="0.000000" m_d="0.795508" m_tx="-4.184218" m_ty="-685.224487"/>
   <element name="pot" layername="pot_A" frame="0" z_index="24" m_a="0.546420" m_b="0.000000" m_c="0.000000" m_d="1.155744" m_tx="2.145999" m_ty="-584.141235"/>
   <element name="lid" layername="Lid" frame="0" z_index="25" m_a="0.478118" m_b="0.000000" m_c="0.000000" m_d="1.011276" m_tx="3.330400" m_ty="-497.114838"/>
   <element name="wood" layername="S_M" frame="4" z_index="22" m_a="0.622896" m_b="0.000000" m_c="0.000000" m_d="0.795508" m_tx="-4.184221" m_ty="-685.224487"/>
   <element name="wood" layername="wood_M_A" frame="9" z_index="21" m_a="2.216107" m_b="-0.300359" m_c="0.115534" m_d="0.852434" m_tx="-4.988642" m_ty="-424.948425"/>
   <element name="wood" layername="wood_L_F" frame="8" z_index="20" m_a="1.413073" m_b="-0.945105" m_c="0.550712" m_d="0.823396" m_tx="-259.505249" m_ty="-3.536903"/>
   <element name="wood" layername="wood_R_F" frame="10" z_index="19" m_a="1.311005" m_b="1.082250" m_c="-0.620547" m_d="0.751712" m_tx="240.460327" m_ty="-8.352862"/>
   <element name="wood" layername="S_F" frame="5" z_index="18" m_a="0.622897" m_b="0.000000" m_c="0.000000" m_d="0.795510" m_tx="-4.184221" m_ty="-685.224487"/>
   <element name="campfire_shadow" layername="shdw-A" frame="1" z_index="31" m_a="0.176623" m_b="0.000000" m_c="0.000000" m_d="0.309409" m_tx="4.050711" m_ty="4.014636"/>
   <element name="pot" layername="pot_B" frame="1" z_index="26" m_a="0.546420" m_b="0.000000" m_c="0.000000" m_d="1.155744" m_tx="2.145999" m_ty="-584.141235"/>
  </frame>
  <frame idx="300" w="869" h="1232" x="171.370636" y="-377.075958">
   <element name="wood" layername="wood_LB" frame="7" z_index="28" m_a="1.311452" m_b="-1.081709" m_c="0.492657" m_d="0.597292" m_tx="-259.438873" m_ty="-3.051261"/>
   <element name="wood" layername="wood_R_B" frame="11" z_index="27" m_a="1.181964" m_b="1.221868" m_c="-0.546237" m_d="0.528398" m_tx="240.460327" m_ty="-8.352866"/>
   <element name="wood" layername="S_B" frame="6" z_index="26" m_a="0.622896" m_b="0.000000" m_c="0.000000" m_d="0.667455" m_tx="-4.184218" m_ty="-668.144531"/>
   <element name="pot" layername="pot_A" frame="0" z_index="23" m_a="0.544453" m_b="0.000000" m_c="0.000000" m_d="1.191615" m_tx="2.660548" m_ty="-529.965332"/>
   <element name="lid" layername="Lid" frame="0" z_index="24" m_a="0.476397" m_b="0.000000" m_c="0.000000" m_d="1.042663" m_tx="3.793946" m_ty="-440.437286"/>
   <element name="wood" layername="S_M" frame="4" z_index="22" m_a="0.622896" m_b="0.000000" m_c="0.000000" m_d="0.667455" m_tx="-4.184221" m_ty="-668.144531"/>
   <element name="wood" layername="wood_M_A" frame="9" z_index="21" m_a="2.200390" m_b="-0.399536" m_c="0.128942" m_d="0.710130" m_tx="-4.334572" m_ty="-341.539459"/>
   <element name="wood" layername="wood_L_F" frame="8" z_index="20" m_a="1.311452" m_b="-1.081709" m_c="0.492657" m_d="0.597292" m_tx="-259.438873" m_ty="-3.051259"/>
   <element name="wood" layername="wood_R_F" frame="10" z_index="19" m_a="1.181964" m_b="1.221868" m_c="-0.546237" m_d="0.528398" m_tx="240.460327" m_ty="-8.352862"/>
   <element name="wood" layername="S_F" frame="5" z_index="18" m_a="0.622897" m_b="0.000000" m_c="0.000000" m_d="0.667456" m_tx="-4.184221" m_ty="-668.144531"/>
   <element name="campfire_shadow" layername="shdw-A" frame="1" z_index="31" m_a="0.219420" m_b="0.000000" m_c="0.000000" m_d="0.374725" m_tx="4.050711" m_ty="4.014636"/>
   <element name="pot" layername="pot_B" frame="1" z_index="25" m_a="0.544453" m_b="0.000000" m_c="0.000000" m_d="1.191615" m_tx="2.660548" m_ty="-529.965332"/>
  </frame>
  <frame idx="325" w="873" h="1146" x="173.882660" y="-347.454956">
   <element name="wood" layername="wood_LB" frame="7" z_index="28" m_a="1.588327" m_b="-0.605986" m_c="0.147047" m_d="0.385420" m_tx="-259.424988" m_ty="-3.352546"/>
   <element name="wood" layername="wood_R_B" frame="11" z_index="27" m_a="1.549469" m_b="0.699389" m_c="-0.164818" m_d="0.365149" m_tx="240.460327" m_ty="-8.352865"/>
   <element name="wood" layername="S_B" frame="6" z_index="26" m_a="0.622896" m_b="0.000000" m_c="0.000000" m_d="0.507388" m_tx="-4.184218" m_ty="-614.127869"/>
   <element name="pot" layername="pot_A" frame="0" z_index="23" m_a="0.542487" m_b="0.000000" m_c="0.000000" m_d="1.227486" m_tx="3.175097" m_ty="-475.789490"/>
   <element name="lid" layername="Lid" frame="0" z_index="24" m_a="0.474676" m_b="0.000000" m_c="0.000000" m_d="1.074050" m_tx="4.257492" m_ty="-383.759705"/>
   <element name="wood" layername="S_M" frame="4" z_index="22" m_a="0.622896" m_b="0.000000" m_c="0.000000" m_d="0.507388" m_tx="-4.184221" m_ty="-614.127869"/>
   <element name="wood" layername="wood_M_A" frame="9" z_index="21" m_a="2.224285" m_b="-0.232167" m_c="0.060550" m_d="0.580103" m_tx="-3.001486" m_ty="-269.971191"/>
   <element name="wood" layername="wood_L_F" frame="8" z_index="20" m_a="1.588327" m_b="-0.605986" m_c="0.147047" m_d="0.385420" m_tx="-259.424988" m_ty="-3.352545"/>
   <element name="wood" layername="wood_R_F" frame="10" z_index="19" m_a="1.549469" m_b="0.699389" m_c="-0.164818" m_d="0.365149" m_tx="240.460327" m_ty="-8.352863"/>
   <element name="wood" layername="S_F" frame="5" z_index="18" m_a="0.622897" m_b="0.000000" m_c="0.000000" m_d="0.507389" m_tx="-4.184221" m_ty="-614.127869"/>
   <element name="campfire_shadow" layername="shdw-A" frame="1" z_index="31" m_a="0.262217" m_b="0.000000" m_c="0.000000" m_d="0.440041" m_tx="4.050711" m_ty="4.014636"/>
   <element name="pot" layername="pot_B" frame="1" z_index="25" m_a="0.542487" m_b="0.000000" m_c="0.000000" m_d="1.227486" m_tx="3.175097" m_ty="-475.789490"/>
  </frame>
  <frame idx="350" w="874" h="1060" x="174.787811" y="-317.833954">
   <element name="wood" layername="wood_LB" frame="7" z_index="28" m_a="1.698690" m_b="-0.066734" m_c="0.001994" m_d="0.050745" m_tx="-259.411133" m_ty="-3.653831"/>
   <element name="wood" layername="wood_R_B" frame="11" z_index="27" m_a="1.698202" m_b="0.078163" m_c="-0.001897" m_d="0.041216" m_tx="240.460327" m_ty="-8.352864"/>
   <element name="wood" layername="S_B" frame="6" z_index="26" m_a="0.622896" m_b="0.000000" m_c="0.000000" m_d="0.347321" m_tx="-4.184218" m_ty="-560.111206"/>
   <element name="pot" layername="pot_A" frame="0" z_index="23" m_a="0.540520" m_b="0.000000" m_c="0.000000" m_d="1.263357" m_tx="3.689646" m_ty="-421.613617"/>
   <element name="lid" layername="Lid" frame="0" z_index="24" m_a="0.472955" m_b="0.000000" m_c="0.000000" m_d="1.105437" m_tx="4.721038" m_ty="-327.082153"/>
   <element name="wood" layername="S_M" frame="4" z_index="22" m_a="0.622896" m_b="0.000000" m_c="0.000000" m_d="0.347321" m_tx="-4.184221" m_ty="-560.111206"/>
   <element name="wood" layername="wood_M_A" frame="9" z_index="21" m_a="2.235468" m_b="-0.063472" m_c="0.012623" m_d="0.444589" m_tx="-1.668401" m_ty="-198.402954"/>
   <element name="wood" layername="wood_L_F" frame="8" z_index="20" m_a="1.698690" m_b="-0.066734" m_c="0.001994" m_d="0.050745" m_tx="-259.411133" m_ty="-3.653831"/>
   <element name="wood" layername="wood_R_F" frame="10" z_index="19" m_a="1.698202" m_b="0.078163" m_c="-0.001897" m_d="0.041216" m_tx="240.460327" m_ty="-8.352864"/>
   <element name="wood" layername="S_F" frame="5" z_index="18" m_a="0.622897" m_b="0.000000" m_c="0.000000" m_d="0.347322" m_tx="-4.184221" m_ty="-560.111206"/>
   <element name="campfire_shadow" layername="shdw-A" frame="1" z_index="31" m_a="0.305015" m_b="0.000000" m_c="0.000000" m_d="0.505358" m_tx="4.050711" m_ty="4.014636"/>
   <element name="pot" layername="pot_B" frame="1" z_index="25" m_a="0.540520" m_b="0.000000" m_c="0.000000" m_d="1.263357" m_tx="3.689646" m_ty="-421.613617"/>
  </frame>
  <frame idx="375" w="679" h="973" x="233.529709" y="-288.213013">
   <element name="wood" layername="S_B" frame="6" z_index="26" m_a="0.622896" m_b="0.000000" m_c="0.000000" m_d="0.187254" m_tx="-4.184218" m_ty="-506.094543"/>
   <element name="pot" layername="pot_A" frame="0" z_index="23" m_a="0.538553" m_b="0.000000" m_c="0.000000" m_d="1.299228" m_tx="4.204195" m_ty="-367.437744"/>
   <element name="lid" layername="Lid" frame="0" z_index="24" m_a="0.471234" m_b="0.000000" m_c="0.000000" m_d="1.136824" m_tx="5.184584" m_ty="-270.404572"/>
   <element name="wood" layername="S_M" frame="4" z_index="22" m_a="0.622896" m_b="0.000000" m_c="0.000000" m_d="0.187254" m_tx="-4.184221" m_ty="-506.094543"/>
   <element name="wood" layername="wood_M_A" frame="9" z_index="21" m_a="2.233875" m_b="0.105587" m_c="-0.014461" m_d="0.305940" m_tx="-0.335315" m_ty="-126.834702"/>
   <element name="wood" layername="S_F" frame="5" z_index="18" m_a="0.622897" m_b="0.000000" m_c="0.000000" m_d="0.187255" m_tx="-4.184221" m_ty="-506.094543"/>
   <element name="campfire_shadow" layername="shdw-A" frame="1" z_index="31" m_a="0.347812" m_b="0.000000" m_c="0.000000" m_d="0.570674" m_tx="4.050711" m_ty="4.014636"/>
   <element name="pot" layername="pot_B" frame="1" z_index="25" m_a="0.538553" m_b="0.000000" m_c="0.000000" m_d="1.299228" m_tx="4.204195" m_ty="-367.437744"/>
  </frame>
  <frame idx="400" w="674" h="898" x="233.893448" y="-248.910706">
   <element name="wood" layername="S_B" frame="6" z_index="26" m_a="0.622896" m_b="0.000000" m_c="0.000000" m_d="0.027187" m_tx="-4.184218" m_ty="-452.077881"/>
   <element name="pot" layername="pot_A" frame="0" z_index="23" m_a="0.536586" m_b="0.000000" m_c="0.000000" m_d="1.335099" m_tx="4.718744" m_ty="-313.261871"/>
   <element name="lid" layername="Lid" frame="0" z_index="24" m_a="0.469513" m_b="0.000000" m_c="0.000000" m_d="1.168211" m_tx="5.648130" m_ty="-213.727005"/>
   <element name="wood" layername="S_M" frame="4" z_index="22" m_a="0.622896" m_b="0.000000" m_c="0.000000" m_d="0.027187" m_tx="-4.184221" m_ty="-452.077881"/>
   <element name="wood" layername="wood_M_A" frame="9" z_index="21" m_a="2.219515" m_b="0.274042" m_c="-0.020561" m_d="0.166530" m_tx="2.997770" m_ty="-55.266445"/>
   <element name="wood" layername="S_F" frame="5" z_index="18" m_a="0.622897" m_b="0.000000" m_c="0.000000" m_d="0.027188" m_tx="-4.184221" m_ty="-452.077881"/>
   <element name="campfire_shadow" layername="shdw-A" frame="1" z_index="31" m_a="0.390610" m_b="0.000000" m_c="0.000000" m_d="0.635990" m_tx="4.050711" m_ty="4.014636"/>
   <element name="pot" layername="pot_B" frame="1" z_index="25" m_a="0.536586" m_b="0.000000" m_c="0.000000" m_d="1.335099" m_tx="4.718744" m_ty="-313.261871"/>
  </frame>
  <frame idx="425" w="346" h="239" x="33.332108" y="-62.136688">
   <element name="pot" layername="pot_A" frame="0" z_index="23" m_a="1.206184" m_b="0.000000" m_c="0.000000" m_d="0.462968" m_tx="3.200000" m_ty="-104.847214"/>
   <element name="lid" layername="Lid" frame="0" z_index="24" m_a="1.055411" m_b="0.000000" m_c="0.000000" m_d="0.405097" m_tx="5.289153" m_ty="-70.331848"/>
   <element name="campfire_shadow" layername="shdw-A" frame="1" z_index="31" m_a="1.031389" m_b="0.000000" m_c="0.000000" m_d="0.635990" m_tx="4.050711" m_ty="4.014636"/>
   <element name="pot" layername="pot_B" frame="1" z_index="25" m_a="1.206184" m_b="0.000000" m_c="0.000000" m_d="0.462968" m_tx="3.200000" m_ty="-104.847214"/>
  </frame>
  <frame idx="450" w="318" h="325" x="8.434280" y="-88.377968">
   <element name="pot" layername="pot_A" frame="0" z_index="23" m_a="1.016106" m_b="0.000000" m_c="0.000000" m_d="0.679480" m_tx="4.535431" m_ty="-157.329773"/>
   <element name="lid" layername="Lid" frame="0" z_index="24" m_a="0.889092" m_b="0.000000" m_c="0.000000" m_d="0.594545" m_tx="6.295362" m_ty="-106.672897"/>
   <element name="campfire_shadow" layername="shdw-A" frame="1" z_index="31" m_a="0.834883" m_b="0.000000" m_c="0.000000" m_d="0.635990" m_tx="4.050711" m_ty="4.014636"/>
   <element name="pot" layername="pot_B" frame="1" z_index="25" m_a="1.016106" m_b="0.000000" m_c="0.000000" m_d="0.679480" m_tx="4.535431" m_ty="-157.329773"/>
  </frame>
  <frame idx="475" w="291" h="412" x="-16.463531" y="-114.619247">
   <element name="pot" layername="pot_A" frame="0" z_index="23" m_a="0.826027" m_b="0.000000" m_c="0.000000" m_d="0.895992" m_tx="5.870862" m_ty="-209.812317"/>
   <element name="lid" layername="Lid" frame="0" z_index="24" m_a="0.722774" m_b="0.000000" m_c="0.000000" m_d="0.783993" m_tx="7.301570" m_ty="-143.013947"/>
   <element name="campfire_shadow" layername="shdw-A" frame="1" z_index="31" m_a="0.638378" m_b="0.000000" m_c="0.000000" m_d="0.635990" m_tx="4.050711" m_ty="4.014636"/>
   <element name="pot" layername="pot_B" frame="1" z_index="25" m_a="0.826027" m_b="0.000000" m_c="0.000000" m_d="0.895992" m_tx="5.870862" m_ty="-209.812317"/>
  </frame>
  <frame idx="500" w="263" h="502" x="-41.361359" y="-137.526794">
   <element name="pot" layername="pot_A" frame="0" z_index="23" m_a="0.635949" m_b="0.000000" m_c="0.000000" m_d="1.112504" m_tx="7.206292" m_ty="-262.294861"/>
   <element name="lid" layername="Lid" frame="0" z_index="24" m_a="0.556455" m_b="0.000000" m_c="0.000000" m_d="0.973441" m_tx="8.307778" m_ty="-179.354980"/>
   <element name="campfire_shadow" layername="shdw-A" frame="1" z_index="31" m_a="0.441872" m_b="0.000000" m_c="0.000000" m_d="0.635990" m_tx="4.050711" m_ty="4.014636"/>
   <element name="pot" layername="pot_B" frame="1" z_index="25" m_a="0.635949" m_b="0.000000" m_c="0.000000" m_d="1.112504" m_tx="7.206292" m_ty="-262.294861"/>
  </frame>
  <frame idx="525" w="269" h="467" x="-36.345932" y="-128.125076">
   <element name="pot" layername="pot_A" frame="0" z_index="23" m_a="0.676962" m_b="0.000000" m_c="0.000000" m_d="1.034378" m_tx="6.204719" m_ty="-241.721146"/>
   <element name="lid" layername="Lid" frame="0" z_index="24" m_a="0.592341" m_b="0.000000" m_c="0.000000" m_d="0.905081" m_tx="7.377241" m_ty="-164.605743"/>
   <element name="campfire_shadow" layername="shdw-A" frame="1" z_index="31" m_a="0.474456" m_b="0.000000" m_c="0.000000" m_d="0.635990" m_tx="4.050711" m_ty="4.014636"/>
   <element name="pot" layername="pot_B" frame="1" z_index="25" m_a="0.676962" m_b="0.000000" m_c="0.000000" m_d="1.034378" m_tx="6.204719" m_ty="-241.721146"/>
  </frame>
  <frame idx="550" w="274" h="433" x="-31.330505" y="-118.723404">
   <element name="pot" layername="pot_A" frame="0" z_index="23" m_a="0.717975" m_b="0.000000" m_c="0.000000" m_d="0.956252" m_tx="5.203146" m_ty="-221.147430"/>
   <element name="lid" layername="Lid" frame="0" z_index="24" m_a="0.628227" m_b="0.000000" m_c="0.000000" m_d="0.836720" m_tx="6.446703" m_ty="-149.856522"/>
   <element name="campfire_shadow" layername="shdw-A" frame="1" z_index="31" m_a="0.507039" m_b="0.000000" m_c="0.000000" m_d="0.635990" m_tx="4.050711" m_ty="4.014636"/>
   <element name="pot" layername="pot_B" frame="1" z_index="25" m_a="0.717975" m_b="0.000000" m_c="0.000000" m_d="0.956252" m_tx="5.203146" m_ty="-221.147430"/>
  </frame>
  <frame idx="575" w="280" h="398" x="-26.315079" y="-109.321716">
   <element name="pot" layername="pot_A" frame="0" z_index="23" m_a="0.758987" m_b="0.000000" m_c="0.000000" m_d="0.878126" m_tx="4.201573" m_ty="-200.573715"/>
   <element name="lid" layername="Lid" frame="0" z_index="24" m_a="0.664114" m_b="0.000000" m_c="0.000000" m_d="0.768360" m_tx="5.516166" m_ty="-135.107285"/>
   <element name="campfire_shadow" layername="shdw-A" frame="1" z_index="31" m_a="0.539623" m_b="0.000000" m_c="0.000000" m_d="0.635990" m_tx="4.050711" m_ty="4.014636"/>
   <element name="pot" layername="pot_B" frame="1" z_index="25" m_a="0.758987" m_b="0.000000" m_c="0.000000" m_d="0.878126" m_tx="4.201573" m_ty="-200.573715"/>
  </frame>
  <frame idx="600" w="285" h="362" x="-21.299652" y="-99.713081">
   <element name="pot" layername="pot_A" frame="0" z_index="23" m_a="0.800000" m_b="0.000000" m_c="0.000000" m_d="0.800000" m_tx="3.200000" m_ty="-180.000000"/>
   <element name="lid" layername="Lid" frame="0" z_index="24" m_a="0.700000" m_b="0.000000" m_c="0.000000" m_d="0.700000" m_tx="4.585628" m_ty="-120.358055"/>
   <element name="campfire_shadow" layername="shdw-A" frame="1" z_index="31" m_a="0.572207" m_b="0.000000" m_c="0.000000" m_d="0.635990" m_tx="4.050711" m_ty="4.014636"/>
   <element name="pot" layername="pot_B" frame="1" z_index="25" m_a="0.800000" m_b="0.000000" m_c="0.000000" m_d="0.800000" m_tx="3.200000" m_ty="-180.000000"/>
  </frame>
 </anim>
 <anim name="collapse_A" root="campkettle_item" numframes="675" framerate="40">
  <frame idx="0" w="1158" h="1077" x="-79.778168" y="-75.840118">
   <element name="wood" layername="wood_M" frame="0" z_index="28" m_a="0.974373" m_b="0.030162" m_c="-0.045657" m_d="1.474955" m_tx="0.911528" m_ty="-64.877525"/>
   <element name="wood" layername="wood_L" frame="1" z_index="23" m_a="0.751389" m_b="0.366280" m_c="-0.847093" m_d="1.737734" m_tx="-214.404831" m_ty="58.384102"/>
   <element name="pot" layername="pot_A" frame="0" z_index="24" m_a="0.800000" m_b="0.000000" m_c="0.000000" m_d="0.800000" m_tx="-5.226973" m_ty="-411.692749"/>
   <element name="lid" layername="Lid" frame="0" z_index="25" m_a="0.700000" m_b="0.000000" m_c="0.000000" m_d="0.700000" m_tx="-4.063569" m_ty="-351.717987"/>
   <element name="wood" layername="wood_R" frame="1" z_index="27" m_a="-0.740708" m_b="0.369821" m_c="0.819421" m_d="1.641204" m_tx="184.367767" m_ty="24.559980"/>
   <element name="campfire_shadow" layername="shad_R" frame="0" z_index="29" m_a="0.998513" m_b="-0.054516" m_c="0.054516" m_d="0.998513" m_tx="186.313644" m_ty="39.431824"/>
   <element name="campfire_shadow" layername="shad_M" frame="0" z_index="30" m_a="0.999996" m_b="-0.002741" m_c="0.002373" m_d="0.865858" m_tx="-0.968334" m_ty="-58.790981"/>
   <element name="campfire_shadow" layername="shad_L" frame="0" z_index="31" m_a="0.998598" m_b="0.052937" m_c="-0.052937" m_d="0.998598" m_tx="-216.800003" m_ty="74.400002"/>
   <element name="wood" layername="wood_RA" frame="3" z_index="22" m_a="0.831467" m_b="-0.223549" m_c="0.260868" m_d="0.970270" m_tx="-11.747977" m_ty="-436.032288"/>
   <element name="wood" layername="wood_LA_2" frame="2" z_index="21" m_a="-0.694113" m_b="-0.306964" m_c="-0.250620" m_d="0.566706" m_tx="-24.346079" m_ty="-416.351837"/>
   <element name="wood" layername="wood_MA" frame="2" z_index="20" m_a="0.717768" m_b="-0.667548" m_c="0.461565" m_d="0.496289" m_tx="0.295649" m_ty="-399.294952"/>
   <element name="pot" layername="pot_B" frame="1" z_index="26" m_a="0.800000" m_b="0.000000" m_c="0.000000" m_d="0.800000" m_tx="-5.226970" m_ty="-411.692749"/>
  </frame>
  <frame idx="25" w="1133" h="1037" x="-80.144043" y="-78.496094">
   <element name="wood" layername="wood_M" frame="0" z_index="28" m_a="0.974373" m_b="0.030162" m_c="-0.043086" m_d="1.391895" m_tx="0.911528" m_ty="-64.877525"/>
   <element name="wood" layername="wood_L" frame="1" z_index="23" m_a="0.751389" m_b="0.366280" m_c="-0.815469" m_d="1.672860" m_tx="-214.404831" m_ty="58.384102"/>
   <element name="pot" layername="pot_A" frame="0" z_index="24" m_a="0.800000" m_b="0.000000" m_c="0.000000" m_d="0.800000" m_tx="-4.240131" m_ty="-399.357239"/>
   <element name="lid" layername="Lid" frame="0" z_index="25" m_a="0.700000" m_b="0.000000" m_c="0.000000" m_d="0.700000" m_tx="-2.901064" m_ty="-340.033112"/>
   <element name="wood" layername="wood_R" frame="1" z_index="27" m_a="-0.740708" m_b="0.369821" m_c="0.785670" m_d="1.573604" m_tx="184.367767" m_ty="24.559980"/>
   <element name="campfire_shadow" layername="shad_R" frame="0" z_index="29" m_a="0.998513" m_b="-0.054516" m_c="0.054516" m_d="0.998513" m_tx="186.313644" m_ty="39.431824"/>
   <element name="campfire_shadow" layername="shad_M" frame="0" z_index="30" m_a="0.999996" m_b="-0.002741" m_c="0.002373" m_d="0.865858" m_tx="-0.968334" m_ty="-58.790981"/>
   <element name="campfire_shadow" layername="shad_L" frame="0" z_index="31" m_a="0.998598" m_b="0.052937" m_c="-0.052937" m_d="0.998598" m_tx="-216.800003" m_ty="74.400002"/>
   <element name="wood" layername="wood_RA" frame="3" z_index="22" m_a="0.831467" m_b="-0.223549" m_c="0.251129" m_d="0.934048" m_tx="-20.470688" m_ty="-418.138489"/>
   <element name="wood" layername="wood_LA_2" frame="2" z_index="21" m_a="-0.694113" m_b="-0.306964" m_c="-0.236507" m_d="0.534793" m_tx="-24.956816" m_ty="-396.622070"/>
   <element name="wood" layername="wood_MA" frame="2" z_index="20" m_a="0.717768" m_b="-0.667548" m_c="0.442554" m_d="0.475847" m_tx="8.785775" m_ty="-382.290222"/>
   <element name="pot" layername="pot_B" frame="1" z_index="26" m_a="0.800000" m_b="0.000000" m_c="0.000000" m_d="0.800000" m_tx="-4.240130" m_ty="-399.357239"/>
  </frame>
  <frame idx="50" w="1109" h="996" x="-80.509888" y="-81.152100">
   <element name="wood" layername="wood_M" frame="0" z_index="28" m_a="0.974373" m_b="0.030162" m_c="-0.040515" m_d="1.308835" m_tx="0.911528" m_ty="-64.877525"/>
   <element name="wood" layername="wood_L" frame="1" z_index="23" m_a="0.751389" m_b="0.366280" m_c="-0.783845" m_d="1.607986" m_tx="-214.404831" m_ty="58.384102"/>
   <element name="pot" layername="pot_A" frame="0" z_index="24" m_a="0.800000" m_b="0.000000" m_c="0.000000" m_d="0.800000" m_tx="-3.253289" m_ty="-387.021698"/>
   <element name="lid" layername="Lid" frame="0" z_index="25" m_a="0.700000" m_b="0.000000" m_c="0.000000" m_d="0.700000" m_tx="-1.738560" m_ty="-328.348236"/>
   <element name="wood" layername="wood_R" frame="1" z_index="27" m_a="-0.740708" m_b="0.369821" m_c="0.751918" m_d="1.506004" m_tx="184.367767" m_ty="24.559980"/>
   <element name="campfire_shadow" layername="shad_R" frame="0" z_index="29" m_a="0.998513" m_b="-0.054516" m_c="0.054516" m_d="0.998513" m_tx="186.313644" m_ty="39.431824"/>
   <element name="campfire_shadow" layername="shad_M" frame="0" z_index="30" m_a="0.999996" m_b="-0.002741" m_c="0.002373" m_d="0.865858" m_tx="-0.968334" m_ty="-58.790981"/>
   <element name="campfire_shadow" layername="shad_L" frame="0" z_index="31" m_a="0.998598" m_b="0.052937" m_c="-0.052937" m_d="0.998598" m_tx="-216.800003" m_ty="74.400002"/>
   <element name="wood" layername="wood_RA" frame="3" z_index="22" m_a="0.831467" m_b="-0.223549" m_c="0.241390" m_d="0.897825" m_tx="-29.193398" m_ty="-400.244690"/>
   <element name="wood" layername="wood_LA_2" frame="2" z_index="21" m_a="-0.694113" m_b="-0.306964" m_c="-0.222393" m_d="0.502880" m_tx="-25.567551" m_ty="-376.892334"/>
   <element name="wood" layername="wood_MA" frame="2" z_index="20" m_a="0.717768" m_b="-0.667548" m_c="0.423542" m_d="0.455405" m_tx="17.275902" m_ty="-365.285522"/>
   <element name="pot" layername="pot_B" frame="1" z_index="26" m_a="0.800000" m_b="0.000000" m_c="0.000000" m_d="0.800000" m_tx="-3.253290" m_ty="-387.021698"/>
  </frame>
  <frame idx="75" w="1085" h="956" x="-80.875763" y="-83.807983">
   <element name="wood" layername="wood_M" frame="0" z_index="28" m_a="0.974373" m_b="0.030162" m_c="-0.037944" m_d="1.225775" m_tx="0.911528" m_ty="-64.877525"/>
   <element name="wood" layername="wood_L" frame="1" z_index="23" m_a="0.751389" m_b="0.366280" m_c="-0.752221" m_d="1.543112" m_tx="-214.404831" m_ty="58.384102"/>
   <element name="pot" layername="pot_A" frame="0" z_index="24" m_a="0.800000" m_b="0.000000" m_c="0.000000" m_d="0.800000" m_tx="-2.266447" m_ty="-374.686157"/>
   <element name="lid" layername="Lid" frame="0" z_index="25" m_a="0.700000" m_b="0.000000" m_c="0.000000" m_d="0.700000" m_tx="-0.576056" m_ty="-316.663361"/>
   <element name="wood" layername="wood_R" frame="1" z_index="27" m_a="-0.740708" m_b="0.369821" m_c="0.718167" m_d="1.438404" m_tx="184.367767" m_ty="24.559980"/>
   <element name="campfire_shadow" layername="shad_R" frame="0" z_index="29" m_a="0.998513" m_b="-0.054516" m_c="0.054516" m_d="0.998513" m_tx="186.313644" m_ty="39.431824"/>
   <element name="campfire_shadow" layername="shad_M" frame="0" z_index="30" m_a="0.999996" m_b="-0.002741" m_c="0.002373" m_d="0.865858" m_tx="-0.968334" m_ty="-58.790981"/>
   <element name="campfire_shadow" layername="shad_L" frame="0" z_index="31" m_a="0.998598" m_b="0.052937" m_c="-0.052937" m_d="0.998598" m_tx="-216.800003" m_ty="74.400002"/>
   <element name="wood" layername="wood_RA" frame="3" z_index="22" m_a="0.831467" m_b="-0.223549" m_c="0.231651" m_d="0.861602" m_tx="-37.916111" m_ty="-382.350861"/>
   <element name="wood" layername="wood_LA_2" frame="2" z_index="21" m_a="-0.694113" m_b="-0.306964" m_c="-0.208280" m_d="0.470967" m_tx="-26.178288" m_ty="-357.162598"/>
   <element name="wood" layername="wood_MA" frame="2" z_index="20" m_a="0.717768" m_b="-0.667548" m_c="0.404531" m_d="0.434964" m_tx="25.766027" m_ty="-348.280792"/>
   <element name="pot" layername="pot_B" frame="1" z_index="26" m_a="0.800000" m_b="0.000000" m_c="0.000000" m_d="0.800000" m_tx="-2.266450" m_ty="-374.686157"/>
  </frame>
  <frame idx="100" w="1061" h="916" x="-81.241638" y="-86.464050">
   <element name="wood" layername="wood_M" frame="0" z_index="28" m_a="0.974373" m_b="0.030162" m_c="-0.035373" m_d="1.142716" m_tx="0.911528" m_ty="-64.877525"/>
   <element name="wood" layername="wood_L" frame="1" z_index="23" m_a="0.751389" m_b="0.366280" m_c="-0.720597" m_d="1.478238" m_tx="-214.404831" m_ty="58.384102"/>
   <element name="pot" layername="pot_A" frame="0" z_index="24" m_a="0.800000" m_b="0.000000" m_c="0.000000" m_d="0.800000" m_tx="-1.279605" m_ty="-362.350647"/>
   <element name="lid" layername="Lid" frame="0" z_index="25" m_a="0.700000" m_b="0.000000" m_c="0.000000" m_d="0.700000" m_tx="0.586449" m_ty="-304.978485"/>
   <element name="wood" layername="wood_R" frame="1" z_index="27" m_a="-0.740708" m_b="0.369821" m_c="0.684416" m_d="1.370804" m_tx="184.367767" m_ty="24.559980"/>
   <element name="campfire_shadow" layername="shad_R" frame="0" z_index="29" m_a="0.998513" m_b="-0.054516" m_c="0.054516" m_d="0.998513" m_tx="186.313644" m_ty="39.431824"/>
   <element name="campfire_shadow" layername="shad_M" frame="0" z_index="30" m_a="0.999996" m_b="-0.002741" m_c="0.002373" m_d="0.865858" m_tx="-0.968334" m_ty="-58.790981"/>
   <element name="campfire_shadow" layername="shad_L" frame="0" z_index="31" m_a="0.998598" m_b="0.052937" m_c="-0.052937" m_d="0.998598" m_tx="-216.800003" m_ty="74.400002"/>
   <element name="wood" layername="wood_RA" frame="3" z_index="22" m_a="0.831467" m_b="-0.223549" m_c="0.221912" m_d="0.825380" m_tx="-46.638821" m_ty="-364.457062"/>
   <element name="wood" layername="wood_LA_2" frame="2" z_index="21" m_a="-0.694113" m_b="-0.306964" m_c="-0.194167" m_d="0.439054" m_tx="-26.789024" m_ty="-337.432831"/>
   <element name="wood" layername="wood_MA" frame="2" z_index="20" m_a="0.717768" m_b="-0.667548" m_c="0.385519" m_d="0.414522" m_tx="34.256157" m_ty="-331.276062"/>
   <element name="pot" layername="pot_B" frame="1" z_index="26" m_a="0.800000" m_b="0.000000" m_c="0.000000" m_d="0.800000" m_tx="-1.279610" m_ty="-362.350647"/>
  </frame>
  <frame idx="125" w="871" h="875" x="-81.704315" y="-184.422241">
   <element name="wood" layername="wood_M" frame="0" z_index="28" m_a="0.974801" m_b="0.008742" m_c="-0.008985" m_d="1.001905" m_tx="-13.106167" m_ty="-155.786926"/>
   <element name="wood" layername="wood_L" frame="1" z_index="23" m_a="0.747014" m_b="0.375122" m_c="-0.647161" m_d="1.288749" m_tx="-153.566864" m_ty="-42.611992"/>
   <element name="pot" layername="pot_A" frame="0" z_index="24" m_a="0.758453" m_b="0.000000" m_c="0.000000" m_d="0.797004" m_tx="-0.115051" m_ty="-357.915710"/>
   <element name="lid" layername="Lid" frame="0" z_index="25" m_a="0.683454" m_b="0.000000" m_c="0.000000" m_d="0.754838" m_tx="1.355932" m_ty="-305.357605"/>
   <element name="wood" layername="wood_R" frame="1" z_index="27" m_a="-0.737050" m_b="0.377060" m_c="0.611869" m_d="1.196038" m_tx="122.298798" m_ty="-69.405540"/>
   <element name="campfire_shadow" layername="shad_R" frame="0" z_index="29" m_a="0.999163" m_b="-0.040896" m_c="0.040896" m_d="0.999163" m_tx="186.110229" m_ty="39.452816"/>
   <element name="campfire_shadow" layername="shad_M" frame="0" z_index="30" m_a="0.837602" m_b="-0.002296" m_c="0.002073" m_d="0.756353" m_tx="-0.968334" m_ty="-81.290985"/>
   <element name="campfire_shadow" layername="shad_L" frame="0" z_index="31" m_a="0.999211" m_b="0.039711" m_c="-0.039711" m_d="0.999211" m_tx="-216.800003" m_ty="74.400002"/>
   <element name="wood" layername="wood_RA" frame="3" z_index="22" m_a="0.747069" m_b="-0.200858" m_c="0.168206" m_d="0.625625" m_tx="-25.327347" m_ty="-386.793121"/>
   <element name="wood" layername="wood_LA_2" frame="2" z_index="21" m_a="-0.694113" m_b="-0.306964" m_c="-0.150872" m_d="0.341154" m_tx="-37.946049" m_ty="-377.515472"/>
   <element name="wood" layername="wood_MA" frame="2" z_index="20" m_a="0.717768" m_b="-0.667548" m_c="0.292136" m_d="0.314113" m_tx="8.857220" m_ty="-361.861176"/>
   <element name="pot" layername="pot_B" frame="1" z_index="26" m_a="0.758453" m_b="0.000000" m_c="0.000000" m_d="0.797005" m_tx="-0.115055" m_ty="-357.915710"/>
  </frame>
  <frame idx="150" w="697" h="1000" x="-64.222748" y="-242.874756">
   <element name="wood" layername="wood_M" frame="0" z_index="28" m_a="0.974757" m_b="-0.012682" m_c="0.011196" m_d="0.860554" m_tx="-27.123861" m_ty="-246.696350"/>
   <element name="wood" layername="wood_L" frame="1" z_index="23" m_a="0.742534" m_b="0.383913" m_c="-0.569366" m_d="1.101224" m_tx="-92.728912" m_ty="-143.608093"/>
   <element name="pot" layername="pot_A" frame="0" z_index="24" m_a="0.716907" m_b="0.000000" m_c="0.000000" m_d="0.794008" m_tx="1.049503" m_ty="-353.480774"/>
   <element name="lid" layername="Lid" frame="0" z_index="25" m_a="0.666907" m_b="0.000000" m_c="0.000000" m_d="0.809677" m_tx="2.125414" m_ty="-305.736694"/>
   <element name="wood" layername="wood_R" frame="1" z_index="27" m_a="-0.733321" m_b="0.384262" m_c="0.535971" m_d="1.022840" m_tx="60.229836" m_ty="-163.371063"/>
   <element name="campfire_shadow" layername="shad_R" frame="0" z_index="29" m_a="0.999628" m_b="-0.027268" m_c="0.027268" m_d="0.999628" m_tx="185.906830" m_ty="39.473808"/>
   <element name="campfire_shadow" layername="shad_M" frame="0" z_index="30" m_a="0.675208" m_b="-0.001851" m_c="0.001773" m_d="0.646849" m_tx="-0.968334" m_ty="-103.790985"/>
   <element name="campfire_shadow" layername="shad_L" frame="0" z_index="31" m_a="0.999649" m_b="0.026478" m_c="-0.026478" m_d="0.999649" m_tx="-216.800003" m_ty="74.400002"/>
   <element name="wood" layername="wood_RA" frame="3" z_index="22" m_a="0.662671" m_b="-0.178166" m_c="0.114500" m_d="0.425869" m_tx="-4.015873" m_ty="-409.129181"/>
   <element name="wood" layername="wood_LA_2" frame="2" z_index="21" m_a="-0.694113" m_b="-0.306964" m_c="-0.107577" m_d="0.243255" m_tx="-49.103073" m_ty="-417.598114"/>
   <element name="wood" layername="wood_MA" frame="2" z_index="20" m_a="0.717768" m_b="-0.667548" m_c="0.198752" m_d="0.213704" m_tx="-16.541718" m_ty="-392.446289"/>
   <element name="pot" layername="pot_B" frame="1" z_index="26" m_a="0.716905" m_b="0.000000" m_c="0.000000" m_d="0.794010" m_tx="1.049500" m_ty="-353.480774"/>
  </frame>
  <frame idx="175" w="481" h="1018" x="-82.111099" y="-413.007355">
   <element name="wood" layername="wood_M" frame="0" z_index="28" m_a="0.974243" m_b="-0.034099" m_c="0.025161" m_d="0.718869" m_tx="-41.141556" m_ty="-337.605743"/>
   <element name="wood" layername="wood_L" frame="1" z_index="23" m_a="0.737951" m_b="0.392649" m_c="-0.487247" m_d="0.915741" m_tx="-31.890945" m_ty="-244.604187"/>
   <element name="pot" layername="pot_A" frame="0" z_index="24" m_a="0.675361" m_b="0.000000" m_c="0.000000" m_d="0.791013" m_tx="2.214058" m_ty="-349.045837"/>
   <element name="lid" layername="Lid" frame="0" z_index="25" m_a="0.650360" m_b="0.000000" m_c="0.000000" m_d="0.864515" m_tx="2.894897" m_ty="-306.115814"/>
   <element name="wood" layername="wood_R" frame="1" z_index="27" m_a="-0.729521" m_b="0.391427" m_c="0.456747" m_d="0.851261" m_tx="-1.839127" m_ty="-257.336609"/>
   <element name="wood" layername="wood_RA" frame="3" z_index="22" m_a="0.578273" m_b="-0.155475" m_c="0.060793" m_d="0.226114" m_tx="17.295601" m_ty="-431.465240"/>
   <element name="wood" layername="wood_LA_2" frame="2" z_index="21" m_a="-0.694113" m_b="-0.306964" m_c="-0.064282" m_d="0.145356" m_tx="-60.260098" m_ty="-457.680756"/>
   <element name="wood" layername="wood_MA" frame="2" z_index="20" m_a="0.717768" m_b="-0.667548" m_c="0.105369" m_d="0.113296" m_tx="-41.940651" m_ty="-423.031372"/>
   <element name="pot" layername="pot_B" frame="1" z_index="26" m_a="0.675357" m_b="0.000000" m_c="0.000000" m_d="0.791015" m_tx="2.214055" m_ty="-349.045837"/>
  </frame>
  <frame idx="200" w="349" h="1173" x="-70.373039" y="-457.700226">
   <element name="wood" layername="wood_M" frame="0" z_index="28" m_a="0.973259" m_b="-0.055502" m_c="0.032907" m_d="0.577053" m_tx="-55.159248" m_ty="-428.515167"/>
   <element name="wood" layername="wood_L" frame="1" z_index="23" m_a="0.733266" m_b="0.401331" m_c="-0.400843" m_d="0.732374" m_tx="28.947006" m_ty="-345.600281"/>
   <element name="pot" layername="pot_A" frame="0" z_index="24" m_a="0.633814" m_b="0.000000" m_c="0.000000" m_d="0.788017" m_tx="3.378612" m_ty="-344.610901"/>
   <element name="lid" layername="Lid" frame="0" z_index="25" m_a="0.633814" m_b="0.000000" m_c="0.000000" m_d="0.919353" m_tx="3.664379" m_ty="-306.494934"/>
   <element name="wood" layername="wood_R" frame="1" z_index="27" m_a="-0.725652" m_b="0.398555" m_c="0.374222" m_d="0.681347" m_tx="-63.908096" m_ty="-351.302124"/>
   <element name="wood" layername="wood_RA" frame="3" z_index="22" m_a="0.493875" m_b="-0.132784" m_c="0.007087" m_d="0.026359" m_tx="38.607079" m_ty="-453.801300"/>
   <element name="wood" layername="wood_LA_2" frame="2" z_index="21" m_a="-0.694113" m_b="-0.306964" m_c="-0.020987" m_d="0.047456" m_tx="-71.417122" m_ty="-497.763397"/>
   <element name="wood" layername="wood_MA" frame="2" z_index="20" m_a="0.717768" m_b="-0.667548" m_c="0.011985" m_d="0.012887" m_tx="-67.339592" m_ty="-453.616486"/>
   <element name="pot" layername="pot_B" frame="1" z_index="26" m_a="0.633810" m_b="0.000000" m_c="0.000000" m_d="0.788020" m_tx="3.378610" m_ty="-344.610901"/>
  </frame>
  <frame idx="225" w="477" h="1313" x="-77.771271" y="-516.787842">
   <element name="wood" layername="wood_M" frame="0" z_index="28" m_a="0.971804" m_b="-0.076876" m_c="0.034436" m_d="0.435313" m_tx="-69.176941" m_ty="-519.424561"/>
   <element name="wood" layername="wood_L" frame="1" z_index="23" m_a="0.728478" m_b="0.409957" m_c="-0.310192" m_d="0.551199" m_tx="89.784958" m_ty="-446.596375"/>
   <element name="pot" layername="pot_A" frame="0" z_index="24" m_a="0.759349" m_b="0.000000" m_c="0.000000" m_d="0.733365" m_tx="1.165352" m_ty="-354.194153"/>
   <element name="lid" layername="Lid" frame="0" z_index="25" m_a="0.759349" m_b="0.000000" m_c="0.000000" m_d="0.855592" m_tx="3.941563" m_ty="-301.277344"/>
   <element name="wood" layername="wood_R" frame="1" z_index="27" m_a="-0.721713" m_b="0.405645" m_c="0.288420" m_d="0.513149" m_tx="-125.977051" m_ty="-445.267639"/>
   <element name="pot" layername="pot_B" frame="1" z_index="26" m_a="0.759345" m_b="0.000000" m_c="0.000000" m_d="0.733368" m_tx="1.165350" m_ty="-354.194153"/>
  </frame>
  <frame idx="250" w="612" h="1452" x="-78.429047" y="-575.873596">
   <element name="wood" layername="wood_M" frame="0" z_index="28" m_a="0.969880" m_b="-0.098214" m_c="0.029757" m_d="0.293852" m_tx="-83.194641" m_ty="-610.333923"/>
   <element name="wood" layername="wood_L" frame="1" z_index="23" m_a="0.723589" m_b="0.418526" m_c="-0.215334" m_d="0.372291" m_tx="150.622940" m_ty="-547.592468"/>
   <element name="pot" layername="pot_A" frame="0" z_index="24" m_a="0.884884" m_b="0.000000" m_c="0.000000" m_d="0.678712" m_tx="-1.047907" m_ty="-363.777374"/>
   <element name="lid" layername="Lid" frame="0" z_index="25" m_a="0.884884" m_b="0.000000" m_c="0.000000" m_d="0.791831" m_tx="1.662184" m_ty="-314.960846"/>
   <element name="wood" layername="wood_R" frame="1" z_index="27" m_a="-0.717704" m_b="0.412695" m_c="0.199367" m_d="0.346712" m_tx="-188.046021" m_ty="-539.233154"/>
   <element name="pot" layername="pot_B" frame="1" z_index="26" m_a="0.884880" m_b="0.000000" m_c="0.000000" m_d="0.678715" m_tx="-1.047910" m_ty="-363.777374"/>
  </frame>
  <frame idx="275" w="747" h="1592" x="-79.088379" y="-634.957214">
   <element name="wood" layername="wood_M" frame="0" z_index="28" m_a="0.967487" m_b="-0.119504" m_c="0.018883" m_d="0.152875" m_tx="-97.212334" m_ty="-701.243347"/>
   <element name="wood" layername="wood_L" frame="1" z_index="23" m_a="0.718599" m_b="0.427037" m_c="-0.116310" m_d="0.195722" m_tx="211.460892" m_ty="-648.588562"/>
   <element name="pot" layername="pot_A" frame="0" z_index="24" m_a="1.010419" m_b="0.000000" m_c="0.000000" m_d="0.624060" m_tx="-3.261167" m_ty="-373.360596"/>
   <element name="lid" layername="Lid" frame="0" z_index="25" m_a="1.010419" m_b="0.000000" m_c="0.000000" m_d="0.728070" m_tx="-0.617194" m_ty="-328.644348"/>
   <element name="wood" layername="wood_R" frame="1" z_index="27" m_a="-0.713627" m_b="0.419707" m_c="0.107090" m_d="0.182085" m_tx="-250.114990" m_ty="-633.198669"/>
   <element name="pot" layername="pot_B" frame="1" z_index="26" m_a="1.010415" m_b="0.000000" m_c="0.000000" m_d="0.624063" m_tx="-3.261170" m_ty="-373.360596"/>
  </frame>
  <frame idx="300" w="882" h="1732" x="-79.749207" y="-694.037964">
   <element name="wood" layername="wood_M" frame="0" z_index="23" m_a="0.964628" m_b="-0.140736" m_c="0.001836" m_d="0.012586" m_tx="-111.230026" m_ty="-792.152771"/>
   <element name="wood" layername="wood_L" frame="1" z_index="28" m_a="0.713509" m_b="0.435488" m_c="-0.013163" m_d="0.021567" m_tx="272.298828" m_ty="-749.584656"/>
   <element name="pot" layername="pot_A" frame="0" z_index="24" m_a="1.135954" m_b="0.000000" m_c="0.000000" m_d="0.569408" m_tx="-5.474427" m_ty="-382.943848"/>
   <element name="lid" layername="Lid" frame="0" z_index="25" m_a="1.135954" m_b="0.000000" m_c="0.000000" m_d="0.664309" m_tx="-2.896572" m_ty="-342.327850"/>
   <element name="wood" layername="wood_R" frame="1" z_index="27" m_a="-0.709481" m_b="0.426677" m_c="0.011616" m_d="0.019315" m_tx="-312.183960" m_ty="-727.164185"/>
   <element name="pot" layername="pot_B" frame="1" z_index="26" m_a="1.135950" m_b="0.000000" m_c="0.000000" m_d="0.569410" m_tx="-5.474430" m_ty="-382.943848"/>
  </frame>
  <frame idx="325" w="288" h="588" x="11.750343" y="-337.849762">
   <element name="pot" layername="pot_A" frame="0" z_index="24" m_a="1.011398" m_b="0.000000" m_c="0.000000" m_d="0.682816" m_tx="-3.232634" m_ty="-401.172699"/>
   <element name="lid" layername="Lid" frame="0" z_index="25" m_a="1.011398" m_b="0.000000" m_c="0.000000" m_d="0.796618" m_tx="-0.770893" m_ty="-361.931152"/>
   <element name="pot" layername="pot_B" frame="1" z_index="26" m_a="1.011394" m_b="0.000000" m_c="0.000000" m_d="0.682818" m_tx="-3.232636" m_ty="-401.172699"/>
  </frame>
  <frame idx="350" w="296" h="734" x="-11.714935" y="-241.174957">
   <element name="pot" layername="pot_A" frame="0" z_index="24" m_a="0.886841" m_b="0.000000" m_c="0.000000" m_d="0.796223" m_tx="-0.990841" m_ty="-419.401550"/>
   <element name="lid" layername="Lid" frame="0" z_index="25" m_a="0.886841" m_b="0.000000" m_c="0.000000" m_d="0.928927" m_tx="1.354785" m_ty="-381.534454"/>
   <element name="campfire_shadow" layername="shdw-A" frame="1" z_index="23" m_a="0.038139" m_b="0.000000" m_c="0.000000" m_d="0.110902" m_tx="4.050711" m_ty="2.499484"/>
   <element name="pot" layername="pot_B" frame="1" z_index="26" m_a="0.886838" m_b="0.000000" m_c="0.000000" m_d="0.796226" m_tx="-0.990842" m_ty="-419.401550"/>
  </frame>
  <frame idx="375" w="279" h="765" x="-27.346878" y="-249.361053">
   <element name="pot" layername="pot_A" frame="0" z_index="24" m_a="0.762285" m_b="0.000000" m_c="0.000000" m_d="0.909631" m_tx="1.250952" m_ty="-437.630371"/>
   <element name="lid" layername="Lid" frame="0" z_index="25" m_a="0.762285" m_b="0.000000" m_c="0.000000" m_d="1.061236" m_tx="3.480464" m_ty="-401.137756"/>
   <element name="campfire_shadow" layername="shdw-A" frame="1" z_index="23" m_a="0.052696" m_b="0.000000" m_c="0.000000" m_d="0.134110" m_tx="4.050711" m_ty="2.499484"/>
   <element name="pot" layername="pot_B" frame="1" z_index="26" m_a="0.762282" m_b="0.000000" m_c="0.000000" m_d="0.909634" m_tx="1.250952" m_ty="-437.630371"/>
  </frame>
  <frame idx="400" w="261" h="796" x="-42.978806" y="-257.547180">
   <element name="pot" layername="pot_A" frame="0" z_index="24" m_a="0.637728" m_b="0.000000" m_c="0.000000" m_d="1.023038" m_tx="3.492745" m_ty="-455.859222"/>
   <element name="lid" layername="Lid" frame="0" z_index="25" m_a="0.637728" m_b="0.000000" m_c="0.000000" m_d="1.193545" m_tx="5.606143" m_ty="-420.741028"/>
   <element name="campfire_shadow" layername="shdw-A" frame="1" z_index="23" m_a="0.067252" m_b="0.000000" m_c="0.000000" m_d="0.157317" m_tx="4.050711" m_ty="2.499484"/>
   <element name="pot" layername="pot_B" frame="1" z_index="26" m_a="0.637726" m_b="0.000000" m_c="0.000000" m_d="1.023042" m_tx="3.492746" m_ty="-455.859222"/>
  </frame>
  <frame idx="425" w="245" h="828" x="-58.610748" y="-265.733276">
   <element name="pot" layername="pot_A" frame="0" z_index="24" m_a="0.513172" m_b="0.000000" m_c="0.000000" m_d="1.136446" m_tx="5.734538" m_ty="-474.088074"/>
   <element name="lid" layername="Lid" frame="0" z_index="25" m_a="0.513172" m_b="0.000000" m_c="0.000000" m_d="1.325854" m_tx="7.731822" m_ty="-440.344330"/>
   <element name="campfire_shadow" layername="shdw-A" frame="1" z_index="23" m_a="0.081809" m_b="0.000000" m_c="0.000000" m_d="0.180525" m_tx="4.050711" m_ty="2.499484"/>
   <element name="pot" layername="pot_B" frame="1" z_index="26" m_a="0.513170" m_b="0.000000" m_c="0.000000" m_d="1.136450" m_tx="5.734540" m_ty="-474.088074"/>
  </frame>
  <frame idx="450" w="240" h="765" x="-62.281219" y="-245.720139">
   <element name="pot" layername="pot_A" frame="0" z_index="24" m_a="0.489019" m_b="0.000000" m_c="0.000000" m_d="1.197756" m_tx="4.890624" m_ty="-435.918396"/>
   <element name="lid" layername="Lid" frame="0" z_index="25" m_a="0.489019" m_b="0.000000" m_c="0.000000" m_d="1.397382" m_tx="5.098989" m_ty="-411.776978"/>
   <element name="campfire_shadow" layername="shdw-A" frame="1" z_index="23" m_a="0.096365" m_b="0.000000" m_c="0.000000" m_d="0.203733" m_tx="4.050711" m_ty="2.499484"/>
   <element name="pot" layername="pot_B" frame="1" z_index="26" m_a="0.489017" m_b="0.000000" m_c="0.000000" m_d="1.197760" m_tx="4.890625" m_ty="-435.918396"/>
  </frame>
  <frame idx="475" w="236" h="703" x="-65.951675" y="-225.706970">
   <element name="pot" layername="pot_A" frame="0" z_index="24" m_a="0.464867" m_b="0.000000" m_c="0.000000" m_d="1.259066" m_tx="4.046710" m_ty="-397.748688"/>
   <element name="lid" layername="Lid" frame="0" z_index="25" m_a="0.464867" m_b="0.000000" m_c="0.000000" m_d="1.468910" m_tx="2.466157" m_ty="-383.209656"/>
   <element name="campfire_shadow" layername="shdw-A" frame="1" z_index="23" m_a="0.110922" m_b="0.000000" m_c="0.000000" m_d="0.226941" m_tx="4.050711" m_ty="2.499484"/>
   <element name="pot" layername="pot_B" frame="1" z_index="26" m_a="0.464865" m_b="0.000000" m_c="0.000000" m_d="1.259070" m_tx="4.046710" m_ty="-397.748688"/>
  </frame>
  <frame idx="500" w="233" h="642" x="-69.622154" y="-205.084656">
   <element name="pot" layername="pot_A" frame="0" z_index="24" m_a="0.440714" m_b="0.000000" m_c="0.000000" m_d="1.320376" m_tx="3.202795" m_ty="-359.578979"/>
   <element name="lid" layername="Lid" frame="0" z_index="25" m_a="0.440714" m_b="0.000000" m_c="0.000000" m_d="1.540438" m_tx="3.223155" m_ty="-320.744019"/>
   <element name="campfire_shadow" layername="shdw-A" frame="1" z_index="23" m_a="0.125478" m_b="0.000000" m_c="0.000000" m_d="0.250148" m_tx="4.050711" m_ty="2.499484"/>
   <element name="pot" layername="pot_B" frame="1" z_index="26" m_a="0.440713" m_b="0.000000" m_c="0.000000" m_d="1.320380" m_tx="3.202795" m_ty="-359.578979"/>
  </frame>
  <frame idx="525" w="229" h="610" x="-72.865692" y="-158.147629">
   <element name="pot" layername="pot_A" frame="0" z_index="23" m_a="0.416562" m_b="0.000000" m_c="0.000000" m_d="1.381686" m_tx="2.358881" m_ty="-321.409302"/>
   <element name="lid" layername="Lid" frame="0" z_index="24" m_a="0.416562" m_b="0.000000" m_c="0.000000" m_d="1.611966" m_tx="3.980153" m_ty="-258.278381"/>
   <element name="campfire_shadow" layername="shdw-A" frame="1" z_index="31" m_a="0.140035" m_b="0.000000" m_c="0.000000" m_d="0.273356" m_tx="4.050711" m_ty="2.499484"/>
   <element name="pot" layername="pot_B" frame="1" z_index="25" m_a="0.416560" m_b="0.000000" m_c="0.000000" m_d="1.381690" m_tx="2.358880" m_ty="-321.409302"/>
  </frame>
  <frame idx="550" w="384" h="124" x="68.798019" y="-49.485062">
   <element name="pot" layername="pot_A" frame="0" z_index="23" m_a="1.484863" m_b="0.000000" m_c="0.000000" m_d="0.215255" m_tx="-0.832853" m_ty="-46.413643"/>
   <element name="lid" layername="Lid" frame="0" z_index="24" m_a="1.484863" m_b="0.000000" m_c="0.000000" m_d="0.251131" m_tx="3.527844" m_ty="-28.904636"/>
   <element name="campfire_shadow" layername="shdw-A" frame="1" z_index="31" m_a="1.010030" m_b="0.000000" m_c="0.000000" m_d="0.221861" m_tx="4.050711" m_ty="4.014636"/>
   <element name="pot" layername="pot_B" frame="1" z_index="25" m_a="1.484860" m_b="0.000000" m_c="0.000000" m_d="0.215260" m_tx="-0.832850" m_ty="-46.413639"/>
  </frame>
  <frame idx="575" w="347" h="178" x="34.282883" y="-58.399223">
   <element name="pot" layername="pot_A" frame="0" z_index="23" m_a="1.223242" m_b="0.000000" m_c="0.000000" m_d="0.343503" m_tx="0.512947" m_ty="-75.285400"/>
   <element name="lid" layername="Lid" frame="0" z_index="24" m_a="1.223242" m_b="0.000000" m_c="0.000000" m_d="0.400754" m_tx="3.468742" m_ty="-48.996193"/>
   <element name="campfire_shadow" layername="shdw-A" frame="1" z_index="31" m_a="0.864089" m_b="0.000000" m_c="0.000000" m_d="0.359904" m_tx="4.050711" m_ty="4.014636"/>
   <element name="pot" layername="pot_B" frame="1" z_index="25" m_a="1.223240" m_b="0.000000" m_c="0.000000" m_d="0.343505" m_tx="0.512950" m_ty="-75.285393"/>
  </frame>
  <frame idx="600" w="308" h="231" x="-0.232254" y="-67.313377">
   <element name="pot" layername="pot_A" frame="0" z_index="23" m_a="0.961621" m_b="0.000000" m_c="0.000000" m_d="0.471752" m_tx="1.858746" m_ty="-104.157150"/>
   <element name="lid" layername="Lid" frame="0" z_index="24" m_a="0.961621" m_b="0.000000" m_c="0.000000" m_d="0.550377" m_tx="3.409641" m_ty="-69.087753"/>
   <element name="campfire_shadow" layername="shdw-A" frame="1" z_index="31" m_a="0.718148" m_b="0.000000" m_c="0.000000" m_d="0.497947" m_tx="4.050711" m_ty="4.014636"/>
   <element name="pot" layername="pot_B" frame="1" z_index="25" m_a="0.961620" m_b="0.000000" m_c="0.000000" m_d="0.471750" m_tx="1.858750" m_ty="-104.157150"/>
  </frame>
  <frame idx="625" w="271" h="404" x="-34.083191" y="-108.179749">
   <element name="pot" layername="pot_A" frame="0" z_index="23" m_a="0.702678" m_b="0.000000" m_c="0.000000" m_d="0.902684" m_tx="3.812522" m_ty="-202.943527"/>
   <element name="lid" layername="Lid" frame="0" z_index="24" m_a="0.614843" m_b="0.000000" m_c="0.000000" m_d="0.789849" m_tx="5.029584" m_ty="-135.646225"/>
   <element name="campfire_shadow" layername="shdw-A" frame="1" z_index="31" m_a="0.572207" m_b="0.000000" m_c="0.000000" m_d="0.635990" m_tx="4.050711" m_ty="4.014636"/>
   <element name="pot" layername="pot_B" frame="1" z_index="25" m_a="0.702678" m_b="0.000000" m_c="0.000000" m_d="0.902684" m_tx="3.812522" m_ty="-202.943527"/>
  </frame>
  <frame idx="650" w="285" h="362" x="-21.299652" y="-99.713081">
   <element name="pot" layername="pot_A" frame="0" z_index="23" m_a="0.800000" m_b="0.000000" m_c="0.000000" m_d="0.800000" m_tx="3.200000" m_ty="-180.000000"/>
   <element name="lid" layername="Lid" frame="0" z_index="24" m_a="0.700000" m_b="0.000000" m_c="0.000000" m_d="0.700000" m_tx="4.585628" m_ty="-120.358055"/>
   <element name="campfire_shadow" layername="shdw-A" frame="1" z_index="31" m_a="0.572207" m_b="0.000000" m_c="0.000000" m_d="0.635990" m_tx="4.050711" m_ty="4.014636"/>
   <element name="pot" layername="pot_B" frame="1" z_index="25" m_a="0.800000" m_b="0.000000" m_c="0.000000" m_d="0.800000" m_tx="3.200000" m_ty="-180.000000"/>
  </frame>
 </anim>
</Anims>
