<Anims>
 <anim name="close" root="thermos_bottle_small" numframes="675" framerate="40">
  <frame idx="0" w="543" h="280" x="-115.818054" y="-70.426071">
   <element name="ground" layername="ground" frame="0" z_index="20" m_a="1.000000" m_b="0.000000" m_c="0.000000" m_d="1.000000" m_tx="4.958678" m_ty="7.719008"/>
   <element name="body" layername="Body" frame="0" z_index="18" m_a="1.000000" m_b="0.000000" m_c="0.000000" m_d="1.000000" m_tx="0.483597" m_ty="-3.807596"/>
   <element name="body" layername="Lid" frame="2" z_index="17" m_a="-1.000000" m_b="0.000000" m_c="-0.000000" m_d="-1.000000" m_tx="-65.040337" m_ty="11.232821"/>
   <element name="ground" layername="ground" frame="1" z_index="21" m_a="-0.352459" m_b="0.000000" m_c="-0.000000" m_d="-0.306225" m_tx="-64.553795" m_ty="40.402115"/>
   <element name="ground" layername="ground_B" frame="0" z_index="22" m_a="-0.658364" m_b="0.000000" m_c="0.000000" m_d="0.631832" m_tx="69.266304" m_ty="-4.019854"/>
   <element name="stopper" layername="Stoper_A" frame="2" z_index="19" m_a="-0.992939" m_b="0.118629" m_c="-0.118629" m_d="-0.992939" m_tx="62.225971" m_ty="-24.880510"/>
  </frame>
  <frame idx="25" w="539" h="280" x="-114.865387" y="-70.426071">
   <element name="ground" layername="ground" frame="0" z_index="20" m_a="1.000000" m_b="0.000000" m_c="0.000000" m_d="1.000000" m_tx="4.958678" m_ty="7.719008"/>
   <element name="body" layername="Body" frame="0" z_index="18" m_a="1.000000" m_b="0.000000" m_c="0.000000" m_d="1.000000" m_tx="0.483597" m_ty="-3.807596"/>
   <element name="body" layername="Lid" frame="2" z_index="17" m_a="-0.969288" m_b="0.000000" m_c="-0.000000" m_d="-0.943190" m_tx="-65.040337" m_ty="11.232821"/>
   <element name="ground" layername="ground" frame="1" z_index="21" m_a="-0.345679" m_b="0.000000" m_c="-0.000000" m_d="-0.300016" m_tx="-64.553795" m_ty="40.293488"/>
   <element name="ground" layername="ground_B" frame="0" z_index="22" m_a="-0.533113" m_b="0.000000" m_c="0.000000" m_d="0.541538" m_tx="50.649284" m_ty="-2.158152"/>
   <element name="stopper" layername="Stoper_A" frame="2" z_index="19" m_a="-0.699657" m_b="0.714479" m_c="-0.714479" m_d="-0.699657" m_tx="74.033577" m_ty="-83.179169"/>
  </frame>
  <frame idx="50" w="536" h="303" x="-113.912735" y="-77.251236">
   <element name="ground" layername="ground" frame="0" z_index="20" m_a="1.000000" m_b="0.000000" m_c="0.000000" m_d="1.000000" m_tx="4.958678" m_ty="7.719008"/>
   <element name="body" layername="Body" frame="0" z_index="18" m_a="1.000000" m_b="0.000000" m_c="0.000000" m_d="1.000000" m_tx="0.483597" m_ty="-3.807596"/>
   <element name="body" layername="Lid" frame="2" z_index="17" m_a="-0.938576" m_b="0.000000" m_c="-0.000000" m_d="-0.886381" m_tx="-65.040337" m_ty="11.232821"/>
   <element name="ground" layername="ground" frame="1" z_index="21" m_a="-0.338898" m_b="0.000000" m_c="-0.000000" m_d="-0.293806" m_tx="-64.553795" m_ty="40.184856"/>
   <element name="ground" layername="ground_B" frame="0" z_index="22" m_a="-0.407861" m_b="0.000000" m_c="0.000000" m_d="0.451244" m_tx="32.032261" m_ty="-0.296449"/>
   <element name="stopper" layername="Stoper_A" frame="2" z_index="19" m_a="-0.097791" m_b="0.995207" m_c="-0.995207" m_d="-0.097791" m_tx="85.841187" m_ty="-141.477829"/>
  </frame>
  <frame idx="75" w="533" h="390" x="-112.960083" y="-103.606384">
   <element name="ground" layername="ground" frame="0" z_index="20" m_a="1.000000" m_b="0.000000" m_c="0.000000" m_d="1.000000" m_tx="4.958678" m_ty="7.719008"/>
   <element name="body" layername="Body" frame="0" z_index="18" m_a="1.000000" m_b="0.000000" m_c="0.000000" m_d="1.000000" m_tx="0.483597" m_ty="-3.807596"/>
   <element name="body" layername="Lid" frame="2" z_index="17" m_a="-0.907864" m_b="0.000000" m_c="-0.000000" m_d="-0.829571" m_tx="-65.040337" m_ty="11.232821"/>
   <element name="ground" layername="ground" frame="1" z_index="21" m_a="-0.332117" m_b="0.000000" m_c="-0.000000" m_d="-0.287596" m_tx="-64.553795" m_ty="40.076225"/>
   <element name="ground" layername="ground_B" frame="0" z_index="22" m_a="-0.282610" m_b="0.000000" m_c="0.000000" m_d="0.360950" m_tx="13.415239" m_ty="1.565253"/>
   <element name="stopper" layername="Stoper_A" frame="2" z_index="19" m_a="0.547206" m_b="0.836998" m_c="-0.836998" m_d="0.547206" m_tx="51.540268" m_ty="-201.326874"/>
  </frame>
  <frame idx="100" w="530" h="489" x="-112.007416" y="-133.530914">
   <element name="ground" layername="ground" frame="0" z_index="20" m_a="1.000000" m_b="0.000000" m_c="0.000000" m_d="1.000000" m_tx="4.958678" m_ty="7.719008"/>
   <element name="body" layername="Body" frame="0" z_index="18" m_a="1.000000" m_b="0.000000" m_c="0.000000" m_d="1.000000" m_tx="0.483597" m_ty="-3.807596"/>
   <element name="body" layername="Lid" frame="2" z_index="17" m_a="-0.877152" m_b="0.000000" m_c="-0.000000" m_d="-0.772762" m_tx="-65.040337" m_ty="11.232821"/>
   <element name="ground" layername="ground" frame="1" z_index="21" m_a="-0.325337" m_b="0.000000" m_c="-0.000000" m_d="-0.281387" m_tx="-64.553795" m_ty="39.967598"/>
   <element name="ground" layername="ground_B" frame="0" z_index="22" m_a="-0.157359" m_b="0.000000" m_c="0.000000" m_d="0.270657" m_tx="-5.201782" m_ty="3.426955"/>
   <element name="stopper" layername="Stoper_A" frame="2" z_index="19" m_a="0.950857" m_b="0.309631" m_c="-0.309631" m_d="0.950857" m_tx="17.239349" m_ty="-261.175934"/>
  </frame>
  <frame idx="125" w="508" h="493" x="-105.116852" y="-134.869019">
   <element name="ground" layername="ground" frame="0" z_index="20" m_a="1.000000" m_b="0.000000" m_c="0.000000" m_d="1.000000" m_tx="4.958678" m_ty="7.719008"/>
   <element name="body" layername="Body" frame="0" z_index="18" m_a="1.000000" m_b="0.000000" m_c="0.000000" m_d="1.000000" m_tx="0.483597" m_ty="-3.807596"/>
   <element name="body" layername="Lid" frame="2" z_index="17" m_a="-0.853694" m_b="-0.277382" m_c="0.250500" m_d="-0.770960" m_tx="-65.886055" m_ty="-17.927185"/>
   <element name="ground" layername="ground" frame="1" z_index="21" m_a="-0.305022" m_b="0.000000" m_c="-0.000000" m_d="-0.265845" m_tx="-56.481297" m_ty="35.301914"/>
   <element name="ground" layername="ground_B" frame="0" z_index="22" m_a="-0.157359" m_b="0.000000" m_c="0.000000" m_d="0.270657" m_tx="-5.201782" m_ty="3.426955"/>
   <element name="stopper" layername="Stoper_A" frame="2" z_index="19" m_a="1.055052" m_b="0.167452" m_c="-0.142716" m_d="0.899197" m_tx="8.619673" m_ty="-263.852142"/>
  </frame>
  <frame idx="150" w="484" h="498" x="-98.226395" y="-136.207123">
   <element name="ground" layername="ground" frame="0" z_index="20" m_a="1.000000" m_b="0.000000" m_c="0.000000" m_d="1.000000" m_tx="4.958678" m_ty="7.719008"/>
   <element name="body" layername="Body" frame="0" z_index="19" m_a="1.000000" m_b="0.000000" m_c="0.000000" m_d="1.000000" m_tx="0.483597" m_ty="-3.807596"/>
   <element name="body" layername="Lid" frame="2" z_index="17" m_a="-0.742759" m_b="-0.539646" m_c="0.498740" m_d="-0.686457" m_tx="-66.731773" m_ty="-47.087193"/>
   <element name="ground" layername="ground" frame="1" z_index="21" m_a="-0.284707" m_b="0.000000" m_c="-0.000000" m_d="-0.250304" m_tx="-48.408798" m_ty="30.636230"/>
   <element name="ground" layername="ground_B" frame="0" z_index="22" m_a="-0.157359" m_b="0.000000" m_c="0.000000" m_d="0.270657" m_tx="-5.201782" m_ty="3.426955"/>
   <element name="stopper" layername="Stoper_A" frame="0" z_index="18" m_a="1.136520" m_b="0.000000" m_c="0.000000" m_d="0.820900" m_tx="0.000000" m_ty="-266.528351"/>
  </frame>
  <frame idx="175" w="461" h="498" x="-91.335892" y="-136.207123">
   <element name="ground" layername="ground" frame="0" z_index="20" m_a="1.000000" m_b="0.000000" m_c="0.000000" m_d="1.000000" m_tx="4.958678" m_ty="7.719008"/>
   <element name="body" layername="Body" frame="0" z_index="19" m_a="1.000000" m_b="0.000000" m_c="0.000000" m_d="1.000000" m_tx="0.483597" m_ty="-3.807596"/>
   <element name="body" layername="Lid" frame="2" z_index="17" m_a="-0.551681" m_b="-0.759324" m_c="0.717097" m_d="-0.521002" m_tx="-67.577484" m_ty="-76.247200"/>
   <element name="ground" layername="ground" frame="1" z_index="21" m_a="-0.264392" m_b="0.000000" m_c="-0.000000" m_d="-0.234762" m_tx="-40.336304" m_ty="25.970547"/>
   <element name="ground" layername="ground_B" frame="0" z_index="22" m_a="-0.157359" m_b="0.000000" m_c="0.000000" m_d="0.270657" m_tx="-5.201782" m_ty="3.426955"/>
   <element name="stopper" layername="Stoper_A" frame="0" z_index="18" m_a="1.000000" m_b="0.000000" m_c="0.000000" m_d="1.000000" m_tx="0.000000" m_ty="-266.528351"/>
  </frame>
  <frame idx="200" w="439" h="498" x="-84.445236" y="-136.207123">
   <element name="ground" layername="ground" frame="0" z_index="20" m_a="1.000000" m_b="0.000000" m_c="0.000000" m_d="1.000000" m_tx="4.958678" m_ty="7.719008"/>
   <element name="body" layername="Body" frame="0" z_index="19" m_a="1.000000" m_b="0.000000" m_c="0.000000" m_d="1.000000" m_tx="0.483597" m_ty="-3.807596"/>
   <element name="body" layername="Lid" frame="2" z_index="17" m_a="-0.296363" m_b="-0.912112" m_c="0.879018" m_d="-0.285610" m_tx="-68.423203" m_ty="-105.407204"/>
   <element name="ground" layername="ground" frame="1" z_index="21" m_a="-0.244076" m_b="0.000000" m_c="-0.000000" m_d="-0.219221" m_tx="-32.263805" m_ty="21.304861"/>
   <element name="ground" layername="ground_B" frame="0" z_index="22" m_a="-0.157359" m_b="0.000000" m_c="0.000000" m_d="0.270657" m_tx="-5.201782" m_ty="3.426955"/>
   <element name="stopper" layername="Stoper_A" frame="0" z_index="18" m_a="0.839965" m_b="0.000000" m_c="0.000000" m_d="1.210980" m_tx="0.000000" m_ty="-266.528351"/>
  </frame>
  <frame idx="225" w="416" h="469" x="-77.554733" y="-127.679993">
   <element name="ground" layername="ground" frame="0" z_index="20" m_a="1.000000" m_b="0.000000" m_c="0.000000" m_d="1.000000" m_tx="4.958678" m_ty="7.719008"/>
   <element name="body" layername="Body" frame="0" z_index="19" m_a="1.000000" m_b="0.000000" m_c="0.000000" m_d="1.000000" m_tx="0.483597" m_ty="-3.807596"/>
   <element name="body" layername="Lid" frame="2" z_index="17" m_a="-0.000000" m_b="-0.979526" m_c="0.962127" m_d="-0.000000" m_tx="-69.268921" m_ty="-134.567215"/>
   <element name="ground" layername="ground" frame="1" z_index="21" m_a="-0.223761" m_b="0.000000" m_c="-0.000000" m_d="-0.203679" m_tx="-24.191311" m_ty="16.639177"/>
   <element name="ground" layername="ground_B" frame="0" z_index="22" m_a="-0.157359" m_b="0.000000" m_c="0.000000" m_d="0.270657" m_tx="-5.201782" m_ty="3.426955"/>
   <element name="stopper" layername="Stoper_A" frame="0" z_index="18" m_a="0.866637" m_b="0.000000" m_c="0.000000" m_d="1.175817" m_tx="0.076805" m_ty="-249.474091"/>
  </frame>
  <frame idx="250" w="393" h="489" x="-70.664230" y="-133.527191">
   <element name="ground" layername="ground" frame="0" z_index="20" m_a="1.000000" m_b="0.000000" m_c="0.000000" m_d="1.000000" m_tx="4.958678" m_ty="7.719008"/>
   <element name="body" layername="Body" frame="0" z_index="19" m_a="1.000000" m_b="0.000000" m_c="0.000000" m_d="1.000000" m_tx="0.483597" m_ty="-3.807596"/>
   <element name="body" layername="Lid" frame="2" z_index="17" m_a="0.309017" m_b="-0.951057" m_c="0.951057" m_d="0.309017" m_tx="-70.114639" m_ty="-163.727219"/>
   <element name="ground" layername="ground" frame="1" z_index="21" m_a="-0.203446" m_b="0.000000" m_c="-0.000000" m_d="-0.188137" m_tx="-16.118814" m_ty="11.973495"/>
   <element name="ground" layername="ground_B" frame="0" z_index="22" m_a="-0.157359" m_b="0.000000" m_c="0.000000" m_d="0.270657" m_tx="-5.201782" m_ty="3.426955"/>
   <element name="stopper" layername="Stoper_A" frame="0" z_index="18" m_a="0.893310" m_b="0.000000" m_c="0.000000" m_d="1.140653" m_tx="0.153610" m_ty="-232.419815"/>
  </frame>
  <frame idx="275" w="371" h="519" x="-63.773727" y="-142.756561">
   <element name="ground" layername="ground" frame="0" z_index="20" m_a="1.000000" m_b="0.000000" m_c="0.000000" m_d="1.000000" m_tx="4.958678" m_ty="7.719008"/>
   <element name="body" layername="Body" frame="0" z_index="19" m_a="1.000000" m_b="0.000000" m_c="0.000000" m_d="1.000000" m_tx="0.483597" m_ty="-3.807596"/>
   <element name="body" layername="Lid" frame="2" z_index="17" m_a="0.895176" m_b="-0.650383" m_c="0.518029" m_d="0.713006" m_tx="-34.826904" m_ty="-209.547241"/>
   <element name="ground" layername="ground" frame="1" z_index="21" m_a="-0.183131" m_b="0.000000" m_c="-0.000000" m_d="-0.172596" m_tx="-8.046318" m_ty="7.307811"/>
   <element name="ground" layername="ground_B" frame="0" z_index="22" m_a="-0.157359" m_b="0.000000" m_c="0.000000" m_d="0.270657" m_tx="-5.201782" m_ty="3.426955"/>
   <element name="stopper" layername="Stoper_A" frame="0" z_index="18" m_a="0.919982" m_b="0.000000" m_c="0.000000" m_d="1.105489" m_tx="0.230415" m_ty="-215.365555"/>
  </frame>
  <frame idx="300" w="348" h="495" x="-56.883224" y="-135.824127">
   <element name="ground" layername="ground" frame="0" z_index="20" m_a="1.000000" m_b="0.000000" m_c="0.000000" m_d="1.000000" m_tx="4.958678" m_ty="7.719008"/>
   <element name="body" layername="Body" frame="0" z_index="19" m_a="1.000000" m_b="0.000000" m_c="0.000000" m_d="1.000000" m_tx="0.483597" m_ty="-3.807596"/>
   <element name="body" layername="Lid" frame="1" z_index="17" m_a="1.212997" m_b="0.000000" m_c="0.000000" m_d="0.762647" m_tx="0.460829" m_ty="-255.367249"/>
   <element name="ground" layername="ground" frame="1" z_index="21" m_a="-0.162816" m_b="0.000000" m_c="-0.000000" m_d="-0.157054" m_tx="0.026178" m_ty="2.642127"/>
   <element name="ground" layername="ground_B" frame="0" z_index="22" m_a="-0.157359" m_b="0.000000" m_c="0.000000" m_d="0.270657" m_tx="-5.201782" m_ty="3.426955"/>
   <element name="stopper" layername="Stoper_A" frame="0" z_index="18" m_a="0.946655" m_b="0.000000" m_c="0.000000" m_d="1.070326" m_tx="0.307220" m_ty="-198.311295"/>
  </frame>
  <frame idx="325" w="338" h="495" x="-53.851341" y="-135.824127">
   <element name="ground" layername="ground" frame="0" z_index="20" m_a="1.000000" m_b="0.000000" m_c="0.000000" m_d="1.000000" m_tx="4.958678" m_ty="7.719008"/>
   <element name="body" layername="Body" frame="0" z_index="19" m_a="1.000000" m_b="0.000000" m_c="0.000000" m_d="1.000000" m_tx="0.483597" m_ty="-3.807596"/>
   <element name="body" layername="Lid" frame="1" z_index="17" m_a="1.000000" m_b="0.000000" m_c="0.000000" m_d="1.000000" m_tx="0.460829" m_ty="-255.367249"/>
   <element name="ground" layername="ground" frame="1" z_index="21" m_a="-0.153877" m_b="0.000000" m_c="-0.000000" m_d="-0.150216" m_tx="3.578076" m_ty="0.589226"/>
   <element name="ground" layername="ground_B" frame="0" z_index="22" m_a="-0.157359" m_b="0.000000" m_c="0.000000" m_d="0.270657" m_tx="-5.201782" m_ty="3.426955"/>
   <element name="stopper" layername="Stoper_A" frame="0" z_index="18" m_a="0.973327" m_b="0.000000" m_c="0.000000" m_d="1.035163" m_tx="0.384025" m_ty="-181.257019"/>
  </frame>
  <frame idx="350" w="338" h="519" x="-53.851341" y="-142.824127">
   <element name="ground" layername="ground" frame="0" z_index="20" m_a="1.000000" m_b="0.000000" m_c="0.000000" m_d="1.000000" m_tx="4.958678" m_ty="7.719008"/>
   <element name="body" layername="Body" frame="0" z_index="19" m_a="1.000000" m_b="0.000000" m_c="0.000000" m_d="1.000000" m_tx="0.483597" m_ty="-3.807596"/>
   <element name="body" layername="Lid" frame="1" z_index="17" m_a="0.830770" m_b="0.000000" m_c="0.000000" m_d="1.220313" m_tx="0.460829" m_ty="-269.367249"/>
   <element name="ground" layername="ground" frame="1" z_index="21" m_a="-0.153877" m_b="0.000000" m_c="-0.000000" m_d="-0.150216" m_tx="3.578076" m_ty="0.589226"/>
   <element name="ground" layername="ground_B" frame="0" z_index="22" m_a="-0.157359" m_b="0.000000" m_c="0.000000" m_d="0.270657" m_tx="-5.201782" m_ty="3.426955"/>
   <element name="stopper" layername="Stoper_A" frame="1" z_index="18" m_a="1.000000" m_b="0.000000" m_c="0.000000" m_d="1.000000" m_tx="0.460830" m_ty="-158.025162"/>
  </frame>
  <frame idx="375" w="347" h="477" x="-46.078247" y="-130.136627">
   <element name="ground" layername="ground" frame="0" z_index="20" m_a="1.000000" m_b="0.000000" m_c="0.000000" m_d="1.000000" m_tx="4.958678" m_ty="7.719008"/>
   <element name="body" layername="Body" frame="0" z_index="19" m_a="1.177672" m_b="0.000000" m_c="0.000000" m_d="0.908654" m_tx="0.483597" m_ty="-3.807596"/>
   <element name="body" layername="Lid" frame="1" z_index="17" m_a="0.873077" m_b="0.000000" m_c="0.000000" m_d="1.165235" m_tx="0.941598" m_ty="-243.992249"/>
   <element name="ground" layername="ground" frame="1" z_index="21" m_a="-0.153877" m_b="0.000000" m_c="-0.000000" m_d="-0.150216" m_tx="3.578076" m_ty="0.589226"/>
   <element name="ground" layername="ground_B" frame="0" z_index="22" m_a="-0.157359" m_b="0.000000" m_c="0.000000" m_d="0.270657" m_tx="-5.201782" m_ty="3.426955"/>
   <element name="stopper" layername="Stoper_A" frame="1" z_index="18" m_a="1.177675" m_b="0.000000" m_c="0.000000" m_d="0.908655" m_tx="0.456785" m_ty="-143.938049"/>
  </frame>
  <frame idx="400" w="358" h="435" x="-35.684372" y="-117.449127">
   <element name="ground" layername="ground" frame="0" z_index="20" m_a="1.000000" m_b="0.000000" m_c="0.000000" m_d="1.000000" m_tx="4.958678" m_ty="7.719008"/>
   <element name="body" layername="Body" frame="0" z_index="19" m_a="1.355345" m_b="0.000000" m_c="0.000000" m_d="0.817309" m_tx="0.483597" m_ty="-3.807596"/>
   <element name="body" layername="Lid" frame="1" z_index="17" m_a="0.915385" m_b="0.000000" m_c="0.000000" m_d="1.110156" m_tx="1.422368" m_ty="-218.617249"/>
   <element name="ground" layername="ground" frame="1" z_index="21" m_a="-0.153877" m_b="0.000000" m_c="-0.000000" m_d="-0.150216" m_tx="3.578076" m_ty="0.589226"/>
   <element name="ground" layername="ground_B" frame="0" z_index="22" m_a="-0.157359" m_b="0.000000" m_c="0.000000" m_d="0.270657" m_tx="-5.201782" m_ty="3.426955"/>
   <element name="stopper" layername="Stoper_A" frame="1" z_index="18" m_a="1.355350" m_b="0.000000" m_c="0.000000" m_d="0.817310" m_tx="0.452740" m_ty="-129.850952"/>
  </frame>
  <frame idx="425" w="345" h="393" x="-47.549408" y="-104.761620">
   <element name="ground" layername="ground" frame="0" z_index="20" m_a="1.000000" m_b="0.000000" m_c="0.000000" m_d="1.000000" m_tx="4.958678" m_ty="7.719008"/>
   <element name="body" layername="Body" frame="0" z_index="19" m_a="1.152524" m_b="0.000000" m_c="0.000000" m_d="0.953853" m_tx="0.483597" m_ty="-3.807596"/>
   <element name="body" layername="Lid" frame="1" z_index="17" m_a="0.957693" m_b="0.000000" m_c="0.000000" m_d="1.055078" m_tx="1.903137" m_ty="-193.242249"/>
   <element name="ground" layername="ground" frame="1" z_index="21" m_a="-0.153877" m_b="0.000000" m_c="-0.000000" m_d="-0.150216" m_tx="3.578076" m_ty="0.589226"/>
   <element name="ground" layername="ground_B" frame="0" z_index="22" m_a="-0.157359" m_b="0.000000" m_c="0.000000" m_d="0.270657" m_tx="-5.201782" m_ty="3.426955"/>
   <element name="stopper" layername="Stoper_A" frame="1" z_index="18" m_a="1.152525" m_b="0.000000" m_c="0.000000" m_d="0.953855" m_tx="0.457355" m_ty="-150.908539"/>
  </frame>
  <frame idx="450" w="338" h="360" x="-53.851341" y="-84.492989">
   <element name="ground" layername="ground" frame="0" z_index="20" m_a="1.000000" m_b="0.000000" m_c="0.000000" m_d="1.000000" m_tx="4.958678" m_ty="7.719008"/>
   <element name="body" layername="Body" frame="0" z_index="19" m_a="0.949704" m_b="0.000000" m_c="0.000000" m_d="1.090398" m_tx="0.483597" m_ty="-3.807596"/>
   <element name="body" layername="Lid" frame="1" z_index="17" m_a="1.000000" m_b="0.000000" m_c="0.000000" m_d="1.000000" m_tx="2.383906" m_ty="-167.867249"/>
   <element name="ground" layername="ground" frame="1" z_index="21" m_a="-0.153877" m_b="0.000000" m_c="-0.000000" m_d="-0.150216" m_tx="3.578076" m_ty="0.589226"/>
   <element name="ground" layername="ground_B" frame="0" z_index="22" m_a="-0.157359" m_b="0.000000" m_c="0.000000" m_d="0.270657" m_tx="-5.201782" m_ty="3.426955"/>
   <element name="stopper" layername="Stoper_A" frame="1" z_index="18" m_a="0.949700" m_b="0.000000" m_c="0.000000" m_d="1.090400" m_tx="0.461970" m_ty="-171.966125"/>
  </frame>
  <frame idx="475" w="349" h="329" x="-44.276917" y="-85.300484">
   <element name="ground" layername="ground" frame="0" z_index="20" m_a="1.000000" m_b="0.000000" m_c="0.000000" m_d="1.000000" m_tx="4.958678" m_ty="7.719008"/>
   <element name="body" layername="Body" frame="0" z_index="19" m_a="1.208464" m_b="0.000000" m_c="0.000000" m_d="0.996023" m_tx="0.483597" m_ty="-3.807596"/>
   <element name="body" layername="Lid" frame="1" z_index="17" m_a="1.252537" m_b="0.000000" m_c="0.000000" m_d="0.931329" m_tx="2.140211" m_ty="-154.319977"/>
   <element name="ground" layername="ground" frame="1" z_index="21" m_a="-0.153877" m_b="0.000000" m_c="-0.000000" m_d="-0.150216" m_tx="3.578076" m_ty="0.589226"/>
   <element name="ground" layername="ground_B" frame="0" z_index="22" m_a="-0.157359" m_b="0.000000" m_c="0.000000" m_d="0.270657" m_tx="-5.201782" m_ty="3.426955"/>
   <element name="stopper" layername="Stoper_A" frame="1" z_index="18" m_a="1.208460" m_b="0.000000" m_c="0.000000" m_d="0.996025" m_tx="0.456080" m_ty="-157.411865"/>
  </frame>
  <frame idx="500" w="366" h="307" x="-29.139450" y="-78.526855">
   <element name="ground" layername="ground" frame="0" z_index="20" m_a="1.000000" m_b="0.000000" m_c="0.000000" m_d="1.000000" m_tx="4.958678" m_ty="7.719008"/>
   <element name="body" layername="Body" frame="0" z_index="19" m_a="1.467224" m_b="0.000000" m_c="0.000000" m_d="0.901649" m_tx="0.483597" m_ty="-3.807596"/>
   <element name="body" layername="Lid" frame="1" z_index="17" m_a="1.505074" m_b="0.000000" m_c="0.000000" m_d="0.862657" m_tx="1.896516" m_ty="-140.772720"/>
   <element name="ground" layername="ground" frame="1" z_index="21" m_a="-0.153877" m_b="0.000000" m_c="-0.000000" m_d="-0.150216" m_tx="3.578076" m_ty="0.589226"/>
   <element name="ground" layername="ground_B" frame="0" z_index="22" m_a="-0.157359" m_b="0.000000" m_c="0.000000" m_d="0.270657" m_tx="-5.201782" m_ty="3.426955"/>
   <element name="stopper" layername="Stoper_A" frame="1" z_index="18" m_a="1.467220" m_b="0.000000" m_c="0.000000" m_d="0.901650" m_tx="0.450190" m_ty="-142.857620"/>
  </frame>
  <frame idx="525" w="349" h="352" x="-44.271622" y="-86.251740">
   <element name="ground" layername="ground" frame="0" z_index="20" m_a="1.000000" m_b="0.000000" m_c="0.000000" m_d="1.000000" m_tx="4.958678" m_ty="7.719008"/>
   <element name="body" layername="Body" frame="0" z_index="19" m_a="1.208555" m_b="0.000000" m_c="0.000000" m_d="1.057746" m_tx="0.483597" m_ty="-3.807596"/>
   <element name="body" layername="Lid" frame="1" z_index="17" m_a="1.227479" m_b="0.000000" m_c="0.000000" m_d="1.038250" m_tx="1.179243" m_ty="-165.442169"/>
   <element name="ground" layername="ground" frame="1" z_index="21" m_a="-0.153877" m_b="0.000000" m_c="-0.000000" m_d="-0.150216" m_tx="3.578076" m_ty="0.589226"/>
   <element name="ground" layername="ground_B" frame="0" z_index="22" m_a="-0.157359" m_b="0.000000" m_c="0.000000" m_d="0.270657" m_tx="-5.201782" m_ty="3.426955"/>
   <element name="stopper" layername="Stoper_A" frame="1" z_index="18" m_a="1.208550" m_b="0.000000" m_c="0.000000" m_d="1.057745" m_tx="0.456080" m_ty="-166.930634"/>
  </frame>
  <frame idx="550" w="338" h="409" x="-53.851341" y="-84.381592">
   <element name="ground" layername="ground" frame="0" z_index="20" m_a="1.000000" m_b="0.000000" m_c="0.000000" m_d="1.000000" m_tx="4.958678" m_ty="7.719008"/>
   <element name="body" layername="Body" frame="0" z_index="19" m_a="0.949885" m_b="0.000000" m_c="0.000000" m_d="1.213844" m_tx="0.483597" m_ty="-3.807596"/>
   <element name="body" layername="Lid" frame="1" z_index="17" m_a="0.949885" m_b="0.000000" m_c="0.000000" m_d="1.213844" m_tx="0.461970" m_ty="-190.111633"/>
   <element name="ground" layername="ground" frame="1" z_index="21" m_a="-0.153877" m_b="0.000000" m_c="-0.000000" m_d="-0.150216" m_tx="3.578076" m_ty="0.589226"/>
   <element name="ground" layername="ground_B" frame="0" z_index="22" m_a="-0.157359" m_b="0.000000" m_c="0.000000" m_d="0.270657" m_tx="-5.201782" m_ty="3.426955"/>
   <element name="stopper" layername="Stoper_A" frame="1" z_index="18" m_a="0.949880" m_b="0.000000" m_c="0.000000" m_d="1.213840" m_tx="0.461970" m_ty="-191.003632"/>
  </frame>
  <frame idx="575" w="338" h="371" x="-53.851341" y="-85.906174">
   <element name="ground" layername="ground" frame="0" z_index="20" m_a="1.000000" m_b="0.000000" m_c="0.000000" m_d="1.000000" m_tx="4.958678" m_ty="7.719008"/>
   <element name="body" layername="Body" frame="0" z_index="19" m_a="0.974943" m_b="0.000000" m_c="0.000000" m_d="1.106922" m_tx="0.483597" m_ty="-3.807596"/>
   <element name="body" layername="Lid" frame="1" z_index="17" m_a="0.974943" m_b="0.000000" m_c="0.000000" m_d="1.106922" m_tx="0.461399" m_ty="-173.700989"/>
   <element name="ground" layername="ground" frame="1" z_index="21" m_a="-0.153877" m_b="0.000000" m_c="-0.000000" m_d="-0.150216" m_tx="3.578076" m_ty="0.589226"/>
   <element name="ground" layername="ground_B" frame="0" z_index="22" m_a="-0.157359" m_b="0.000000" m_c="0.000000" m_d="0.270657" m_tx="-5.201782" m_ty="3.426955"/>
   <element name="stopper" layername="Stoper_A" frame="1" z_index="18" m_a="0.974940" m_b="0.000000" m_c="0.000000" m_d="1.106920" m_tx="0.461400" m_ty="-178.014404"/>
  </frame>
  <frame idx="600" w="338" h="334" x="-53.851341" y="-86.785660">
   <element name="ground" layername="ground" frame="0" z_index="20" m_a="1.000000" m_b="0.000000" m_c="0.000000" m_d="1.000000" m_tx="4.958678" m_ty="7.719008"/>
   <element name="body" layername="Body" frame="0" z_index="19" m_a="1.000000" m_b="0.000000" m_c="0.000000" m_d="1.000000" m_tx="0.483597" m_ty="-3.807596"/>
   <element name="body" layername="Lid" frame="1" z_index="17" m_a="1.000000" m_b="0.000000" m_c="0.000000" m_d="1.000000" m_tx="0.460829" m_ty="-157.290329"/>
   <element name="ground" layername="ground" frame="1" z_index="21" m_a="-0.153877" m_b="0.000000" m_c="-0.000000" m_d="-0.150216" m_tx="3.578076" m_ty="0.589226"/>
   <element name="ground" layername="ground_B" frame="0" z_index="22" m_a="-0.157359" m_b="0.000000" m_c="0.000000" m_d="0.270657" m_tx="-5.201782" m_ty="3.426955"/>
   <element name="stopper" layername="Stoper_A" frame="1" z_index="18" m_a="1.000000" m_b="0.000000" m_c="0.000000" m_d="1.000000" m_tx="0.460830" m_ty="-165.025162"/>
  </frame>
  <frame idx="625" w="338" h="334" x="-53.851341" y="-86.785660">
   <element name="ground" layername="ground" frame="0" z_index="20" m_a="1.000000" m_b="0.000000" m_c="0.000000" m_d="1.000000" m_tx="4.958678" m_ty="7.719008"/>
   <element name="body" layername="Body" frame="0" z_index="19" m_a="1.000000" m_b="0.000000" m_c="0.000000" m_d="1.000000" m_tx="0.483597" m_ty="-3.807596"/>
   <element name="body" layername="Lid" frame="1" z_index="17" m_a="1.000000" m_b="0.000000" m_c="0.000000" m_d="1.000000" m_tx="0.460829" m_ty="-157.290329"/>
   <element name="ground" layername="ground" frame="1" z_index="21" m_a="-0.153877" m_b="0.000000" m_c="-0.000000" m_d="-0.150216" m_tx="3.578076" m_ty="0.589226"/>
   <element name="ground" layername="ground_B" frame="0" z_index="22" m_a="-0.157359" m_b="0.000000" m_c="0.000000" m_d="0.270657" m_tx="-5.201782" m_ty="3.426955"/>
   <element name="stopper" layername="Stoper_A" frame="1" z_index="18" m_a="1.000000" m_b="0.000000" m_c="0.000000" m_d="1.000000" m_tx="0.460830" m_ty="-165.025162"/>
  </frame>
  <frame idx="650" w="338" h="334" x="-53.851341" y="-86.785660">
   <element name="ground" layername="ground" frame="0" z_index="20" m_a="1.000000" m_b="0.000000" m_c="0.000000" m_d="1.000000" m_tx="4.958678" m_ty="7.719008"/>
   <element name="body" layername="Body" frame="0" z_index="19" m_a="1.000000" m_b="0.000000" m_c="0.000000" m_d="1.000000" m_tx="0.483597" m_ty="-3.807596"/>
   <element name="body" layername="Lid" frame="1" z_index="17" m_a="1.000000" m_b="0.000000" m_c="0.000000" m_d="1.000000" m_tx="0.460829" m_ty="-157.290329"/>
   <element name="ground" layername="ground" frame="1" z_index="21" m_a="-0.153877" m_b="0.000000" m_c="-0.000000" m_d="-0.150216" m_tx="3.578076" m_ty="0.589226"/>
   <element name="ground" layername="ground_B" frame="0" z_index="22" m_a="-0.157359" m_b="0.000000" m_c="0.000000" m_d="0.270657" m_tx="-5.201782" m_ty="3.426955"/>
   <element name="stopper" layername="Stoper_A" frame="1" z_index="18" m_a="1.000000" m_b="0.000000" m_c="0.000000" m_d="1.000000" m_tx="0.460830" m_ty="-165.025162"/>
  </frame>
 </anim>
 <anim name="closed" root="thermos_bottle_small" numframes="25" framerate="40">
  <frame idx="0" w="145" h="334" x="4.958679" y="-86.785660">
   <element name="ground" layername="ground" frame="0" z_index="22" m_a="1.000000" m_b="0.000000" m_c="0.000000" m_d="1.000000" m_tx="4.958678" m_ty="7.719008"/>
   <element name="body" layername="Body" frame="0" z_index="21" m_a="1.000000" m_b="0.000000" m_c="0.000000" m_d="1.000000" m_tx="0.483597" m_ty="-3.807596"/>
   <element name="body" layername="Lid" frame="1" z_index="19" m_a="1.000000" m_b="0.000000" m_c="0.000000" m_d="1.000000" m_tx="0.460829" m_ty="-157.290329"/>
   <element name="stopper" layername="Stoper_A" frame="1" z_index="20" m_a="1.000000" m_b="0.000000" m_c="0.000000" m_d="1.000000" m_tx="0.460830" m_ty="-164.202759"/>
  </frame>
 </anim>
 <anim name="open" root="thermos_bottle_small" numframes="1175" framerate="40">
  <frame idx="0" w="145" h="334" x="4.958679" y="-86.785660">
   <element name="ground" layername="ground" frame="0" z_index="22" m_a="1.000000" m_b="0.000000" m_c="0.000000" m_d="1.000000" m_tx="4.958678" m_ty="7.719008"/>
   <element name="body" layername="Body" frame="0" z_index="21" m_a="1.000000" m_b="0.000000" m_c="0.000000" m_d="1.000000" m_tx="0.483597" m_ty="-3.807596"/>
   <element name="body" layername="Lid" frame="1" z_index="19" m_a="1.000000" m_b="0.000000" m_c="0.000000" m_d="1.000000" m_tx="0.460829" m_ty="-157.290329"/>
   <element name="stopper" layername="Stoper_A" frame="1" z_index="20" m_a="1.000000" m_b="0.000000" m_c="0.000000" m_d="1.000000" m_tx="0.460830" m_ty="-164.202759"/>
  </frame>
  <frame idx="25" w="145" h="330" x="4.958679" y="-85.780518">
   <element name="ground" layername="ground" frame="0" z_index="22" m_a="1.000000" m_b="0.000000" m_c="0.000000" m_d="1.000000" m_tx="4.958678" m_ty="7.719008"/>
   <element name="body" layername="Body" frame="0" z_index="21" m_a="1.028777" m_b="0.000000" m_c="0.000000" m_d="0.986902" m_tx="0.483597" m_ty="-3.807596"/>
   <element name="body" layername="Lid" frame="1" z_index="19" m_a="1.028777" m_b="0.000000" m_c="0.000000" m_d="0.986902" m_tx="0.460174" m_ty="-155.280045"/>
   <element name="stopper" layername="Stoper_A" frame="1" z_index="20" m_a="1.028778" m_b="0.000000" m_c="0.000000" m_d="0.986902" m_tx="0.460174" m_ty="-162.101944"/>
  </frame>
  <frame idx="50" w="145" h="327" x="5.704918" y="-84.775375">
   <element name="ground" layername="ground" frame="0" z_index="22" m_a="1.000000" m_b="0.000000" m_c="0.000000" m_d="1.000000" m_tx="4.958678" m_ty="7.719008"/>
   <element name="body" layername="Body" frame="0" z_index="21" m_a="1.057555" m_b="0.000000" m_c="0.000000" m_d="0.973804" m_tx="0.483597" m_ty="-3.807596"/>
   <element name="body" layername="Lid" frame="1" z_index="19" m_a="1.057555" m_b="0.000000" m_c="0.000000" m_d="0.973804" m_tx="0.459519" m_ty="-153.269760"/>
   <element name="stopper" layername="Stoper_A" frame="1" z_index="20" m_a="1.057556" m_b="0.000000" m_c="0.000000" m_d="0.973804" m_tx="0.459518" m_ty="-160.001129"/>
  </frame>
  <frame idx="75" w="147" h="324" x="7.388397" y="-83.770241">
   <element name="ground" layername="ground" frame="0" z_index="22" m_a="1.000000" m_b="0.000000" m_c="0.000000" m_d="1.000000" m_tx="4.958678" m_ty="7.719008"/>
   <element name="body" layername="Body" frame="0" z_index="21" m_a="1.086332" m_b="0.000000" m_c="0.000000" m_d="0.960707" m_tx="0.483597" m_ty="-3.807596"/>
   <element name="body" layername="Lid" frame="1" z_index="19" m_a="1.086332" m_b="0.000000" m_c="0.000000" m_d="0.960707" m_tx="0.458863" m_ty="-151.259491"/>
   <element name="stopper" layername="Stoper_A" frame="1" z_index="20" m_a="1.086334" m_b="0.000000" m_c="0.000000" m_d="0.960706" m_tx="0.458862" m_ty="-157.900299"/>
  </frame>
  <frame idx="100" w="149" h="321" x="9.071877" y="-82.765099">
   <element name="ground" layername="ground" frame="0" z_index="22" m_a="1.000000" m_b="0.000000" m_c="0.000000" m_d="1.000000" m_tx="4.958678" m_ty="7.719008"/>
   <element name="body" layername="Body" frame="0" z_index="21" m_a="1.115110" m_b="0.000000" m_c="0.000000" m_d="0.947609" m_tx="0.483597" m_ty="-3.807596"/>
   <element name="body" layername="Lid" frame="1" z_index="19" m_a="1.115110" m_b="0.000000" m_c="0.000000" m_d="0.947609" m_tx="0.458208" m_ty="-149.249207"/>
   <element name="stopper" layername="Stoper_A" frame="1" z_index="20" m_a="1.115112" m_b="0.000000" m_c="0.000000" m_d="0.947608" m_tx="0.458206" m_ty="-155.799484"/>
  </frame>
  <frame idx="125" w="150" h="317" x="10.755348" y="-81.759956">
   <element name="ground" layername="ground" frame="0" z_index="22" m_a="1.000000" m_b="0.000000" m_c="0.000000" m_d="1.000000" m_tx="4.958678" m_ty="7.719008"/>
   <element name="body" layername="Body" frame="0" z_index="21" m_a="1.143887" m_b="0.000000" m_c="0.000000" m_d="0.934511" m_tx="0.483597" m_ty="-3.807596"/>
   <element name="body" layername="Lid" frame="1" z_index="19" m_a="1.143887" m_b="0.000000" m_c="0.000000" m_d="0.934511" m_tx="0.457553" m_ty="-147.238922"/>
   <element name="stopper" layername="Stoper_A" frame="1" z_index="20" m_a="1.143890" m_b="0.000000" m_c="0.000000" m_d="0.934510" m_tx="0.457550" m_ty="-153.698669"/>
  </frame>
  <frame idx="150" w="148" h="327" x="8.334213" y="-84.534073">
   <element name="ground" layername="ground" frame="0" z_index="22" m_a="1.000000" m_b="0.000000" m_c="0.000000" m_d="1.000000" m_tx="4.958678" m_ty="7.719008"/>
   <element name="body" layername="Body" frame="0" z_index="21" m_a="1.102500" m_b="0.000000" m_c="0.000000" m_d="0.970660" m_tx="0.483597" m_ty="-3.807596"/>
   <element name="body" layername="Lid" frame="1" z_index="19" m_a="1.102500" m_b="0.000000" m_c="0.000000" m_d="0.970660" m_tx="0.458495" m_ty="-152.787155"/>
   <element name="stopper" layername="Stoper_A" frame="1" z_index="20" m_a="1.102502" m_b="0.000000" m_c="0.000000" m_d="0.970660" m_tx="0.458492" m_ty="-159.496780"/>
  </frame>
  <frame idx="175" w="145" h="336" x="5.913071" y="-87.308189">
   <element name="ground" layername="ground" frame="0" z_index="22" m_a="1.000000" m_b="0.000000" m_c="0.000000" m_d="1.000000" m_tx="4.958678" m_ty="7.719008"/>
   <element name="body" layername="Body" frame="0" z_index="21" m_a="1.061113" m_b="0.000000" m_c="0.000000" m_d="1.006809" m_tx="0.483597" m_ty="-3.807596"/>
   <element name="body" layername="Lid" frame="1" z_index="19" m_a="1.061113" m_b="0.000000" m_c="0.000000" m_d="1.006809" m_tx="0.459437" m_ty="-158.335388"/>
   <element name="stopper" layername="Stoper_A" frame="1" z_index="20" m_a="1.061114" m_b="0.000000" m_c="0.000000" m_d="1.006810" m_tx="0.459434" m_ty="-165.294891"/>
  </frame>
  <frame idx="200" w="145" h="348" x="4.958679" y="-86.818207">
   <element name="ground" layername="ground" frame="0" z_index="22" m_a="1.000000" m_b="0.000000" m_c="0.000000" m_d="1.000000" m_tx="4.958678" m_ty="7.719008"/>
   <element name="body" layername="Body" frame="0" z_index="21" m_a="1.019726" m_b="0.000000" m_c="0.000000" m_d="1.042958" m_tx="0.483597" m_ty="-3.807596"/>
   <element name="body" layername="Lid" frame="1" z_index="19" m_a="1.019726" m_b="0.000000" m_c="0.000000" m_d="1.042958" m_tx="0.460380" m_ty="-163.883621"/>
   <element name="stopper" layername="Stoper_A" frame="1" z_index="20" m_a="1.019726" m_b="0.000000" m_c="0.000000" m_d="1.042960" m_tx="0.460376" m_ty="-171.093002"/>
  </frame>
  <frame idx="225" w="145" h="361" x="4.958679" y="-86.302773">
   <element name="ground" layername="ground" frame="0" z_index="22" m_a="1.000000" m_b="0.000000" m_c="0.000000" m_d="1.000000" m_tx="4.958678" m_ty="7.719008"/>
   <element name="body" layername="Body" frame="0" z_index="21" m_a="0.978339" m_b="0.000000" m_c="0.000000" m_d="1.079107" m_tx="0.483597" m_ty="-3.807596"/>
   <element name="body" layername="Lid" frame="1" z_index="19" m_a="0.978339" m_b="0.000000" m_c="0.000000" m_d="1.079107" m_tx="0.461322" m_ty="-169.431854"/>
   <element name="stopper" layername="Stoper_A" frame="1" z_index="20" m_a="0.978338" m_b="0.000000" m_c="0.000000" m_d="1.079110" m_tx="0.461318" m_ty="-176.891113"/>
  </frame>
  <frame idx="250" w="145" h="374" x="4.958679" y="-85.787331">
   <element name="ground" layername="ground" frame="0" z_index="22" m_a="1.000000" m_b="0.000000" m_c="0.000000" m_d="1.000000" m_tx="4.958678" m_ty="7.719008"/>
   <element name="body" layername="Body" frame="0" z_index="21" m_a="0.936952" m_b="0.000000" m_c="0.000000" m_d="1.115256" m_tx="0.483597" m_ty="-3.807596"/>
   <element name="body" layername="Lid" frame="1" z_index="19" m_a="0.936952" m_b="0.000000" m_c="0.000000" m_d="1.115256" m_tx="0.462264" m_ty="-174.980087"/>
   <element name="stopper" layername="Stoper_A" frame="1" z_index="20" m_a="0.936950" m_b="0.000000" m_c="0.000000" m_d="1.115260" m_tx="0.462260" m_ty="-182.689224"/>
  </frame>
  <frame idx="275" w="145" h="468" x="4.958679" y="-121.108337">
   <element name="ground" layername="ground" frame="0" z_index="22" m_a="1.000000" m_b="0.000000" m_c="0.000000" m_d="1.000000" m_tx="4.958678" m_ty="7.719008"/>
   <element name="body" layername="Body" frame="0" z_index="21" m_a="0.968476" m_b="0.000000" m_c="0.000000" m_d="1.057628" m_tx="0.483597" m_ty="-3.807596"/>
   <element name="body" layername="Lid" frame="1" z_index="19" m_a="0.933972" m_b="-0.104659" m_c="0.123613" m_d="1.103113" m_tx="-7.999339" m_ty="-225.714478"/>
   <element name="stopper" layername="Stoper_A" frame="1" z_index="20" m_a="0.978340" m_b="0.000000" m_c="0.000000" m_d="1.079110" m_tx="-0.038455" m_ty="-173.523239"/>
  </frame>
  <frame idx="300" w="358" h="563" x="-59.717987" y="-156.108551">
   <element name="ground" layername="ground" frame="0" z_index="21" m_a="1.000000" m_b="0.000000" m_c="0.000000" m_d="1.000000" m_tx="4.958678" m_ty="7.719008"/>
   <element name="body" layername="Body" frame="0" z_index="20" m_a="1.000000" m_b="0.000000" m_c="0.000000" m_d="1.000000" m_tx="0.483597" m_ty="-3.807596"/>
   <element name="body" layername="Lid" frame="2" z_index="18" m_a="0.919302" m_b="-0.208651" m_c="0.244529" m_d="1.077376" m_tx="-16.460943" m_ty="-276.448853"/>
   <element name="ground" layername="ground" frame="1" z_index="22" m_a="-0.187482" m_b="0.000000" m_c="-0.000000" m_d="-0.129719" m_tx="1.287792" m_ty="4.758552"/>
   <element name="stopper" layername="Stoper_A" frame="1" z_index="19" m_a="1.019730" m_b="0.000000" m_c="0.000000" m_d="1.042960" m_tx="-0.539170" m_ty="-164.357254"/>
  </frame>
  <frame idx="325" w="380" h="576" x="-64.193146" y="-160.119690">
   <element name="ground" layername="ground" frame="0" z_index="21" m_a="1.000000" m_b="0.000000" m_c="0.000000" m_d="1.000000" m_tx="4.958678" m_ty="7.719008"/>
   <element name="body" layername="Body" frame="0" z_index="20" m_a="1.074854" m_b="0.009324" m_c="-0.008396" m_d="0.967836" m_tx="0.483597" m_ty="-3.807596"/>
   <element name="body" layername="Lid" frame="2" z_index="18" m_a="0.722396" m_b="-0.620401" m_c="0.708408" m_d="0.824871" m_tx="-31.057510" m_ty="-247.001907"/>
   <element name="ground" layername="ground" frame="1" z_index="22" m_a="-0.205813" m_b="0.000000" m_c="-0.000000" m_d="-0.149331" m_tx="-6.027940" m_ty="8.718948"/>
   <element name="stopper" layername="Stoper_A" frame="1" z_index="19" m_a="1.088006" m_b="0.009438" m_c="-0.008644" m_d="0.996476" m_tx="1.049570" m_ty="-159.136444"/>
  </frame>
  <frame idx="350" w="405" h="569" x="-66.052979" y="-157.891357">
   <element name="ground" layername="ground" frame="0" z_index="21" m_a="1.000000" m_b="0.000000" m_c="0.000000" m_d="1.000000" m_tx="4.958678" m_ty="7.719008"/>
   <element name="body" layername="Body" frame="0" z_index="20" m_a="1.149615" m_b="0.019946" m_c="-0.016233" m_d="0.935603" m_tx="0.483597" m_ty="-3.807596"/>
   <element name="body" layername="Lid" frame="2" z_index="18" m_a="0.352105" m_b="-0.895020" m_c="0.995581" m_d="0.391666" m_tx="-45.654076" m_ty="-217.554962"/>
   <element name="ground" layername="ground" frame="1" z_index="22" m_a="-0.224144" m_b="0.000000" m_c="-0.000000" m_d="-0.168943" m_tx="-13.343671" m_ty="12.679344"/>
   <element name="stopper" layername="Stoper_A" frame="1" z_index="19" m_a="1.156189" m_b="0.020060" m_c="-0.016481" m_d="0.949924" m_tx="2.638310" m_ty="-153.915634"/>
  </frame>
  <frame idx="375" w="431" h="526" x="-67.919052" y="-144.887177">
   <element name="ground" layername="ground" frame="0" z_index="21" m_a="1.000000" m_b="0.000000" m_c="0.000000" m_d="1.000000" m_tx="4.958678" m_ty="7.719008"/>
   <element name="body" layername="Body" frame="0" z_index="20" m_a="1.224267" m_b="0.031867" m_c="-0.023512" m_d="0.903310" m_tx="0.483597" m_ty="-3.807596"/>
   <element name="body" layername="Lid" frame="2" z_index="18" m_a="0.069698" m_b="-0.964734" m_c="1.057118" m_d="0.076372" m_tx="-48.474560" m_ty="-185.202621"/>
   <element name="ground" layername="ground" frame="1" z_index="22" m_a="-0.242474" m_b="0.000000" m_c="-0.000000" m_d="-0.188554" m_tx="-20.659403" m_ty="16.639740"/>
   <element name="stopper" layername="Stoper_A" frame="1" z_index="19" m_a="1.224265" m_b="0.031865" m_c="-0.023512" m_d="0.903314" m_tx="4.227050" m_ty="-148.694824"/>
  </frame>
  <frame idx="400" w="450" h="534" x="-75.224716" y="-137.369171">
   <element name="ground" layername="ground" frame="0" z_index="21" m_a="1.000000" m_b="0.000000" m_c="0.000000" m_d="1.000000" m_tx="4.958678" m_ty="7.719008"/>
   <element name="body" layername="Body" frame="0" z_index="20" m_a="0.933481" m_b="0.080572" m_c="-0.095905" m_d="1.111125" m_tx="9.892370" m_ty="-17.094309"/>
   <element name="body" layername="Lid" frame="2" z_index="18" m_a="-0.222292" m_b="-0.946965" m_c="1.022111" m_d="-0.239932" m_tx="-51.295048" m_ty="-152.850281"/>
   <element name="ground" layername="ground" frame="1" z_index="22" m_a="-0.260805" m_b="0.000000" m_c="-0.000000" m_d="-0.208166" m_tx="-27.975134" m_ty="20.600136"/>
   <element name="stopper" layername="Stoper_A" frame="2" z_index="19" m_a="0.829477" m_b="0.236267" m_c="-0.395545" m_d="1.388665" m_tx="65.942154" m_ty="-283.927185"/>
  </frame>
  <frame idx="425" w="476" h="528" x="-76.904022" y="-137.279022">
   <element name="ground" layername="ground" frame="0" z_index="21" m_a="1.000000" m_b="0.000000" m_c="0.000000" m_d="1.000000" m_tx="4.958678" m_ty="7.719008"/>
   <element name="body" layername="Body" frame="0" z_index="20" m_a="0.943214" m_b="0.055293" m_c="-0.064423" m_d="1.098962" m_tx="8.010615" m_ty="-14.436966"/>
   <element name="body" layername="Lid" frame="2" z_index="18" m_a="-0.497239" m_b="-0.842354" m_c="0.895530" m_d="-0.528629" m_tx="-54.115532" m_ty="-120.497948"/>
   <element name="ground" layername="ground" frame="1" z_index="22" m_a="-0.279136" m_b="0.000000" m_c="-0.000000" m_d="-0.227778" m_tx="-35.290867" m_ty="24.560532"/>
   <element name="stopper" layername="Stoper_A" frame="2" z_index="19" m_a="0.957731" m_b="0.272798" m_c="-0.313865" m_d="1.101906" m_tx="65.174767" m_ty="-281.233032"/>
  </frame>
  <frame idx="450" w="501" h="522" x="-78.583313" y="-137.296860">
   <element name="ground" layername="ground" frame="0" z_index="21" m_a="1.000000" m_b="0.000000" m_c="0.000000" m_d="1.000000" m_tx="4.958678" m_ty="7.719008"/>
   <element name="body" layername="Body" frame="0" z_index="19" m_a="0.952256" m_b="0.029538" m_c="-0.033684" m_d="1.085920" m_tx="6.128861" m_ty="-11.779624"/>
   <element name="body" layername="Lid" frame="2" z_index="18" m_a="-0.729779" m_b="-0.659499" m_c="0.690551" m_d="-0.764140" m_tx="-56.936020" m_ty="-88.145615"/>
   <element name="ground" layername="ground" frame="1" z_index="22" m_a="-0.297467" m_b="0.000000" m_c="-0.000000" m_d="-0.247390" m_tx="-42.606598" m_ty="28.520927"/>
   <element name="stopper" layername="Stoper_A" frame="2" z_index="20" m_a="1.085985" m_b="0.309330" m_c="-0.232185" m_d="0.815147" m_tx="64.407372" m_ty="-278.538910"/>
  </frame>
  <frame idx="475" w="515" h="501" x="-91.312683" y="-132.664566">
   <element name="ground" layername="ground" frame="0" z_index="21" m_a="1.000000" m_b="0.000000" m_c="0.000000" m_d="1.000000" m_tx="4.958678" m_ty="7.719008"/>
   <element name="body" layername="Body" frame="0" z_index="20" m_a="0.960589" m_b="0.003326" m_c="-0.003712" m_d="1.072029" m_tx="4.247106" m_ty="-9.122281"/>
   <element name="body" layername="Lid" frame="2" z_index="18" m_a="-0.898147" m_b="-0.414266" m_c="0.427198" m_d="-0.926184" m_tx="-59.756508" m_ty="-55.793282"/>
   <element name="ground" layername="ground" frame="1" z_index="22" m_a="-0.315797" m_b="0.000000" m_c="-0.000000" m_d="-0.267001" m_tx="-49.922329" m_ty="32.481323"/>
   <element name="stopper" layername="Stoper_A" frame="2" z_index="19" m_a="0.889934" m_b="0.456089" m_c="-0.456089" m_d="0.889934" m_tx="66.510971" m_ty="-266.336761"/>
  </frame>
  <frame idx="500" w="526" h="442" x="-106.033752" y="-114.940216">
   <element name="ground" layername="ground" frame="0" z_index="21" m_a="1.000000" m_b="0.000000" m_c="0.000000" m_d="1.000000" m_tx="4.958678" m_ty="7.719008"/>
   <element name="body" layername="Body" frame="0" z_index="20" m_a="0.968195" m_b="-0.023322" m_c="0.025469" m_d="1.057321" m_tx="2.365352" m_ty="-6.464939"/>
   <element name="body" layername="Lid" frame="2" z_index="18" m_a="-0.986217" m_b="-0.128412" m_c="0.130406" m_d="-1.001525" m_tx="-62.576992" m_ty="-23.440945"/>
   <element name="ground" layername="ground" frame="1" z_index="22" m_a="-0.334128" m_b="0.000000" m_c="-0.000000" m_d="-0.286613" m_tx="-57.238060" m_ty="36.441719"/>
   <element name="stopper" layername="Stoper_A" frame="2" z_index="19" m_a="0.565798" m_b="0.824544" m_c="-0.824544" m_d="0.565798" m_tx="74.494110" m_ty="-230.479477"/>
  </frame>
  <frame idx="525" w="544" h="380" x="-114.998871" y="-96.452446">
   <element name="ground" layername="ground" frame="0" z_index="21" m_a="1.000000" m_b="0.000000" m_c="0.000000" m_d="1.000000" m_tx="4.958678" m_ty="7.719008"/>
   <element name="body" layername="Body" frame="0" z_index="20" m_a="0.975056" m_b="-0.050386" m_c="0.053837" m_d="1.041831" m_tx="0.483597" m_ty="-3.807596"/>
   <element name="body" layername="Lid" frame="2" z_index="18" m_a="-0.985037" m_b="0.172344" m_c="-0.172344" m_d="-0.985037" m_tx="-65.397476" m_ty="8.911392"/>
   <element name="ground" layername="ground" frame="1" z_index="22" m_a="-0.352459" m_b="0.000000" m_c="-0.000000" m_d="-0.306225" m_tx="-64.553795" m_ty="40.402115"/>
   <element name="stopper" layername="Stoper_A" frame="2" z_index="19" m_a="0.105404" m_b="0.994430" m_c="-0.994430" m_d="0.105404" m_tx="80.611671" m_ty="-193.342056"/>
  </frame>
  <frame idx="550" w="543" h="360" x="-115.818054" y="-92.157600">
   <element name="ground" layername="ground" frame="0" z_index="21" m_a="1.000000" m_b="0.000000" m_c="0.000000" m_d="1.000000" m_tx="4.958678" m_ty="7.719008"/>
   <element name="body" layername="Body" frame="0" z_index="19" m_a="0.983655" m_b="-0.033870" m_c="0.035404" m_d="1.028205" m_tx="0.483597" m_ty="-3.807596"/>
   <element name="body" layername="Lid" frame="2" z_index="18" m_a="-1.105971" m_b="0.193503" m_c="-0.134217" m_d="-0.767122" m_tx="-65.397476" m_ty="15.911392"/>
   <element name="ground" layername="ground" frame="1" z_index="22" m_a="-0.352459" m_b="0.000000" m_c="-0.000000" m_d="-0.306225" m_tx="-64.553795" m_ty="40.402115"/>
   <element name="stopper" layername="Stoper_A" frame="2" z_index="20" m_a="-0.332468" m_b="0.943114" m_c="-0.943114" m_d="-0.332468" m_tx="82.501907" m_ty="-158.002182"/>
  </frame>
  <frame idx="575" w="543" h="347" x="-115.818054" y="-89.684151">
   <element name="ground" layername="ground" frame="0" z_index="21" m_a="1.000000" m_b="0.000000" m_c="0.000000" m_d="1.000000" m_tx="4.958678" m_ty="7.719008"/>
   <element name="body" layername="Body" frame="0" z_index="19" m_a="0.991972" m_b="-0.017073" m_c="0.017457" m_d="1.014257" m_tx="0.483597" m_ty="-3.807596"/>
   <element name="body" layername="Lid" frame="2" z_index="18" m_a="-0.992130" m_b="0.125215" m_c="-0.125215" m_d="-0.992130" m_tx="-65.352837" m_ty="8.630142"/>
   <element name="ground" layername="ground" frame="1" z_index="22" m_a="-0.352459" m_b="0.000000" m_c="-0.000000" m_d="-0.306225" m_tx="-64.553795" m_ty="40.402115"/>
   <element name="stopper" layername="Stoper_A" frame="2" z_index="20" m_a="-0.705720" m_b="0.708491" m_c="-0.708491" m_d="-0.705720" m_tx="82.669937" m_ty="-123.269424"/>
  </frame>
  <frame idx="600" w="543" h="319" x="-115.818054" y="-82.231491">
   <element name="ground" layername="ground" frame="0" z_index="21" m_a="1.000000" m_b="0.000000" m_c="0.000000" m_d="1.000000" m_tx="4.958678" m_ty="7.719008"/>
   <element name="body" layername="Body" frame="0" z_index="19" m_a="1.000000" m_b="0.000000" m_c="0.000000" m_d="1.000000" m_tx="0.483597" m_ty="-3.807596"/>
   <element name="body" layername="Lid" frame="2" z_index="18" m_a="-0.996969" m_b="0.077801" m_c="-0.077801" m_d="-0.996969" m_tx="-65.308189" m_ty="5.682225"/>
   <element name="ground" layername="ground" frame="1" z_index="22" m_a="-0.352459" m_b="0.000000" m_c="-0.000000" m_d="-0.306225" m_tx="-64.553795" m_ty="40.402115"/>
   <element name="ground" layername="ground_B" frame="0" z_index="17" m_a="-0.216825" m_b="0.000000" m_c="0.000000" m_d="0.223726" m_tx="87.394958" m_ty="-4.019850"/>
   <element name="stopper" layername="Stoper_A" frame="2" z_index="20" m_a="-0.941804" m_b="0.336161" m_c="-0.336161" m_d="-0.941804" m_tx="81.544212" m_ty="-89.825363"/>
  </frame>
  <frame idx="625" w="543" h="286" x="-115.818054" y="-72.212975">
   <element name="ground" layername="ground" frame="0" z_index="20" m_a="1.000000" m_b="0.000000" m_c="0.000000" m_d="1.000000" m_tx="4.958678" m_ty="7.719008"/>
   <element name="body" layername="Body" frame="0" z_index="18" m_a="1.000000" m_b="0.000000" m_c="0.000000" m_d="1.000000" m_tx="0.483597" m_ty="-3.807596"/>
   <element name="body" layername="Lid" frame="2" z_index="17" m_a="-0.999544" m_b="0.030211" m_c="-0.030211" m_d="-0.999544" m_tx="-65.263550" m_ty="2.734309"/>
   <element name="ground" layername="ground" frame="1" z_index="21" m_a="-0.352459" m_b="0.000000" m_c="-0.000000" m_d="-0.306225" m_tx="-64.553795" m_ty="40.402115"/>
   <element name="ground" layername="ground_B" frame="0" z_index="22" m_a="-0.437594" m_b="0.000000" m_c="0.000000" m_d="0.427779" m_tx="85.817261" m_ty="-4.019850"/>
   <element name="stopper" layername="Stoper_A" frame="2" z_index="19" m_a="-0.994835" m_b="-0.101506" m_c="0.101506" m_d="-0.994835" m_tx="79.804626" m_ty="-58.101120"/>
  </frame>
  <frame idx="650" w="545" h="280" x="-113.212463" y="-70.426071">
   <element name="ground" layername="ground" frame="0" z_index="20" m_a="1.000000" m_b="0.000000" m_c="0.000000" m_d="1.000000" m_tx="4.958678" m_ty="7.719008"/>
   <element name="body" layername="Body" frame="0" z_index="18" m_a="1.000000" m_b="0.000000" m_c="0.000000" m_d="1.000000" m_tx="0.483597" m_ty="-3.807596"/>
   <element name="body" layername="Lid" frame="2" z_index="17" m_a="-0.999848" m_b="-0.017448" m_c="0.017448" m_d="-0.999848" m_tx="-65.218910" m_ty="-0.213608"/>
   <element name="ground" layername="ground" frame="1" z_index="21" m_a="-0.352459" m_b="0.000000" m_c="-0.000000" m_d="-0.306225" m_tx="-64.553795" m_ty="40.402115"/>
   <element name="ground" layername="ground_B" frame="0" z_index="22" m_a="-0.658364" m_b="0.000000" m_c="0.000000" m_d="0.631832" m_tx="84.239563" m_ty="-4.019850"/>
   <element name="stopper" layername="Stoper_A" frame="2" z_index="19" m_a="-0.854504" m_b="-0.519444" m_c="0.519444" m_d="-0.854504" m_tx="78.250397" m_ty="-28.193514"/>
  </frame>
  <frame idx="675" w="543" h="280" x="-115.818054" y="-70.426071">
   <element name="ground" layername="ground" frame="0" z_index="20" m_a="1.000000" m_b="0.000000" m_c="0.000000" m_d="1.000000" m_tx="4.958678" m_ty="7.719008"/>
   <element name="body" layername="Body" frame="0" z_index="18" m_a="1.000000" m_b="0.000000" m_c="0.000000" m_d="1.000000" m_tx="0.483597" m_ty="-3.807596"/>
   <element name="body" layername="Lid" frame="2" z_index="17" m_a="-0.997881" m_b="-0.065068" m_c="0.065068" m_d="-0.997881" m_tx="-65.174263" m_ty="1.755142"/>
   <element name="ground" layername="ground" frame="1" z_index="21" m_a="-0.352459" m_b="0.000000" m_c="-0.000000" m_d="-0.306225" m_tx="-64.553795" m_ty="40.402115"/>
   <element name="ground" layername="ground_B" frame="0" z_index="22" m_a="-0.650120" m_b="0.000000" m_c="0.000000" m_d="0.593815" m_tx="81.079086" m_ty="-4.019850"/>
   <element name="stopper" layername="Stoper_A" frame="2" z_index="19" m_a="-0.914843" m_b="-0.403809" m_c="0.403809" m_d="-0.914843" m_tx="75.435204" m_ty="-29.452774"/>
  </frame>
  <frame idx="700" w="543" h="280" x="-115.818054" y="-70.426071">
   <element name="ground" layername="ground" frame="0" z_index="20" m_a="1.000000" m_b="0.000000" m_c="0.000000" m_d="1.000000" m_tx="4.958678" m_ty="7.719008"/>
   <element name="body" layername="Body" frame="0" z_index="18" m_a="1.000000" m_b="0.000000" m_c="0.000000" m_d="1.000000" m_tx="0.483597" m_ty="-3.807596"/>
   <element name="body" layername="Lid" frame="2" z_index="17" m_a="-0.993647" m_b="-0.112539" m_c="0.112539" m_d="-0.993647" m_tx="-65.129623" m_ty="3.723892"/>
   <element name="ground" layername="ground" frame="1" z_index="21" m_a="-0.352459" m_b="0.000000" m_c="-0.000000" m_d="-0.306225" m_tx="-64.553795" m_ty="40.402115"/>
   <element name="ground" layername="ground_B" frame="0" z_index="22" m_a="-0.641877" m_b="0.000000" m_c="0.000000" m_d="0.555799" m_tx="77.918617" m_ty="-4.019850"/>
   <element name="stopper" layername="Stoper_A" frame="2" z_index="19" m_a="-0.959619" m_b="-0.281303" m_c="0.281303" m_d="-0.959619" m_tx="72.684563" m_ty="-30.858261"/>
  </frame>
  <frame idx="725" w="543" h="280" x="-115.818054" y="-70.426071">
   <element name="ground" layername="ground" frame="0" z_index="20" m_a="1.000000" m_b="0.000000" m_c="0.000000" m_d="1.000000" m_tx="4.958678" m_ty="7.719008"/>
   <element name="body" layername="Body" frame="0" z_index="18" m_a="1.000000" m_b="0.000000" m_c="0.000000" m_d="1.000000" m_tx="0.483597" m_ty="-3.807596"/>
   <element name="body" layername="Lid" frame="2" z_index="17" m_a="-0.987157" m_b="-0.159756" m_c="0.159756" m_d="-0.987157" m_tx="-65.084976" m_ty="5.692642"/>
   <element name="ground" layername="ground" frame="1" z_index="21" m_a="-0.352459" m_b="0.000000" m_c="-0.000000" m_d="-0.306225" m_tx="-64.553795" m_ty="40.402115"/>
   <element name="ground" layername="ground_B" frame="0" z_index="22" m_a="-0.633633" m_b="0.000000" m_c="0.000000" m_d="0.517782" m_tx="74.758141" m_ty="-4.019850"/>
   <element name="stopper" layername="Stoper_A" frame="2" z_index="19" m_a="-0.988069" m_b="-0.154012" m_c="0.154012" m_d="-0.988069" m_tx="69.978867" m_ty="-32.417122"/>
  </frame>
  <frame idx="750" w="543" h="280" x="-115.818054" y="-70.426071">
   <element name="ground" layername="ground" frame="0" z_index="20" m_a="1.000000" m_b="0.000000" m_c="0.000000" m_d="1.000000" m_tx="4.958678" m_ty="7.719008"/>
   <element name="body" layername="Body" frame="0" z_index="18" m_a="1.000000" m_b="0.000000" m_c="0.000000" m_d="1.000000" m_tx="0.483597" m_ty="-3.807596"/>
   <element name="body" layername="Lid" frame="2" z_index="17" m_a="-0.978424" m_b="-0.206609" m_c="0.206609" m_d="-0.978424" m_tx="-65.040337" m_ty="7.661392"/>
   <element name="ground" layername="ground" frame="1" z_index="21" m_a="-0.352459" m_b="0.000000" m_c="-0.000000" m_d="-0.306225" m_tx="-64.553795" m_ty="40.402115"/>
   <element name="ground" layername="ground_B" frame="0" z_index="22" m_a="-0.641877" m_b="0.000000" m_c="0.000000" m_d="0.555799" m_tx="72.036263" m_ty="-4.019850"/>
   <element name="stopper" layername="Stoper_A" frame="2" z_index="19" m_a="-0.999710" m_b="-0.024100" m_c="0.024100" m_d="-0.999710" m_tx="67.297798" m_ty="-34.800579"/>
  </frame>
  <frame idx="775" w="543" h="280" x="-115.818054" y="-70.426071">
   <element name="ground" layername="ground" frame="0" z_index="20" m_a="1.000000" m_b="0.000000" m_c="0.000000" m_d="1.000000" m_tx="4.958678" m_ty="7.719008"/>
   <element name="body" layername="Body" frame="0" z_index="18" m_a="1.000000" m_b="0.000000" m_c="0.000000" m_d="1.000000" m_tx="0.483597" m_ty="-3.807596"/>
   <element name="body" layername="Lid" frame="2" z_index="17" m_a="-0.986714" m_b="-0.162465" m_c="0.162465" m_d="-0.986714" m_tx="-65.587326" m_ty="6.453783"/>
   <element name="ground" layername="ground" frame="1" z_index="21" m_a="-0.352459" m_b="0.000000" m_c="-0.000000" m_d="-0.306225" m_tx="-64.553795" m_ty="40.402115"/>
   <element name="ground" layername="ground_B" frame="0" z_index="22" m_a="-0.650120" m_b="0.000000" m_c="0.000000" m_d="0.593816" m_tx="69.314384" m_ty="-4.019850"/>
   <element name="stopper" layername="Stoper_A" frame="2" z_index="19" m_a="-0.994343" m_b="0.106221" m_c="-0.106221" m_d="-0.994343" m_tx="64.620575" m_ty="-31.343819"/>
  </frame>
  <frame idx="800" w="543" h="280" x="-115.818054" y="-70.426071">
   <element name="ground" layername="ground" frame="0" z_index="20" m_a="1.000000" m_b="0.000000" m_c="0.000000" m_d="1.000000" m_tx="4.958678" m_ty="7.719008"/>
   <element name="body" layername="Body" frame="0" z_index="18" m_a="1.000000" m_b="0.000000" m_c="0.000000" m_d="1.000000" m_tx="0.483597" m_ty="-3.807596"/>
   <element name="body" layername="Lid" frame="2" z_index="17" m_a="-0.993014" m_b="-0.117994" m_c="0.117994" m_d="-0.993014" m_tx="-66.134308" m_ty="5.246174"/>
   <element name="ground" layername="ground" frame="1" z_index="21" m_a="-0.352459" m_b="0.000000" m_c="-0.000000" m_d="-0.306225" m_tx="-64.553795" m_ty="40.402115"/>
   <element name="ground" layername="ground_B" frame="0" z_index="22" m_a="-0.658364" m_b="0.000000" m_c="0.000000" m_d="0.631832" m_tx="66.592506" m_ty="-4.019850"/>
   <element name="stopper" layername="Stoper_A" frame="2" z_index="19" m_a="-0.972059" m_b="0.234735" m_c="-0.234735" m_d="-0.972059" m_tx="61.926380" m_ty="-28.045994"/>
  </frame>
  <frame idx="825" w="543" h="280" x="-115.818054" y="-70.426071">
   <element name="ground" layername="ground" frame="0" z_index="20" m_a="1.000000" m_b="0.000000" m_c="0.000000" m_d="1.000000" m_tx="4.958678" m_ty="7.719008"/>
   <element name="body" layername="Body" frame="0" z_index="18" m_a="1.000000" m_b="0.000000" m_c="0.000000" m_d="1.000000" m_tx="0.483597" m_ty="-3.807596"/>
   <element name="body" layername="Lid" frame="2" z_index="17" m_a="-0.997311" m_b="-0.073284" m_c="0.073284" m_d="-0.997311" m_tx="-66.681297" m_ty="4.038565"/>
   <element name="ground" layername="ground" frame="1" z_index="21" m_a="-0.352459" m_b="0.000000" m_c="-0.000000" m_d="-0.306225" m_tx="-64.553795" m_ty="40.402115"/>
   <element name="ground" layername="ground_B" frame="0" z_index="22" m_a="-0.658364" m_b="0.000000" m_c="0.000000" m_d="0.631832" m_tx="67.853012" m_ty="-4.019850"/>
   <element name="stopper" layername="Stoper_A" frame="2" z_index="19" m_a="-0.984929" m_b="0.172958" m_c="-0.172958" m_d="-0.984929" m_tx="63.014481" m_ty="-32.483635"/>
  </frame>
  <frame idx="850" w="543" h="280" x="-115.818054" y="-70.426071">
   <element name="ground" layername="ground" frame="0" z_index="20" m_a="1.000000" m_b="0.000000" m_c="0.000000" m_d="1.000000" m_tx="4.958678" m_ty="7.719008"/>
   <element name="body" layername="Body" frame="0" z_index="18" m_a="1.000000" m_b="0.000000" m_c="0.000000" m_d="1.000000" m_tx="0.483597" m_ty="-3.807596"/>
   <element name="body" layername="Lid" frame="2" z_index="17" m_a="-0.999596" m_b="-0.028427" m_c="0.028427" m_d="-0.999596" m_tx="-67.228287" m_ty="2.830956"/>
   <element name="ground" layername="ground" frame="1" z_index="21" m_a="-0.352459" m_b="0.000000" m_c="-0.000000" m_d="-0.306225" m_tx="-64.553795" m_ty="40.402115"/>
   <element name="ground" layername="ground_B" frame="0" z_index="22" m_a="-0.658364" m_b="0.000000" m_c="0.000000" m_d="0.631832" m_tx="69.113518" m_ty="-4.019850"/>
   <element name="stopper" layername="Stoper_A" frame="2" z_index="19" m_a="-0.993877" m_b="0.110492" m_c="-0.110492" m_d="-0.993877" m_tx="64.096107" m_ty="-36.958130"/>
  </frame>
  <frame idx="875" w="543" h="280" x="-115.818054" y="-70.426071">
   <element name="ground" layername="ground" frame="0" z_index="20" m_a="1.000000" m_b="0.000000" m_c="0.000000" m_d="1.000000" m_tx="4.958678" m_ty="7.719008"/>
   <element name="body" layername="Body" frame="0" z_index="18" m_a="1.000000" m_b="0.000000" m_c="0.000000" m_d="1.000000" m_tx="0.483597" m_ty="-3.807596"/>
   <element name="body" layername="Lid" frame="2" z_index="17" m_a="-0.999864" m_b="0.016488" m_c="-0.016488" m_d="-0.999864" m_tx="-67.775269" m_ty="3.873347"/>
   <element name="ground" layername="ground" frame="1" z_index="21" m_a="-0.352459" m_b="0.000000" m_c="-0.000000" m_d="-0.306225" m_tx="-64.553795" m_ty="40.402115"/>
   <element name="ground" layername="ground_B" frame="0" z_index="22" m_a="-0.658364" m_b="0.000000" m_c="0.000000" m_d="0.631832" m_tx="70.374016" m_ty="-4.019850"/>
   <element name="stopper" layername="Stoper_A" frame="2" z_index="19" m_a="-0.998867" m_b="0.047586" m_c="-0.047586" m_d="-0.998867" m_tx="65.173607" m_ty="-28.469801"/>
  </frame>
  <frame idx="900" w="543" h="280" x="-115.818054" y="-70.426071">
   <element name="ground" layername="ground" frame="0" z_index="20" m_a="1.000000" m_b="0.000000" m_c="0.000000" m_d="1.000000" m_tx="4.958678" m_ty="7.719008"/>
   <element name="body" layername="Body" frame="0" z_index="18" m_a="1.000000" m_b="0.000000" m_c="0.000000" m_d="1.000000" m_tx="0.483597" m_ty="-3.807596"/>
   <element name="body" layername="Lid" frame="2" z_index="17" m_a="-0.998115" m_b="0.061369" m_c="-0.061369" m_d="-0.998115" m_tx="-68.322258" m_ty="4.915738"/>
   <element name="ground" layername="ground" frame="1" z_index="21" m_a="-0.352459" m_b="0.000000" m_c="-0.000000" m_d="-0.306225" m_tx="-64.553795" m_ty="40.402115"/>
   <element name="ground" layername="ground_B" frame="0" z_index="22" m_a="-0.658364" m_b="0.000000" m_c="0.000000" m_d="0.631832" m_tx="71.634521" m_ty="-4.019850"/>
   <element name="stopper" layername="Stoper_A" frame="2" z_index="19" m_a="-0.999880" m_b="-0.015510" m_c="0.015510" m_d="-0.999880" m_tx="66.534584" m_ty="-28.181194"/>
  </frame>
  <frame idx="925" w="543" h="280" x="-115.818054" y="-70.426071">
   <element name="ground" layername="ground" frame="0" z_index="20" m_a="1.000000" m_b="0.000000" m_c="0.000000" m_d="1.000000" m_tx="4.958678" m_ty="7.719008"/>
   <element name="body" layername="Body" frame="0" z_index="18" m_a="1.000000" m_b="0.000000" m_c="0.000000" m_d="1.000000" m_tx="0.483597" m_ty="-3.807596"/>
   <element name="body" layername="Lid" frame="2" z_index="17" m_a="-0.994353" m_b="0.106127" m_c="-0.106127" m_d="-0.994353" m_tx="-68.869240" m_ty="5.958129"/>
   <element name="ground" layername="ground" frame="1" z_index="21" m_a="-0.352459" m_b="0.000000" m_c="-0.000000" m_d="-0.306225" m_tx="-64.553795" m_ty="40.402115"/>
   <element name="ground" layername="ground_B" frame="0" z_index="22" m_a="-0.658364" m_b="0.000000" m_c="0.000000" m_d="0.631832" m_tx="72.895027" m_ty="-4.019850"/>
   <element name="stopper" layername="Stoper_A" frame="2" z_index="19" m_a="-0.996911" m_b="-0.078543" m_c="0.078543" m_d="-0.996911" m_tx="67.896149" m_ty="-27.929993"/>
  </frame>
  <frame idx="950" w="543" h="280" x="-115.818054" y="-70.426071">
   <element name="ground" layername="ground" frame="0" z_index="20" m_a="1.000000" m_b="0.000000" m_c="0.000000" m_d="1.000000" m_tx="4.958678" m_ty="7.719008"/>
   <element name="body" layername="Body" frame="0" z_index="18" m_a="1.000000" m_b="0.000000" m_c="0.000000" m_d="1.000000" m_tx="0.483597" m_ty="-3.807596"/>
   <element name="body" layername="Lid" frame="2" z_index="17" m_a="-0.988584" m_b="0.150670" m_c="-0.150670" m_d="-0.988584" m_tx="-69.416229" m_ty="7.000520"/>
   <element name="ground" layername="ground" frame="1" z_index="21" m_a="-0.352459" m_b="0.000000" m_c="-0.000000" m_d="-0.306225" m_tx="-64.553795" m_ty="40.402115"/>
   <element name="ground" layername="ground_B" frame="0" z_index="22" m_a="-0.658364" m_b="0.000000" m_c="0.000000" m_d="0.631832" m_tx="74.155533" m_ty="-4.019850"/>
   <element name="stopper" layername="Stoper_A" frame="2" z_index="19" m_a="-0.989972" m_b="-0.141264" m_c="0.141264" m_d="-0.989972" m_tx="69.260651" m_ty="-27.716087"/>
  </frame>
  <frame idx="975" w="543" h="280" x="-115.818054" y="-70.426071">
   <element name="ground" layername="ground" frame="0" z_index="20" m_a="1.000000" m_b="0.000000" m_c="0.000000" m_d="1.000000" m_tx="4.958678" m_ty="7.719008"/>
   <element name="body" layername="Body" frame="0" z_index="18" m_a="1.000000" m_b="0.000000" m_c="0.000000" m_d="1.000000" m_tx="0.483597" m_ty="-3.807596"/>
   <element name="body" layername="Lid" frame="2" z_index="17" m_a="-0.991256" m_b="0.131955" m_c="-0.131955" m_d="-0.991256" m_tx="-68.869247" m_ty="7.529558"/>
   <element name="ground" layername="ground" frame="1" z_index="21" m_a="-0.352459" m_b="0.000000" m_c="-0.000000" m_d="-0.306225" m_tx="-64.553795" m_ty="40.402115"/>
   <element name="ground" layername="ground_B" frame="0" z_index="22" m_a="-0.658364" m_b="0.000000" m_c="0.000000" m_d="0.631832" m_tx="73.544380" m_ty="-4.019850"/>
   <element name="stopper" layername="Stoper_A" frame="2" z_index="19" m_a="-0.994048" m_b="-0.108941" m_c="0.108941" m_d="-0.994048" m_tx="68.519096" m_ty="-27.660732"/>
  </frame>
  <frame idx="1000" w="543" h="280" x="-115.818054" y="-70.426071">
   <element name="ground" layername="ground" frame="0" z_index="20" m_a="1.000000" m_b="0.000000" m_c="0.000000" m_d="1.000000" m_tx="4.958678" m_ty="7.719008"/>
   <element name="body" layername="Body" frame="0" z_index="18" m_a="1.000000" m_b="0.000000" m_c="0.000000" m_d="1.000000" m_tx="0.483597" m_ty="-3.807596"/>
   <element name="body" layername="Lid" frame="2" z_index="17" m_a="-0.993573" m_b="0.113192" m_c="-0.113192" m_d="-0.993573" m_tx="-68.322258" m_ty="8.058595"/>
   <element name="ground" layername="ground" frame="1" z_index="21" m_a="-0.352459" m_b="0.000000" m_c="-0.000000" m_d="-0.306225" m_tx="-64.553795" m_ty="40.402115"/>
   <element name="ground" layername="ground_B" frame="0" z_index="22" m_a="-0.658364" m_b="0.000000" m_c="0.000000" m_d="0.631832" m_tx="72.933228" m_ty="-4.019851"/>
   <element name="stopper" layername="Stoper_A" frame="2" z_index="19" m_a="-0.997069" m_b="-0.076502" m_c="0.076502" m_d="-0.997069" m_tx="67.778625" m_ty="-27.615288"/>
  </frame>
  <frame idx="1025" w="543" h="280" x="-115.818054" y="-70.426071">
   <element name="ground" layername="ground" frame="0" z_index="20" m_a="1.000000" m_b="0.000000" m_c="0.000000" m_d="1.000000" m_tx="4.958678" m_ty="7.719008"/>
   <element name="body" layername="Body" frame="0" z_index="18" m_a="1.000000" m_b="0.000000" m_c="0.000000" m_d="1.000000" m_tx="0.483597" m_ty="-3.807596"/>
   <element name="body" layername="Lid" frame="2" z_index="17" m_a="-0.995535" m_b="0.094388" m_c="-0.094388" m_d="-0.995535" m_tx="-67.775269" m_ty="8.587632"/>
   <element name="ground" layername="ground" frame="1" z_index="21" m_a="-0.352459" m_b="0.000000" m_c="-0.000000" m_d="-0.306225" m_tx="-64.553795" m_ty="40.402115"/>
   <element name="ground" layername="ground_B" frame="0" z_index="22" m_a="-0.658364" m_b="0.000000" m_c="0.000000" m_d="0.631832" m_tx="72.322067" m_ty="-4.019852"/>
   <element name="stopper" layername="Stoper_A" frame="2" z_index="19" m_a="-0.999032" m_b="-0.043981" m_c="0.043981" m_d="-0.999032" m_tx="67.038925" m_ty="-27.579792"/>
  </frame>
  <frame idx="1050" w="543" h="280" x="-115.818054" y="-70.426071">
   <element name="ground" layername="ground" frame="0" z_index="20" m_a="1.000000" m_b="0.000000" m_c="0.000000" m_d="1.000000" m_tx="4.958678" m_ty="7.719008"/>
   <element name="body" layername="Body" frame="0" z_index="18" m_a="1.000000" m_b="0.000000" m_c="0.000000" m_d="1.000000" m_tx="0.483597" m_ty="-3.807596"/>
   <element name="body" layername="Lid" frame="2" z_index="17" m_a="-0.997142" m_b="0.075551" m_c="-0.075551" m_d="-0.997142" m_tx="-67.228287" m_ty="9.116670"/>
   <element name="ground" layername="ground" frame="1" z_index="21" m_a="-0.352459" m_b="0.000000" m_c="-0.000000" m_d="-0.306225" m_tx="-64.553795" m_ty="40.402115"/>
   <element name="ground" layername="ground_B" frame="0" z_index="22" m_a="-0.658364" m_b="0.000000" m_c="0.000000" m_d="0.631832" m_tx="71.710915" m_ty="-4.019852"/>
   <element name="stopper" layername="Stoper_A" frame="2" z_index="19" m_a="-0.999935" m_b="-0.011414" m_c="0.011414" m_d="-0.999935" m_tx="66.299660" m_ty="-27.554253"/>
  </frame>
  <frame idx="1075" w="543" h="280" x="-115.818054" y="-70.426071">
   <element name="ground" layername="ground" frame="0" z_index="20" m_a="1.000000" m_b="0.000000" m_c="0.000000" m_d="1.000000" m_tx="4.958678" m_ty="7.719008"/>
   <element name="body" layername="Body" frame="0" z_index="18" m_a="1.000000" m_b="0.000000" m_c="0.000000" m_d="1.000000" m_tx="0.483597" m_ty="-3.807596"/>
   <element name="body" layername="Lid" frame="2" z_index="17" m_a="-0.998392" m_b="0.056687" m_c="-0.056687" m_d="-0.998392" m_tx="-66.681297" m_ty="9.645708"/>
   <element name="ground" layername="ground" frame="1" z_index="21" m_a="-0.352459" m_b="0.000000" m_c="-0.000000" m_d="-0.306225" m_tx="-64.553795" m_ty="40.402115"/>
   <element name="ground" layername="ground_B" frame="0" z_index="22" m_a="-0.658364" m_b="0.000000" m_c="0.000000" m_d="0.631832" m_tx="71.099762" m_ty="-4.019853"/>
   <element name="stopper" layername="Stoper_A" frame="2" z_index="19" m_a="-0.999776" m_b="0.021165" m_c="-0.021165" m_d="-0.999776" m_tx="65.560509" m_ty="-27.288685"/>
  </frame>
  <frame idx="1100" w="543" h="280" x="-115.818054" y="-70.426071">
   <element name="ground" layername="ground" frame="0" z_index="20" m_a="1.000000" m_b="0.000000" m_c="0.000000" m_d="1.000000" m_tx="4.958678" m_ty="7.719008"/>
   <element name="body" layername="Body" frame="0" z_index="18" m_a="1.000000" m_b="0.000000" m_c="0.000000" m_d="1.000000" m_tx="0.483597" m_ty="-3.807596"/>
   <element name="body" layername="Lid" frame="2" z_index="17" m_a="-0.999285" m_b="0.037803" m_c="-0.037803" m_d="-0.999285" m_tx="-66.134308" m_ty="10.174746"/>
   <element name="ground" layername="ground" frame="1" z_index="21" m_a="-0.352459" m_b="0.000000" m_c="-0.000000" m_d="-0.306225" m_tx="-64.553795" m_ty="40.402115"/>
   <element name="ground" layername="ground_B" frame="0" z_index="22" m_a="-0.658364" m_b="0.000000" m_c="0.000000" m_d="0.631832" m_tx="70.488609" m_ty="-4.019853"/>
   <element name="stopper" layername="Stoper_A" frame="2" z_index="19" m_a="-0.998556" m_b="0.053721" m_c="-0.053721" m_d="-0.998556" m_tx="64.821152" m_ty="-27.033092"/>
  </frame>
  <frame idx="1125" w="543" h="280" x="-115.818054" y="-70.426071">
   <element name="ground" layername="ground" frame="0" z_index="20" m_a="1.000000" m_b="0.000000" m_c="0.000000" m_d="1.000000" m_tx="4.958678" m_ty="7.719008"/>
   <element name="body" layername="Body" frame="0" z_index="18" m_a="1.000000" m_b="0.000000" m_c="0.000000" m_d="1.000000" m_tx="0.483597" m_ty="-3.807596"/>
   <element name="body" layername="Lid" frame="2" z_index="17" m_a="-0.999821" m_b="0.018905" m_c="-0.018905" m_d="-0.999821" m_tx="-65.587326" m_ty="10.703783"/>
   <element name="ground" layername="ground" frame="1" z_index="21" m_a="-0.352459" m_b="0.000000" m_c="-0.000000" m_d="-0.306225" m_tx="-64.553795" m_ty="40.402115"/>
   <element name="ground" layername="ground_B" frame="0" z_index="22" m_a="-0.658364" m_b="0.000000" m_c="0.000000" m_d="0.631832" m_tx="69.877457" m_ty="-4.019854"/>
   <element name="stopper" layername="Stoper_A" frame="2" z_index="19" m_a="-0.996276" m_b="0.086221" m_c="-0.086221" m_d="-0.996276" m_tx="64.081261" m_ty="-26.787453"/>
  </frame>
  <frame idx="1150" w="543" h="280" x="-115.818054" y="-70.426071">
   <element name="ground" layername="ground" frame="0" z_index="20" m_a="1.000000" m_b="0.000000" m_c="0.000000" m_d="1.000000" m_tx="4.958678" m_ty="7.719008"/>
   <element name="body" layername="Body" frame="0" z_index="18" m_a="1.000000" m_b="0.000000" m_c="0.000000" m_d="1.000000" m_tx="0.483597" m_ty="-3.807596"/>
   <element name="body" layername="Lid" frame="2" z_index="17" m_a="-1.000000" m_b="0.000000" m_c="-0.000000" m_d="-1.000000" m_tx="-65.040337" m_ty="11.232821"/>
   <element name="ground" layername="ground" frame="1" z_index="21" m_a="-0.352459" m_b="0.000000" m_c="-0.000000" m_d="-0.306225" m_tx="-64.553795" m_ty="40.402115"/>
   <element name="ground" layername="ground_B" frame="0" z_index="22" m_a="-0.658364" m_b="0.000000" m_c="0.000000" m_d="0.631832" m_tx="69.266304" m_ty="-4.019854"/>
   <element name="stopper" layername="Stoper_A" frame="2" z_index="19" m_a="-0.992939" m_b="0.118629" m_c="-0.118629" m_d="-0.992939" m_tx="63.340508" m_ty="-26.551750"/>
  </frame>
 </anim>
 <anim name="opened" root="thermos_bottle_small" numframes="25" framerate="40">
  <frame idx="0" w="543" h="280" x="-115.818054" y="-70.426071">
   <element name="ground" layername="ground" frame="0" z_index="20" m_a="1.000000" m_b="0.000000" m_c="0.000000" m_d="1.000000" m_tx="4.958678" m_ty="7.719008"/>
   <element name="body" layername="Body" frame="0" z_index="18" m_a="1.000000" m_b="0.000000" m_c="0.000000" m_d="1.000000" m_tx="0.483597" m_ty="-3.807596"/>
   <element name="body" layername="Lid" frame="2" z_index="17" m_a="-1.000000" m_b="0.000000" m_c="-0.000000" m_d="-1.000000" m_tx="-65.040337" m_ty="11.232821"/>
   <element name="ground" layername="ground" frame="1" z_index="21" m_a="-0.352459" m_b="0.000000" m_c="-0.000000" m_d="-0.306225" m_tx="-64.553795" m_ty="40.402115"/>
   <element name="ground" layername="ground_B" frame="0" z_index="22" m_a="-0.658364" m_b="0.000000" m_c="0.000000" m_d="0.631832" m_tx="69.266304" m_ty="-4.019854"/>
   <element name="stopper" layername="Stoper_A" frame="2" z_index="19" m_a="-0.992939" m_b="0.118629" m_c="-0.118629" m_d="-0.992939" m_tx="62.225971" m_ty="-24.880510"/>
  </frame>
 </anim>
</Anims>
