<Anims>
 <anim name="place" root="warkawater" numframes="500" framerate="40">
  <frame idx="0" w="71" h="121" x="0.000000" y="-46.000000">
   <element name="body" layername="body" frame="0" z_index="6" m_a="1.000000" m_b="0.000000" m_c="0.000000" m_d="1.000000" m_tx="0.000000" m_ty="-46.000000"/>
  </frame>
  <frame idx="25" w="71" h="121" x="0.000000" y="-46.000000">
   <element name="body" layername="body" frame="0" z_index="6" m_a="1.000000" m_b="0.000000" m_c="0.000000" m_d="1.000000" m_tx="0.000000" m_ty="-46.000000"/>
  </frame>
  <frame idx="50" w="71" h="121" x="0.000000" y="-46.000000">
   <element name="body" layername="body" frame="0" z_index="6" m_a="1.000000" m_b="0.000000" m_c="0.000000" m_d="1.000000" m_tx="0.000000" m_ty="-46.000000"/>
  </frame>
  <frame idx="75" w="71" h="121" x="0.000000" y="-46.000000">
   <element name="body" layername="body" frame="0" z_index="6" m_a="1.000000" m_b="0.000000" m_c="0.000000" m_d="1.000000" m_tx="0.000000" m_ty="-46.000000"/>
  </frame>
  <frame idx="100" w="71" h="121" x="0.000000" y="-46.000000">
   <element name="body" layername="body" frame="0" z_index="6" m_a="1.000000" m_b="0.000000" m_c="0.000000" m_d="1.000000" m_tx="0.000000" m_ty="-46.000000"/>
  </frame>
  <frame idx="125" w="71" h="121" x="0.000000" y="-46.000000">
   <element name="body" layername="body" frame="0" z_index="6" m_a="1.000000" m_b="0.000000" m_c="0.000000" m_d="1.000000" m_tx="0.000000" m_ty="-46.000000"/>
  </frame>
  <frame idx="150" w="71" h="121" x="0.000000" y="-46.000000">
   <element name="body" layername="body" frame="0" z_index="6" m_a="1.000000" m_b="0.000000" m_c="0.000000" m_d="1.000000" m_tx="0.000000" m_ty="-46.000000"/>
  </frame>
  <frame idx="175" w="71" h="121" x="0.000000" y="-46.000000">
   <element name="body" layername="body" frame="0" z_index="6" m_a="1.000000" m_b="0.000000" m_c="0.000000" m_d="1.000000" m_tx="0.000000" m_ty="-46.000000"/>
  </frame>
  <frame idx="200" w="71" h="121" x="0.000000" y="-46.000000">
   <element name="body" layername="body" frame="0" z_index="6" m_a="1.000000" m_b="0.000000" m_c="0.000000" m_d="1.000000" m_tx="0.000000" m_ty="-46.000000"/>
  </frame>
  <frame idx="225" w="71" h="121" x="0.000000" y="-46.000000">
   <element name="body" layername="body" frame="0" z_index="6" m_a="1.000000" m_b="0.000000" m_c="0.000000" m_d="1.000000" m_tx="0.000000" m_ty="-46.000000"/>
  </frame>
  <frame idx="250" w="71" h="121" x="0.000000" y="-46.000000">
   <element name="body" layername="body" frame="0" z_index="6" m_a="1.000000" m_b="0.000000" m_c="0.000000" m_d="1.000000" m_tx="0.000000" m_ty="-46.000000"/>
  </frame>
  <frame idx="275" w="71" h="121" x="0.000000" y="-46.000000">
   <element name="body" layername="body" frame="0" z_index="6" m_a="1.000000" m_b="0.000000" m_c="0.000000" m_d="1.000000" m_tx="0.000000" m_ty="-46.000000"/>
  </frame>
  <frame idx="300" w="71" h="121" x="0.000000" y="-46.000000">
   <element name="body" layername="body" frame="0" z_index="6" m_a="1.000000" m_b="0.000000" m_c="0.000000" m_d="1.000000" m_tx="0.000000" m_ty="-46.000000"/>
  </frame>
  <frame idx="325" w="71" h="121" x="0.000000" y="-46.000000">
   <element name="body" layername="body" frame="0" z_index="6" m_a="1.000000" m_b="0.000000" m_c="0.000000" m_d="1.000000" m_tx="0.000000" m_ty="-46.000000"/>
  </frame>
  <frame idx="350" w="71" h="121" x="0.000000" y="-46.000000">
   <element name="body" layername="body" frame="0" z_index="6" m_a="1.000000" m_b="0.000000" m_c="0.000000" m_d="1.000000" m_tx="0.000000" m_ty="-46.000000"/>
  </frame>
  <frame idx="375" w="71" h="121" x="0.000000" y="-46.000000">
   <element name="body" layername="body" frame="0" z_index="6" m_a="1.000000" m_b="0.000000" m_c="0.000000" m_d="1.000000" m_tx="0.000000" m_ty="-46.000000"/>
  </frame>
  <frame idx="400" w="71" h="121" x="0.000000" y="-46.000000">
   <element name="body" layername="body" frame="0" z_index="6" m_a="1.000000" m_b="0.000000" m_c="0.000000" m_d="1.000000" m_tx="0.000000" m_ty="-46.000000"/>
  </frame>
  <frame idx="425" w="71" h="121" x="0.000000" y="-46.000000">
   <element name="body" layername="body" frame="0" z_index="6" m_a="1.000000" m_b="0.000000" m_c="0.000000" m_d="1.000000" m_tx="0.000000" m_ty="-46.000000"/>
  </frame>
  <frame idx="450" w="71" h="121" x="0.000000" y="-46.000000">
   <element name="body" layername="body" frame="0" z_index="6" m_a="1.000000" m_b="0.000000" m_c="0.000000" m_d="1.000000" m_tx="0.000000" m_ty="-46.000000"/>
  </frame>
  <frame idx="475" w="71" h="121" x="0.000000" y="-46.000000">
   <element name="body" layername="body" frame="0" z_index="6" m_a="1.000000" m_b="0.000000" m_c="0.000000" m_d="1.000000" m_tx="0.000000" m_ty="-46.000000"/>
  </frame>
 </anim>
 <anim name="idle" root="warkawater" numframes="500" framerate="40">
  <frame idx="0" w="71" h="121" x="0.000000" y="-46.000000">
   <element name="body" layername="body" frame="0" z_index="6" m_a="1.000000" m_b="0.000000" m_c="0.000000" m_d="1.000000" m_tx="0.000000" m_ty="-46.000000"/>
  </frame>
  <frame idx="25" w="71" h="121" x="0.000000" y="-46.000000">
   <element name="body" layername="body" frame="0" z_index="6" m_a="1.000000" m_b="0.000000" m_c="0.000000" m_d="1.000000" m_tx="0.000000" m_ty="-46.000000"/>
  </frame>
  <frame idx="50" w="71" h="121" x="0.000000" y="-46.000000">
   <element name="body" layername="body" frame="0" z_index="6" m_a="1.000000" m_b="0.000000" m_c="0.000000" m_d="1.000000" m_tx="0.000000" m_ty="-46.000000"/>
  </frame>
  <frame idx="75" w="71" h="121" x="0.000000" y="-46.000000">
   <element name="body" layername="body" frame="0" z_index="6" m_a="1.000000" m_b="0.000000" m_c="0.000000" m_d="1.000000" m_tx="0.000000" m_ty="-46.000000"/>
  </frame>
  <frame idx="100" w="71" h="121" x="0.000000" y="-46.000000">
   <element name="body" layername="body" frame="0" z_index="6" m_a="1.000000" m_b="0.000000" m_c="0.000000" m_d="1.000000" m_tx="0.000000" m_ty="-46.000000"/>
  </frame>
  <frame idx="125" w="71" h="121" x="0.000000" y="-46.000000">
   <element name="body" layername="body" frame="0" z_index="6" m_a="1.000000" m_b="0.000000" m_c="0.000000" m_d="1.000000" m_tx="0.000000" m_ty="-46.000000"/>
  </frame>
  <frame idx="150" w="71" h="121" x="0.000000" y="-46.000000">
   <element name="body" layername="body" frame="0" z_index="6" m_a="1.000000" m_b="0.000000" m_c="0.000000" m_d="1.000000" m_tx="0.000000" m_ty="-46.000000"/>
  </frame>
  <frame idx="175" w="71" h="121" x="0.000000" y="-46.000000">
   <element name="body" layername="body" frame="0" z_index="6" m_a="1.000000" m_b="0.000000" m_c="0.000000" m_d="1.000000" m_tx="0.000000" m_ty="-46.000000"/>
  </frame>
  <frame idx="200" w="71" h="121" x="0.000000" y="-46.000000">
   <element name="body" layername="body" frame="0" z_index="6" m_a="1.000000" m_b="0.000000" m_c="0.000000" m_d="1.000000" m_tx="0.000000" m_ty="-46.000000"/>
  </frame>
  <frame idx="225" w="71" h="121" x="0.000000" y="-46.000000">
   <element name="body" layername="body" frame="0" z_index="6" m_a="1.000000" m_b="0.000000" m_c="0.000000" m_d="1.000000" m_tx="0.000000" m_ty="-46.000000"/>
  </frame>
  <frame idx="250" w="71" h="121" x="0.000000" y="-46.000000">
   <element name="body" layername="body" frame="0" z_index="6" m_a="1.000000" m_b="0.000000" m_c="0.000000" m_d="1.000000" m_tx="0.000000" m_ty="-46.000000"/>
  </frame>
  <frame idx="275" w="71" h="121" x="0.000000" y="-46.000000">
   <element name="body" layername="body" frame="0" z_index="6" m_a="1.000000" m_b="0.000000" m_c="0.000000" m_d="1.000000" m_tx="0.000000" m_ty="-46.000000"/>
  </frame>
  <frame idx="300" w="71" h="121" x="0.000000" y="-46.000000">
   <element name="body" layername="body" frame="0" z_index="6" m_a="1.000000" m_b="0.000000" m_c="0.000000" m_d="1.000000" m_tx="0.000000" m_ty="-46.000000"/>
  </frame>
  <frame idx="325" w="71" h="121" x="0.000000" y="-46.000000">
   <element name="body" layername="body" frame="0" z_index="6" m_a="1.000000" m_b="0.000000" m_c="0.000000" m_d="1.000000" m_tx="0.000000" m_ty="-46.000000"/>
  </frame>
  <frame idx="350" w="71" h="121" x="0.000000" y="-46.000000">
   <element name="body" layername="body" frame="0" z_index="6" m_a="1.000000" m_b="0.000000" m_c="0.000000" m_d="1.000000" m_tx="0.000000" m_ty="-46.000000"/>
  </frame>
  <frame idx="375" w="71" h="121" x="0.000000" y="-46.000000">
   <element name="body" layername="body" frame="0" z_index="6" m_a="1.000000" m_b="0.000000" m_c="0.000000" m_d="1.000000" m_tx="0.000000" m_ty="-46.000000"/>
  </frame>
  <frame idx="400" w="71" h="121" x="0.000000" y="-46.000000">
   <element name="body" layername="body" frame="0" z_index="6" m_a="1.000000" m_b="0.000000" m_c="0.000000" m_d="1.000000" m_tx="0.000000" m_ty="-46.000000"/>
  </frame>
  <frame idx="425" w="71" h="121" x="0.000000" y="-46.000000">
   <element name="body" layername="body" frame="0" z_index="6" m_a="1.000000" m_b="0.000000" m_c="0.000000" m_d="1.000000" m_tx="0.000000" m_ty="-46.000000"/>
  </frame>
  <frame idx="450" w="71" h="121" x="0.000000" y="-46.000000">
   <element name="body" layername="body" frame="0" z_index="6" m_a="1.000000" m_b="0.000000" m_c="0.000000" m_d="1.000000" m_tx="0.000000" m_ty="-46.000000"/>
  </frame>
  <frame idx="475" w="71" h="121" x="0.000000" y="-46.000000">
   <element name="body" layername="body" frame="0" z_index="6" m_a="1.000000" m_b="0.000000" m_c="0.000000" m_d="1.000000" m_tx="0.000000" m_ty="-46.000000"/>
  </frame>
 </anim>
 <anim name="hit" root="warkawater" numframes="500" framerate="40">
  <frame idx="0" w="71" h="121" x="0.000000" y="-46.000000">
   <element name="body" layername="body" frame="0" z_index="6" m_a="1.000000" m_b="0.000000" m_c="0.000000" m_d="1.000000" m_tx="0.000000" m_ty="-46.000000"/>
  </frame>
  <frame idx="25" w="71" h="121" x="0.000000" y="-46.000000">
   <element name="body" layername="body" frame="0" z_index="6" m_a="1.000000" m_b="0.000000" m_c="0.000000" m_d="1.000000" m_tx="0.000000" m_ty="-46.000000"/>
  </frame>
  <frame idx="50" w="71" h="121" x="0.000000" y="-46.000000">
   <element name="body" layername="body" frame="0" z_index="6" m_a="1.000000" m_b="0.000000" m_c="0.000000" m_d="1.000000" m_tx="0.000000" m_ty="-46.000000"/>
  </frame>
  <frame idx="75" w="71" h="121" x="0.000000" y="-46.000000">
   <element name="body" layername="body" frame="0" z_index="6" m_a="1.000000" m_b="0.000000" m_c="0.000000" m_d="1.000000" m_tx="0.000000" m_ty="-46.000000"/>
  </frame>
  <frame idx="100" w="71" h="121" x="0.000000" y="-46.000000">
   <element name="body" layername="body" frame="0" z_index="6" m_a="1.000000" m_b="0.000000" m_c="0.000000" m_d="1.000000" m_tx="0.000000" m_ty="-46.000000"/>
  </frame>
  <frame idx="125" w="71" h="121" x="0.000000" y="-46.000000">
   <element name="body" layername="body" frame="0" z_index="6" m_a="1.000000" m_b="0.000000" m_c="0.000000" m_d="1.000000" m_tx="0.000000" m_ty="-46.000000"/>
  </frame>
  <frame idx="150" w="71" h="121" x="0.000000" y="-46.000000">
   <element name="body" layername="body" frame="0" z_index="6" m_a="1.000000" m_b="0.000000" m_c="0.000000" m_d="1.000000" m_tx="0.000000" m_ty="-46.000000"/>
  </frame>
  <frame idx="175" w="71" h="121" x="0.000000" y="-46.000000">
   <element name="body" layername="body" frame="0" z_index="6" m_a="1.000000" m_b="0.000000" m_c="0.000000" m_d="1.000000" m_tx="0.000000" m_ty="-46.000000"/>
  </frame>
  <frame idx="200" w="71" h="121" x="0.000000" y="-46.000000">
   <element name="body" layername="body" frame="0" z_index="6" m_a="1.000000" m_b="0.000000" m_c="0.000000" m_d="1.000000" m_tx="0.000000" m_ty="-46.000000"/>
  </frame>
  <frame idx="225" w="71" h="121" x="0.000000" y="-46.000000">
   <element name="body" layername="body" frame="0" z_index="6" m_a="1.000000" m_b="0.000000" m_c="0.000000" m_d="1.000000" m_tx="0.000000" m_ty="-46.000000"/>
  </frame>
  <frame idx="250" w="71" h="121" x="0.000000" y="-46.000000">
   <element name="body" layername="body" frame="0" z_index="6" m_a="1.000000" m_b="0.000000" m_c="0.000000" m_d="1.000000" m_tx="0.000000" m_ty="-46.000000"/>
  </frame>
  <frame idx="275" w="71" h="121" x="0.000000" y="-46.000000">
   <element name="body" layername="body" frame="0" z_index="6" m_a="1.000000" m_b="0.000000" m_c="0.000000" m_d="1.000000" m_tx="0.000000" m_ty="-46.000000"/>
  </frame>
  <frame idx="300" w="71" h="121" x="0.000000" y="-46.000000">
   <element name="body" layername="body" frame="0" z_index="6" m_a="1.000000" m_b="0.000000" m_c="0.000000" m_d="1.000000" m_tx="0.000000" m_ty="-46.000000"/>
  </frame>
  <frame idx="325" w="71" h="121" x="0.000000" y="-46.000000">
   <element name="body" layername="body" frame="0" z_index="6" m_a="1.000000" m_b="0.000000" m_c="0.000000" m_d="1.000000" m_tx="0.000000" m_ty="-46.000000"/>
  </frame>
  <frame idx="350" w="71" h="121" x="0.000000" y="-46.000000">
   <element name="body" layername="body" frame="0" z_index="6" m_a="1.000000" m_b="0.000000" m_c="0.000000" m_d="1.000000" m_tx="0.000000" m_ty="-46.000000"/>
  </frame>
  <frame idx="375" w="71" h="121" x="0.000000" y="-46.000000">
   <element name="body" layername="body" frame="0" z_index="6" m_a="1.000000" m_b="0.000000" m_c="0.000000" m_d="1.000000" m_tx="0.000000" m_ty="-46.000000"/>
  </frame>
  <frame idx="400" w="71" h="121" x="0.000000" y="-46.000000">
   <element name="body" layername="body" frame="0" z_index="6" m_a="1.000000" m_b="0.000000" m_c="0.000000" m_d="1.000000" m_tx="0.000000" m_ty="-46.000000"/>
  </frame>
  <frame idx="425" w="71" h="121" x="0.000000" y="-46.000000">
   <element name="body" layername="body" frame="0" z_index="6" m_a="1.000000" m_b="0.000000" m_c="0.000000" m_d="1.000000" m_tx="0.000000" m_ty="-46.000000"/>
  </frame>
  <frame idx="450" w="71" h="121" x="0.000000" y="-46.000000">
   <element name="body" layername="body" frame="0" z_index="6" m_a="1.000000" m_b="0.000000" m_c="0.000000" m_d="1.000000" m_tx="0.000000" m_ty="-46.000000"/>
  </frame>
  <frame idx="475" w="71" h="121" x="0.000000" y="-46.000000">
   <element name="body" layername="body" frame="0" z_index="6" m_a="1.000000" m_b="0.000000" m_c="0.000000" m_d="1.000000" m_tx="0.000000" m_ty="-46.000000"/>
  </frame>
 </anim>
 <anim name="collapse" root="warkawater" numframes="500" framerate="40">
  <frame idx="0" w="71" h="121" x="0.000000" y="-46.000000">
   <element name="body" layername="body" frame="0" z_index="6" m_a="1.000000" m_b="0.000000" m_c="0.000000" m_d="1.000000" m_tx="0.000000" m_ty="-46.000000"/>
  </frame>
  <frame idx="25" w="71" h="119" x="0.000000" y="-43.699997">
   <element name="body" layername="body" frame="0" z_index="6" m_a="1.000000" m_b="0.000000" m_c="0.000000" m_d="1.000000" m_tx="0.000000" m_ty="-43.700001"/>
  </frame>
  <frame idx="50" w="71" h="117" x="0.000000" y="-41.400002">
   <element name="body" layername="body" frame="0" z_index="6" m_a="1.000000" m_b="0.000000" m_c="0.000000" m_d="1.000000" m_tx="0.000000" m_ty="-41.400002"/>
  </frame>
  <frame idx="75" w="71" h="115" x="0.000000" y="-39.099998">
   <element name="body" layername="body" frame="0" z_index="6" m_a="1.000000" m_b="0.000000" m_c="0.000000" m_d="1.000000" m_tx="0.000000" m_ty="-39.099998"/>
  </frame>
  <frame idx="100" w="71" h="112" x="0.000000" y="-36.800003">
   <element name="body" layername="body" frame="0" z_index="6" m_a="1.000000" m_b="0.000000" m_c="0.000000" m_d="1.000000" m_tx="0.000000" m_ty="-36.799999"/>
  </frame>
  <frame idx="125" w="71" h="109" x="0.000000" y="-34.500000">
   <element name="body" layername="body" frame="0" z_index="6" m_a="1.000000" m_b="0.000000" m_c="0.000000" m_d="1.000000" m_tx="0.000000" m_ty="-34.500000"/>
  </frame>
  <frame idx="150" w="71" h="107" x="0.000000" y="-32.199997">
   <element name="body" layername="body" frame="0" z_index="6" m_a="1.000000" m_b="0.000000" m_c="0.000000" m_d="1.000000" m_tx="0.000000" m_ty="-32.200001"/>
  </frame>
  <frame idx="175" w="71" h="104" x="0.000000" y="-29.900002">
   <element name="body" layername="body" frame="0" z_index="6" m_a="1.000000" m_b="0.000000" m_c="0.000000" m_d="1.000000" m_tx="0.000000" m_ty="-29.900000"/>
  </frame>
  <frame idx="200" w="71" h="102" x="0.000000" y="-27.599998">
   <element name="body" layername="body" frame="0" z_index="6" m_a="1.000000" m_b="0.000000" m_c="0.000000" m_d="1.000000" m_tx="0.000000" m_ty="-27.600000"/>
  </frame>
  <frame idx="225" w="71" h="99" x="0.000000" y="-25.300003">
   <element name="body" layername="body" frame="0" z_index="6" m_a="1.000000" m_b="0.000000" m_c="0.000000" m_d="1.000000" m_tx="0.000000" m_ty="-25.300001"/>
  </frame>
  <frame idx="250" w="71" h="96" x="0.000000" y="-23.000000">
   <element name="body" layername="body" frame="0" z_index="6" m_a="1.000000" m_b="0.000000" m_c="0.000000" m_d="1.000000" m_tx="0.000000" m_ty="-23.000000"/>
  </frame>
  <frame idx="275" w="71" h="94" x="0.000000" y="-20.699997">
   <element name="body" layername="body" frame="0" z_index="6" m_a="1.000000" m_b="0.000000" m_c="0.000000" m_d="1.000000" m_tx="0.000000" m_ty="-20.699999"/>
  </frame>
  <frame idx="300" w="71" h="92" x="0.000000" y="-18.400002">
   <element name="body" layername="body" frame="0" z_index="6" m_a="1.000000" m_b="0.000000" m_c="0.000000" m_d="1.000000" m_tx="0.000000" m_ty="-18.400000"/>
  </frame>
  <frame idx="325" w="71" h="90" x="0.000000" y="-16.099998">
   <element name="body" layername="body" frame="0" z_index="6" m_a="1.000000" m_b="0.000000" m_c="0.000000" m_d="1.000000" m_tx="0.000000" m_ty="-16.100000"/>
  </frame>
  <frame idx="350" w="71" h="86" x="0.000000" y="-13.799999">
   <element name="body" layername="body" frame="0" z_index="6" m_a="1.000000" m_b="0.000000" m_c="0.000000" m_d="1.000000" m_tx="0.000000" m_ty="-13.799999"/>
  </frame>
  <frame idx="375" w="71" h="84" x="0.000000" y="-11.500000">
   <element name="body" layername="body" frame="0" z_index="6" m_a="1.000000" m_b="0.000000" m_c="0.000000" m_d="1.000000" m_tx="0.000000" m_ty="-11.500000"/>
  </frame>
  <frame idx="400" w="71" h="82" x="0.000000" y="-9.200001">
   <element name="body" layername="body" frame="0" z_index="6" m_a="1.000000" m_b="0.000000" m_c="0.000000" m_d="1.000000" m_tx="0.000000" m_ty="-9.200001"/>
  </frame>
  <frame idx="425" w="71" h="79" x="0.000000" y="-6.899998">
   <element name="body" layername="body" frame="0" z_index="6" m_a="1.000000" m_b="0.000000" m_c="0.000000" m_d="1.000000" m_tx="0.000000" m_ty="-6.899998"/>
  </frame>
  <frame idx="450" w="71" h="76" x="0.000000" y="-4.600002">
   <element name="body" layername="body" frame="0" z_index="6" m_a="1.000000" m_b="0.000000" m_c="0.000000" m_d="1.000000" m_tx="0.000000" m_ty="-4.600002"/>
  </frame>
  <frame idx="475" w="71" h="74" x="0.000000" y="-2.299999">
   <element name="body" layername="body" frame="0" z_index="6" m_a="1.000000" m_b="0.000000" m_c="0.000000" m_d="1.000000" m_tx="0.000000" m_ty="-2.299999"/>
  </frame>
 </anim>
 <anim name="burnt_collapse" root="warkawater" numframes="500" framerate="40">
  <frame idx="0" w="71" h="121" x="0.000000" y="-46.000000">
   <element name="body" layername="body" frame="0" z_index="6" m_a="1.000000" m_b="0.000000" m_c="0.000000" m_d="1.000000" m_tx="0.000000" m_ty="-46.000000"/>
  </frame>
  <frame idx="25" w="71" h="119" x="0.000000" y="-43.699997">
   <element name="body" layername="body" frame="0" z_index="6" m_a="1.000000" m_b="0.000000" m_c="0.000000" m_d="1.000000" m_tx="0.000000" m_ty="-43.700001"/>
  </frame>
  <frame idx="50" w="71" h="117" x="0.000000" y="-41.400002">
   <element name="body" layername="body" frame="0" z_index="6" m_a="1.000000" m_b="0.000000" m_c="0.000000" m_d="1.000000" m_tx="0.000000" m_ty="-41.400002"/>
  </frame>
  <frame idx="75" w="71" h="115" x="0.000000" y="-39.099998">
   <element name="body" layername="body" frame="0" z_index="6" m_a="1.000000" m_b="0.000000" m_c="0.000000" m_d="1.000000" m_tx="0.000000" m_ty="-39.099998"/>
  </frame>
  <frame idx="100" w="71" h="112" x="0.000000" y="-36.800003">
   <element name="body" layername="body" frame="0" z_index="6" m_a="1.000000" m_b="0.000000" m_c="0.000000" m_d="1.000000" m_tx="0.000000" m_ty="-36.799999"/>
  </frame>
  <frame idx="125" w="71" h="109" x="0.000000" y="-34.500000">
   <element name="body" layername="body" frame="0" z_index="6" m_a="1.000000" m_b="0.000000" m_c="0.000000" m_d="1.000000" m_tx="0.000000" m_ty="-34.500000"/>
  </frame>
  <frame idx="150" w="71" h="107" x="0.000000" y="-32.199997">
   <element name="body" layername="body" frame="0" z_index="6" m_a="1.000000" m_b="0.000000" m_c="0.000000" m_d="1.000000" m_tx="0.000000" m_ty="-32.200001"/>
  </frame>
  <frame idx="175" w="71" h="104" x="0.000000" y="-29.900002">
   <element name="body" layername="body" frame="0" z_index="6" m_a="1.000000" m_b="0.000000" m_c="0.000000" m_d="1.000000" m_tx="0.000000" m_ty="-29.900000"/>
  </frame>
  <frame idx="200" w="71" h="102" x="0.000000" y="-27.599998">
   <element name="body" layername="body" frame="0" z_index="6" m_a="1.000000" m_b="0.000000" m_c="0.000000" m_d="1.000000" m_tx="0.000000" m_ty="-27.600000"/>
  </frame>
  <frame idx="225" w="71" h="99" x="0.000000" y="-25.300003">
   <element name="body" layername="body" frame="0" z_index="6" m_a="1.000000" m_b="0.000000" m_c="0.000000" m_d="1.000000" m_tx="0.000000" m_ty="-25.300001"/>
  </frame>
  <frame idx="250" w="71" h="96" x="0.000000" y="-23.000000">
   <element name="body" layername="body" frame="0" z_index="6" m_a="1.000000" m_b="0.000000" m_c="0.000000" m_d="1.000000" m_tx="0.000000" m_ty="-23.000000"/>
  </frame>
  <frame idx="275" w="71" h="94" x="0.000000" y="-20.699997">
   <element name="body" layername="body" frame="0" z_index="6" m_a="1.000000" m_b="0.000000" m_c="0.000000" m_d="1.000000" m_tx="0.000000" m_ty="-20.699999"/>
  </frame>
  <frame idx="300" w="71" h="92" x="0.000000" y="-18.400002">
   <element name="body" layername="body" frame="0" z_index="6" m_a="1.000000" m_b="0.000000" m_c="0.000000" m_d="1.000000" m_tx="0.000000" m_ty="-18.400000"/>
  </frame>
  <frame idx="325" w="71" h="90" x="0.000000" y="-16.099998">
   <element name="body" layername="body" frame="0" z_index="6" m_a="1.000000" m_b="0.000000" m_c="0.000000" m_d="1.000000" m_tx="0.000000" m_ty="-16.100000"/>
  </frame>
  <frame idx="350" w="71" h="86" x="0.000000" y="-13.799999">
   <element name="body" layername="body" frame="0" z_index="6" m_a="1.000000" m_b="0.000000" m_c="0.000000" m_d="1.000000" m_tx="0.000000" m_ty="-13.799999"/>
  </frame>
  <frame idx="375" w="71" h="84" x="0.000000" y="-11.500000">
   <element name="body" layername="body" frame="0" z_index="6" m_a="1.000000" m_b="0.000000" m_c="0.000000" m_d="1.000000" m_tx="0.000000" m_ty="-11.500000"/>
  </frame>
  <frame idx="400" w="71" h="82" x="0.000000" y="-9.200001">
   <element name="body" layername="body" frame="0" z_index="6" m_a="1.000000" m_b="0.000000" m_c="0.000000" m_d="1.000000" m_tx="0.000000" m_ty="-9.200001"/>
  </frame>
  <frame idx="425" w="71" h="79" x="0.000000" y="-6.899998">
   <element name="body" layername="body" frame="0" z_index="6" m_a="1.000000" m_b="0.000000" m_c="0.000000" m_d="1.000000" m_tx="0.000000" m_ty="-6.899998"/>
  </frame>
  <frame idx="450" w="71" h="76" x="0.000000" y="-4.600002">
   <element name="body" layername="body" frame="0" z_index="6" m_a="1.000000" m_b="0.000000" m_c="0.000000" m_d="1.000000" m_tx="0.000000" m_ty="-4.600002"/>
  </frame>
  <frame idx="475" w="71" h="74" x="0.000000" y="-2.299999">
   <element name="body" layername="body" frame="0" z_index="6" m_a="1.000000" m_b="0.000000" m_c="0.000000" m_d="1.000000" m_tx="0.000000" m_ty="-2.299999"/>
  </frame>
 </anim>
 <anim name="idle_ground" root="warkawater" numframes="500" framerate="40">
  <frame idx="0" w="71" h="71" x="0.000000" y="0.000000">
   <element name="body" layername="body" frame="0" z_index="6" m_a="1.000000" m_b="0.000000" m_c="0.000000" m_d="1.000000" m_tx="0.000000" m_ty="0.000000"/>
  </frame>
  <frame idx="25" w="71" h="71" x="0.000000" y="0.000000">
   <element name="body" layername="body" frame="0" z_index="6" m_a="1.000000" m_b="0.000000" m_c="0.000000" m_d="1.000000" m_tx="0.000000" m_ty="0.000000"/>
  </frame>
  <frame idx="50" w="71" h="71" x="0.000000" y="0.000000">
   <element name="body" layername="body" frame="0" z_index="6" m_a="1.000000" m_b="0.000000" m_c="0.000000" m_d="1.000000" m_tx="0.000000" m_ty="0.000000"/>
  </frame>
  <frame idx="75" w="71" h="71" x="0.000000" y="0.000000">
   <element name="body" layername="body" frame="0" z_index="6" m_a="1.000000" m_b="0.000000" m_c="0.000000" m_d="1.000000" m_tx="0.000000" m_ty="0.000000"/>
  </frame>
  <frame idx="100" w="71" h="71" x="0.000000" y="0.000000">
   <element name="body" layername="body" frame="0" z_index="6" m_a="1.000000" m_b="0.000000" m_c="0.000000" m_d="1.000000" m_tx="0.000000" m_ty="0.000000"/>
  </frame>
  <frame idx="125" w="71" h="71" x="0.000000" y="0.000000">
   <element name="body" layername="body" frame="0" z_index="6" m_a="1.000000" m_b="0.000000" m_c="0.000000" m_d="1.000000" m_tx="0.000000" m_ty="0.000000"/>
  </frame>
  <frame idx="150" w="71" h="71" x="0.000000" y="0.000000">
   <element name="body" layername="body" frame="0" z_index="6" m_a="1.000000" m_b="0.000000" m_c="0.000000" m_d="1.000000" m_tx="0.000000" m_ty="0.000000"/>
  </frame>
  <frame idx="175" w="71" h="71" x="0.000000" y="0.000000">
   <element name="body" layername="body" frame="0" z_index="6" m_a="1.000000" m_b="0.000000" m_c="0.000000" m_d="1.000000" m_tx="0.000000" m_ty="0.000000"/>
  </frame>
  <frame idx="200" w="71" h="71" x="0.000000" y="0.000000">
   <element name="body" layername="body" frame="0" z_index="6" m_a="1.000000" m_b="0.000000" m_c="0.000000" m_d="1.000000" m_tx="0.000000" m_ty="0.000000"/>
  </frame>
  <frame idx="225" w="71" h="71" x="0.000000" y="0.000000">
   <element name="body" layername="body" frame="0" z_index="6" m_a="1.000000" m_b="0.000000" m_c="0.000000" m_d="1.000000" m_tx="0.000000" m_ty="0.000000"/>
  </frame>
  <frame idx="250" w="71" h="71" x="0.000000" y="0.000000">
   <element name="body" layername="body" frame="0" z_index="6" m_a="1.000000" m_b="0.000000" m_c="0.000000" m_d="1.000000" m_tx="0.000000" m_ty="0.000000"/>
  </frame>
  <frame idx="275" w="71" h="71" x="0.000000" y="0.000000">
   <element name="body" layername="body" frame="0" z_index="6" m_a="1.000000" m_b="0.000000" m_c="0.000000" m_d="1.000000" m_tx="0.000000" m_ty="0.000000"/>
  </frame>
  <frame idx="300" w="71" h="71" x="0.000000" y="0.000000">
   <element name="body" layername="body" frame="0" z_index="6" m_a="1.000000" m_b="0.000000" m_c="0.000000" m_d="1.000000" m_tx="0.000000" m_ty="0.000000"/>
  </frame>
  <frame idx="325" w="71" h="71" x="0.000000" y="0.000000">
   <element name="body" layername="body" frame="0" z_index="6" m_a="1.000000" m_b="0.000000" m_c="0.000000" m_d="1.000000" m_tx="0.000000" m_ty="0.000000"/>
  </frame>
  <frame idx="350" w="71" h="71" x="0.000000" y="0.000000">
   <element name="body" layername="body" frame="0" z_index="6" m_a="1.000000" m_b="0.000000" m_c="0.000000" m_d="1.000000" m_tx="0.000000" m_ty="0.000000"/>
  </frame>
  <frame idx="375" w="71" h="71" x="0.000000" y="0.000000">
   <element name="body" layername="body" frame="0" z_index="6" m_a="1.000000" m_b="0.000000" m_c="0.000000" m_d="1.000000" m_tx="0.000000" m_ty="0.000000"/>
  </frame>
  <frame idx="400" w="71" h="71" x="0.000000" y="0.000000">
   <element name="body" layername="body" frame="0" z_index="6" m_a="1.000000" m_b="0.000000" m_c="0.000000" m_d="1.000000" m_tx="0.000000" m_ty="0.000000"/>
  </frame>
  <frame idx="425" w="71" h="71" x="0.000000" y="0.000000">
   <element name="body" layername="body" frame="0" z_index="6" m_a="1.000000" m_b="0.000000" m_c="0.000000" m_d="1.000000" m_tx="0.000000" m_ty="0.000000"/>
  </frame>
  <frame idx="450" w="71" h="71" x="0.000000" y="0.000000">
   <element name="body" layername="body" frame="0" z_index="6" m_a="1.000000" m_b="0.000000" m_c="0.000000" m_d="1.000000" m_tx="0.000000" m_ty="0.000000"/>
  </frame>
  <frame idx="475" w="71" h="71" x="0.000000" y="0.000000">
   <element name="body" layername="body" frame="0" z_index="6" m_a="1.000000" m_b="0.000000" m_c="0.000000" m_d="1.000000" m_tx="0.000000" m_ty="0.000000"/>
  </frame>
 </anim>
</Anims>
