<Anims>
 <anim name="0" root="brewery_meter_dirty" numframes="25" framerate="40">
  <frame idx="0" w="220" h="289" x="-49.968689" y="-215.038467">
   <element name="dirty/0" layername="0" frame="0" z_index="42" m_a="0.745890" m_b="0.000000" m_c="0.000000" m_d="1.000000" m_tx="-24.557690" m_ty="-215.038467"/>
  </frame>
 </anim>
 <anim name="1" root="brewery_meter_dirty" numframes="25" framerate="40">
  <frame idx="0" w="220" h="289" x="-49.968689" y="-215.038467">
   <element name="dirty/1" layername="1" frame="0" z_index="42" m_a="0.745890" m_b="0.000000" m_c="0.000000" m_d="1.000000" m_tx="-24.557690" m_ty="-215.038467"/>
  </frame>
 </anim>
 <anim name="2" root="brewery_meter_dirty" numframes="25" framerate="40">
  <frame idx="0" w="220" h="289" x="-49.968689" y="-215.038467">
   <element name="dirty/2" layername="2" frame="0" z_index="42" m_a="0.745890" m_b="0.000000" m_c="0.000000" m_d="1.000000" m_tx="-24.557690" m_ty="-215.038467"/>
  </frame>
 </anim>
 <anim name="3" root="brewery_meter_dirty" numframes="25" framerate="40">
  <frame idx="0" w="220" h="289" x="-49.968689" y="-215.038467">
   <element name="dirty/3" layername="3" frame="0" z_index="42" m_a="0.745890" m_b="0.000000" m_c="0.000000" m_d="1.000000" m_tx="-24.557690" m_ty="-215.038467"/>
  </frame>
 </anim>
 <anim name="4" root="brewery_meter_dirty" numframes="25" framerate="40">
  <frame idx="0" w="220" h="289" x="-49.968689" y="-215.038467">
   <element name="dirty/4" layername="4" frame="0" z_index="42" m_a="0.745890" m_b="0.000000" m_c="0.000000" m_d="1.000000" m_tx="-24.557690" m_ty="-215.038467"/>
  </frame>
 </anim>
 <anim name="5" root="brewery_meter_dirty" numframes="25" framerate="40">
  <frame idx="0" w="220" h="289" x="-49.968689" y="-215.038467">
   <element name="dirty/5" layername="5" frame="0" z_index="42" m_a="0.745890" m_b="0.000000" m_c="0.000000" m_d="1.000000" m_tx="-24.557690" m_ty="-215.038467"/>
  </frame>
 </anim>
 <anim name="6" root="brewery_meter_dirty" numframes="25" framerate="40">
  <frame idx="0" w="220" h="289" x="-49.968689" y="-215.038467">
   <element name="dirty/6" layername="6" frame="0" z_index="42" m_a="0.745890" m_b="0.000000" m_c="0.000000" m_d="1.000000" m_tx="-24.557690" m_ty="-215.038467"/>
  </frame>
 </anim>
 <anim name="7" root="brewery_meter_dirty" numframes="25" framerate="40">
  <frame idx="0" w="220" h="289" x="-49.968689" y="-215.038467">
   <element name="dirty/7" layername="7" frame="0" z_index="42" m_a="0.745890" m_b="0.000000" m_c="0.000000" m_d="1.000000" m_tx="-24.557690" m_ty="-215.038467"/>
  </frame>
 </anim>
 <anim name="8" root="brewery_meter_dirty" numframes="25" framerate="40">
  <frame idx="0" w="220" h="289" x="-49.968689" y="-215.038467">
   <element name="dirty/8" layername="8" frame="0" z_index="42" m_a="0.745890" m_b="0.000000" m_c="0.000000" m_d="1.000000" m_tx="-24.557690" m_ty="-215.038467"/>
  </frame>
 </anim>
 <anim name="9" root="brewery_meter_dirty" numframes="25" framerate="40">
  <frame idx="0" w="220" h="289" x="-49.968689" y="-215.038467">
   <element name="dirty/9" layername="9" frame="0" z_index="42" m_a="0.745890" m_b="0.000000" m_c="0.000000" m_d="1.000000" m_tx="-24.557690" m_ty="-215.038467"/>
  </frame>
 </anim>
 <anim name="10" root="brewery_meter_dirty" numframes="25" framerate="40">
  <frame idx="0" w="220" h="289" x="-49.968689" y="-215.038467">
   <element name="dirty/10" layername="" frame="0" z_index="42" m_a="0.745890" m_b="0.000000" m_c="0.000000" m_d="1.000000" m_tx="-24.557690" m_ty="-215.038467"/>
  </frame>
 </anim>
 <anim name="11" root="brewery_meter_dirty" numframes="25" framerate="40">
  <frame idx="0" w="220" h="289" x="-49.968689" y="-215.038467">
   <element name="dirty/11" layername="11" frame="0" z_index="42" m_a="0.745890" m_b="0.000000" m_c="0.000000" m_d="1.000000" m_tx="-24.557690" m_ty="-215.038467"/>
  </frame>
 </anim>
 <anim name="12" root="brewery_meter_dirty" numframes="25" framerate="40">
  <frame idx="0" w="220" h="289" x="-49.968689" y="-215.038467">
   <element name="dirty/12" layername="12" frame="0" z_index="42" m_a="0.745890" m_b="0.000000" m_c="0.000000" m_d="1.000000" m_tx="-24.557690" m_ty="-215.038467"/>
  </frame>
 </anim>
 <anim name="13" root="brewery_meter_dirty" numframes="25" framerate="40">
  <frame idx="0" w="220" h="289" x="-49.968689" y="-215.038467">
   <element name="dirty" layername="13" frame="0" z_index="42" m_a="0.745890" m_b="0.000000" m_c="0.000000" m_d="1.000000" m_tx="-24.557690" m_ty="-215.038467"/>
  </frame>
 </anim>
 <anim name="14" root="brewery_meter_dirty" numframes="25" framerate="40">
  <frame idx="0" w="220" h="289" x="-49.968689" y="-215.038467">
   <element name="dirty" layername="14" frame="1" z_index="42" m_a="0.745890" m_b="0.000000" m_c="0.000000" m_d="1.000000" m_tx="-24.557690" m_ty="-215.038467"/>
  </frame>
 </anim>
 <anim name="15" root="brewery_meter_dirty" numframes="25" framerate="40">
  <frame idx="0" w="220" h="289" x="-49.968689" y="-215.038467">
   <element name="dirty" layername="15" frame="2" z_index="42" m_a="0.745890" m_b="0.000000" m_c="0.000000" m_d="1.000000" m_tx="-24.557690" m_ty="-215.038467"/>
  </frame>
 </anim>
 <anim name="16" root="brewery_meter_dirty" numframes="25" framerate="40">
  <frame idx="0" w="220" h="289" x="-49.968689" y="-215.038467">
   <element name="dirty" layername="16" frame="3" z_index="42" m_a="0.745890" m_b="0.000000" m_c="0.000000" m_d="1.000000" m_tx="-24.557690" m_ty="-215.038467"/>
  </frame>
 </anim>
 <anim name="17" root="brewery_meter_dirty" numframes="25" framerate="40">
  <frame idx="0" w="220" h="289" x="-49.968689" y="-215.038467">
   <element name="dirty" layername="17" frame="4" z_index="42" m_a="0.745890" m_b="0.000000" m_c="0.000000" m_d="1.000000" m_tx="-24.557690" m_ty="-215.038467"/>
  </frame>
 </anim>
 <anim name="18" root="brewery_meter_dirty" numframes="25" framerate="40">
  <frame idx="0" w="220" h="289" x="-49.968689" y="-215.038467">
   <element name="dirty" layername="18" frame="5" z_index="42" m_a="0.745890" m_b="0.000000" m_c="0.000000" m_d="1.000000" m_tx="-24.557690" m_ty="-215.038467"/>
  </frame>
 </anim>
 <anim name="19" root="brewery_meter_dirty" numframes="25" framerate="40">
  <frame idx="0" w="220" h="289" x="-49.968689" y="-215.038467">
   <element name="dirty" layername="19" frame="6" z_index="42" m_a="0.745890" m_b="0.000000" m_c="0.000000" m_d="1.000000" m_tx="-24.557690" m_ty="-215.038467"/>
  </frame>
 </anim>
 <anim name="20" root="brewery_meter_dirty" numframes="25" framerate="40">
  <frame idx="0" w="220" h="289" x="-49.968689" y="-215.038467">
   <element name="dirty" layername="" frame="7" z_index="42" m_a="0.745890" m_b="0.000000" m_c="0.000000" m_d="1.000000" m_tx="-24.557690" m_ty="-215.038467"/>
  </frame>
 </anim>
 <anim name="0" root="brewery_meter_water" numframes="25" framerate="40">
  <frame idx="0" w="220" h="289" x="-49.969093" y="-215.038467">
   <element name="water/0" layername="0" frame="0" z_index="42" m_a="0.745886" m_b="0.000000" m_c="0.000000" m_d="1.000000" m_tx="-24.557692" m_ty="-215.038467"/>
  </frame>
 </anim>
 <anim name="1" root="brewery_meter_water" numframes="25" framerate="40">
  <frame idx="0" w="220" h="289" x="-49.968689" y="-215.038467">
   <element name="water/1" layername="1" frame="0" z_index="42" m_a="0.745890" m_b="0.000000" m_c="0.000000" m_d="1.000000" m_tx="-24.557690" m_ty="-215.038467"/>
  </frame>
 </anim>
 <anim name="2" root="brewery_meter_water" numframes="25" framerate="40">
  <frame idx="0" w="220" h="289" x="-49.968689" y="-215.038467">
   <element name="water/2" layername="2" frame="0" z_index="42" m_a="0.745890" m_b="0.000000" m_c="0.000000" m_d="1.000000" m_tx="-24.557690" m_ty="-215.038467"/>
  </frame>
 </anim>
 <anim name="3" root="brewery_meter_water" numframes="25" framerate="40">
  <frame idx="0" w="220" h="289" x="-49.968689" y="-215.038467">
   <element name="water/3" layername="3" frame="0" z_index="42" m_a="0.745890" m_b="0.000000" m_c="0.000000" m_d="1.000000" m_tx="-24.557690" m_ty="-215.038467"/>
  </frame>
 </anim>
 <anim name="4" root="brewery_meter_water" numframes="25" framerate="40">
  <frame idx="0" w="220" h="289" x="-49.968689" y="-215.038467">
   <element name="water/4" layername="4" frame="0" z_index="42" m_a="0.745890" m_b="0.000000" m_c="0.000000" m_d="1.000000" m_tx="-24.557690" m_ty="-215.038467"/>
  </frame>
 </anim>
 <anim name="5" root="brewery_meter_water" numframes="25" framerate="40">
  <frame idx="0" w="220" h="289" x="-49.968689" y="-215.038467">
   <element name="water/5" layername="5" frame="0" z_index="42" m_a="0.745890" m_b="0.000000" m_c="0.000000" m_d="1.000000" m_tx="-24.557690" m_ty="-215.038467"/>
  </frame>
 </anim>
 <anim name="6" root="brewery_meter_water" numframes="25" framerate="40">
  <frame idx="0" w="220" h="289" x="-49.968689" y="-215.038467">
   <element name="water/6" layername="6" frame="0" z_index="42" m_a="0.745890" m_b="0.000000" m_c="0.000000" m_d="1.000000" m_tx="-24.557690" m_ty="-215.038467"/>
  </frame>
 </anim>
 <anim name="7" root="brewery_meter_water" numframes="25" framerate="40">
  <frame idx="0" w="220" h="289" x="-49.968689" y="-215.038467">
   <element name="water/7" layername="7" frame="0" z_index="42" m_a="0.745890" m_b="0.000000" m_c="0.000000" m_d="1.000000" m_tx="-24.557690" m_ty="-215.038467"/>
  </frame>
 </anim>
 <anim name="8" root="brewery_meter_water" numframes="25" framerate="40">
  <frame idx="0" w="220" h="289" x="-49.968689" y="-215.038467">
   <element name="water/8" layername="8" frame="0" z_index="42" m_a="0.745890" m_b="0.000000" m_c="0.000000" m_d="1.000000" m_tx="-24.557690" m_ty="-215.038467"/>
  </frame>
 </anim>
 <anim name="9" root="brewery_meter_water" numframes="25" framerate="40">
  <frame idx="0" w="220" h="289" x="-49.968689" y="-215.038467">
   <element name="water/9" layername="9" frame="0" z_index="42" m_a="0.745890" m_b="0.000000" m_c="0.000000" m_d="1.000000" m_tx="-24.557690" m_ty="-215.038467"/>
  </frame>
 </anim>
 <anim name="10" root="brewery_meter_water" numframes="25" framerate="40">
  <frame idx="0" w="220" h="289" x="-49.968689" y="-215.038467">
   <element name="water/10" layername="" frame="0" z_index="42" m_a="0.745890" m_b="0.000000" m_c="0.000000" m_d="1.000000" m_tx="-24.557690" m_ty="-215.038467"/>
  </frame>
 </anim>
 <anim name="11" root="brewery_meter_water" numframes="25" framerate="40">
  <frame idx="0" w="220" h="289" x="-49.968689" y="-215.038467">
   <element name="water/11" layername="11" frame="0" z_index="42" m_a="0.745890" m_b="0.000000" m_c="0.000000" m_d="1.000000" m_tx="-24.557690" m_ty="-215.038467"/>
  </frame>
 </anim>
 <anim name="12" root="brewery_meter_water" numframes="25" framerate="40">
  <frame idx="0" w="220" h="289" x="-49.968689" y="-215.038467">
   <element name="water/12" layername="12" frame="0" z_index="42" m_a="0.745890" m_b="0.000000" m_c="0.000000" m_d="1.000000" m_tx="-24.557690" m_ty="-215.038467"/>
  </frame>
 </anim>
 <anim name="13" root="brewery_meter_water" numframes="25" framerate="40">
  <frame idx="0" w="220" h="289" x="-49.968689" y="-215.038467">
   <element name="water/13" layername="13" frame="0" z_index="42" m_a="0.745890" m_b="0.000000" m_c="0.000000" m_d="1.000000" m_tx="-24.557690" m_ty="-215.038467"/>
  </frame>
 </anim>
 <anim name="14" root="brewery_meter_water" numframes="25" framerate="40">
  <frame idx="0" w="220" h="289" x="-49.968689" y="-215.038467">
   <element name="water/14" layername="14" frame="0" z_index="42" m_a="0.745890" m_b="0.000000" m_c="0.000000" m_d="1.000000" m_tx="-24.557690" m_ty="-215.038467"/>
  </frame>
 </anim>
 <anim name="15" root="brewery_meter_water" numframes="25" framerate="40">
  <frame idx="0" w="220" h="289" x="-49.968689" y="-215.038467">
   <element name="water/14" layername="15" frame="0" z_index="42" m_a="0.745890" m_b="0.000000" m_c="0.000000" m_d="1.000000" m_tx="-24.557690" m_ty="-215.038467"/>
  </frame>
 </anim>
 <anim name="16" root="brewery_meter_water" numframes="25" framerate="40">
  <frame idx="0" w="220" h="289" x="-49.968689" y="-215.038467">
   <element name="water/16" layername="16" frame="0" z_index="42" m_a="0.745890" m_b="0.000000" m_c="0.000000" m_d="1.000000" m_tx="-24.557690" m_ty="-215.038467"/>
  </frame>
 </anim>
 <anim name="17" root="brewery_meter_water" numframes="25" framerate="40">
  <frame idx="0" w="220" h="289" x="-49.968689" y="-215.038467">
   <element name="water/17" layername="17" frame="0" z_index="42" m_a="0.745890" m_b="0.000000" m_c="0.000000" m_d="1.000000" m_tx="-24.557690" m_ty="-215.038467"/>
  </frame>
 </anim>
 <anim name="18" root="brewery_meter_water" numframes="25" framerate="40">
  <frame idx="0" w="220" h="289" x="-49.968689" y="-215.038467">
   <element name="water/18" layername="18" frame="0" z_index="42" m_a="0.745890" m_b="0.000000" m_c="0.000000" m_d="1.000000" m_tx="-24.557690" m_ty="-215.038467"/>
  </frame>
 </anim>
 <anim name="19" root="brewery_meter_water" numframes="25" framerate="40">
  <frame idx="0" w="220" h="289" x="-49.968689" y="-215.038467">
   <element name="water/19" layername="19" frame="0" z_index="42" m_a="0.745890" m_b="0.000000" m_c="0.000000" m_d="1.000000" m_tx="-24.557690" m_ty="-215.038467"/>
  </frame>
 </anim>
 <anim name="20" root="brewery_meter_water" numframes="25" framerate="40">
  <frame idx="0" w="220" h="289" x="-49.968689" y="-215.038467">
   <element name="water/20" layername="" frame="0" z_index="42" m_a="0.745890" m_b="0.000000" m_c="0.000000" m_d="1.000000" m_tx="-24.557690" m_ty="-215.038467"/>
  </frame>
 </anim>
</Anims>
