<Anims>
 <anim name="idle" root="waterbarrel" numframes="100" framerate="40">
  <frame idx="0" w="359" h="580" x="-8.048904" y="-113.868317">
   <element name="shadows" layername="shadows" frame="0" z_index="11" m_a="1.115899" m_b="0.000000" m_c="0.000000" m_d="1.103203" m_tx="-18.917112" m_ty="34.720146"/>
   <element name="barrel" layername="barrel" frame="0" z_index="10" m_a="0.894840" m_b="0.000000" m_c="0.000000" m_d="0.894840" m_tx="-4.552938" m_ty="-120.364243"/>
   <element name="swap" layername="barrel_swap" frame="0" z_index="9" m_a="1.000000" m_b="0.000000" m_c="0.000000" m_d="0.740530" m_tx="71.255234" m_ty="-113.969543"/>
  </frame>
  <frame idx="25" w="359" h="580" x="-8.048904" y="-113.868317">
   <element name="shadows" layername="shadows" frame="0" z_index="11" m_a="1.115899" m_b="0.000000" m_c="0.000000" m_d="1.103203" m_tx="-18.917112" m_ty="34.720146"/>
   <element name="barrel" layername="barrel" frame="0" z_index="10" m_a="0.894840" m_b="0.000000" m_c="0.000000" m_d="0.894840" m_tx="-4.552938" m_ty="-120.364243"/>
   <element name="swap" layername="barrel_swap" frame="0" z_index="9" m_a="1.000000" m_b="0.000000" m_c="0.000000" m_d="0.740530" m_tx="71.255234" m_ty="-113.969543"/>
  </frame>
  <frame idx="50" w="359" h="580" x="-8.048904" y="-113.868317">
   <element name="shadows" layername="shadows" frame="0" z_index="11" m_a="1.115899" m_b="0.000000" m_c="0.000000" m_d="1.103203" m_tx="-18.917112" m_ty="34.720146"/>
   <element name="barrel" layername="barrel" frame="0" z_index="10" m_a="0.894840" m_b="0.000000" m_c="0.000000" m_d="0.894840" m_tx="-4.552938" m_ty="-120.364243"/>
   <element name="swap" layername="barrel_swap" frame="0" z_index="9" m_a="1.000000" m_b="0.000000" m_c="0.000000" m_d="0.740530" m_tx="71.255234" m_ty="-113.969543"/>
  </frame>
  <frame idx="75" w="359" h="580" x="-8.048904" y="-113.868317">
   <element name="shadows" layername="shadows" frame="0" z_index="11" m_a="1.115899" m_b="0.000000" m_c="0.000000" m_d="1.103203" m_tx="-18.917112" m_ty="34.720146"/>
   <element name="barrel" layername="barrel" frame="0" z_index="10" m_a="0.894840" m_b="0.000000" m_c="0.000000" m_d="0.894840" m_tx="-4.552938" m_ty="-120.364243"/>
   <element name="swap" layername="barrel_swap" frame="0" z_index="9" m_a="1.000000" m_b="0.000000" m_c="0.000000" m_d="0.740530" m_tx="71.255234" m_ty="-113.969543"/>
  </frame>
 </anim>
 <anim name="burnt" root="waterbarrel" numframes="100" framerate="40">
  <frame idx="0" w="359" h="580" x="-8.048981" y="-113.868317">
   <element name="shadows" layername="shadows" frame="0" z_index="11" m_a="1.115899" m_b="0.000000" m_c="0.000000" m_d="1.103203" m_tx="-18.917246" m_ty="34.720119"/>
   <element name="barrel" layername="barrel" frame="1" z_index="10" m_a="0.894840" m_b="0.000000" m_c="0.000000" m_d="0.894840" m_tx="-4.552940" m_ty="-120.364243"/>
  </frame>
  <frame idx="25" w="359" h="580" x="-8.048981" y="-113.868317">
   <element name="shadows" layername="shadows" frame="0" z_index="11" m_a="1.115899" m_b="0.000000" m_c="0.000000" m_d="1.103203" m_tx="-18.917246" m_ty="34.720119"/>
   <element name="barrel" layername="barrel" frame="1" z_index="10" m_a="0.894840" m_b="0.000000" m_c="0.000000" m_d="0.894840" m_tx="-4.552940" m_ty="-120.364243"/>
  </frame>
  <frame idx="50" w="359" h="580" x="-8.048981" y="-113.868317">
   <element name="shadows" layername="shadows" frame="0" z_index="11" m_a="1.115899" m_b="0.000000" m_c="0.000000" m_d="1.103203" m_tx="-18.917246" m_ty="34.720119"/>
   <element name="barrel" layername="barrel" frame="1" z_index="10" m_a="0.894840" m_b="0.000000" m_c="0.000000" m_d="0.894840" m_tx="-4.552940" m_ty="-120.364243"/>
  </frame>
  <frame idx="75" w="359" h="580" x="-8.048981" y="-113.868317">
   <element name="shadows" layername="shadows" frame="0" z_index="11" m_a="1.115899" m_b="0.000000" m_c="0.000000" m_d="1.103203" m_tx="-18.917246" m_ty="34.720119"/>
   <element name="barrel" layername="barrel" frame="1" z_index="10" m_a="0.894840" m_b="0.000000" m_c="0.000000" m_d="0.894840" m_tx="-4.552940" m_ty="-120.364243"/>
  </frame>
 </anim>
 <anim name="hit_idle" root="waterbarrel" numframes="300" framerate="40">
  <frame idx="0" w="359" h="580" x="-8.048904" y="-113.868317">
   <element name="shadows" layername="shadows" frame="0" z_index="11" m_a="1.115899" m_b="0.000000" m_c="0.000000" m_d="1.103203" m_tx="-18.917112" m_ty="34.720146"/>
   <element name="barrel" layername="barrel" frame="0" z_index="10" m_a="0.894840" m_b="0.000000" m_c="0.000000" m_d="0.894840" m_tx="-4.552938" m_ty="-120.364243"/>
   <element name="swap" layername="barrel_swap" frame="0" z_index="9" m_a="1.000000" m_b="0.000000" m_c="0.000000" m_d="0.740530" m_tx="71.255234" m_ty="-113.969543"/>
  </frame>
  <frame idx="25" w="396" h="536" x="14.813507" y="-100.320557">
   <element name="shadows" layername="shadows" frame="0" z_index="11" m_a="1.115899" m_b="0.000000" m_c="0.000000" m_d="1.103203" m_tx="-18.917112" m_ty="34.720146"/>
   <element name="barrel" layername="barrel" frame="0" z_index="10" m_a="1.124684" m_b="-0.039161" m_c="0.024107" m_d="0.692335" m_tx="-10.206646" m_ty="-80.580643"/>
   <element name="swap" layername="barrel_swap" frame="0" z_index="9" m_a="1.256897" m_b="-0.042515" m_c="0.019381" m_d="0.572966" m_tx="86.562271" m_ty="-79.375122"/>
  </frame>
  <frame idx="50" w="443" h="500" x="50.888321" y="-89.315277">
   <element name="shadows" layername="shadows" frame="0" z_index="11" m_a="1.115899" m_b="0.000000" m_c="0.000000" m_d="1.103203" m_tx="-18.917112" m_ty="34.720146"/>
   <element name="barrel" layername="barrel" frame="0" z_index="10" m_a="1.352607" m_b="-0.094308" m_c="0.034128" m_d="0.489482" m_tx="-13.059717" m_ty="-40.702259"/>
   <element name="swap" layername="barrel_swap" frame="0" z_index="9" m_a="1.511769" m_b="-0.102389" m_c="0.027438" m_d="0.405129" m_tx="101.869308" m_ty="-44.780693"/>
  </frame>
  <frame idx="75" w="371" h="537" x="-7.310486" y="-100.744202">
   <element name="shadows" layername="shadows" frame="0" z_index="11" m_a="1.115899" m_b="0.000000" m_c="0.000000" m_d="1.103203" m_tx="-18.917112" m_ty="34.720146"/>
   <element name="barrel" layername="barrel" frame="0" z_index="10" m_a="0.987117" m_b="0.029589" m_c="-0.022770" m_d="0.759634" m_tx="-0.669486" m_ty="-94.116028"/>
   <element name="swap" layername="barrel_swap" frame="0" z_index="9" m_a="1.102799" m_b="0.042482" m_c="-0.024209" m_d="0.628456" m_tx="88.605537" m_ty="-87.579575"/>
  </frame>
  <frame idx="100" w="402" h="622" x="-21.205917" y="-126.485901">
   <element name="shadows" layername="shadows" frame="0" z_index="11" m_a="1.115899" m_b="0.000000" m_c="0.000000" m_d="1.103203" m_tx="-18.917112" m_ty="34.720146"/>
   <element name="barrel" layername="barrel" frame="0" z_index="10" m_a="0.614042" m_b="0.079992" m_c="-0.132963" m_d="1.020657" m_tx="22.318121" m_ty="-145.599426"/>
   <element name="swap" layername="barrel_swap" frame="0" z_index="9" m_a="0.684776" m_b="0.099736" m_c="-0.122765" m_d="0.842894" m_tx="75.341766" m_ty="-130.378448"/>
  </frame>
  <frame idx="125" w="368" h="602" x="-10.837570" y="-120.548676">
   <element name="shadows" layername="shadows" frame="0" z_index="11" m_a="1.115899" m_b="0.000000" m_c="0.000000" m_d="1.103203" m_tx="-18.917112" m_ty="34.720146"/>
   <element name="barrel" layername="barrel" frame="0" z_index="10" m_a="0.756695" m_b="0.022682" m_c="-0.028825" m_d="0.961629" m_tx="1.399724" m_ty="-133.724976"/>
   <element name="swap" layername="barrel_swap" frame="0" z_index="9" m_a="0.845374" m_b="0.032566" m_c="-0.030647" m_d="0.795568" m_tx="66.798500" m_ty="-124.673996"/>
  </frame>
  <frame idx="150" w="379" h="613" x="-14.228241" y="-123.686493">
   <element name="shadows" layername="shadows" frame="0" z_index="11" m_a="1.115899" m_b="0.000000" m_c="0.000000" m_d="1.103203" m_tx="-18.917112" m_ty="34.720146"/>
   <element name="barrel" layername="barrel" frame="0" z_index="10" m_a="0.892673" m_b="-0.062240" m_c="0.062240" m_d="0.892673" m_tx="-16.911596" m_ty="-119.834793"/>
   <element name="swap" layername="barrel_swap" frame="0" z_index="9" m_a="0.997714" m_b="-0.067573" m_c="0.050040" m_d="0.738837" m_tx="58.255230" m_ty="-118.969543"/>
  </frame>
  <frame idx="175" w="368" h="580" x="-10.748169" y="-113.849731">
   <element name="shadows" layername="shadows" frame="0" z_index="11" m_a="1.115899" m_b="0.000000" m_c="0.000000" m_d="1.103203" m_tx="-18.917112" m_ty="34.720146"/>
   <element name="barrel" layername="barrel" frame="0" z_index="10" m_a="0.894438" m_b="0.026811" m_c="-0.026811" m_d="0.894438" m_tx="0.772811" m_ty="-120.327103"/>
   <element name="swap" layername="barrel_swap" frame="0" z_index="9" m_a="0.999259" m_b="0.038493" m_c="-0.028506" m_d="0.739981" m_tx="76.955231" m_ty="-110.369537"/>
  </frame>
  <frame idx="200" w="396" h="578" x="-19.682327" y="-113.215668">
   <element name="shadows" layername="shadows" frame="0" z_index="11" m_a="1.115899" m_b="0.000000" m_c="0.000000" m_d="1.103203" m_tx="-18.917112" m_ty="34.720146"/>
   <element name="barrel" layername="barrel" frame="0" z_index="10" m_a="0.887342" m_b="0.115596" m_c="-0.115596" m_d="0.887342" m_tx="18.418491" m_ty="-119.058945"/>
   <element name="swap" layername="barrel_swap" frame="0" z_index="9" m_a="0.989559" m_b="0.144127" m_c="-0.106730" m_d="0.732798" m_tx="95.655228" m_ty="-101.769539"/>
  </frame>
  <frame idx="225" w="368" h="580" x="-10.748199" y="-113.849731">
   <element name="shadows" layername="shadows" frame="0" z_index="11" m_a="1.115899" m_b="0.000000" m_c="0.000000" m_d="1.103203" m_tx="-18.917112" m_ty="34.720146"/>
   <element name="barrel" layername="barrel" frame="0" z_index="10" m_a="0.894438" m_b="0.026811" m_c="-0.026811" m_d="0.894438" m_tx="0.772865" m_ty="-120.327103"/>
   <element name="swap" layername="barrel_swap" frame="0" z_index="9" m_a="0.999259" m_b="0.038493" m_c="-0.028506" m_d="0.739981" m_tx="76.955231" m_ty="-110.369537"/>
  </frame>
  <frame idx="250" w="379" h="613" x="-14.228241" y="-123.686493">
   <element name="shadows" layername="shadows" frame="0" z_index="11" m_a="1.115899" m_b="0.000000" m_c="0.000000" m_d="1.103203" m_tx="-18.917112" m_ty="34.720146"/>
   <element name="barrel" layername="barrel" frame="0" z_index="10" m_a="0.892673" m_b="-0.062240" m_c="0.062240" m_d="0.892673" m_tx="-16.911596" m_ty="-119.834793"/>
   <element name="swap" layername="barrel_swap" frame="0" z_index="9" m_a="0.997714" m_b="-0.067573" m_c="0.050040" m_d="0.738837" m_tx="58.255230" m_ty="-118.969543"/>
  </frame>
  <frame idx="275" w="369" h="597" x="-11.140884" y="-118.834229">
   <element name="shadows" layername="shadows" frame="0" z_index="11" m_a="1.115899" m_b="0.000000" m_c="0.000000" m_d="1.103203" m_tx="-18.917112" m_ty="34.720146"/>
   <element name="barrel" layername="barrel" frame="0" z_index="10" m_a="0.894298" m_b="-0.031139" m_c="0.031139" m_d="0.894298" m_tx="-10.736876" m_ty="-120.207077"/>
   <element name="swap" layername="barrel_swap" frame="0" z_index="9" m_a="0.999428" m_b="-0.033806" m_c="0.025034" m_d="0.740107" m_tx="64.755234" m_ty="-116.469543"/>
  </frame>
 </anim>
 <anim name="place" root="waterbarrel" numframes="600" framerate="40">
  <frame idx="0" w="2" h="0" x="0.000000" y="0.000000"/>
  <frame idx="25" w="2" h="0" x="0.000000" y="0.000000"/>
  <frame idx="50" w="344" h="1192" x="-21.406906" y="-993.172363">
   <element name="barrel" layername="barrel" frame="0" z_index="11" m_a="0.894840" m_b="0.000000" m_c="0.000000" m_d="0.031404" m_tx="-4.370989" m_ty="-837.854431"/>
   <element name="swap" layername="barrel_swap" frame="0" z_index="10" m_a="1.000000" m_b="0.000000" m_c="0.000000" m_d="0.025988" m_tx="71.057663" m_ty="-837.571350"/>
  </frame>
  <frame idx="75" w="358" h="1359" x="-8.053864" y="-936.734375">
   <element name="barrel" layername="barrel" frame="0" z_index="11" m_a="0.882450" m_b="-0.148395" m_c="0.076801" m_d="0.456710" m_tx="-4.370989" m_ty="-837.670715"/>
   <element name="swap" layername="barrel_swap" frame="0" z_index="10" m_a="1.000000" m_b="0.000000" m_c="0.000000" m_d="0.713048" m_tx="71.057663" m_ty="-837.571350"/>
  </frame>
  <frame idx="100" w="399" h="1869" x="29.155807" y="-566.542725">
   <element name="barrel" layername="barrel" frame="0" z_index="11" m_a="0.845622" m_b="-0.292680" m_c="0.292680" m_d="0.845622" m_tx="-4.370989" m_ty="-837.487000"/>
   <element name="shadows" layername="shadows" frame="0" z_index="9" m_a="0.131810" m_b="0.000000" m_c="0.000000" m_d="0.130311" m_tx="-18.189840" m_ty="34.720150"/>
   <element name="swap" layername="barrel_swap" frame="0" z_index="10" m_a="0.945001" m_b="-0.327067" m_c="0.242203" m_d="0.699802" m_tx="69.346596" m_ty="-854.894592"/>
  </frame>
  <frame idx="125" w="400" h="1729" x="29.362076" y="-516.117493">
   <element name="barrel" layername="barrel" frame="0" z_index="11" m_a="0.845124" m_b="-0.294114" m_c="0.294114" m_d="0.845124" m_tx="-4.370989" m_ty="-747.846680"/>
   <element name="shadows" layername="shadows" frame="0" z_index="9" m_a="0.254821" m_b="0.000000" m_c="0.000000" m_d="0.251923" m_tx="-18.189840" m_ty="34.720150"/>
   <element name="swap" layername="barrel_swap" frame="0" z_index="10" m_a="0.944444" m_b="-0.328671" m_c="0.243391" m_d="0.699389" m_tx="69.253403" m_ty="-765.579468"/>
  </frame>
  <frame idx="150" w="400" h="1588" x="29.567734" y="-465.692169">
   <element name="barrel" layername="barrel" frame="0" z_index="11" m_a="0.844624" m_b="-0.295548" m_c="0.295548" m_d="0.844624" m_tx="-4.370989" m_ty="-658.206299"/>
   <element name="shadows" layername="shadows" frame="0" z_index="9" m_a="0.377832" m_b="0.000000" m_c="0.000000" m_d="0.373535" m_tx="-18.189840" m_ty="34.720150"/>
   <element name="swap" layername="barrel_swap" frame="0" z_index="10" m_a="0.943885" m_b="-0.330275" m_c="0.244578" m_d="0.698975" m_tx="69.160202" m_ty="-676.264282"/>
  </frame>
  <frame idx="175" w="400" h="1447" x="29.772873" y="-415.266785">
   <element name="barrel" layername="barrel" frame="0" z_index="11" m_a="0.844121" m_b="-0.296981" m_c="0.296981" m_d="0.844121" m_tx="-4.370989" m_ty="-568.565979"/>
   <element name="shadows" layername="shadows" frame="0" z_index="9" m_a="0.500842" m_b="0.000000" m_c="0.000000" m_d="0.495147" m_tx="-18.189840" m_ty="34.720150"/>
   <element name="swap" layername="barrel_swap" frame="0" z_index="10" m_a="0.943323" m_b="-0.331877" m_c="0.245765" m_d="0.698559" m_tx="69.067009" m_ty="-586.949158"/>
  </frame>
  <frame idx="200" w="400" h="1306" x="29.977432" y="-364.841278">
   <element name="barrel" layername="barrel" frame="0" z_index="11" m_a="0.843616" m_b="-0.298413" m_c="0.298413" m_d="0.843616" m_tx="-4.370989" m_ty="-478.925598"/>
   <element name="shadows" layername="shadows" frame="0" z_index="9" m_a="0.623853" m_b="0.000000" m_c="0.000000" m_d="0.616758" m_tx="-18.189840" m_ty="34.720150"/>
   <element name="swap" layername="barrel_swap" frame="0" z_index="10" m_a="0.942758" m_b="-0.333478" m_c="0.246951" m_d="0.698141" m_tx="68.973808" m_ty="-497.633972"/>
  </frame>
  <frame idx="225" w="400" h="1165" x="30.181412" y="-314.415527">
   <element name="barrel" layername="barrel" frame="0" z_index="11" m_a="0.843109" m_b="-0.299844" m_c="0.299844" m_d="0.843109" m_tx="-4.370989" m_ty="-389.285248"/>
   <element name="shadows" layername="shadows" frame="0" z_index="9" m_a="0.746863" m_b="0.000000" m_c="0.000000" m_d="0.738370" m_tx="-18.189840" m_ty="34.720150"/>
   <element name="swap" layername="barrel_swap" frame="0" z_index="10" m_a="0.942190" m_b="-0.335078" m_c="0.248136" m_d="0.697720" m_tx="68.880615" m_ty="-408.318817"/>
  </frame>
  <frame idx="250" w="401" h="1025" x="30.384842" y="-263.989655">
   <element name="barrel" layername="barrel" frame="0" z_index="11" m_a="0.842599" m_b="-0.301274" m_c="0.301274" m_d="0.842599" m_tx="-4.370989" m_ty="-299.644897"/>
   <element name="shadows" layername="shadows" frame="0" z_index="9" m_a="0.869874" m_b="0.000000" m_c="0.000000" m_d="0.859982" m_tx="-18.189840" m_ty="34.720150"/>
   <element name="swap" layername="barrel_swap" frame="0" z_index="10" m_a="0.941620" m_b="-0.336678" m_c="0.249320" m_d="0.697298" m_tx="68.787415" m_ty="-319.003662"/>
  </frame>
  <frame idx="275" w="401" h="884" x="30.587708" y="-213.563751">
   <element name="barrel" layername="barrel" frame="0" z_index="11" m_a="0.842086" m_b="-0.302704" m_c="0.302704" m_d="0.842086" m_tx="-4.370989" m_ty="-210.004562"/>
   <element name="shadows" layername="shadows" frame="0" z_index="9" m_a="0.992884" m_b="0.000000" m_c="0.000000" m_d="0.981593" m_tx="-18.189840" m_ty="34.720150"/>
   <element name="swap" layername="barrel_swap" frame="0" z_index="10" m_a="0.941047" m_b="-0.338276" m_c="0.250503" m_d="0.696873" m_tx="68.694214" m_ty="-229.688522"/>
  </frame>
  <frame idx="300" w="401" h="743" x="30.790009" y="-163.137604">
   <element name="barrel" layername="barrel" frame="0" z_index="10" m_a="0.841571" m_b="-0.304132" m_c="0.304132" m_d="0.841571" m_tx="-4.370989" m_ty="-120.364212"/>
   <element name="shadows" layername="shadows" frame="0" z_index="11" m_a="1.115895" m_b="0.000000" m_c="0.000000" m_d="1.103205" m_tx="-18.189840" m_ty="34.720150"/>
   <element name="swap" layername="barrel_swap" frame="0" z_index="9" m_a="0.940471" m_b="-0.339873" m_c="0.251686" m_d="0.696447" m_tx="68.601021" m_ty="-140.373367"/>
  </frame>
  <frame idx="325" w="440" h="422" x="74.839157" y="-65.845383">
   <element name="barrel" layername="barrel" frame="0" z_index="10" m_a="1.448792" m_b="-0.052454" m_c="0.012066" m_d="0.333270" m_tx="-0.278328" m_ty="-7.323549"/>
   <element name="shadows" layername="shadows" frame="0" z_index="11" m_a="1.115895" m_b="0.000000" m_c="0.000000" m_d="1.103205" m_tx="-18.189840" m_ty="34.720150"/>
   <element name="swap" layername="barrel_swap" frame="0" z_index="9" m_a="1.619051" m_b="-0.058632" m_c="0.009988" m_d="0.275799" m_tx="121.531494" m_ty="-8.486133"/>
  </frame>
  <frame idx="350" w="407" h="481" x="43.636642" y="-83.764832">
   <element name="barrel" layername="barrel" frame="0" z_index="10" m_a="1.267115" m_b="-0.015346" m_c="0.006984" m_d="0.576661" m_tx="-1.032880" m_ty="-55.185242"/>
   <element name="shadows" layername="shadows" frame="0" z_index="11" m_a="1.115895" m_b="0.000000" m_c="0.000000" m_d="1.103205" m_tx="-18.189840" m_ty="34.720150"/>
   <element name="swap" layername="barrel_swap" frame="0" z_index="9" m_a="1.415872" m_b="-0.026921" m_c="0.009073" m_d="0.477168" m_tx="105.491760" m_ty="-52.501312"/>
  </frame>
  <frame idx="375" w="381" h="552" x="9.954697" y="-105.209564">
   <element name="barrel" layername="barrel" frame="0" z_index="10" m_a="1.084597" m_b="0.012981" m_c="-0.009813" m_d="0.819860" m_tx="-1.787432" m_ty="-103.046936"/>
   <element name="shadows" layername="shadows" frame="0" z_index="11" m_a="1.115895" m_b="0.000000" m_c="0.000000" m_d="1.103205" m_tx="-18.189840" m_ty="34.720150"/>
   <element name="swap" layername="barrel_swap" frame="0" z_index="9" m_a="1.212141" m_b="-0.002212" m_c="0.001238" m_d="0.678527" m_tx="89.452034" m_ty="-96.516495"/>
  </frame>
  <frame idx="400" w="381" h="631" x="-14.343109" y="-129.140411">
   <element name="barrel" layername="barrel" frame="0" z_index="10" m_a="0.901555" m_b="0.032512" m_c="-0.038314" m_d="1.062443" m_tx="-2.541985" m_ty="-150.908630"/>
   <element name="shadows" layername="shadows" frame="0" z_index="11" m_a="1.115895" m_b="0.000000" m_c="0.000000" m_d="1.103205" m_tx="-18.189840" m_ty="34.720150"/>
   <element name="swap" layername="barrel_swap" frame="0" z_index="9" m_a="1.008040" m_b="0.015487" m_c="-0.013515" m_d="0.879698" m_tx="73.412308" m_ty="-140.531677"/>
  </frame>
  <frame idx="425" w="370" h="582" x="-11.056702" y="-114.517365">
   <element name="barrel" layername="barrel" frame="0" z_index="10" m_a="0.894672" m_b="0.017351" m_c="-0.017489" m_d="0.901791" m_tx="-4.299036" m_ty="-121.662567"/>
   <element name="shadows" layername="shadows" frame="0" z_index="11" m_a="1.115895" m_b="0.000000" m_c="0.000000" m_d="1.103205" m_tx="-18.189840" m_ty="34.720150"/>
   <element name="swap" layername="barrel_swap" frame="0" z_index="9" m_a="0.999764" m_b="-0.021705" m_c="0.016201" m_d="0.746247" m_tx="71.126183" m_ty="-115.497452"/>
  </frame>
  <frame idx="450" w="381" h="585" x="19.209442" y="-114.959595">
   <element name="barrel" layername="barrel" frame="0" z_index="10" m_a="1.036212" m_b="-0.099899" m_c="0.072198" m_d="0.748885" m_tx="-1.096594" m_ty="-90.179672"/>
   <element name="shadows" layername="shadows" frame="0" z_index="11" m_a="1.115895" m_b="0.000000" m_c="0.000000" m_d="1.103205" m_tx="-18.189840" m_ty="34.720150"/>
   <element name="swap" layername="barrel_swap" frame="0" z_index="9" m_a="1.157796" m_b="-0.113586" m_c="0.060790" m_d="0.619642" m_tx="85.287308" m_ty="-92.359802"/>
  </frame>
  <frame idx="475" w="357" h="589" x="-2.936020" y="-116.348114">
   <element name="barrel" layername="barrel" frame="0" z_index="10" m_a="0.973923" m_b="-0.013696" m_c="0.012665" m_d="0.900644" m_tx="-1.244573" m_ty="-120.886726"/>
   <element name="shadows" layername="shadows" frame="0" z_index="11" m_a="1.115895" m_b="0.000000" m_c="0.000000" m_d="1.103205" m_tx="-18.189840" m_ty="34.720150"/>
   <element name="swap" layername="barrel_swap" frame="0" z_index="9" m_a="1.088377" m_b="-0.015308" m_c="0.010483" m_d="0.745333" m_tx="79.593681" m_ty="-115.890427"/>
  </frame>
  <frame idx="500" w="407" h="636" x="-22.380859" y="-130.777771">
   <element name="barrel" layername="barrel" frame="0" z_index="10" m_a="0.895267" m_b="0.068521" m_c="-0.081005" m_d="1.058381" m_tx="-1.540837" m_ty="-154.183334"/>
   <element name="shadows" layername="shadows" frame="0" z_index="11" m_a="1.115895" m_b="0.000000" m_c="0.000000" m_d="1.103205" m_tx="-18.189840" m_ty="34.720150"/>
   <element name="swap" layername="barrel_swap" frame="0" z_index="9" m_a="1.000477" m_b="0.076574" m_c="-0.067036" m_d="0.875869" m_tx="73.045219" m_ty="-141.357269"/>
  </frame>
  <frame idx="525" w="383" h="611" x="-15.054123" y="-123.007446">
   <element name="barrel" layername="barrel" frame="0" z_index="10" m_a="0.894066" m_b="0.037217" m_c="-0.040960" m_d="0.983982" m_tx="-2.905472" m_ty="-138.642731"/>
   <element name="shadows" layername="shadows" frame="0" z_index="11" m_a="1.115895" m_b="0.000000" m_c="0.000000" m_d="1.103205" m_tx="-18.189840" m_ty="34.720150"/>
   <element name="swap" layername="barrel_swap" frame="0" z_index="9" m_a="0.999274" m_b="0.038094" m_c="-0.031047" m_d="0.814414" m_tx="71.954987" m_ty="-128.938385"/>
  </frame>
  <frame idx="550" w="359" h="581" x="-7.854050" y="-114.219696">
   <element name="barrel" layername="barrel" frame="0" z_index="10" m_a="0.894839" m_b="0.001431" m_c="-0.001437" m_d="0.898300" m_tx="-4.314623" m_ty="-121.067230"/>
   <element name="shadows" layername="shadows" frame="0" z_index="11" m_a="1.115895" m_b="0.000000" m_c="0.000000" m_d="1.103205" m_tx="-18.189840" m_ty="34.720150"/>
   <element name="swap" layername="barrel_swap" frame="0" z_index="9" m_a="0.999985" m_b="-0.005546" m_c="0.004123" m_d="0.743383" m_tx="71.092178" m_ty="-114.940895"/>
  </frame>
  <frame idx="575" w="359" h="580" x="-7.594849" y="-113.868195">
   <element name="barrel" layername="barrel" frame="0" z_index="10" m_a="0.894840" m_b="0.000000" m_c="0.000000" m_d="0.894840" m_tx="-4.370989" m_ty="-120.364212"/>
   <element name="shadows" layername="shadows" frame="0" z_index="11" m_a="1.115895" m_b="0.000000" m_c="0.000000" m_d="1.103205" m_tx="-18.189840" m_ty="34.720150"/>
   <element name="swap" layername="barrel_swap" frame="0" z_index="9" m_a="0.999991" m_b="-0.004222" m_c="0.003126" m_d="0.740523" m_tx="71.057663" m_ty="-114.380997"/>
  </frame>
 </anim>
</Anims>
