<Anims>
 <anim name="idle" root="waterbarrel" numframes="25" framerate="40">
  <frame idx="0" w="349" h="635" x="-11.000000" y="-169.275009">
   <element name="shadows" layername="shadows" frame="0" z_index="17" m_a="1.000000" m_b="0.000000" m_c="0.000000" m_d="0.800000" m_tx="0.000000" m_ty="5.000000"/>
   <element name="barrel" layername="barrel" frame="0" z_index="15" m_a="0.800000" m_b="0.000000" m_c="0.000000" m_d="0.800000" m_tx="0.000000" m_ty="8.000000"/>
   <element name="swap" layername="barrel_swap" frame="0" z_index="16" m_a="0.800000" m_b="0.000000" m_c="0.000000" m_d="0.800000" m_tx="0.000000" m_ty="8.000000"/>
  </frame>
 </anim>
 <anim name="take_water" root="waterbarrel" numframes="1225" framerate="40">
  <frame idx="0" w="349" h="635" x="-11.000000" y="-169.275009">
   <element name="shadows" layername="shadows" frame="0" z_index="17" m_a="1.000000" m_b="0.000000" m_c="0.000000" m_d="0.800000" m_tx="0.000000" m_ty="5.000000"/>
   <element name="swap" layername="barrel_swap" frame="0" z_index="16" m_a="0.800000" m_b="0.000000" m_c="0.000000" m_d="0.800000" m_tx="0.000000" m_ty="8.000000"/>
   <element name="barrel" layername="barrel" frame="0" z_index="15" m_a="0.800000" m_b="0.000000" m_c="0.000000" m_d="0.800000" m_tx="0.000000" m_ty="8.000000"/>
  </frame>
  <frame idx="25" w="349" h="635" x="-11.000000" y="-169.275009">
   <element name="shadows" layername="shadows" frame="0" z_index="17" m_a="1.000000" m_b="0.000000" m_c="0.000000" m_d="0.800000" m_tx="0.000000" m_ty="5.000000"/>
   <element name="swap" layername="barrel_swap" frame="0" z_index="16" m_a="0.898480" m_b="0.000000" m_c="0.000000" m_d="0.719051" m_tx="0.000000" m_ty="8.000000"/>
   <element name="barrel" layername="barrel" frame="0" z_index="15" m_a="0.898480" m_b="0.000000" m_c="0.000000" m_d="0.719051" m_tx="0.000000" m_ty="8.000000"/>
  </frame>
  <frame idx="50" w="361" h="635" x="-0.498566" y="-169.275009">
   <element name="shadows" layername="shadows" frame="0" z_index="17" m_a="1.000000" m_b="0.000000" m_c="0.000000" m_d="0.800000" m_tx="0.000000" m_ty="5.000000"/>
   <element name="swap" layername="barrel_swap" frame="0" z_index="15" m_a="0.996960" m_b="0.000000" m_c="0.000000" m_d="0.638103" m_tx="0.000000" m_ty="8.000000"/>
   <element name="barrel" layername="barrel" frame="0" z_index="16" m_a="0.996960" m_b="0.000000" m_c="0.000000" m_d="0.638103" m_tx="0.000000" m_ty="8.000000"/>
  </frame>
  <frame idx="75" w="349" h="635" x="-11.000000" y="-169.275009">
   <element name="shadows" layername="shadows" frame="0" z_index="17" m_a="1.000000" m_b="0.000000" m_c="0.000000" m_d="0.800000" m_tx="0.000000" m_ty="5.000000"/>
   <element name="swap" layername="barrel_swap" frame="0" z_index="15" m_a="0.898480" m_b="0.000000" m_c="0.000000" m_d="0.719051" m_tx="0.000000" m_ty="8.000000"/>
   <element name="barrel" layername="barrel" frame="0" z_index="16" m_a="0.898480" m_b="0.000000" m_c="0.000000" m_d="0.719051" m_tx="0.000000" m_ty="8.000000"/>
  </frame>
  <frame idx="100" w="349" h="635" x="-11.000000" y="-169.275009">
   <element name="shadows" layername="shadows" frame="0" z_index="17" m_a="1.000000" m_b="0.000000" m_c="0.000000" m_d="0.800000" m_tx="0.000000" m_ty="5.000000"/>
   <element name="swap" layername="barrel_swap" frame="0" z_index="15" m_a="0.800000" m_b="0.000000" m_c="0.000000" m_d="0.800000" m_tx="0.000000" m_ty="8.000000"/>
   <element name="barrel" layername="barrel" frame="0" z_index="16" m_a="0.800000" m_b="0.000000" m_c="0.000000" m_d="0.800000" m_tx="0.000000" m_ty="8.000000"/>
  </frame>
  <frame idx="125" w="349" h="635" x="-11.000000" y="-169.275009">
   <element name="shadows" layername="shadows" frame="0" z_index="17" m_a="1.000000" m_b="0.000000" m_c="0.000000" m_d="0.800000" m_tx="0.000000" m_ty="5.000000"/>
   <element name="swap" layername="barrel_swap" frame="0" z_index="15" m_a="0.800000" m_b="0.000000" m_c="0.000000" m_d="0.800000" m_tx="0.000000" m_ty="8.000000"/>
   <element name="barrel" layername="barrel" frame="0" z_index="16" m_a="0.800000" m_b="0.000000" m_c="0.000000" m_d="0.800000" m_tx="0.000000" m_ty="8.000000"/>
  </frame>
  <frame idx="150" w="349" h="635" x="-11.000000" y="-169.275009">
   <element name="shadows" layername="shadows" frame="0" z_index="17" m_a="1.000000" m_b="0.000000" m_c="0.000000" m_d="0.800000" m_tx="0.000000" m_ty="5.000000"/>
   <element name="swap" layername="barrel_swap" frame="0" z_index="15" m_a="0.800000" m_b="0.000000" m_c="0.000000" m_d="0.800000" m_tx="0.000000" m_ty="8.000000"/>
   <element name="barrel" layername="barrel" frame="0" z_index="16" m_a="0.800000" m_b="0.000000" m_c="0.000000" m_d="0.800000" m_tx="0.000000" m_ty="8.000000"/>
  </frame>
  <frame idx="175" w="349" h="635" x="-11.000000" y="-169.275009">
   <element name="shadows" layername="shadows" frame="0" z_index="17" m_a="1.000000" m_b="0.000000" m_c="0.000000" m_d="0.800000" m_tx="0.000000" m_ty="5.000000"/>
   <element name="swap" layername="barrel_swap" frame="0" z_index="15" m_a="0.800000" m_b="0.000000" m_c="0.000000" m_d="0.800000" m_tx="0.000000" m_ty="8.000000"/>
   <element name="barrel" layername="barrel" frame="0" z_index="16" m_a="0.800000" m_b="0.000000" m_c="0.000000" m_d="0.800000" m_tx="0.000000" m_ty="8.000000"/>
  </frame>
  <frame idx="200" w="349" h="635" x="-11.000000" y="-169.275009">
   <element name="shadows" layername="shadows" frame="0" z_index="17" m_a="1.000000" m_b="0.000000" m_c="0.000000" m_d="0.800000" m_tx="0.000000" m_ty="5.000000"/>
   <element name="swap" layername="barrel_swap" frame="0" z_index="15" m_a="0.800000" m_b="0.000000" m_c="0.000000" m_d="0.800000" m_tx="0.000000" m_ty="8.000000"/>
   <element name="barrel" layername="barrel" frame="0" z_index="16" m_a="0.800000" m_b="0.000000" m_c="0.000000" m_d="0.800000" m_tx="0.000000" m_ty="8.000000"/>
  </frame>
  <frame idx="225" w="349" h="635" x="-11.000000" y="-169.275009">
   <element name="shadows" layername="shadows" frame="0" z_index="17" m_a="1.000000" m_b="0.000000" m_c="0.000000" m_d="0.800000" m_tx="0.000000" m_ty="5.000000"/>
   <element name="swap" layername="barrel_swap" frame="0" z_index="15" m_a="0.800000" m_b="0.000000" m_c="0.000000" m_d="0.800000" m_tx="0.000000" m_ty="8.000000"/>
   <element name="barrel" layername="barrel" frame="0" z_index="16" m_a="0.800000" m_b="0.000000" m_c="0.000000" m_d="0.800000" m_tx="0.000000" m_ty="8.000000"/>
  </frame>
  <frame idx="250" w="349" h="635" x="-11.000000" y="-169.275009">
   <element name="shadows" layername="shadows" frame="0" z_index="17" m_a="1.000000" m_b="0.000000" m_c="0.000000" m_d="0.800000" m_tx="0.000000" m_ty="5.000000"/>
   <element name="swap" layername="barrel_swap" frame="0" z_index="15" m_a="0.800000" m_b="0.000000" m_c="0.000000" m_d="0.800000" m_tx="0.000000" m_ty="8.000000"/>
   <element name="barrel" layername="barrel" frame="0" z_index="16" m_a="0.800000" m_b="0.000000" m_c="0.000000" m_d="0.800000" m_tx="0.000000" m_ty="8.000000"/>
  </frame>
  <frame idx="275" w="349" h="635" x="-11.000000" y="-169.275009">
   <element name="shadows" layername="shadows" frame="0" z_index="17" m_a="1.000000" m_b="0.000000" m_c="0.000000" m_d="0.800000" m_tx="0.000000" m_ty="5.000000"/>
   <element name="swap" layername="barrel_swap" frame="0" z_index="15" m_a="0.800000" m_b="0.000000" m_c="0.000000" m_d="0.800000" m_tx="0.000000" m_ty="8.000000"/>
   <element name="barrel" layername="barrel" frame="0" z_index="16" m_a="0.800000" m_b="0.000000" m_c="0.000000" m_d="0.800000" m_tx="0.000000" m_ty="8.000000"/>
  </frame>
  <frame idx="300" w="349" h="635" x="-11.000000" y="-169.275009">
   <element name="shadows" layername="shadows" frame="0" z_index="17" m_a="1.000000" m_b="0.000000" m_c="0.000000" m_d="0.800000" m_tx="0.000000" m_ty="5.000000"/>
   <element name="swap" layername="barrel_swap" frame="0" z_index="15" m_a="0.800000" m_b="0.000000" m_c="0.000000" m_d="0.800000" m_tx="0.000000" m_ty="8.000000"/>
   <element name="barrel" layername="barrel" frame="0" z_index="16" m_a="0.800000" m_b="0.000000" m_c="0.000000" m_d="0.800000" m_tx="0.000000" m_ty="8.000000"/>
  </frame>
  <frame idx="325" w="349" h="635" x="-11.000000" y="-169.275009">
   <element name="shadows" layername="shadows" frame="0" z_index="17" m_a="1.000000" m_b="0.000000" m_c="0.000000" m_d="0.800000" m_tx="0.000000" m_ty="5.000000"/>
   <element name="swap" layername="barrel_swap" frame="0" z_index="15" m_a="0.800000" m_b="0.000000" m_c="0.000000" m_d="0.800000" m_tx="0.000000" m_ty="8.000000"/>
   <element name="barrel" layername="barrel" frame="0" z_index="16" m_a="0.800000" m_b="0.000000" m_c="0.000000" m_d="0.800000" m_tx="0.000000" m_ty="8.000000"/>
  </frame>
  <frame idx="350" w="349" h="635" x="-11.000000" y="-169.275009">
   <element name="shadows" layername="shadows" frame="0" z_index="17" m_a="1.000000" m_b="0.000000" m_c="0.000000" m_d="0.800000" m_tx="0.000000" m_ty="5.000000"/>
   <element name="swap" layername="barrel_swap" frame="0" z_index="15" m_a="0.800000" m_b="0.000000" m_c="0.000000" m_d="0.800000" m_tx="0.000000" m_ty="8.000000"/>
   <element name="barrel" layername="barrel" frame="0" z_index="16" m_a="0.800000" m_b="0.000000" m_c="0.000000" m_d="0.800000" m_tx="0.000000" m_ty="8.000000"/>
  </frame>
  <frame idx="375" w="349" h="635" x="-11.000000" y="-169.275009">
   <element name="shadows" layername="shadows" frame="0" z_index="17" m_a="1.000000" m_b="0.000000" m_c="0.000000" m_d="0.800000" m_tx="0.000000" m_ty="5.000000"/>
   <element name="swap" layername="barrel_swap" frame="0" z_index="15" m_a="0.800000" m_b="0.000000" m_c="0.000000" m_d="0.800000" m_tx="0.000000" m_ty="8.000000"/>
   <element name="barrel" layername="barrel" frame="0" z_index="16" m_a="0.800000" m_b="0.000000" m_c="0.000000" m_d="0.800000" m_tx="0.000000" m_ty="8.000000"/>
  </frame>
  <frame idx="400" w="349" h="635" x="-11.000000" y="-169.275009">
   <element name="shadows" layername="shadows" frame="0" z_index="17" m_a="1.000000" m_b="0.000000" m_c="0.000000" m_d="0.800000" m_tx="0.000000" m_ty="5.000000"/>
   <element name="swap" layername="barrel_swap" frame="0" z_index="15" m_a="0.800000" m_b="0.000000" m_c="0.000000" m_d="0.800000" m_tx="0.000000" m_ty="8.000000"/>
   <element name="barrel" layername="barrel" frame="0" z_index="16" m_a="0.800000" m_b="0.000000" m_c="0.000000" m_d="0.800000" m_tx="0.000000" m_ty="8.000000"/>
  </frame>
  <frame idx="425" w="349" h="635" x="-11.000000" y="-169.275009">
   <element name="shadows" layername="shadows" frame="0" z_index="17" m_a="1.000000" m_b="0.000000" m_c="0.000000" m_d="0.800000" m_tx="0.000000" m_ty="5.000000"/>
   <element name="swap" layername="barrel_swap" frame="0" z_index="15" m_a="0.800000" m_b="0.000000" m_c="0.000000" m_d="0.800000" m_tx="0.000000" m_ty="8.000000"/>
   <element name="barrel" layername="barrel" frame="0" z_index="16" m_a="0.800000" m_b="0.000000" m_c="0.000000" m_d="0.800000" m_tx="0.000000" m_ty="8.000000"/>
  </frame>
  <frame idx="450" w="349" h="635" x="-11.000000" y="-169.275009">
   <element name="shadows" layername="shadows" frame="0" z_index="17" m_a="1.000000" m_b="0.000000" m_c="0.000000" m_d="0.800000" m_tx="0.000000" m_ty="5.000000"/>
   <element name="swap" layername="barrel_swap" frame="0" z_index="15" m_a="0.800000" m_b="0.000000" m_c="0.000000" m_d="0.800000" m_tx="0.000000" m_ty="8.000000"/>
   <element name="barrel" layername="barrel" frame="0" z_index="16" m_a="0.800000" m_b="0.000000" m_c="0.000000" m_d="0.800000" m_tx="0.000000" m_ty="8.000000"/>
  </frame>
  <frame idx="475" w="349" h="635" x="-11.000000" y="-169.275009">
   <element name="shadows" layername="shadows" frame="0" z_index="17" m_a="1.000000" m_b="0.000000" m_c="0.000000" m_d="0.800000" m_tx="0.000000" m_ty="5.000000"/>
   <element name="swap" layername="barrel_swap" frame="0" z_index="15" m_a="0.800000" m_b="0.000000" m_c="0.000000" m_d="0.800000" m_tx="0.000000" m_ty="8.000000"/>
   <element name="barrel" layername="barrel" frame="0" z_index="16" m_a="0.800000" m_b="0.000000" m_c="0.000000" m_d="0.800000" m_tx="0.000000" m_ty="8.000000"/>
  </frame>
  <frame idx="500" w="349" h="635" x="-11.000000" y="-169.275009">
   <element name="shadows" layername="shadows" frame="0" z_index="17" m_a="1.000000" m_b="0.000000" m_c="0.000000" m_d="0.800000" m_tx="0.000000" m_ty="5.000000"/>
   <element name="swap" layername="barrel_swap" frame="0" z_index="15" m_a="0.800000" m_b="0.000000" m_c="0.000000" m_d="0.800000" m_tx="0.000000" m_ty="8.000000"/>
   <element name="barrel" layername="barrel" frame="0" z_index="16" m_a="0.800000" m_b="0.000000" m_c="0.000000" m_d="0.800000" m_tx="0.000000" m_ty="8.000000"/>
  </frame>
  <frame idx="525" w="349" h="635" x="-11.000000" y="-169.275009">
   <element name="shadows" layername="shadows" frame="0" z_index="17" m_a="1.000000" m_b="0.000000" m_c="0.000000" m_d="0.800000" m_tx="0.000000" m_ty="5.000000"/>
   <element name="swap" layername="barrel_swap" frame="0" z_index="15" m_a="0.800000" m_b="0.000000" m_c="0.000000" m_d="0.800000" m_tx="0.000000" m_ty="8.000000"/>
   <element name="barrel" layername="barrel" frame="0" z_index="16" m_a="0.800000" m_b="0.000000" m_c="0.000000" m_d="0.800000" m_tx="0.000000" m_ty="8.000000"/>
  </frame>
  <frame idx="550" w="349" h="635" x="-11.000000" y="-169.275009">
   <element name="shadows" layername="shadows" frame="0" z_index="17" m_a="1.000000" m_b="0.000000" m_c="0.000000" m_d="0.800000" m_tx="0.000000" m_ty="5.000000"/>
   <element name="swap" layername="barrel_swap" frame="0" z_index="15" m_a="0.800000" m_b="0.000000" m_c="0.000000" m_d="0.800000" m_tx="0.000000" m_ty="8.000000"/>
   <element name="barrel" layername="barrel" frame="0" z_index="16" m_a="0.800000" m_b="0.000000" m_c="0.000000" m_d="0.800000" m_tx="0.000000" m_ty="8.000000"/>
  </frame>
  <frame idx="575" w="349" h="635" x="-11.000000" y="-169.275009">
   <element name="shadows" layername="shadows" frame="0" z_index="17" m_a="1.000000" m_b="0.000000" m_c="0.000000" m_d="0.800000" m_tx="0.000000" m_ty="5.000000"/>
   <element name="swap" layername="barrel_swap" frame="0" z_index="15" m_a="0.800000" m_b="0.000000" m_c="0.000000" m_d="0.800000" m_tx="0.000000" m_ty="8.000000"/>
   <element name="barrel" layername="barrel" frame="0" z_index="16" m_a="0.800000" m_b="0.000000" m_c="0.000000" m_d="0.800000" m_tx="0.000000" m_ty="8.000000"/>
  </frame>
  <frame idx="600" w="349" h="635" x="-11.000000" y="-169.275009">
   <element name="shadows" layername="shadows" frame="0" z_index="17" m_a="1.000000" m_b="0.000000" m_c="0.000000" m_d="0.800000" m_tx="0.000000" m_ty="5.000000"/>
   <element name="swap" layername="barrel_swap" frame="0" z_index="15" m_a="0.800000" m_b="0.000000" m_c="0.000000" m_d="0.800000" m_tx="0.000000" m_ty="8.000000"/>
   <element name="barrel" layername="barrel" frame="0" z_index="16" m_a="0.800000" m_b="0.000000" m_c="0.000000" m_d="0.800000" m_tx="0.000000" m_ty="8.000000"/>
  </frame>
  <frame idx="625" w="349" h="635" x="-11.000000" y="-169.275009">
   <element name="shadows" layername="shadows" frame="0" z_index="17" m_a="1.000000" m_b="0.000000" m_c="0.000000" m_d="0.800000" m_tx="0.000000" m_ty="5.000000"/>
   <element name="swap" layername="barrel_swap" frame="0" z_index="15" m_a="0.800000" m_b="0.000000" m_c="0.000000" m_d="0.800000" m_tx="0.000000" m_ty="8.000000"/>
   <element name="barrel" layername="barrel" frame="0" z_index="16" m_a="0.800000" m_b="0.000000" m_c="0.000000" m_d="0.800000" m_tx="0.000000" m_ty="8.000000"/>
  </frame>
  <frame idx="650" w="349" h="635" x="-11.000000" y="-169.275009">
   <element name="shadows" layername="shadows" frame="0" z_index="17" m_a="1.000000" m_b="0.000000" m_c="0.000000" m_d="0.800000" m_tx="0.000000" m_ty="5.000000"/>
   <element name="swap" layername="barrel_swap" frame="0" z_index="15" m_a="0.800000" m_b="0.000000" m_c="0.000000" m_d="0.800000" m_tx="0.000000" m_ty="8.000000"/>
   <element name="barrel" layername="barrel" frame="0" z_index="16" m_a="0.800000" m_b="0.000000" m_c="0.000000" m_d="0.800000" m_tx="0.000000" m_ty="8.000000"/>
  </frame>
  <frame idx="675" w="349" h="635" x="-11.000000" y="-169.275009">
   <element name="shadows" layername="shadows" frame="0" z_index="17" m_a="1.000000" m_b="0.000000" m_c="0.000000" m_d="0.800000" m_tx="0.000000" m_ty="5.000000"/>
   <element name="swap" layername="barrel_swap" frame="0" z_index="15" m_a="0.800000" m_b="0.000000" m_c="0.000000" m_d="0.800000" m_tx="0.000000" m_ty="8.000000"/>
   <element name="barrel" layername="barrel" frame="0" z_index="16" m_a="0.800000" m_b="0.000000" m_c="0.000000" m_d="0.800000" m_tx="0.000000" m_ty="8.000000"/>
  </frame>
  <frame idx="700" w="349" h="635" x="-11.000000" y="-169.275009">
   <element name="shadows" layername="shadows" frame="0" z_index="17" m_a="1.000000" m_b="0.000000" m_c="0.000000" m_d="0.800000" m_tx="0.000000" m_ty="5.000000"/>
   <element name="swap" layername="barrel_swap" frame="0" z_index="15" m_a="0.800000" m_b="0.000000" m_c="0.000000" m_d="0.800000" m_tx="0.000000" m_ty="8.000000"/>
   <element name="barrel" layername="barrel" frame="0" z_index="16" m_a="0.800000" m_b="0.000000" m_c="0.000000" m_d="0.800000" m_tx="0.000000" m_ty="8.000000"/>
  </frame>
  <frame idx="725" w="349" h="635" x="-11.000000" y="-169.275009">
   <element name="shadows" layername="shadows" frame="0" z_index="17" m_a="1.000000" m_b="0.000000" m_c="0.000000" m_d="0.800000" m_tx="0.000000" m_ty="5.000000"/>
   <element name="swap" layername="barrel_swap" frame="0" z_index="15" m_a="0.800000" m_b="0.000000" m_c="0.000000" m_d="0.800000" m_tx="0.000000" m_ty="8.000000"/>
   <element name="barrel" layername="barrel" frame="0" z_index="16" m_a="0.800000" m_b="0.000000" m_c="0.000000" m_d="0.800000" m_tx="0.000000" m_ty="8.000000"/>
  </frame>
  <frame idx="750" w="349" h="635" x="-11.000000" y="-169.275009">
   <element name="shadows" layername="shadows" frame="0" z_index="17" m_a="1.000000" m_b="0.000000" m_c="0.000000" m_d="0.800000" m_tx="0.000000" m_ty="5.000000"/>
   <element name="swap" layername="barrel_swap" frame="0" z_index="15" m_a="0.800000" m_b="0.000000" m_c="0.000000" m_d="0.800000" m_tx="0.000000" m_ty="8.000000"/>
   <element name="barrel" layername="barrel" frame="0" z_index="16" m_a="0.800000" m_b="0.000000" m_c="0.000000" m_d="0.800000" m_tx="0.000000" m_ty="8.000000"/>
  </frame>
  <frame idx="775" w="349" h="635" x="-11.000000" y="-169.275009">
   <element name="shadows" layername="shadows" frame="0" z_index="17" m_a="1.000000" m_b="0.000000" m_c="0.000000" m_d="0.800000" m_tx="0.000000" m_ty="5.000000"/>
   <element name="swap" layername="barrel_swap" frame="0" z_index="15" m_a="0.800000" m_b="0.000000" m_c="0.000000" m_d="0.800000" m_tx="0.000000" m_ty="8.000000"/>
   <element name="barrel" layername="barrel" frame="0" z_index="16" m_a="0.800000" m_b="0.000000" m_c="0.000000" m_d="0.800000" m_tx="0.000000" m_ty="8.000000"/>
  </frame>
  <frame idx="800" w="349" h="635" x="-11.000000" y="-169.275009">
   <element name="shadows" layername="shadows" frame="0" z_index="17" m_a="1.000000" m_b="0.000000" m_c="0.000000" m_d="0.800000" m_tx="0.000000" m_ty="5.000000"/>
   <element name="swap" layername="barrel_swap" frame="0" z_index="15" m_a="0.800000" m_b="0.000000" m_c="0.000000" m_d="0.800000" m_tx="0.000000" m_ty="8.000000"/>
   <element name="barrel" layername="barrel" frame="0" z_index="16" m_a="0.800000" m_b="0.000000" m_c="0.000000" m_d="0.800000" m_tx="0.000000" m_ty="8.000000"/>
  </frame>
  <frame idx="825" w="349" h="635" x="-11.000000" y="-169.275009">
   <element name="shadows" layername="shadows" frame="0" z_index="17" m_a="1.000000" m_b="0.000000" m_c="0.000000" m_d="0.800000" m_tx="0.000000" m_ty="5.000000"/>
   <element name="swap" layername="barrel_swap" frame="0" z_index="15" m_a="0.800000" m_b="0.000000" m_c="0.000000" m_d="0.800000" m_tx="0.000000" m_ty="8.000000"/>
   <element name="barrel" layername="barrel" frame="0" z_index="16" m_a="0.800000" m_b="0.000000" m_c="0.000000" m_d="0.800000" m_tx="0.000000" m_ty="8.000000"/>
  </frame>
  <frame idx="850" w="349" h="635" x="-11.000000" y="-169.275009">
   <element name="shadows" layername="shadows" frame="0" z_index="17" m_a="1.000000" m_b="0.000000" m_c="0.000000" m_d="0.800000" m_tx="0.000000" m_ty="5.000000"/>
   <element name="swap" layername="barrel_swap" frame="0" z_index="15" m_a="0.800000" m_b="0.000000" m_c="0.000000" m_d="0.800000" m_tx="0.000000" m_ty="8.000000"/>
   <element name="barrel" layername="barrel" frame="0" z_index="16" m_a="0.800000" m_b="0.000000" m_c="0.000000" m_d="0.800000" m_tx="0.000000" m_ty="8.000000"/>
  </frame>
  <frame idx="875" w="349" h="635" x="-11.000000" y="-169.275009">
   <element name="shadows" layername="shadows" frame="0" z_index="17" m_a="1.000000" m_b="0.000000" m_c="0.000000" m_d="0.800000" m_tx="0.000000" m_ty="5.000000"/>
   <element name="swap" layername="barrel_swap" frame="0" z_index="15" m_a="0.800000" m_b="0.000000" m_c="0.000000" m_d="0.800000" m_tx="0.000000" m_ty="8.000000"/>
   <element name="barrel" layername="barrel" frame="0" z_index="16" m_a="0.800000" m_b="0.000000" m_c="0.000000" m_d="0.800000" m_tx="0.000000" m_ty="8.000000"/>
  </frame>
  <frame idx="900" w="349" h="635" x="-11.000000" y="-169.275009">
   <element name="shadows" layername="shadows" frame="0" z_index="17" m_a="1.000000" m_b="0.000000" m_c="0.000000" m_d="0.800000" m_tx="0.000000" m_ty="5.000000"/>
   <element name="swap" layername="barrel_swap" frame="0" z_index="15" m_a="0.800000" m_b="0.000000" m_c="0.000000" m_d="0.800000" m_tx="0.000000" m_ty="8.000000"/>
   <element name="barrel" layername="barrel" frame="0" z_index="16" m_a="0.800000" m_b="0.000000" m_c="0.000000" m_d="0.800000" m_tx="0.000000" m_ty="8.000000"/>
  </frame>
  <frame idx="925" w="349" h="635" x="-11.000000" y="-169.275009">
   <element name="shadows" layername="shadows" frame="0" z_index="17" m_a="1.000000" m_b="0.000000" m_c="0.000000" m_d="0.800000" m_tx="0.000000" m_ty="5.000000"/>
   <element name="swap" layername="barrel_swap" frame="0" z_index="15" m_a="0.800000" m_b="0.000000" m_c="0.000000" m_d="0.800000" m_tx="0.000000" m_ty="8.000000"/>
   <element name="barrel" layername="barrel" frame="0" z_index="16" m_a="0.800000" m_b="0.000000" m_c="0.000000" m_d="0.800000" m_tx="0.000000" m_ty="8.000000"/>
  </frame>
  <frame idx="950" w="349" h="635" x="-11.000000" y="-169.275009">
   <element name="shadows" layername="shadows" frame="0" z_index="17" m_a="1.000000" m_b="0.000000" m_c="0.000000" m_d="0.800000" m_tx="0.000000" m_ty="5.000000"/>
   <element name="swap" layername="barrel_swap" frame="0" z_index="15" m_a="0.800000" m_b="0.000000" m_c="0.000000" m_d="0.800000" m_tx="0.000000" m_ty="8.000000"/>
   <element name="barrel" layername="barrel" frame="0" z_index="16" m_a="0.800000" m_b="0.000000" m_c="0.000000" m_d="0.800000" m_tx="0.000000" m_ty="8.000000"/>
  </frame>
  <frame idx="975" w="349" h="635" x="-11.000000" y="-169.275009">
   <element name="shadows" layername="shadows" frame="0" z_index="17" m_a="1.000000" m_b="0.000000" m_c="0.000000" m_d="0.800000" m_tx="0.000000" m_ty="5.000000"/>
   <element name="swap" layername="barrel_swap" frame="0" z_index="15" m_a="0.800000" m_b="0.000000" m_c="0.000000" m_d="0.800000" m_tx="0.000000" m_ty="8.000000"/>
   <element name="barrel" layername="barrel" frame="0" z_index="16" m_a="0.800000" m_b="0.000000" m_c="0.000000" m_d="0.800000" m_tx="0.000000" m_ty="8.000000"/>
  </frame>
  <frame idx="1000" w="349" h="635" x="-11.000000" y="-169.275009">
   <element name="shadows" layername="shadows" frame="0" z_index="17" m_a="1.000000" m_b="0.000000" m_c="0.000000" m_d="0.800000" m_tx="0.000000" m_ty="5.000000"/>
   <element name="swap" layername="barrel_swap" frame="0" z_index="15" m_a="0.800000" m_b="0.000000" m_c="0.000000" m_d="0.800000" m_tx="0.000000" m_ty="8.000000"/>
   <element name="barrel" layername="barrel" frame="0" z_index="16" m_a="0.800000" m_b="0.000000" m_c="0.000000" m_d="0.800000" m_tx="0.000000" m_ty="8.000000"/>
  </frame>
  <frame idx="1025" w="349" h="635" x="-11.000000" y="-169.275009">
   <element name="shadows" layername="shadows" frame="0" z_index="17" m_a="1.000000" m_b="0.000000" m_c="0.000000" m_d="0.800000" m_tx="0.000000" m_ty="5.000000"/>
   <element name="swap" layername="barrel_swap" frame="0" z_index="15" m_a="0.800000" m_b="0.000000" m_c="0.000000" m_d="0.800000" m_tx="0.000000" m_ty="8.000000"/>
   <element name="barrel" layername="barrel" frame="0" z_index="16" m_a="0.800000" m_b="0.000000" m_c="0.000000" m_d="0.800000" m_tx="0.000000" m_ty="8.000000"/>
  </frame>
  <frame idx="1050" w="349" h="635" x="-11.000000" y="-169.275009">
   <element name="shadows" layername="shadows" frame="0" z_index="17" m_a="1.000000" m_b="0.000000" m_c="0.000000" m_d="0.800000" m_tx="0.000000" m_ty="5.000000"/>
   <element name="swap" layername="barrel_swap" frame="0" z_index="15" m_a="0.800000" m_b="0.000000" m_c="0.000000" m_d="0.800000" m_tx="0.000000" m_ty="8.000000"/>
   <element name="barrel" layername="barrel" frame="0" z_index="16" m_a="0.800000" m_b="0.000000" m_c="0.000000" m_d="0.800000" m_tx="0.000000" m_ty="8.000000"/>
  </frame>
  <frame idx="1075" w="349" h="635" x="-11.000000" y="-169.275009">
   <element name="shadows" layername="shadows" frame="0" z_index="17" m_a="1.000000" m_b="0.000000" m_c="0.000000" m_d="0.800000" m_tx="0.000000" m_ty="5.000000"/>
   <element name="swap" layername="barrel_swap" frame="0" z_index="15" m_a="0.898480" m_b="0.000000" m_c="0.000000" m_d="0.719051" m_tx="0.000000" m_ty="8.000000"/>
   <element name="barrel" layername="barrel" frame="0" z_index="16" m_a="0.898480" m_b="0.000000" m_c="0.000000" m_d="0.719051" m_tx="0.000000" m_ty="8.000000"/>
  </frame>
  <frame idx="1100" w="361" h="635" x="-0.498566" y="-169.275009">
   <element name="shadows" layername="shadows" frame="0" z_index="17" m_a="1.000000" m_b="0.000000" m_c="0.000000" m_d="0.800000" m_tx="0.000000" m_ty="5.000000"/>
   <element name="swap" layername="barrel_swap" frame="0" z_index="16" m_a="0.996960" m_b="0.000000" m_c="0.000000" m_d="0.638103" m_tx="0.000000" m_ty="8.000000"/>
   <element name="barrel" layername="barrel" frame="0" z_index="15" m_a="0.996960" m_b="0.000000" m_c="0.000000" m_d="0.638103" m_tx="0.000000" m_ty="8.000000"/>
  </frame>
  <frame idx="1125" w="349" h="635" x="-11.000000" y="-169.275009">
   <element name="shadows" layername="shadows" frame="0" z_index="17" m_a="1.000000" m_b="0.000000" m_c="0.000000" m_d="0.800000" m_tx="0.000000" m_ty="5.000000"/>
   <element name="swap" layername="barrel_swap" frame="0" z_index="16" m_a="0.898480" m_b="0.000000" m_c="0.000000" m_d="0.719051" m_tx="0.000000" m_ty="8.000000"/>
   <element name="barrel" layername="barrel" frame="0" z_index="15" m_a="0.898480" m_b="0.000000" m_c="0.000000" m_d="0.719051" m_tx="0.000000" m_ty="8.000000"/>
  </frame>
  <frame idx="1150" w="349" h="635" x="-11.000000" y="-169.275009">
   <element name="shadows" layername="shadows" frame="0" z_index="17" m_a="1.000000" m_b="0.000000" m_c="0.000000" m_d="0.800000" m_tx="0.000000" m_ty="5.000000"/>
   <element name="swap" layername="barrel_swap" frame="0" z_index="16" m_a="0.800000" m_b="0.000000" m_c="0.000000" m_d="0.800000" m_tx="0.000000" m_ty="8.000000"/>
   <element name="barrel" layername="barrel" frame="0" z_index="15" m_a="0.800000" m_b="0.000000" m_c="0.000000" m_d="0.800000" m_tx="0.000000" m_ty="8.000000"/>
  </frame>
  <frame idx="1175" w="349" h="635" x="-11.000000" y="-169.275009">
   <element name="shadows" layername="shadows" frame="0" z_index="17" m_a="1.000000" m_b="0.000000" m_c="0.000000" m_d="0.800000" m_tx="0.000000" m_ty="5.000000"/>
   <element name="swap" layername="barrel_swap" frame="0" z_index="16" m_a="0.800000" m_b="0.000000" m_c="0.000000" m_d="0.800000" m_tx="0.000000" m_ty="8.000000"/>
   <element name="barrel" layername="barrel" frame="0" z_index="15" m_a="0.800000" m_b="0.000000" m_c="0.000000" m_d="0.800000" m_tx="0.000000" m_ty="8.000000"/>
  </frame>
  <frame idx="1200" w="349" h="635" x="-11.000000" y="-169.275009">
   <element name="shadows" layername="shadows" frame="0" z_index="17" m_a="1.000000" m_b="0.000000" m_c="0.000000" m_d="0.800000" m_tx="0.000000" m_ty="5.000000"/>
   <element name="swap" layername="barrel_swap" frame="0" z_index="16" m_a="0.800000" m_b="0.000000" m_c="0.000000" m_d="0.800000" m_tx="0.000000" m_ty="8.000000"/>
   <element name="barrel" layername="barrel" frame="0" z_index="15" m_a="0.800000" m_b="0.000000" m_c="0.000000" m_d="0.800000" m_tx="0.000000" m_ty="8.000000"/>
  </frame>
 </anim>
 <anim name="get_water" root="waterbarrel" numframes="1225" framerate="40">
  <frame idx="0" w="349" h="635" x="-11.000000" y="-169.275009">
   <element name="shadows" layername="shadows" frame="0" z_index="17" m_a="1.000000" m_b="0.000000" m_c="0.000000" m_d="0.800000" m_tx="0.000000" m_ty="5.000000"/>
   <element name="swap" layername="barrel_swap" frame="0" z_index="16" m_a="0.800000" m_b="0.000000" m_c="0.000000" m_d="0.800000" m_tx="0.000000" m_ty="8.000000"/>
   <element name="barrel" layername="barrel" frame="0" z_index="15" m_a="0.800000" m_b="0.000000" m_c="0.000000" m_d="0.800000" m_tx="0.000000" m_ty="8.000000"/>
  </frame>
  <frame idx="25" w="349" h="635" x="-11.000000" y="-169.275009">
   <element name="shadows" layername="shadows" frame="0" z_index="17" m_a="1.000000" m_b="0.000000" m_c="0.000000" m_d="0.800000" m_tx="0.000000" m_ty="5.000000"/>
   <element name="swap" layername="barrel_swap" frame="0" z_index="16" m_a="0.898480" m_b="0.000000" m_c="0.000000" m_d="0.719051" m_tx="0.000000" m_ty="8.000000"/>
   <element name="barrel" layername="barrel" frame="0" z_index="15" m_a="0.898480" m_b="0.000000" m_c="0.000000" m_d="0.719051" m_tx="0.000000" m_ty="8.000000"/>
  </frame>
  <frame idx="50" w="361" h="635" x="-0.498566" y="-169.275009">
   <element name="shadows" layername="shadows" frame="0" z_index="17" m_a="1.000000" m_b="0.000000" m_c="0.000000" m_d="0.800000" m_tx="0.000000" m_ty="5.000000"/>
   <element name="swap" layername="barrel_swap" frame="0" z_index="15" m_a="0.996960" m_b="0.000000" m_c="0.000000" m_d="0.638103" m_tx="0.000000" m_ty="8.000000"/>
   <element name="barrel" layername="barrel" frame="0" z_index="16" m_a="0.996960" m_b="0.000000" m_c="0.000000" m_d="0.638103" m_tx="0.000000" m_ty="8.000000"/>
  </frame>
  <frame idx="75" w="349" h="635" x="-11.000000" y="-169.275009">
   <element name="shadows" layername="shadows" frame="0" z_index="17" m_a="1.000000" m_b="0.000000" m_c="0.000000" m_d="0.800000" m_tx="0.000000" m_ty="5.000000"/>
   <element name="swap" layername="barrel_swap" frame="0" z_index="15" m_a="0.898480" m_b="0.000000" m_c="0.000000" m_d="0.719051" m_tx="0.000000" m_ty="8.000000"/>
   <element name="barrel" layername="barrel" frame="0" z_index="16" m_a="0.898480" m_b="0.000000" m_c="0.000000" m_d="0.719051" m_tx="0.000000" m_ty="8.000000"/>
  </frame>
  <frame idx="100" w="349" h="635" x="-11.000000" y="-169.275009">
   <element name="shadows" layername="shadows" frame="0" z_index="17" m_a="1.000000" m_b="0.000000" m_c="0.000000" m_d="0.800000" m_tx="0.000000" m_ty="5.000000"/>
   <element name="swap" layername="barrel_swap" frame="0" z_index="15" m_a="0.800000" m_b="0.000000" m_c="0.000000" m_d="0.800000" m_tx="0.000000" m_ty="8.000000"/>
   <element name="barrel" layername="barrel" frame="0" z_index="16" m_a="0.800000" m_b="0.000000" m_c="0.000000" m_d="0.800000" m_tx="0.000000" m_ty="8.000000"/>
  </frame>
  <frame idx="125" w="349" h="635" x="-11.000000" y="-169.275009">
   <element name="shadows" layername="shadows" frame="0" z_index="17" m_a="1.000000" m_b="0.000000" m_c="0.000000" m_d="0.800000" m_tx="0.000000" m_ty="5.000000"/>
   <element name="swap" layername="barrel_swap" frame="0" z_index="15" m_a="0.800000" m_b="0.000000" m_c="0.000000" m_d="0.800000" m_tx="0.000000" m_ty="8.000000"/>
   <element name="barrel" layername="barrel" frame="0" z_index="16" m_a="0.800000" m_b="0.000000" m_c="0.000000" m_d="0.800000" m_tx="0.000000" m_ty="8.000000"/>
  </frame>
  <frame idx="150" w="349" h="635" x="-11.000000" y="-169.275009">
   <element name="shadows" layername="shadows" frame="0" z_index="17" m_a="1.000000" m_b="0.000000" m_c="0.000000" m_d="0.800000" m_tx="0.000000" m_ty="5.000000"/>
   <element name="swap" layername="barrel_swap" frame="0" z_index="15" m_a="0.800000" m_b="0.000000" m_c="0.000000" m_d="0.800000" m_tx="0.000000" m_ty="8.000000"/>
   <element name="barrel" layername="barrel" frame="0" z_index="16" m_a="0.800000" m_b="0.000000" m_c="0.000000" m_d="0.800000" m_tx="0.000000" m_ty="8.000000"/>
  </frame>
  <frame idx="175" w="349" h="635" x="-11.000000" y="-169.275009">
   <element name="shadows" layername="shadows" frame="0" z_index="17" m_a="1.000000" m_b="0.000000" m_c="0.000000" m_d="0.800000" m_tx="0.000000" m_ty="5.000000"/>
   <element name="swap" layername="barrel_swap" frame="0" z_index="15" m_a="0.800000" m_b="0.000000" m_c="0.000000" m_d="0.800000" m_tx="0.000000" m_ty="8.000000"/>
   <element name="barrel" layername="barrel" frame="0" z_index="16" m_a="0.800000" m_b="0.000000" m_c="0.000000" m_d="0.800000" m_tx="0.000000" m_ty="8.000000"/>
  </frame>
  <frame idx="200" w="349" h="635" x="-11.000000" y="-169.275009">
   <element name="shadows" layername="shadows" frame="0" z_index="17" m_a="1.000000" m_b="0.000000" m_c="0.000000" m_d="0.800000" m_tx="0.000000" m_ty="5.000000"/>
   <element name="swap" layername="barrel_swap" frame="0" z_index="15" m_a="0.800000" m_b="0.000000" m_c="0.000000" m_d="0.800000" m_tx="0.000000" m_ty="8.000000"/>
   <element name="barrel" layername="barrel" frame="0" z_index="16" m_a="0.800000" m_b="0.000000" m_c="0.000000" m_d="0.800000" m_tx="0.000000" m_ty="8.000000"/>
  </frame>
  <frame idx="225" w="349" h="635" x="-11.000000" y="-169.275009">
   <element name="shadows" layername="shadows" frame="0" z_index="17" m_a="1.000000" m_b="0.000000" m_c="0.000000" m_d="0.800000" m_tx="0.000000" m_ty="5.000000"/>
   <element name="swap" layername="barrel_swap" frame="0" z_index="15" m_a="0.800000" m_b="0.000000" m_c="0.000000" m_d="0.800000" m_tx="0.000000" m_ty="8.000000"/>
   <element name="barrel" layername="barrel" frame="0" z_index="16" m_a="0.800000" m_b="0.000000" m_c="0.000000" m_d="0.800000" m_tx="0.000000" m_ty="8.000000"/>
  </frame>
  <frame idx="250" w="349" h="635" x="-11.000000" y="-169.275009">
   <element name="shadows" layername="shadows" frame="0" z_index="17" m_a="1.000000" m_b="0.000000" m_c="0.000000" m_d="0.800000" m_tx="0.000000" m_ty="5.000000"/>
   <element name="swap" layername="barrel_swap" frame="0" z_index="15" m_a="0.800000" m_b="0.000000" m_c="0.000000" m_d="0.800000" m_tx="0.000000" m_ty="8.000000"/>
   <element name="barrel" layername="barrel" frame="0" z_index="16" m_a="0.800000" m_b="0.000000" m_c="0.000000" m_d="0.800000" m_tx="0.000000" m_ty="8.000000"/>
  </frame>
  <frame idx="275" w="349" h="635" x="-11.000000" y="-169.275009">
   <element name="shadows" layername="shadows" frame="0" z_index="17" m_a="1.000000" m_b="0.000000" m_c="0.000000" m_d="0.800000" m_tx="0.000000" m_ty="5.000000"/>
   <element name="swap" layername="barrel_swap" frame="0" z_index="15" m_a="0.800000" m_b="0.000000" m_c="0.000000" m_d="0.800000" m_tx="0.000000" m_ty="8.000000"/>
   <element name="barrel" layername="barrel" frame="0" z_index="16" m_a="0.800000" m_b="0.000000" m_c="0.000000" m_d="0.800000" m_tx="0.000000" m_ty="8.000000"/>
  </frame>
  <frame idx="300" w="349" h="635" x="-11.000000" y="-169.275009">
   <element name="shadows" layername="shadows" frame="0" z_index="17" m_a="1.000000" m_b="0.000000" m_c="0.000000" m_d="0.800000" m_tx="0.000000" m_ty="5.000000"/>
   <element name="swap" layername="barrel_swap" frame="0" z_index="15" m_a="0.800000" m_b="0.000000" m_c="0.000000" m_d="0.800000" m_tx="0.000000" m_ty="8.000000"/>
   <element name="barrel" layername="barrel" frame="0" z_index="16" m_a="0.800000" m_b="0.000000" m_c="0.000000" m_d="0.800000" m_tx="0.000000" m_ty="8.000000"/>
  </frame>
  <frame idx="325" w="349" h="635" x="-11.000000" y="-169.275009">
   <element name="shadows" layername="shadows" frame="0" z_index="17" m_a="1.000000" m_b="0.000000" m_c="0.000000" m_d="0.800000" m_tx="0.000000" m_ty="5.000000"/>
   <element name="swap" layername="barrel_swap" frame="0" z_index="15" m_a="0.800000" m_b="0.000000" m_c="0.000000" m_d="0.800000" m_tx="0.000000" m_ty="8.000000"/>
   <element name="barrel" layername="barrel" frame="0" z_index="16" m_a="0.800000" m_b="0.000000" m_c="0.000000" m_d="0.800000" m_tx="0.000000" m_ty="8.000000"/>
  </frame>
  <frame idx="350" w="349" h="635" x="-11.000000" y="-169.275009">
   <element name="shadows" layername="shadows" frame="0" z_index="17" m_a="1.000000" m_b="0.000000" m_c="0.000000" m_d="0.800000" m_tx="0.000000" m_ty="5.000000"/>
   <element name="swap" layername="barrel_swap" frame="0" z_index="15" m_a="0.800000" m_b="0.000000" m_c="0.000000" m_d="0.800000" m_tx="0.000000" m_ty="8.000000"/>
   <element name="barrel" layername="barrel" frame="0" z_index="16" m_a="0.800000" m_b="0.000000" m_c="0.000000" m_d="0.800000" m_tx="0.000000" m_ty="8.000000"/>
  </frame>
  <frame idx="375" w="349" h="635" x="-11.000000" y="-169.275009">
   <element name="shadows" layername="shadows" frame="0" z_index="17" m_a="1.000000" m_b="0.000000" m_c="0.000000" m_d="0.800000" m_tx="0.000000" m_ty="5.000000"/>
   <element name="swap" layername="barrel_swap" frame="0" z_index="15" m_a="0.800000" m_b="0.000000" m_c="0.000000" m_d="0.800000" m_tx="0.000000" m_ty="8.000000"/>
   <element name="barrel" layername="barrel" frame="0" z_index="16" m_a="0.800000" m_b="0.000000" m_c="0.000000" m_d="0.800000" m_tx="0.000000" m_ty="8.000000"/>
  </frame>
  <frame idx="400" w="349" h="635" x="-11.000000" y="-169.275009">
   <element name="shadows" layername="shadows" frame="0" z_index="17" m_a="1.000000" m_b="0.000000" m_c="0.000000" m_d="0.800000" m_tx="0.000000" m_ty="5.000000"/>
   <element name="swap" layername="barrel_swap" frame="0" z_index="15" m_a="0.800000" m_b="0.000000" m_c="0.000000" m_d="0.800000" m_tx="0.000000" m_ty="8.000000"/>
   <element name="barrel" layername="barrel" frame="0" z_index="16" m_a="0.800000" m_b="0.000000" m_c="0.000000" m_d="0.800000" m_tx="0.000000" m_ty="8.000000"/>
  </frame>
  <frame idx="425" w="349" h="635" x="-11.000000" y="-169.275009">
   <element name="shadows" layername="shadows" frame="0" z_index="17" m_a="1.000000" m_b="0.000000" m_c="0.000000" m_d="0.800000" m_tx="0.000000" m_ty="5.000000"/>
   <element name="swap" layername="barrel_swap" frame="0" z_index="15" m_a="0.800000" m_b="0.000000" m_c="0.000000" m_d="0.800000" m_tx="0.000000" m_ty="8.000000"/>
   <element name="barrel" layername="barrel" frame="0" z_index="16" m_a="0.800000" m_b="0.000000" m_c="0.000000" m_d="0.800000" m_tx="0.000000" m_ty="8.000000"/>
  </frame>
  <frame idx="450" w="349" h="635" x="-11.000000" y="-169.275009">
   <element name="shadows" layername="shadows" frame="0" z_index="17" m_a="1.000000" m_b="0.000000" m_c="0.000000" m_d="0.800000" m_tx="0.000000" m_ty="5.000000"/>
   <element name="swap" layername="barrel_swap" frame="0" z_index="15" m_a="0.800000" m_b="0.000000" m_c="0.000000" m_d="0.800000" m_tx="0.000000" m_ty="8.000000"/>
   <element name="barrel" layername="barrel" frame="0" z_index="16" m_a="0.800000" m_b="0.000000" m_c="0.000000" m_d="0.800000" m_tx="0.000000" m_ty="8.000000"/>
  </frame>
  <frame idx="475" w="349" h="635" x="-11.000000" y="-169.275009">
   <element name="shadows" layername="shadows" frame="0" z_index="17" m_a="1.000000" m_b="0.000000" m_c="0.000000" m_d="0.800000" m_tx="0.000000" m_ty="5.000000"/>
   <element name="swap" layername="barrel_swap" frame="0" z_index="15" m_a="0.800000" m_b="0.000000" m_c="0.000000" m_d="0.800000" m_tx="0.000000" m_ty="8.000000"/>
   <element name="barrel" layername="barrel" frame="0" z_index="16" m_a="0.800000" m_b="0.000000" m_c="0.000000" m_d="0.800000" m_tx="0.000000" m_ty="8.000000"/>
  </frame>
  <frame idx="500" w="349" h="635" x="-11.000000" y="-169.275009">
   <element name="shadows" layername="shadows" frame="0" z_index="17" m_a="1.000000" m_b="0.000000" m_c="0.000000" m_d="0.800000" m_tx="0.000000" m_ty="5.000000"/>
   <element name="swap" layername="barrel_swap" frame="0" z_index="15" m_a="0.800000" m_b="0.000000" m_c="0.000000" m_d="0.800000" m_tx="0.000000" m_ty="8.000000"/>
   <element name="barrel" layername="barrel" frame="0" z_index="16" m_a="0.800000" m_b="0.000000" m_c="0.000000" m_d="0.800000" m_tx="0.000000" m_ty="8.000000"/>
  </frame>
  <frame idx="525" w="349" h="635" x="-11.000000" y="-169.275009">
   <element name="shadows" layername="shadows" frame="0" z_index="17" m_a="1.000000" m_b="0.000000" m_c="0.000000" m_d="0.800000" m_tx="0.000000" m_ty="5.000000"/>
   <element name="swap" layername="barrel_swap" frame="0" z_index="15" m_a="0.800000" m_b="0.000000" m_c="0.000000" m_d="0.800000" m_tx="0.000000" m_ty="8.000000"/>
   <element name="barrel" layername="barrel" frame="0" z_index="16" m_a="0.800000" m_b="0.000000" m_c="0.000000" m_d="0.800000" m_tx="0.000000" m_ty="8.000000"/>
  </frame>
  <frame idx="550" w="349" h="635" x="-11.000000" y="-169.275009">
   <element name="shadows" layername="shadows" frame="0" z_index="17" m_a="1.000000" m_b="0.000000" m_c="0.000000" m_d="0.800000" m_tx="0.000000" m_ty="5.000000"/>
   <element name="swap" layername="barrel_swap" frame="0" z_index="15" m_a="0.800000" m_b="0.000000" m_c="0.000000" m_d="0.800000" m_tx="0.000000" m_ty="8.000000"/>
   <element name="barrel" layername="barrel" frame="0" z_index="16" m_a="0.800000" m_b="0.000000" m_c="0.000000" m_d="0.800000" m_tx="0.000000" m_ty="8.000000"/>
  </frame>
  <frame idx="575" w="349" h="635" x="-11.000000" y="-169.275009">
   <element name="shadows" layername="shadows" frame="0" z_index="17" m_a="1.000000" m_b="0.000000" m_c="0.000000" m_d="0.800000" m_tx="0.000000" m_ty="5.000000"/>
   <element name="swap" layername="barrel_swap" frame="0" z_index="15" m_a="0.800000" m_b="0.000000" m_c="0.000000" m_d="0.800000" m_tx="0.000000" m_ty="8.000000"/>
   <element name="barrel" layername="barrel" frame="0" z_index="16" m_a="0.800000" m_b="0.000000" m_c="0.000000" m_d="0.800000" m_tx="0.000000" m_ty="8.000000"/>
  </frame>
  <frame idx="600" w="349" h="635" x="-11.000000" y="-169.275009">
   <element name="shadows" layername="shadows" frame="0" z_index="17" m_a="1.000000" m_b="0.000000" m_c="0.000000" m_d="0.800000" m_tx="0.000000" m_ty="5.000000"/>
   <element name="swap" layername="barrel_swap" frame="0" z_index="15" m_a="0.800000" m_b="0.000000" m_c="0.000000" m_d="0.800000" m_tx="0.000000" m_ty="8.000000"/>
   <element name="barrel" layername="barrel" frame="0" z_index="16" m_a="0.800000" m_b="0.000000" m_c="0.000000" m_d="0.800000" m_tx="0.000000" m_ty="8.000000"/>
  </frame>
  <frame idx="625" w="349" h="635" x="-11.000000" y="-169.275009">
   <element name="shadows" layername="shadows" frame="0" z_index="17" m_a="1.000000" m_b="0.000000" m_c="0.000000" m_d="0.800000" m_tx="0.000000" m_ty="5.000000"/>
   <element name="swap" layername="barrel_swap" frame="0" z_index="15" m_a="0.800000" m_b="0.000000" m_c="0.000000" m_d="0.800000" m_tx="0.000000" m_ty="8.000000"/>
   <element name="barrel" layername="barrel" frame="0" z_index="16" m_a="0.800000" m_b="0.000000" m_c="0.000000" m_d="0.800000" m_tx="0.000000" m_ty="8.000000"/>
  </frame>
  <frame idx="650" w="349" h="635" x="-11.000000" y="-169.275009">
   <element name="shadows" layername="shadows" frame="0" z_index="17" m_a="1.000000" m_b="0.000000" m_c="0.000000" m_d="0.800000" m_tx="0.000000" m_ty="5.000000"/>
   <element name="swap" layername="barrel_swap" frame="0" z_index="15" m_a="0.800000" m_b="0.000000" m_c="0.000000" m_d="0.800000" m_tx="0.000000" m_ty="8.000000"/>
   <element name="barrel" layername="barrel" frame="0" z_index="16" m_a="0.800000" m_b="0.000000" m_c="0.000000" m_d="0.800000" m_tx="0.000000" m_ty="8.000000"/>
  </frame>
  <frame idx="675" w="349" h="635" x="-11.000000" y="-169.275009">
   <element name="shadows" layername="shadows" frame="0" z_index="17" m_a="1.000000" m_b="0.000000" m_c="0.000000" m_d="0.800000" m_tx="0.000000" m_ty="5.000000"/>
   <element name="swap" layername="barrel_swap" frame="0" z_index="15" m_a="0.800000" m_b="0.000000" m_c="0.000000" m_d="0.800000" m_tx="0.000000" m_ty="8.000000"/>
   <element name="barrel" layername="barrel" frame="0" z_index="16" m_a="0.800000" m_b="0.000000" m_c="0.000000" m_d="0.800000" m_tx="0.000000" m_ty="8.000000"/>
  </frame>
  <frame idx="700" w="349" h="635" x="-11.000000" y="-169.275009">
   <element name="shadows" layername="shadows" frame="0" z_index="17" m_a="1.000000" m_b="0.000000" m_c="0.000000" m_d="0.800000" m_tx="0.000000" m_ty="5.000000"/>
   <element name="swap" layername="barrel_swap" frame="0" z_index="15" m_a="0.800000" m_b="0.000000" m_c="0.000000" m_d="0.800000" m_tx="0.000000" m_ty="8.000000"/>
   <element name="barrel" layername="barrel" frame="0" z_index="16" m_a="0.800000" m_b="0.000000" m_c="0.000000" m_d="0.800000" m_tx="0.000000" m_ty="8.000000"/>
  </frame>
  <frame idx="725" w="349" h="635" x="-11.000000" y="-169.275009">
   <element name="shadows" layername="shadows" frame="0" z_index="17" m_a="1.000000" m_b="0.000000" m_c="0.000000" m_d="0.800000" m_tx="0.000000" m_ty="5.000000"/>
   <element name="swap" layername="barrel_swap" frame="0" z_index="15" m_a="0.800000" m_b="0.000000" m_c="0.000000" m_d="0.800000" m_tx="0.000000" m_ty="8.000000"/>
   <element name="barrel" layername="barrel" frame="0" z_index="16" m_a="0.800000" m_b="0.000000" m_c="0.000000" m_d="0.800000" m_tx="0.000000" m_ty="8.000000"/>
  </frame>
  <frame idx="750" w="349" h="635" x="-11.000000" y="-169.275009">
   <element name="shadows" layername="shadows" frame="0" z_index="17" m_a="1.000000" m_b="0.000000" m_c="0.000000" m_d="0.800000" m_tx="0.000000" m_ty="5.000000"/>
   <element name="swap" layername="barrel_swap" frame="0" z_index="15" m_a="0.800000" m_b="0.000000" m_c="0.000000" m_d="0.800000" m_tx="0.000000" m_ty="8.000000"/>
   <element name="barrel" layername="barrel" frame="0" z_index="16" m_a="0.800000" m_b="0.000000" m_c="0.000000" m_d="0.800000" m_tx="0.000000" m_ty="8.000000"/>
  </frame>
  <frame idx="775" w="349" h="635" x="-11.000000" y="-169.275009">
   <element name="shadows" layername="shadows" frame="0" z_index="17" m_a="1.000000" m_b="0.000000" m_c="0.000000" m_d="0.800000" m_tx="0.000000" m_ty="5.000000"/>
   <element name="swap" layername="barrel_swap" frame="0" z_index="15" m_a="0.800000" m_b="0.000000" m_c="0.000000" m_d="0.800000" m_tx="0.000000" m_ty="8.000000"/>
   <element name="barrel" layername="barrel" frame="0" z_index="16" m_a="0.800000" m_b="0.000000" m_c="0.000000" m_d="0.800000" m_tx="0.000000" m_ty="8.000000"/>
  </frame>
  <frame idx="800" w="349" h="635" x="-11.000000" y="-169.275009">
   <element name="shadows" layername="shadows" frame="0" z_index="17" m_a="1.000000" m_b="0.000000" m_c="0.000000" m_d="0.800000" m_tx="0.000000" m_ty="5.000000"/>
   <element name="swap" layername="barrel_swap" frame="0" z_index="15" m_a="0.800000" m_b="0.000000" m_c="0.000000" m_d="0.800000" m_tx="0.000000" m_ty="8.000000"/>
   <element name="barrel" layername="barrel" frame="0" z_index="16" m_a="0.800000" m_b="0.000000" m_c="0.000000" m_d="0.800000" m_tx="0.000000" m_ty="8.000000"/>
  </frame>
  <frame idx="825" w="349" h="635" x="-11.000000" y="-169.275009">
   <element name="shadows" layername="shadows" frame="0" z_index="17" m_a="1.000000" m_b="0.000000" m_c="0.000000" m_d="0.800000" m_tx="0.000000" m_ty="5.000000"/>
   <element name="swap" layername="barrel_swap" frame="0" z_index="15" m_a="0.800000" m_b="0.000000" m_c="0.000000" m_d="0.800000" m_tx="0.000000" m_ty="8.000000"/>
   <element name="barrel" layername="barrel" frame="0" z_index="16" m_a="0.800000" m_b="0.000000" m_c="0.000000" m_d="0.800000" m_tx="0.000000" m_ty="8.000000"/>
  </frame>
  <frame idx="850" w="349" h="635" x="-11.000000" y="-169.275009">
   <element name="shadows" layername="shadows" frame="0" z_index="17" m_a="1.000000" m_b="0.000000" m_c="0.000000" m_d="0.800000" m_tx="0.000000" m_ty="5.000000"/>
   <element name="swap" layername="barrel_swap" frame="0" z_index="15" m_a="0.800000" m_b="0.000000" m_c="0.000000" m_d="0.800000" m_tx="0.000000" m_ty="8.000000"/>
   <element name="barrel" layername="barrel" frame="0" z_index="16" m_a="0.800000" m_b="0.000000" m_c="0.000000" m_d="0.800000" m_tx="0.000000" m_ty="8.000000"/>
  </frame>
  <frame idx="875" w="349" h="635" x="-11.000000" y="-169.275009">
   <element name="shadows" layername="shadows" frame="0" z_index="17" m_a="1.000000" m_b="0.000000" m_c="0.000000" m_d="0.800000" m_tx="0.000000" m_ty="5.000000"/>
   <element name="swap" layername="barrel_swap" frame="0" z_index="15" m_a="0.800000" m_b="0.000000" m_c="0.000000" m_d="0.800000" m_tx="0.000000" m_ty="8.000000"/>
   <element name="barrel" layername="barrel" frame="0" z_index="16" m_a="0.800000" m_b="0.000000" m_c="0.000000" m_d="0.800000" m_tx="0.000000" m_ty="8.000000"/>
  </frame>
  <frame idx="900" w="349" h="635" x="-11.000000" y="-169.275009">
   <element name="shadows" layername="shadows" frame="0" z_index="17" m_a="1.000000" m_b="0.000000" m_c="0.000000" m_d="0.800000" m_tx="0.000000" m_ty="5.000000"/>
   <element name="swap" layername="barrel_swap" frame="0" z_index="15" m_a="0.800000" m_b="0.000000" m_c="0.000000" m_d="0.800000" m_tx="0.000000" m_ty="8.000000"/>
   <element name="barrel" layername="barrel" frame="0" z_index="16" m_a="0.800000" m_b="0.000000" m_c="0.000000" m_d="0.800000" m_tx="0.000000" m_ty="8.000000"/>
  </frame>
  <frame idx="925" w="349" h="635" x="-11.000000" y="-169.275009">
   <element name="shadows" layername="shadows" frame="0" z_index="17" m_a="1.000000" m_b="0.000000" m_c="0.000000" m_d="0.800000" m_tx="0.000000" m_ty="5.000000"/>
   <element name="swap" layername="barrel_swap" frame="0" z_index="15" m_a="0.800000" m_b="0.000000" m_c="0.000000" m_d="0.800000" m_tx="0.000000" m_ty="8.000000"/>
   <element name="barrel" layername="barrel" frame="0" z_index="16" m_a="0.800000" m_b="0.000000" m_c="0.000000" m_d="0.800000" m_tx="0.000000" m_ty="8.000000"/>
  </frame>
  <frame idx="950" w="349" h="635" x="-11.000000" y="-169.275009">
   <element name="shadows" layername="shadows" frame="0" z_index="17" m_a="1.000000" m_b="0.000000" m_c="0.000000" m_d="0.800000" m_tx="0.000000" m_ty="5.000000"/>
   <element name="swap" layername="barrel_swap" frame="0" z_index="15" m_a="0.800000" m_b="0.000000" m_c="0.000000" m_d="0.800000" m_tx="0.000000" m_ty="8.000000"/>
   <element name="barrel" layername="barrel" frame="0" z_index="16" m_a="0.800000" m_b="0.000000" m_c="0.000000" m_d="0.800000" m_tx="0.000000" m_ty="8.000000"/>
  </frame>
  <frame idx="975" w="349" h="635" x="-11.000000" y="-169.275009">
   <element name="shadows" layername="shadows" frame="0" z_index="17" m_a="1.000000" m_b="0.000000" m_c="0.000000" m_d="0.800000" m_tx="0.000000" m_ty="5.000000"/>
   <element name="swap" layername="barrel_swap" frame="0" z_index="15" m_a="0.800000" m_b="0.000000" m_c="0.000000" m_d="0.800000" m_tx="0.000000" m_ty="8.000000"/>
   <element name="barrel" layername="barrel" frame="0" z_index="16" m_a="0.800000" m_b="0.000000" m_c="0.000000" m_d="0.800000" m_tx="0.000000" m_ty="8.000000"/>
  </frame>
  <frame idx="1000" w="349" h="635" x="-11.000000" y="-169.275009">
   <element name="shadows" layername="shadows" frame="0" z_index="17" m_a="1.000000" m_b="0.000000" m_c="0.000000" m_d="0.800000" m_tx="0.000000" m_ty="5.000000"/>
   <element name="swap" layername="barrel_swap" frame="0" z_index="15" m_a="0.800000" m_b="0.000000" m_c="0.000000" m_d="0.800000" m_tx="0.000000" m_ty="8.000000"/>
   <element name="barrel" layername="barrel" frame="0" z_index="16" m_a="0.800000" m_b="0.000000" m_c="0.000000" m_d="0.800000" m_tx="0.000000" m_ty="8.000000"/>
  </frame>
  <frame idx="1025" w="349" h="635" x="-11.000000" y="-169.275009">
   <element name="shadows" layername="shadows" frame="0" z_index="17" m_a="1.000000" m_b="0.000000" m_c="0.000000" m_d="0.800000" m_tx="0.000000" m_ty="5.000000"/>
   <element name="swap" layername="barrel_swap" frame="0" z_index="15" m_a="0.800000" m_b="0.000000" m_c="0.000000" m_d="0.800000" m_tx="0.000000" m_ty="8.000000"/>
   <element name="barrel" layername="barrel" frame="0" z_index="16" m_a="0.800000" m_b="0.000000" m_c="0.000000" m_d="0.800000" m_tx="0.000000" m_ty="8.000000"/>
  </frame>
  <frame idx="1050" w="349" h="635" x="-11.000000" y="-169.275009">
   <element name="shadows" layername="shadows" frame="0" z_index="17" m_a="1.000000" m_b="0.000000" m_c="0.000000" m_d="0.800000" m_tx="0.000000" m_ty="5.000000"/>
   <element name="swap" layername="barrel_swap" frame="0" z_index="15" m_a="0.800000" m_b="0.000000" m_c="0.000000" m_d="0.800000" m_tx="0.000000" m_ty="8.000000"/>
   <element name="barrel" layername="barrel" frame="0" z_index="16" m_a="0.800000" m_b="0.000000" m_c="0.000000" m_d="0.800000" m_tx="0.000000" m_ty="8.000000"/>
  </frame>
  <frame idx="1075" w="349" h="635" x="-11.000000" y="-169.275009">
   <element name="shadows" layername="shadows" frame="0" z_index="17" m_a="1.000000" m_b="0.000000" m_c="0.000000" m_d="0.800000" m_tx="0.000000" m_ty="5.000000"/>
   <element name="swap" layername="barrel_swap" frame="0" z_index="15" m_a="0.898480" m_b="0.000000" m_c="0.000000" m_d="0.719051" m_tx="0.000000" m_ty="8.000000"/>
   <element name="barrel" layername="barrel" frame="0" z_index="16" m_a="0.898480" m_b="0.000000" m_c="0.000000" m_d="0.719051" m_tx="0.000000" m_ty="8.000000"/>
  </frame>
  <frame idx="1100" w="361" h="635" x="-0.498566" y="-169.275009">
   <element name="shadows" layername="shadows" frame="0" z_index="17" m_a="1.000000" m_b="0.000000" m_c="0.000000" m_d="0.800000" m_tx="0.000000" m_ty="5.000000"/>
   <element name="swap" layername="barrel_swap" frame="0" z_index="16" m_a="0.996960" m_b="0.000000" m_c="0.000000" m_d="0.638103" m_tx="0.000000" m_ty="8.000000"/>
   <element name="barrel" layername="barrel" frame="0" z_index="15" m_a="0.996960" m_b="0.000000" m_c="0.000000" m_d="0.638103" m_tx="0.000000" m_ty="8.000000"/>
  </frame>
  <frame idx="1125" w="349" h="635" x="-11.000000" y="-169.275009">
   <element name="shadows" layername="shadows" frame="0" z_index="17" m_a="1.000000" m_b="0.000000" m_c="0.000000" m_d="0.800000" m_tx="0.000000" m_ty="5.000000"/>
   <element name="swap" layername="barrel_swap" frame="0" z_index="16" m_a="0.898480" m_b="0.000000" m_c="0.000000" m_d="0.719051" m_tx="0.000000" m_ty="8.000000"/>
   <element name="barrel" layername="barrel" frame="0" z_index="15" m_a="0.898480" m_b="0.000000" m_c="0.000000" m_d="0.719051" m_tx="0.000000" m_ty="8.000000"/>
  </frame>
  <frame idx="1150" w="349" h="635" x="-11.000000" y="-169.275009">
   <element name="shadows" layername="shadows" frame="0" z_index="17" m_a="1.000000" m_b="0.000000" m_c="0.000000" m_d="0.800000" m_tx="0.000000" m_ty="5.000000"/>
   <element name="swap" layername="barrel_swap" frame="0" z_index="16" m_a="0.800000" m_b="0.000000" m_c="0.000000" m_d="0.800000" m_tx="0.000000" m_ty="8.000000"/>
   <element name="barrel" layername="barrel" frame="0" z_index="15" m_a="0.800000" m_b="0.000000" m_c="0.000000" m_d="0.800000" m_tx="0.000000" m_ty="8.000000"/>
  </frame>
  <frame idx="1175" w="349" h="635" x="-11.000000" y="-169.275009">
   <element name="shadows" layername="shadows" frame="0" z_index="17" m_a="1.000000" m_b="0.000000" m_c="0.000000" m_d="0.800000" m_tx="0.000000" m_ty="5.000000"/>
   <element name="swap" layername="barrel_swap" frame="0" z_index="16" m_a="0.800000" m_b="0.000000" m_c="0.000000" m_d="0.800000" m_tx="0.000000" m_ty="8.000000"/>
   <element name="barrel" layername="barrel" frame="0" z_index="15" m_a="0.800000" m_b="0.000000" m_c="0.000000" m_d="0.800000" m_tx="0.000000" m_ty="8.000000"/>
  </frame>
  <frame idx="1200" w="349" h="635" x="-11.000000" y="-169.275009">
   <element name="shadows" layername="shadows" frame="0" z_index="17" m_a="1.000000" m_b="0.000000" m_c="0.000000" m_d="0.800000" m_tx="0.000000" m_ty="5.000000"/>
   <element name="swap" layername="barrel_swap" frame="0" z_index="16" m_a="0.800000" m_b="0.000000" m_c="0.000000" m_d="0.800000" m_tx="0.000000" m_ty="8.000000"/>
   <element name="barrel" layername="barrel" frame="0" z_index="15" m_a="0.800000" m_b="0.000000" m_c="0.000000" m_d="0.800000" m_tx="0.000000" m_ty="8.000000"/>
  </frame>
 </anim>
 <anim name="burnt" root="waterbarrel" numframes="100" framerate="40">
  <frame idx="0" w="335" h="623" x="-6.631302" y="-165.417618">
   <element name="shadows" layername="shadows" frame="0" z_index="17" m_a="1.000000" m_b="0.000000" m_c="0.000000" m_d="0.800000" m_tx="0.000000" m_ty="5.000000"/>
   <element name="barrel" layername="barrel" frame="1" z_index="16" m_a="0.800000" m_b="0.000000" m_c="0.000000" m_d="0.750494" m_tx="6.737383" m_ty="14.764792"/>
  </frame>
  <frame idx="25" w="335" h="623" x="-6.631302" y="-165.417618">
   <element name="shadows" layername="shadows" frame="0" z_index="17" m_a="1.000000" m_b="0.000000" m_c="0.000000" m_d="0.800000" m_tx="0.000000" m_ty="5.000000"/>
   <element name="barrel" layername="barrel" frame="1" z_index="16" m_a="0.800000" m_b="0.000000" m_c="0.000000" m_d="0.750494" m_tx="6.737383" m_ty="14.764792"/>
  </frame>
  <frame idx="50" w="335" h="623" x="-6.631302" y="-165.417618">
   <element name="shadows" layername="shadows" frame="0" z_index="17" m_a="1.000000" m_b="0.000000" m_c="0.000000" m_d="0.800000" m_tx="0.000000" m_ty="5.000000"/>
   <element name="barrel" layername="barrel" frame="1" z_index="16" m_a="0.800000" m_b="0.000000" m_c="0.000000" m_d="0.750494" m_tx="6.737383" m_ty="14.764792"/>
  </frame>
  <frame idx="75" w="335" h="623" x="-6.631302" y="-165.417618">
   <element name="shadows" layername="shadows" frame="0" z_index="17" m_a="1.000000" m_b="0.000000" m_c="0.000000" m_d="0.800000" m_tx="0.000000" m_ty="5.000000"/>
   <element name="barrel" layername="barrel" frame="1" z_index="16" m_a="0.800000" m_b="0.000000" m_c="0.000000" m_d="0.750494" m_tx="6.737383" m_ty="14.764792"/>
  </frame>
 </anim>
 <anim name="hit_idle" root="waterbarrel" numframes="300" framerate="40">
  <frame idx="0" w="349" h="635" x="-11.000000" y="-169.275009">
   <element name="shadows" layername="shadows" frame="0" z_index="17" m_a="1.000000" m_b="0.000000" m_c="0.000000" m_d="0.800000" m_tx="0.000000" m_ty="5.000000"/>
   <element name="barrel" layername="barrel" frame="0" z_index="15" m_a="0.800000" m_b="0.000000" m_c="0.000000" m_d="0.800000" m_tx="0.000000" m_ty="8.000000"/>
   <element name="swap" layername="barrel_swap" frame="0" z_index="16" m_a="0.800000" m_b="0.000000" m_c="0.000000" m_d="0.800000" m_tx="0.000000" m_ty="8.000000"/>
  </frame>
  <frame idx="25" w="371" h="635" x="8.202301" y="-169.275009">
   <element name="shadows" layername="shadows" frame="0" z_index="17" m_a="1.000000" m_b="0.000000" m_c="0.000000" m_d="0.800000" m_tx="0.000000" m_ty="5.000000"/>
   <element name="barrel" layername="barrel" frame="0" z_index="15" m_a="1.050014" m_b="0.000000" m_c="0.000000" m_d="0.359248" m_tx="0.000000" m_ty="8.000000"/>
   <element name="swap" layername="barrel_swap" frame="0" z_index="16" m_a="1.050014" m_b="0.000000" m_c="0.000000" m_d="0.359248" m_tx="0.000000" m_ty="8.000000"/>
  </frame>
  <frame idx="50" w="371" h="635" x="-17.513077" y="-169.275009">
   <element name="shadows" layername="shadows" frame="0" z_index="17" m_a="1.000000" m_b="0.000000" m_c="0.000000" m_d="0.800000" m_tx="0.000000" m_ty="5.000000"/>
   <element name="barrel" layername="barrel" frame="0" z_index="15" m_a="0.905902" m_b="0.056583" m_c="-0.032484" m_d="0.520079" m_tx="0.000000" m_ty="8.000000"/>
   <element name="swap" layername="barrel_swap" frame="0" z_index="16" m_a="0.905902" m_b="0.056583" m_c="-0.032484" m_d="0.520079" m_tx="0.000000" m_ty="8.000000"/>
  </frame>
  <frame idx="75" w="406" h="635" x="-28.038727" y="-169.275009">
   <element name="shadows" layername="shadows" frame="0" z_index="17" m_a="1.000000" m_b="0.000000" m_c="0.000000" m_d="0.800000" m_tx="0.000000" m_ty="5.000000"/>
   <element name="barrel" layername="barrel" frame="0" z_index="15" m_a="0.759373" m_b="0.095233" m_c="-0.084981" m_d="0.677630" m_tx="0.000000" m_ty="8.000000"/>
   <element name="swap" layername="barrel_swap" frame="0" z_index="16" m_a="0.759373" m_b="0.095233" m_c="-0.084981" m_d="0.677630" m_tx="0.000000" m_ty="8.000000"/>
  </frame>
  <frame idx="100" w="454" h="635" x="-42.512375" y="-169.275009">
   <element name="shadows" layername="shadows" frame="0" z_index="17" m_a="1.000000" m_b="0.000000" m_c="0.000000" m_d="0.800000" m_tx="0.000000" m_ty="5.000000"/>
   <element name="barrel" layername="barrel" frame="0" z_index="15" m_a="0.612098" m_b="0.115902" m_c="-0.157169" m_d="0.830034" m_tx="0.000000" m_ty="8.000000"/>
   <element name="swap" layername="barrel_swap" frame="0" z_index="16" m_a="0.612098" m_b="0.115902" m_c="-0.157169" m_d="0.830034" m_tx="0.000000" m_ty="8.000000"/>
  </frame>
  <frame idx="125" w="349" h="642" x="-11.000000" y="-171.338165">
   <element name="shadows" layername="shadows" frame="0" z_index="17" m_a="1.000000" m_b="0.000000" m_c="0.000000" m_d="0.800000" m_tx="0.000000" m_ty="5.000000"/>
   <element name="barrel" layername="barrel" frame="0" z_index="15" m_a="0.644980" m_b="-0.012580" m_c="0.016365" m_d="0.839025" m_tx="0.000000" m_ty="8.000000"/>
   <element name="swap" layername="barrel_swap" frame="0" z_index="16" m_a="0.644980" m_b="-0.012580" m_c="0.016365" m_d="0.839025" m_tx="0.000000" m_ty="8.000000"/>
  </frame>
  <frame idx="150" w="349" h="717" x="-11.000000" y="-193.810425">
   <element name="shadows" layername="shadows" frame="0" z_index="17" m_a="1.000000" m_b="0.000000" m_c="0.000000" m_d="0.800000" m_tx="0.000000" m_ty="5.000000"/>
   <element name="barrel" layername="barrel" frame="0" z_index="15" m_a="0.650242" m_b="-0.149606" m_c="0.186906" m_d="0.812363" m_tx="0.000000" m_ty="8.000000"/>
   <element name="swap" layername="barrel_swap" frame="0" z_index="16" m_a="0.650242" m_b="-0.149606" m_c="0.186906" m_d="0.812363" m_tx="0.000000" m_ty="8.000000"/>
  </frame>
  <frame idx="175" w="349" h="655" x="-11.000000" y="-175.220398">
   <element name="shadows" layername="shadows" frame="0" z_index="17" m_a="1.000000" m_b="0.000000" m_c="0.000000" m_d="0.800000" m_tx="0.000000" m_ty="5.000000"/>
   <element name="barrel" layername="barrel" frame="0" z_index="15" m_a="0.688405" m_b="-0.036252" m_c="0.043543" m_d="0.826844" m_tx="0.000000" m_ty="8.000000"/>
   <element name="swap" layername="barrel_swap" frame="0" z_index="16" m_a="0.688405" m_b="-0.036252" m_c="0.043543" m_d="0.826844" m_tx="0.000000" m_ty="8.000000"/>
  </frame>
  <frame idx="200" w="415" h="635" x="-30.889359" y="-169.275009">
   <element name="shadows" layername="shadows" frame="0" z_index="17" m_a="1.000000" m_b="0.000000" m_c="0.000000" m_d="0.800000" m_tx="0.000000" m_ty="5.000000"/>
   <element name="barrel" layername="barrel" frame="0" z_index="15" m_a="0.706292" m_b="0.085821" m_c="-0.099199" m_d="0.816387" m_tx="0.000000" m_ty="8.000000"/>
   <element name="swap" layername="barrel_swap" frame="0" z_index="16" m_a="0.706292" m_b="0.085821" m_c="-0.099199" m_d="0.816387" m_tx="0.000000" m_ty="8.000000"/>
  </frame>
  <frame idx="225" w="369" h="635" x="-16.923477" y="-169.275009">
   <element name="shadows" layername="shadows" frame="0" z_index="17" m_a="1.000000" m_b="0.000000" m_c="0.000000" m_d="0.800000" m_tx="0.000000" m_ty="5.000000"/>
   <element name="barrel" layername="barrel" frame="0" z_index="15" m_a="0.733072" m_b="0.028239" m_c="-0.029544" m_d="0.766927" m_tx="0.000000" m_ty="8.000000"/>
   <element name="swap" layername="barrel_swap" frame="0" z_index="16" m_a="0.733072" m_b="0.028239" m_c="-0.029544" m_d="0.766927" m_tx="0.000000" m_ty="8.000000"/>
  </frame>
  <frame idx="250" w="349" h="653" x="-11.000000" y="-174.715698">
   <element name="shadows" layername="shadows" frame="0" z_index="17" m_a="1.000000" m_b="0.000000" m_c="0.000000" m_d="0.800000" m_tx="0.000000" m_ty="5.000000"/>
   <element name="barrel" layername="barrel" frame="0" z_index="15" m_a="0.755015" m_b="-0.033175" m_c="0.031281" m_d="0.711912" m_tx="0.000000" m_ty="8.000000"/>
   <element name="swap" layername="barrel_swap" frame="0" z_index="16" m_a="0.755015" m_b="-0.033175" m_c="0.031281" m_d="0.711912" m_tx="0.000000" m_ty="8.000000"/>
  </frame>
  <frame idx="275" w="349" h="645" x="-11.000000" y="-172.075684">
   <element name="shadows" layername="shadows" frame="0" z_index="17" m_a="1.000000" m_b="0.000000" m_c="0.000000" m_d="0.800000" m_tx="0.000000" m_ty="5.000000"/>
   <element name="barrel" layername="barrel" frame="0" z_index="15" m_a="0.777684" m_b="-0.017077" m_c="0.016604" m_d="0.756117" m_tx="0.000000" m_ty="8.000000"/>
   <element name="swap" layername="barrel_swap" frame="0" z_index="16" m_a="0.777684" m_b="-0.017077" m_c="0.016604" m_d="0.756117" m_tx="0.000000" m_ty="8.000000"/>
  </frame>
 </anim>
 <anim name="place" root="waterbarrel" numframes="625" framerate="40">
  <frame idx="0" w="2" h="0" x="0.000000" y="0.000000"/>
  <frame idx="25" w="2" h="0" x="0.000000" y="0.000000"/>
  <frame idx="50" w="209" h="1194" x="-35.458916" y="-916.268982">
   <element name="barrel" layername="barrel" frame="0" z_index="15" m_a="0.024355" m_b="-0.022163" m_c="0.364492" m_d="0.400541" m_tx="51.466183" m_ty="-611.992615"/>
   <element name="swap" layername="barrel_swap" frame="0" z_index="16" m_a="0.024355" m_b="-0.022163" m_c="0.364492" m_d="0.400541" m_tx="51.466183" m_ty="-611.992615"/>
  </frame>
  <frame idx="75" w="260" h="1342" x="46.879921" y="-928.128601">
   <element name="barrel" layername="barrel" frame="0" z_index="15" m_a="0.308020" m_b="-0.280298" m_c="0.451462" m_d="0.496112" m_tx="69.846489" m_ty="-600.680298"/>
   <element name="swap" layername="barrel_swap" frame="0" z_index="16" m_a="0.308020" m_b="-0.280298" m_c="0.451462" m_d="0.496112" m_tx="69.846489" m_ty="-600.680298"/>
  </frame>
  <frame idx="100" w="310" h="1490" x="129.218781" y="-939.988281">
   <element name="barrel" layername="barrel" frame="0" z_index="15" m_a="0.591684" m_b="-0.538433" m_c="0.538433" m_d="0.591684" m_tx="88.226799" m_ty="-589.368042"/>
   <element name="swap" layername="barrel_swap" frame="0" z_index="16" m_a="0.591684" m_b="-0.538433" m_c="0.538433" m_d="0.591684" m_tx="88.226799" m_ty="-589.368042"/>
  </frame>
  <frame idx="125" w="324" h="1390" x="98.113564" y="-851.538940">
   <element name="barrel" layername="barrel" frame="0" z_index="15" m_a="0.680453" m_b="-0.420694" m_c="0.420694" m_d="0.680453" m_tx="66.170097" m_ty="-538.026062"/>
   <element name="swap" layername="barrel_swap" frame="0" z_index="16" m_a="0.680453" m_b="-0.420694" m_c="0.420694" m_d="0.680453" m_tx="66.170097" m_ty="-538.026062"/>
  </frame>
  <frame idx="150" w="383" h="1608" x="63.465591" y="-487.910217">
   <element name="barrel" layername="barrel" frame="0" z_index="15" m_a="0.716328" m_b="-0.356194" m_c="0.356194" m_d="0.716328" m_tx="55.141747" m_ty="-476.355042"/>
   <element name="shadows" layername="shadows" frame="0" z_index="17" m_a="0.558479" m_b="0.000000" m_c="0.000000" m_d="0.431800" m_tx="0.000000" m_ty="5.000000"/>
   <element name="swap" layername="barrel_swap" frame="0" z_index="16" m_a="0.716328" m_b="-0.356194" m_c="0.356194" m_d="0.716328" m_tx="55.141747" m_ty="-476.355042"/>
  </frame>
  <frame idx="175" w="368" h="1474" x="49.294968" y="-441.489105">
   <element name="barrel" layername="barrel" frame="0" z_index="15" m_a="0.746106" m_b="-0.288663" m_c="0.288663" m_d="0.746106" m_tx="44.113400" m_ty="-414.684021"/>
   <element name="shadows" layername="shadows" frame="0" z_index="17" m_a="0.668860" m_b="0.000000" m_c="0.000000" m_d="0.523850" m_tx="0.000000" m_ty="5.000000"/>
   <element name="swap" layername="barrel_swap" frame="0" z_index="16" m_a="0.746106" m_b="-0.288663" m_c="0.288663" m_d="0.746106" m_tx="44.113400" m_ty="-414.684021"/>
  </frame>
  <frame idx="200" w="332" h="1091" x="16.438263" y="-319.296295">
   <element name="barrel" layername="barrel" frame="0" z_index="15" m_a="0.786411" m_b="-0.146825" m_c="0.146825" m_d="0.786411" m_tx="22.056700" m_ty="-225.842010"/>
   <element name="shadows" layername="shadows" frame="0" z_index="17" m_a="0.779240" m_b="0.000000" m_c="0.000000" m_d="0.615900" m_tx="0.000000" m_ty="5.000000"/>
   <element name="swap" layername="barrel_swap" frame="0" z_index="16" m_a="0.786411" m_b="-0.146825" m_c="0.146825" m_d="0.786411" m_tx="22.056700" m_ty="-225.842010"/>
  </frame>
  <frame idx="225" w="329" h="863" x="-7.547821" y="-244.337128">
   <element name="barrel" layername="barrel" frame="0" z_index="15" m_a="0.796596" m_b="-0.073726" m_c="0.073726" m_d="0.796596" m_tx="11.028350" m_ty="-108.921005"/>
   <element name="shadows" layername="shadows" frame="0" z_index="17" m_a="0.889620" m_b="0.000000" m_c="0.000000" m_d="0.707950" m_tx="0.000000" m_ty="5.000000"/>
   <element name="swap" layername="barrel_swap" frame="0" z_index="16" m_a="0.796596" m_b="-0.073726" m_c="0.073726" m_d="0.796596" m_tx="11.028350" m_ty="-108.921005"/>
  </frame>
  <frame idx="250" w="349" h="635" x="-11.000000" y="-169.275009">
   <element name="barrel" layername="barrel" frame="0" z_index="15" m_a="0.800000" m_b="0.000000" m_c="0.000000" m_d="0.800000" m_tx="0.000000" m_ty="8.000000"/>
   <element name="shadows" layername="shadows" frame="0" z_index="17" m_a="1.000000" m_b="0.000000" m_c="0.000000" m_d="0.800000" m_tx="0.000000" m_ty="5.000000"/>
   <element name="swap" layername="barrel_swap" frame="0" z_index="16" m_a="0.800000" m_b="0.000000" m_c="0.000000" m_d="0.800000" m_tx="0.000000" m_ty="8.000000"/>
  </frame>
  <frame idx="275" w="449" h="622" x="79.514633" y="-181.649963">
   <element name="barrel" layername="barrel" frame="0" z_index="15" m_a="1.304458" m_b="0.000000" m_c="0.000000" m_d="0.271071" m_tx="0.000000" m_ty="8.000000"/>
   <element name="shadows" layername="shadows" frame="0" z_index="17" m_a="1.637427" m_b="0.000000" m_c="0.000000" m_d="0.547450" m_tx="0.000000" m_ty="5.000000"/>
   <element name="swap" layername="barrel_swap" frame="0" z_index="16" m_a="1.304458" m_b="0.000000" m_c="0.000000" m_d="0.271071" m_tx="0.000000" m_ty="8.000000"/>
  </frame>
  <frame idx="300" w="413" h="626" x="46.298264" y="-177.524963">
   <element name="barrel" layername="barrel" frame="0" z_index="15" m_a="1.110033" m_b="0.000000" m_c="0.000000" m_d="0.485638" m_tx="0.000000" m_ty="8.000000"/>
   <element name="shadows" layername="shadows" frame="0" z_index="17" m_a="1.403509" m_b="0.000000" m_c="0.000000" m_d="0.631634" m_tx="0.000000" m_ty="5.000000"/>
   <element name="swap" layername="barrel_swap" frame="0" z_index="16" m_a="1.110033" m_b="0.000000" m_c="0.000000" m_d="0.485638" m_tx="0.000000" m_ty="8.000000"/>
  </frame>
  <frame idx="325" w="377" h="631" x="13.081909" y="-173.399979">
   <element name="barrel" layername="barrel" frame="0" z_index="15" m_a="0.915607" m_b="0.000000" m_c="0.000000" m_d="0.700206" m_tx="0.000000" m_ty="8.000000"/>
   <element name="shadows" layername="shadows" frame="0" z_index="17" m_a="1.169591" m_b="0.000000" m_c="0.000000" m_d="0.715817" m_tx="0.000000" m_ty="5.000000"/>
   <element name="swap" layername="barrel_swap" frame="0" z_index="16" m_a="0.915607" m_b="0.000000" m_c="0.000000" m_d="0.700206" m_tx="0.000000" m_ty="8.000000"/>
  </frame>
  <frame idx="350" w="398" h="632" x="3.245209" y="-172.574982">
   <element name="barrel" layername="barrel" frame="0" z_index="15" m_a="0.531666" m_b="0.021259" m_c="-0.037009" m_d="0.925577" m_tx="0.000000" m_ty="8.000000"/>
   <element name="shadows" layername="shadows" frame="0" z_index="17" m_a="1.135673" m_b="0.000000" m_c="0.000000" m_d="0.732654" m_tx="4.800000" m_ty="5.000000"/>
   <element name="swap" layername="barrel_swap" frame="0" z_index="16" m_a="0.531666" m_b="0.021259" m_c="-0.037009" m_d="0.925577" m_tx="0.000000" m_ty="8.000000"/>
  </frame>
  <frame idx="375" w="418" h="633" x="-6.074142" y="-171.749985">
   <element name="barrel" layername="barrel" frame="0" z_index="15" m_a="0.597156" m_b="0.047831" m_c="-0.071438" m_d="0.891881" m_tx="0.000000" m_ty="8.000000"/>
   <element name="shadows" layername="shadows" frame="0" z_index="17" m_a="1.101755" m_b="0.000000" m_c="0.000000" m_d="0.749490" m_tx="9.600000" m_ty="5.000000"/>
   <element name="swap" layername="barrel_swap" frame="0" z_index="16" m_a="0.597156" m_b="0.047831" m_c="-0.071438" m_d="0.891881" m_tx="0.000000" m_ty="8.000000"/>
  </frame>
  <frame idx="400" w="436" h="633" x="-14.866455" y="-170.924988">
   <element name="barrel" layername="barrel" frame="0" z_index="15" m_a="0.661264" m_b="0.079662" m_c="-0.103238" m_d="0.856962" m_tx="0.000000" m_ty="8.000000"/>
   <element name="shadows" layername="shadows" frame="0" z_index="17" m_a="1.067836" m_b="0.000000" m_c="0.000000" m_d="0.766327" m_tx="14.400001" m_ty="5.000000"/>
   <element name="swap" layername="barrel_swap" frame="0" z_index="16" m_a="0.661264" m_b="0.079662" m_c="-0.103238" m_d="0.856962" m_tx="0.000000" m_ty="8.000000"/>
  </frame>
  <frame idx="425" w="454" h="634" x="-23.123260" y="-170.100006">
   <element name="barrel" layername="barrel" frame="0" z_index="15" m_a="0.723677" m_b="0.116679" m_c="-0.132367" m_d="0.820977" m_tx="0.000000" m_ty="8.000000"/>
   <element name="shadows" layername="shadows" frame="0" z_index="17" m_a="1.033918" m_b="0.000000" m_c="0.000000" m_d="0.783163" m_tx="19.200001" m_ty="5.000000"/>
   <element name="swap" layername="barrel_swap" frame="0" z_index="16" m_a="0.723677" m_b="0.116679" m_c="-0.132367" m_d="0.820977" m_tx="0.000000" m_ty="8.000000"/>
  </frame>
  <frame idx="450" w="468" h="635" x="-30.838165" y="-169.275009">
   <element name="barrel" layername="barrel" frame="0" z_index="15" m_a="0.784082" m_b="0.158794" m_c="-0.158794" m_d="0.784082" m_tx="0.000000" m_ty="8.000000"/>
   <element name="shadows" layername="shadows" frame="0" z_index="17" m_a="1.000000" m_b="0.000000" m_c="0.000000" m_d="0.800000" m_tx="24.000000" m_ty="5.000000"/>
   <element name="swap" layername="barrel_swap" frame="0" z_index="16" m_a="0.784082" m_b="0.158794" m_c="-0.158794" m_d="0.784082" m_tx="0.000000" m_ty="8.000000"/>
  </frame>
  <frame idx="475" w="433" h="635" x="-25.193741" y="-169.275009">
   <element name="barrel" layername="barrel" frame="0" z_index="15" m_a="0.792218" m_b="0.111315" m_c="-0.111315" m_d="0.792218" m_tx="0.000000" m_ty="8.000000"/>
   <element name="shadows" layername="shadows" frame="0" z_index="17" m_a="1.000000" m_b="0.000000" m_c="0.000000" m_d="0.800000" m_tx="16.250000" m_ty="5.000000"/>
   <element name="swap" layername="barrel_swap" frame="0" z_index="16" m_a="0.792218" m_b="0.111315" m_c="-0.111315" m_d="0.792218" m_tx="0.000000" m_ty="8.000000"/>
  </frame>
  <frame idx="500" w="396" h="635" x="-19.468552" y="-169.275009">
   <element name="barrel" layername="barrel" frame="0" z_index="15" m_a="0.797481" m_b="0.063434" m_c="-0.063434" m_d="0.797481" m_tx="0.000000" m_ty="8.000000"/>
   <element name="shadows" layername="shadows" frame="0" z_index="17" m_a="1.000000" m_b="0.000000" m_c="0.000000" m_d="0.800000" m_tx="8.500000" m_ty="5.000000"/>
   <element name="swap" layername="barrel_swap" frame="0" z_index="16" m_a="0.797481" m_b="0.063434" m_c="-0.063434" m_d="0.797481" m_tx="0.000000" m_ty="8.000000"/>
  </frame>
  <frame idx="525" w="360" h="635" x="-13.697098" y="-169.275009">
   <element name="barrel" layername="barrel" frame="0" z_index="15" m_a="0.799853" m_b="0.015322" m_c="-0.015322" m_d="0.799853" m_tx="0.000000" m_ty="8.000000"/>
   <element name="shadows" layername="shadows" frame="0" z_index="17" m_a="1.000000" m_b="0.000000" m_c="0.000000" m_d="0.800000" m_tx="0.750000" m_ty="5.000000"/>
   <element name="swap" layername="barrel_swap" frame="0" z_index="16" m_a="0.799853" m_b="0.015322" m_c="-0.015322" m_d="0.799853" m_tx="0.000000" m_ty="8.000000"/>
  </frame>
  <frame idx="550" w="346" h="653" x="-14.500000" y="-174.661591">
   <element name="barrel" layername="barrel" frame="0" z_index="15" m_a="0.799325" m_b="-0.032845" m_c="0.032845" m_d="0.799325" m_tx="0.000000" m_ty="8.000000"/>
   <element name="shadows" layername="shadows" frame="0" z_index="17" m_a="1.000000" m_b="0.000000" m_c="0.000000" m_d="0.800000" m_tx="-7.000000" m_ty="5.000000"/>
   <element name="swap" layername="barrel_swap" frame="0" z_index="16" m_a="0.799325" m_b="-0.032845" m_c="0.032845" m_d="0.799325" m_tx="0.000000" m_ty="8.000000"/>
  </frame>
  <frame idx="575" w="348" h="644" x="-12.750000" y="-171.968872">
   <element name="barrel" layername="barrel" frame="0" z_index="15" m_a="0.799831" m_b="-0.016426" m_c="0.016426" m_d="0.799831" m_tx="0.000000" m_ty="8.000000"/>
   <element name="shadows" layername="shadows" frame="0" z_index="17" m_a="1.000000" m_b="0.000000" m_c="0.000000" m_d="0.800000" m_tx="-3.500000" m_ty="5.000000"/>
   <element name="swap" layername="barrel_swap" frame="0" z_index="16" m_a="0.799831" m_b="-0.016426" m_c="0.016426" m_d="0.799831" m_tx="0.000000" m_ty="8.000000"/>
  </frame>
  <frame idx="600" w="349" h="635" x="-11.000000" y="-169.275009">
   <element name="barrel" layername="barrel" frame="0" z_index="15" m_a="0.800000" m_b="0.000000" m_c="0.000000" m_d="0.800000" m_tx="0.000000" m_ty="8.000000"/>
   <element name="shadows" layername="shadows" frame="0" z_index="17" m_a="1.000000" m_b="0.000000" m_c="0.000000" m_d="0.800000" m_tx="0.000000" m_ty="5.000000"/>
   <element name="swap" layername="barrel_swap" frame="0" z_index="16" m_a="0.800000" m_b="0.000000" m_c="0.000000" m_d="0.800000" m_tx="0.000000" m_ty="8.000000"/>
  </frame>
 </anim>
</Anims>
