<Anims>
 <anim name="close" root="ui_wine_cellar_5x4" numframes="150" framerate="40">
  <frame idx="0" w="615" h="464" x="0.212280" y="1.208191">
   <element name="frame" layername="frame" frame="0" z_index="2" m_a="1.000000" m_b="0.000000" m_c="0.000000" m_d="1.000000" m_tx="0.212269" m_ty="1.208190"/>
  </frame>
  <frame idx="25" w="615" h="437" x="0.212280" y="-22.589966">
   <element name="frame" layername="frame" frame="0" z_index="2" m_a="1.000000" m_b="0.000000" m_c="0.000000" m_d="0.887213" m_tx="0.212270" m_ty="1.208190"/>
  </frame>
  <frame idx="50" w="615" h="398" x="0.212280" y="-58.896667">
   <element name="frame" layername="frame" frame="0" z_index="2" m_a="1.000000" m_b="0.000000" m_c="0.000000" m_d="0.715143" m_tx="0.212270" m_ty="1.208190"/>
  </frame>
  <frame idx="75" w="615" h="336" x="0.212280" y="-115.170380">
   <element name="frame" layername="frame" frame="0" z_index="2" m_a="1.000000" m_b="0.000000" m_c="0.000000" m_d="0.448443" m_tx="0.212270" m_ty="1.208190"/>
  </frame>
  <frame idx="100" w="615" h="244" x="0.212280" y="-198.922363">
   <element name="frame" layername="frame" frame="0" z_index="2" m_a="1.000000" m_b="0.000000" m_c="0.000000" m_d="0.051514" m_tx="0.212270" m_ty="1.208190"/>
  </frame>
  <frame idx="125" w="615" h="244" x="0.212280" y="-198.922363"/>
 </anim>
 <anim name="open" root="ui_wine_cellar_5x4" numframes="225" framerate="40">
  <frame idx="0" w="615" h="249" x="0.212280" y="-193.770996">
   <element name="frame" layername="frame" frame="0" z_index="2" m_a="1.000000" m_b="0.000000" m_c="0.000000" m_d="0.075928" m_tx="0.212270" m_ty="1.208190"/>
  </frame>
  <frame idx="25" w="620" h="286" x="4.228027" y="-160.492111">
   <element name="frame" layername="frame" frame="0" z_index="2" m_a="1.014368" m_b="0.000000" m_c="0.000000" m_d="0.233648" m_tx="0.212270" m_ty="1.208190"/>
  </frame>
  <frame idx="50" w="632" h="382" x="14.793884" y="-72.934021">
   <element name="frame" layername="frame" frame="0" z_index="2" m_a="1.052170" m_b="0.000000" m_c="0.000000" m_d="0.648615" m_tx="0.212270" m_ty="1.208190"/>
  </frame>
  <frame idx="75" w="638" h="470" x="20.993866" y="6.474152">
   <element name="frame" layername="frame" frame="0" z_index="2" m_a="1.074353" m_b="0.000000" m_c="0.000000" m_d="1.024957" m_tx="0.212270" m_ty="1.208190"/>
  </frame>
  <frame idx="100" w="626" h="467" x="10.087036" y="3.683212">
   <element name="frame" layername="frame" frame="0" z_index="2" m_a="1.035330" m_b="0.000000" m_c="0.000000" m_d="1.011730" m_tx="0.212270" m_ty="1.208190"/>
  </frame>
  <frame idx="125" w="624" h="462" x="8.019745" y="-0.091354">
   <element name="frame" layername="frame" frame="0" z_index="2" m_a="1.027934" m_b="0.000000" m_c="0.000000" m_d="0.993841" m_tx="0.212269" m_ty="1.208190"/>
  </frame>
  <frame idx="150" w="620" h="462" x="3.850922" y="-0.161285">
   <element name="frame" layername="frame" frame="0" z_index="2" m_a="1.013018" m_b="0.000000" m_c="0.000000" m_d="0.993510" m_tx="0.212269" m_ty="1.208190"/>
  </frame>
  <frame idx="175" w="615" h="464" x="0.212280" y="1.208191">
   <element name="frame" layername="frame" frame="0" z_index="2" m_a="1.000000" m_b="0.000000" m_c="0.000000" m_d="1.000000" m_tx="0.212270" m_ty="1.208190"/>
  </frame>
  <frame idx="200" w="615" h="464" x="0.212280" y="1.208191">
   <element name="frame" layername="frame" frame="0" z_index="2" m_a="1.000000" m_b="0.000000" m_c="0.000000" m_d="1.000000" m_tx="0.212269" m_ty="1.208190"/>
  </frame>
 </anim>
</Anims>
