<Anims>
 <anim name="idle" root="well_waterpump_meter" numframes="600" framerate="40">
  <frame idx="0" w="94" h="327" x="2.143810" y="-225.695221">
   <element name="meter_needle" layername="meter_needle" frame="0" z_index="1" m_a="1.362302" m_b="-0.627800" m_c="0.627800" m_d="1.362302" m_tx="-5.342650" m_ty="-215.335007"/>
  </frame>
  <frame idx="25" w="93" h="311" x="1.003242" y="-219.094116">
   <element name="meter_needle" layername="meter_needle" frame="0" z_index="1" m_a="1.442759" m_b="-0.410421" m_c="0.410421" m_d="1.442759" m_tx="-5.342650" m_ty="-215.335007"/>
  </frame>
  <frame idx="50" w="90" h="293" x="-1.140709" y="-212.747543">
   <element name="meter_needle" layername="meter_needle" frame="0" z_index="1" m_a="1.488765" m_b="-0.183242" m_c="0.183242" m_d="1.488765" m_tx="-5.342650" m_ty="-215.335007"/>
  </frame>
  <frame idx="75" w="90" h="279" x="-4.236851" y="-206.807053">
   <element name="meter_needle" layername="meter_needle" frame="0" z_index="1" m_a="1.499222" m_b="0.048313" m_c="-0.048313" m_d="1.499222" m_tx="-5.342650" m_ty="-215.335007"/>
  </frame>
  <frame idx="100" w="99" h="285" x="-8.211246" y="-201.414490">
   <element name="meter_needle" layername="meter_needle" frame="0" z_index="1" m_a="1.473879" m_b="0.278715" m_c="-0.278715" m_d="1.473879" m_tx="-5.342650" m_ty="-215.335007"/>
  </frame>
  <frame idx="125" w="109" h="290" x="-12.969002" y="-196.698639">
   <element name="meter_needle" layername="meter_needle" frame="0" z_index="1" m_a="1.413341" m_b="0.502461" m_c="-0.502461" m_d="1.413341" m_tx="-5.342650" m_ty="-215.335007"/>
  </frame>
  <frame idx="150" w="117" h="294" x="-18.396503" y="-192.772079">
   <element name="meter_needle" layername="meter_needle" frame="0" z_index="1" m_a="1.319055" m_b="0.714209" m_c="-0.714209" m_d="1.319055" m_tx="-5.342650" m_ty="-215.335007"/>
  </frame>
  <frame idx="175" w="123" h="297" x="-24.364143" y="-189.728607">
   <element name="meter_needle" layername="meter_needle" frame="0" z_index="1" m_a="1.193271" m_b="0.908902" m_c="-0.908902" m_d="1.193271" m_tx="-5.342650" m_ty="-215.335007"/>
  </frame>
  <frame idx="200" w="127" h="300" x="-30.729450" y="-187.640869">
   <element name="meter_needle" layername="meter_needle" frame="0" z_index="1" m_a="1.038994" m_b="1.081893" m_c="-1.081893" m_d="1.038994" m_tx="-5.342650" m_ty="-215.335007"/>
  </frame>
  <frame idx="225" w="129" h="302" x="-38.669662" y="-186.466156">
   <element name="meter_needle" layername="meter_needle" frame="0" z_index="1" m_a="0.821727" m_b="1.254896" m_c="-1.254896" m_d="0.821727" m_tx="-5.342650" m_ty="-215.335007"/>
  </frame>
  <frame idx="250" w="128" h="301" x="-46.690384" y="-186.775421">
   <element name="meter_needle" layername="meter_needle" frame="0" z_index="1" m_a="0.576289" m_b="1.384880" m_c="-1.384880" m_d="0.576289" m_tx="-5.342650" m_ty="-215.335007"/>
  </frame>
  <frame idx="275" w="125" h="299" x="-54.516586" y="-188.558105">
   <element name="meter_needle" layername="meter_needle" frame="0" z_index="1" m_a="0.311094" m_b="1.467386" m_c="-1.467386" m_d="0.311094" m_tx="-5.342650" m_ty="-215.335007"/>
  </frame>
  <frame idx="300" w="119" h="295" x="-61.879997" y="-191.753052">
   <element name="meter_needle" layername="meter_needle" frame="0" z_index="1" m_a="0.035234" m_b="1.499586" m_c="-1.499586" m_d="0.035234" m_tx="-5.342650" m_ty="-215.335007"/>
  </frame>
  <frame idx="325" w="137" h="306" x="-68.528152" y="-196.250763">
   <element name="meter_needle" layername="meter_needle" frame="0" z_index="1" m_a="-0.241834" m_b="1.480377" m_c="-1.480377" m_d="-0.241834" m_tx="-5.342650" m_ty="-215.335007"/>
  </frame>
  <frame idx="350" w="156" h="317" x="-74.233154" y="-201.897018">
   <element name="meter_needle" layername="meter_needle" frame="0" z_index="1" m_a="-0.510610" m_b="1.410417" m_c="-1.410417" m_d="-0.510610" m_tx="-5.342650" m_ty="-215.335007"/>
  </frame>
  <frame idx="375" w="171" h="326" x="-78.799423" y="-208.498260">
   <element name="meter_needle" layername="meter_needle" frame="0" z_index="1" m_a="-0.761882" m_b="1.292105" m_c="-1.292105" m_d="-0.761882" m_tx="-5.342650" m_ty="-215.335007"/>
  </frame>
  <frame idx="400" w="182" h="332" x="-82.070419" y="-215.828217">
   <element name="meter_needle" layername="meter_needle" frame="0" z_index="1" m_a="-0.987036" m_b="1.129496" m_c="-1.129496" m_d="-0.987036" m_tx="-5.342650" m_ty="-215.335007"/>
  </frame>
  <frame idx="425" w="187" h="335" x="-83.791161" y="-222.705872">
   <element name="meter_needle" layername="meter_needle" frame="0" z_index="1" m_a="-1.157936" m_b="0.953512" m_c="-0.953512" m_d="-1.157936" m_tx="-5.342650" m_ty="-215.335007"/>
  </frame>
  <frame idx="450" w="190" h="337" x="-84.367874" y="-229.772034">
   <element name="meter_needle" layername="meter_needle" frame="0" z_index="1" m_a="-1.297867" m_b="0.752025" m_c="-0.752025" m_d="-1.297867" m_tx="-5.342650" m_ty="-215.335007"/>
  </frame>
  <frame idx="475" w="187" h="336" x="-83.785156" y="-236.837708">
   <element name="meter_needle" layername="meter_needle" frame="0" z_index="1" m_a="-1.403085" m_b="0.530426" m_c="-0.530426" m_d="-1.403085" m_tx="-5.342650" m_ty="-215.335007"/>
  </frame>
  <frame idx="500" w="182" h="333" x="-82.058563" y="-243.713898">
   <element name="meter_needle" layername="meter_needle" frame="0" z_index="1" m_a="-1.470778" m_b="0.294640" m_c="-0.294640" m_d="-1.470778" m_tx="-5.342650" m_ty="-215.335007"/>
  </frame>
  <frame idx="525" w="172" h="327" x="-79.234299" y="-250.216705">
   <element name="meter_needle" layername="meter_needle" frame="0" z_index="1" m_a="-1.499134" m_b="0.050973" m_c="-0.050973" m_d="-1.499134" m_tx="-5.342650" m_ty="-215.335007"/>
  </frame>
  <frame idx="550" w="172" h="341" x="-75.387894" y="-256.172241">
   <element name="meter_needle" layername="meter_needle" frame="0" z_index="1" m_a="-1.487394" m_b="-0.194056" m_c="0.194056" m_d="-1.487394" m_tx="-5.342650" m_ty="-215.335007"/>
  </frame>
  <frame idx="575" w="171" h="358" x="-70.622208" y="-261.421173">
   <element name="meter_needle" layername="meter_needle" frame="0" z_index="1" m_a="-1.435874" m_b="-0.433896" m_c="0.433896" m_d="-1.435874" m_tx="-5.342650" m_ty="-215.335007"/>
  </frame>
 </anim>
</Anims>
