<Anims>
 <anim name="idle_burying_kit" root="item" numframes="75" framerate="40">
  <frame idx="0" w="270" h="255" x="0.999992" y="-57.500000">
   <element name="well_burying_kit" layername="idle_burying_kit" frame="0" z_index="1" m_a="1.000000" m_b="0.000000" m_c="0.000000" m_d="1.000000" m_tx="0.000000" m_ty="0.000000"/>
  </frame>
  <frame idx="25" w="271" h="248" x="0.666656" y="-51.596680">
   <element name="well_burying_kit" layername="idle_burying_kit" frame="0" z_index="1" m_a="1.000000" m_b="0.000000" m_c="0.000000" m_d="1.000000" m_tx="-0.333333" m_ty="5.903337"/>
  </frame>
  <frame idx="50" w="271" h="241" x="0.333328" y="-45.693329">
   <element name="well_burying_kit" layername="idle_burying_kit" frame="0" z_index="1" m_a="1.000000" m_b="0.000000" m_c="0.000000" m_d="1.000000" m_tx="-0.666667" m_ty="11.806674"/>
  </frame>
 </anim>
</Anims>
