<Anims>
 <anim name="idle" root="campdesalinator_item" numframes="25" framerate="40">
  <frame idx="0" w="330" h="503" x="9.835693" y="-145.256210">
   <element name="pot" layername="handle_A" frame="9" z_index="36" m_a="0.927383" m_b="0.028955" m_c="-0.031208" m_d="0.999513" m_tx="5.520880" m_ty="-281.716583"/>
   <element name="swap_meter" layername="swap_meter" frame="0" z_index="35" m_a="1.000000" m_b="0.000000" m_c="0.000000" m_d="1.000000" m_tx="-3.190016" m_ty="-187.283264"/>
   <element name="pot" layername="pot_A" frame="0" z_index="34" m_a="1.000000" m_b="0.000000" m_c="0.000000" m_d="1.000000" m_tx="-3.190016" m_ty="-187.283264"/>
   <element name="lid" layername="Lid" frame="0" z_index="33" m_a="1.000000" m_b="0.000000" m_c="0.000000" m_d="1.000000" m_tx="5.474575" m_ty="-191.060379"/>
   <element name="pot" layername="handle_B" frame="10" z_index="32" m_a="0.927383" m_b="0.028955" m_c="-0.031208" m_d="0.999513" m_tx="6.354839" m_ty="-281.352966"/>
   <element name="campfire_shadow" layername="shdw-A" frame="1" z_index="37" m_a="0.698191" m_b="0.000000" m_c="0.000000" m_d="0.547189" m_tx="-0.888618" m_ty="6.729073"/>
  </frame>
 </anim>
 <anim name="collapse_A" root="campdesalinator_item" numframes="475" framerate="40">
  <frame idx="0" w="1184" h="1250" x="-74.431763" y="-78.140808">
   <element name="wood" layername="wood_M" frame="0" z_index="34" m_a="0.973831" m_b="0.044351" m_c="-0.072648" m_d="1.595146" m_tx="2.911528" m_ty="-66.097038"/>
   <element name="wood" layername="wood_L" frame="1" z_index="26" m_a="0.760775" m_b="0.346362" m_c="-0.897092" m_d="1.970441" m_tx="-206.404831" m_ty="55.485550"/>
   <element name="wood" layername="wood_MA" frame="2" z_index="25" m_a="-0.446690" m_b="-0.596835" m_c="-0.542608" m_d="0.406105" m_tx="-4.195666" m_ty="-481.348755"/>
   <element name="wood" layername="wood_RA" frame="3" z_index="24" m_a="0.893129" m_b="-0.310669" m_c="0.257023" m_d="0.738904" m_tx="-7.406849" m_ty="-477.998962"/>
   <element name="wood" layername="wood_LA_2" frame="2" z_index="32" m_a="1.015050" m_b="-0.221135" m_c="0.117276" m_d="0.538318" m_tx="10.356719" m_ty="-502.350464"/>
   <element name="wood" layername="wood_R" frame="1" z_index="33" m_a="-0.753257" m_b="0.343541" m_c="0.851755" m_d="1.867581" m_tx="193.136993" m_ty="23.790751"/>
   <element name="campfire_shadow" layername="shad_R" frame="0" z_index="35" m_a="0.998513" m_b="-0.054516" m_c="0.054516" m_d="0.998513" m_tx="194.313644" m_ty="39.431824"/>
   <element name="campfire_shadow" layername="shad_M" frame="0" z_index="36" m_a="0.999996" m_b="-0.002741" m_c="0.002373" m_d="0.865858" m_tx="1.031666" m_ty="-58.790981"/>
   <element name="campfire_shadow" layername="shad_L" frame="0" z_index="37" m_a="0.998598" m_b="0.052937" m_c="-0.052937" m_d="0.998598" m_tx="-208.800003" m_ty="74.400002"/>
   <element name="pot" layername="handle_A" frame="9" z_index="31" m_a="0.927383" m_b="0.028955" m_c="-0.031208" m_d="0.999513" m_tx="5.520880" m_ty="-497.716583"/>
   <element name="swap_meter" layername="swap_meter" frame="0" z_index="30" m_a="1.000000" m_b="0.000000" m_c="0.000000" m_d="1.000000" m_tx="-3.190016" m_ty="-403.283264"/>
   <element name="pot" layername="pot_A" frame="0" z_index="29" m_a="1.000000" m_b="0.000000" m_c="0.000000" m_d="1.000000" m_tx="-3.190016" m_ty="-403.283264"/>
   <element name="pot" layername="handle_B" frame="10" z_index="27" m_a="0.927383" m_b="0.028955" m_c="-0.031208" m_d="0.999513" m_tx="6.354839" m_ty="-497.352966"/>
   <element name="lid" layername="Lid" frame="0" z_index="28" m_a="1.000000" m_b="0.000000" m_c="0.000000" m_d="1.000000" m_tx="5.474575" m_ty="-407.060394"/>
  </frame>
  <frame idx="25" w="1201" h="1285" x="-74.923279" y="-77.869690">
   <element name="wood" layername="wood_M" frame="0" z_index="34" m_a="0.973831" m_b="0.044351" m_c="-0.074957" m_d="1.645852" m_tx="2.911528" m_ty="-66.097038"/>
   <element name="wood" layername="wood_L" frame="1" z_index="26" m_a="0.760775" m_b="0.346362" m_c="-0.919008" m_d="2.018579" m_tx="-206.404831" m_ty="55.485550"/>
   <element name="wood" layername="wood_MA" frame="2" z_index="25" m_a="-0.446690" m_b="-0.596835" m_c="-0.542608" m_d="0.406105" m_tx="-2.797064" m_ty="-498.831268"/>
   <element name="wood" layername="wood_RA" frame="3" z_index="24" m_a="0.893129" m_b="-0.310669" m_c="0.257023" m_d="0.738904" m_tx="-13.656849" m_ty="-490.902191"/>
   <element name="wood" layername="wood_LA_2" frame="2" z_index="32" m_a="1.015050" m_b="-0.221135" m_c="0.131274" m_d="0.602571" m_tx="15.397041" m_ty="-511.624664"/>
   <element name="wood" layername="wood_R" frame="1" z_index="33" m_a="-0.753257" m_b="0.343541" m_c="0.870814" m_d="1.909369" m_tx="193.136993" m_ty="23.790751"/>
   <element name="campfire_shadow" layername="shad_R" frame="0" z_index="35" m_a="0.998513" m_b="-0.054516" m_c="0.054516" m_d="0.998513" m_tx="194.313644" m_ty="39.431824"/>
   <element name="campfire_shadow" layername="shad_M" frame="0" z_index="36" m_a="0.999996" m_b="-0.002741" m_c="0.002373" m_d="0.865858" m_tx="1.031666" m_ty="-58.790981"/>
   <element name="campfire_shadow" layername="shad_L" frame="0" z_index="37" m_a="0.998598" m_b="0.052937" m_c="-0.052937" m_d="0.998598" m_tx="-208.800003" m_ty="74.400002"/>
   <element name="pot" layername="handle_A" frame="9" z_index="31" m_a="0.921434" m_b="0.108799" m_c="-0.117261" m_d="0.993101" m_tx="8.562703" m_ty="-497.899597"/>
   <element name="swap_meter" layername="swap_meter" frame="0" z_index="30" m_a="0.996277" m_b="0.086212" m_c="-0.086212" m_d="0.996277" m_tx="-8.010088" m_ty="-405.596680"/>
   <element name="pot" layername="pot_A" frame="0" z_index="29" m_a="0.996277" m_b="0.086212" m_c="-0.086212" m_d="0.996277" m_tx="-8.010088" m_ty="-405.596680"/>
   <element name="pot" layername="handle_B" frame="10" z_index="27" m_a="0.921434" m_b="0.108799" m_c="-0.117261" m_d="0.993101" m_tx="9.353591" m_ty="-497.470795"/>
   <element name="lid" layername="Lid" frame="0" z_index="28" m_a="0.996277" m_b="0.086212" m_c="-0.086212" m_d="0.996277" m_tx="0.846259" m_ty="-408.584930"/>
  </frame>
  <frame idx="50" w="1216" h="1324" x="-75.414795" y="-78.331177">
   <element name="wood" layername="wood_M" frame="0" z_index="34" m_a="0.973831" m_b="0.044351" m_c="-0.077266" m_d="1.696559" m_tx="2.911528" m_ty="-66.097038"/>
   <element name="wood" layername="wood_L" frame="1" z_index="26" m_a="0.760775" m_b="0.346362" m_c="-0.940924" m_d="2.066717" m_tx="-206.404831" m_ty="55.485550"/>
   <element name="wood" layername="wood_MA" frame="2" z_index="25" m_a="-0.446690" m_b="-0.596835" m_c="-0.542608" m_d="0.406105" m_tx="-1.398463" m_ty="-516.313782"/>
   <element name="wood" layername="wood_RA" frame="3" z_index="24" m_a="0.893129" m_b="-0.310669" m_c="0.257023" m_d="0.738904" m_tx="-19.906849" m_ty="-503.805420"/>
   <element name="wood" layername="wood_LA_2" frame="2" z_index="32" m_a="1.015050" m_b="-0.221135" m_c="0.145272" m_d="0.666823" m_tx="20.437363" m_ty="-520.898865"/>
   <element name="wood" layername="wood_R" frame="1" z_index="33" m_a="-0.753257" m_b="0.343541" m_c="0.889872" m_d="1.951158" m_tx="193.136993" m_ty="23.790751"/>
   <element name="campfire_shadow" layername="shad_R" frame="0" z_index="35" m_a="0.998513" m_b="-0.054516" m_c="0.054516" m_d="0.998513" m_tx="194.313644" m_ty="39.431824"/>
   <element name="campfire_shadow" layername="shad_M" frame="0" z_index="36" m_a="0.999996" m_b="-0.002741" m_c="0.002373" m_d="0.865858" m_tx="1.031666" m_ty="-58.790981"/>
   <element name="campfire_shadow" layername="shad_L" frame="0" z_index="37" m_a="0.998598" m_b="0.052937" m_c="-0.052937" m_d="0.998598" m_tx="-208.800003" m_ty="74.400002"/>
   <element name="pot" layername="handle_A" frame="9" z_index="31" m_a="0.908623" m_b="0.187834" m_c="-0.202443" m_d="0.979294" m_tx="11.604527" m_ty="-498.082642"/>
   <element name="swap_meter" layername="swap_meter" frame="0" z_index="30" m_a="0.985135" m_b="0.171782" m_c="-0.171782" m_d="0.985135" m_tx="-12.830160" m_ty="-407.910095"/>
   <element name="pot" layername="pot_A" frame="0" z_index="29" m_a="0.985135" m_b="0.171782" m_c="-0.171782" m_d="0.985135" m_tx="-12.830160" m_ty="-407.910095"/>
   <element name="pot" layername="handle_B" frame="10" z_index="27" m_a="0.908623" m_b="0.187834" m_c="-0.202443" m_d="0.979294" m_tx="12.352343" m_ty="-497.588623"/>
   <element name="lid" layername="Lid" frame="0" z_index="28" m_a="0.985135" m_b="0.171782" m_c="-0.171782" m_d="0.985135" m_tx="-3.782057" m_ty="-410.109467"/>
  </frame>
  <frame idx="75" w="1232" h="1361" x="-75.906311" y="-78.792664">
   <element name="wood" layername="wood_M" frame="0" z_index="34" m_a="0.973831" m_b="0.044351" m_c="-0.079576" m_d="1.747267" m_tx="2.911528" m_ty="-66.097038"/>
   <element name="wood" layername="wood_L" frame="1" z_index="26" m_a="0.760775" m_b="0.346362" m_c="-0.962840" m_d="2.114855" m_tx="-206.404831" m_ty="55.485550"/>
   <element name="wood" layername="wood_MA" frame="2" z_index="25" m_a="-0.446690" m_b="-0.596835" m_c="-0.542608" m_d="0.406105" m_tx="0.000139" m_ty="-533.796265"/>
   <element name="wood" layername="wood_RA" frame="3" z_index="24" m_a="0.893129" m_b="-0.310669" m_c="0.257023" m_d="0.738904" m_tx="-26.156849" m_ty="-516.708618"/>
   <element name="wood" layername="wood_LA_2" frame="2" z_index="32" m_a="1.015050" m_b="-0.221135" m_c="0.159269" m_d="0.731076" m_tx="25.477686" m_ty="-530.173096"/>
   <element name="wood" layername="wood_R" frame="1" z_index="33" m_a="-0.753257" m_b="0.343541" m_c="0.908931" m_d="1.992946" m_tx="193.136993" m_ty="23.790751"/>
   <element name="campfire_shadow" layername="shad_R" frame="0" z_index="35" m_a="0.998513" m_b="-0.054516" m_c="0.054516" m_d="0.998513" m_tx="194.313644" m_ty="39.431824"/>
   <element name="campfire_shadow" layername="shad_M" frame="0" z_index="36" m_a="0.999996" m_b="-0.002741" m_c="0.002373" m_d="0.865858" m_tx="1.031666" m_ty="-58.790981"/>
   <element name="campfire_shadow" layername="shad_L" frame="0" z_index="37" m_a="0.998598" m_b="0.052937" m_c="-0.052937" m_d="0.998598" m_tx="-208.800003" m_ty="74.400002"/>
   <element name="pot" layername="handle_A" frame="9" z_index="31" m_a="0.889047" m_b="0.265469" m_c="-0.286116" m_d="0.958195" m_tx="14.646349" m_ty="-498.265656"/>
   <element name="swap_meter" layername="swap_meter" frame="0" z_index="30" m_a="0.966657" m_b="0.256073" m_c="-0.256073" m_d="0.966657" m_tx="-17.650232" m_ty="-410.223511"/>
   <element name="pot" layername="pot_A" frame="0" z_index="29" m_a="0.966657" m_b="0.256073" m_c="-0.256073" m_d="0.966657" m_tx="-17.650232" m_ty="-410.223511"/>
   <element name="pot" layername="handle_B" frame="10" z_index="27" m_a="0.889047" m_b="0.265469" m_c="-0.286116" m_d="0.958195" m_tx="15.351095" m_ty="-497.706451"/>
   <element name="lid" layername="Lid" frame="0" z_index="28" m_a="0.966657" m_b="0.256073" m_c="-0.256073" m_d="0.966657" m_tx="-8.410373" m_ty="-411.634003"/>
  </frame>
  <frame idx="100" w="1248" h="1400" x="-76.397766" y="-79.254211">
   <element name="wood" layername="wood_M" frame="0" z_index="33" m_a="0.973831" m_b="0.044351" m_c="-0.081885" m_d="1.797973" m_tx="2.911528" m_ty="-66.097038"/>
   <element name="wood" layername="wood_L" frame="1" z_index="25" m_a="0.760775" m_b="0.346362" m_c="-0.984756" m_d="2.162993" m_tx="-206.404831" m_ty="55.485550"/>
   <element name="wood" layername="wood_MA" frame="2" z_index="32" m_a="-0.446690" m_b="-0.596835" m_c="-0.542608" m_d="0.406105" m_tx="1.398740" m_ty="-551.278809"/>
   <element name="wood" layername="wood_RA" frame="3" z_index="24" m_a="0.893129" m_b="-0.310669" m_c="0.257023" m_d="0.738904" m_tx="-32.406849" m_ty="-529.611877"/>
   <element name="wood" layername="wood_LA_2" frame="2" z_index="31" m_a="1.015050" m_b="-0.221135" m_c="0.173267" m_d="0.795328" m_tx="30.518009" m_ty="-539.447266"/>
   <element name="wood" layername="wood_R" frame="1" z_index="34" m_a="-0.753257" m_b="0.343541" m_c="0.927989" m_d="2.034734" m_tx="193.136993" m_ty="23.790751"/>
   <element name="campfire_shadow" layername="shad_R" frame="0" z_index="35" m_a="0.998513" m_b="-0.054516" m_c="0.054516" m_d="0.998513" m_tx="194.313644" m_ty="39.431824"/>
   <element name="campfire_shadow" layername="shad_M" frame="0" z_index="36" m_a="0.999996" m_b="-0.002741" m_c="0.002373" m_d="0.865858" m_tx="1.031666" m_ty="-58.790981"/>
   <element name="campfire_shadow" layername="shad_L" frame="0" z_index="37" m_a="0.998598" m_b="0.052937" m_c="-0.052937" m_d="0.998598" m_tx="-208.800003" m_ty="74.400002"/>
   <element name="pot" layername="handle_A" frame="9" z_index="30" m_a="0.862850" m_b="0.341127" m_c="-0.367659" m_d="0.929961" m_tx="17.688171" m_ty="-498.448669"/>
   <element name="swap_meter" layername="swap_meter" frame="0" z_index="29" m_a="0.940982" m_b="0.338457" m_c="-0.338457" m_d="0.940982" m_tx="-22.470304" m_ty="-412.536926"/>
   <element name="pot" layername="pot_A" frame="0" z_index="28" m_a="0.940982" m_b="0.338457" m_c="-0.338457" m_d="0.940982" m_tx="-22.470304" m_ty="-412.536926"/>
   <element name="pot" layername="handle_B" frame="10" z_index="26" m_a="0.862850" m_b="0.341127" m_c="-0.367659" m_d="0.929961" m_tx="18.349848" m_ty="-497.824280"/>
   <element name="lid" layername="Lid" frame="0" z_index="27" m_a="0.940982" m_b="0.338457" m_c="-0.338457" m_d="0.940982" m_tx="-13.038689" m_ty="-413.158539"/>
  </frame>
  <frame idx="125" w="1091" h="1424" x="-79.444611" y="-84.906799">
   <element name="wood" layername="wood_M" frame="0" z_index="33" m_a="0.973831" m_b="0.044351" m_c="-0.083675" m_d="1.837268" m_tx="2.911528" m_ty="-66.097038"/>
   <element name="wood" layername="wood_L" frame="1" z_index="25" m_a="0.787376" m_b="0.280686" m_c="-0.780269" m_d="2.188802" m_tx="-206.404831" m_ty="55.485550"/>
   <element name="wood" layername="wood_MA" frame="2" z_index="32" m_a="-0.446690" m_b="-0.596835" m_c="-0.542608" m_d="0.406105" m_tx="2.556065" m_ty="-565.157166"/>
   <element name="wood" layername="wood_RA" frame="3" z_index="24" m_a="0.900262" m_b="-0.289352" m_c="0.264494" m_d="0.822922" m_tx="25.676929" m_ty="-527.067566"/>
   <element name="wood" layername="wood_LA_2" frame="2" z_index="31" m_a="0.989799" m_b="-0.315478" m_c="0.243715" m_d="0.764646" m_tx="-24.439007" m_ty="-532.079773"/>
   <element name="wood" layername="wood_R" frame="1" z_index="34" m_a="-0.783744" m_b="0.266761" m_c="0.705789" m_d="2.073608" m_tx="193.136993" m_ty="23.790751"/>
   <element name="campfire_shadow" layername="shad_R" frame="0" z_index="35" m_a="0.998513" m_b="-0.054516" m_c="0.054516" m_d="0.998513" m_tx="194.313644" m_ty="39.431824"/>
   <element name="campfire_shadow" layername="shad_M" frame="0" z_index="36" m_a="0.999996" m_b="-0.002741" m_c="0.002373" m_d="0.865858" m_tx="1.031666" m_ty="-58.790981"/>
   <element name="campfire_shadow" layername="shad_L" frame="0" z_index="37" m_a="0.998598" m_b="0.052937" m_c="-0.052937" m_d="0.998598" m_tx="-208.800003" m_ty="74.400002"/>
   <element name="pot" layername="handle_A" frame="9" z_index="30" m_a="0.927354" m_b="0.029879" m_c="-0.032203" m_d="0.999481" m_tx="8.833573" m_ty="-503.668884"/>
   <element name="swap_meter" layername="swap_meter" frame="0" z_index="29" m_a="1.000000" m_b="0.000995" m_c="-0.000995" m_d="1.000000" m_tx="0.469442" m_ty="-414.995728"/>
   <element name="pot" layername="pot_A" frame="0" z_index="28" m_a="1.000000" m_b="0.000995" m_c="-0.000995" m_d="1.000000" m_tx="0.469442" m_ty="-414.995728"/>
   <element name="pot" layername="handle_B" frame="10" z_index="26" m_a="0.927354" m_b="0.029879" m_c="-0.032203" m_d="0.999481" m_tx="9.616108" m_ty="-503.325775"/>
   <element name="lid" layername="Lid" frame="0" z_index="27" m_a="1.000000" m_b="0.000995" m_c="-0.000995" m_d="1.000000" m_tx="8.614386" m_ty="-418.526367"/>
  </frame>
  <frame idx="150" w="934" h="1445" x="-82.696808" y="-93.878784">
   <element name="wood" layername="wood_M" frame="0" z_index="33" m_a="0.973831" m_b="0.044351" m_c="-0.085464" m_d="1.876562" m_tx="2.911528" m_ty="-66.097038"/>
   <element name="wood" layername="wood_L" frame="1" z_index="25" m_a="0.808319" m_b="0.212993" m_c="-0.578616" m_d="2.195874" m_tx="-206.404831" m_ty="55.485550"/>
   <element name="wood" layername="wood_MA" frame="2" z_index="32" m_a="-0.446690" m_b="-0.596835" m_c="-0.542608" m_d="0.406105" m_tx="3.713390" m_ty="-579.035522"/>
   <element name="wood" layername="wood_RA" frame="3" z_index="24" m_a="0.906885" m_b="-0.267871" m_c="0.268102" m_d="0.907668" m_tx="83.760712" m_ty="-524.523315"/>
   <element name="wood" layername="wood_LA_2" frame="2" z_index="31" m_a="0.955800" m_b="-0.407032" m_c="0.309962" m_d="0.727859" m_tx="-79.396027" m_ty="-524.712219"/>
   <element name="wood" layername="wood_R" frame="1" z_index="34" m_a="-0.806428" m_b="0.187325" m_c="0.485227" m_d="2.088886" m_tx="193.136993" m_ty="23.790751"/>
   <element name="campfire_shadow" layername="shad_R" frame="0" z_index="35" m_a="0.998513" m_b="-0.054516" m_c="0.054516" m_d="0.998513" m_tx="194.313644" m_ty="39.431824"/>
   <element name="campfire_shadow" layername="shad_M" frame="0" z_index="36" m_a="0.999996" m_b="-0.002741" m_c="0.002373" m_d="0.865858" m_tx="1.031666" m_ty="-58.790981"/>
   <element name="campfire_shadow" layername="shad_L" frame="0" z_index="37" m_a="0.998598" m_b="0.052937" m_c="-0.052937" m_d="0.998598" m_tx="-208.800003" m_ty="74.400002"/>
   <element name="pot" layername="handle_A" frame="9" z_index="31" m_a="0.883020" m_b="-0.284876" m_c="0.307033" m_d="0.951699" m_tx="-0.021024" m_ty="-508.889099"/>
   <element name="swap_meter" layername="swap_meter" frame="0" z_index="30" m_a="0.941653" m_b="-0.336584" m_c="0.336584" m_d="0.941653" m_tx="23.409187" m_ty="-417.454559"/>
   <element name="pot" layername="pot_A" frame="0" z_index="29" m_a="0.941653" m_b="-0.336584" m_c="0.336584" m_d="0.941653" m_tx="23.409187" m_ty="-417.454559"/>
   <element name="pot" layername="handle_B" frame="10" z_index="27" m_a="0.883020" m_b="-0.284876" m_c="0.307033" m_d="0.951699" m_tx="0.882369" m_ty="-508.827271"/>
   <element name="lid" layername="Lid" frame="0" z_index="28" m_a="0.941653" m_b="-0.336584" m_c="0.336584" m_d="0.941653" m_tx="30.267460" m_ty="-423.894165"/>
  </frame>
  <frame idx="175" w="784" h="1461" x="-84.194702" y="-106.030823">
   <element name="wood" layername="wood_M" frame="0" z_index="33" m_a="0.973831" m_b="0.044351" m_c="-0.087254" m_d="1.915857" m_tx="2.911528" m_ty="-66.097038"/>
   <element name="wood" layername="wood_L" frame="1" z_index="25" m_a="0.823454" m_b="0.143770" m_c="-0.381468" m_d="2.184884" m_tx="-206.404831" m_ty="55.485550"/>
   <element name="wood" layername="wood_MA" frame="2" z_index="32" m_a="-0.446690" m_b="-0.596835" m_c="-0.542608" m_d="0.406105" m_tx="4.870715" m_ty="-592.913818"/>
   <element name="wood" layername="wood_RA" frame="3" z_index="24" m_a="0.912996" m_b="-0.246238" m_c="0.267817" m_d="0.993006" m_tx="141.844498" m_ty="-521.979004"/>
   <element name="wood" layername="wood_LA_2" frame="2" z_index="31" m_a="0.913353" m_b="-0.494989" m_c="0.371494" m_d="0.685480" m_tx="-134.353043" m_ty="-517.344727"/>
   <element name="wood" layername="wood_R" frame="1" z_index="34" m_a="-0.821082" m_b="0.106024" m_c="0.268751" m_d="2.081293" m_tx="193.136993" m_ty="23.790751"/>
   <element name="campfire_shadow" layername="shad_R" frame="0" z_index="35" m_a="0.998513" m_b="-0.054516" m_c="0.054516" m_d="0.998513" m_tx="194.313644" m_ty="39.431824"/>
   <element name="campfire_shadow" layername="shad_M" frame="0" z_index="36" m_a="0.999996" m_b="-0.002741" m_c="0.002373" m_d="0.865858" m_tx="1.031666" m_ty="-58.790981"/>
   <element name="campfire_shadow" layername="shad_L" frame="0" z_index="37" m_a="0.998598" m_b="0.052937" m_c="-0.052937" m_d="0.998598" m_tx="-208.800003" m_ty="74.400002"/>
   <element name="pot" layername="handle_A" frame="9" z_index="31" m_a="0.923936" m_b="-0.084973" m_c="0.091583" m_d="0.995798" m_tx="23.339922" m_ty="-454.469208"/>
   <element name="swap_meter" layername="swap_meter" frame="0" z_index="30" m_a="0.992454" m_b="-0.122615" m_c="0.122615" m_d="0.992454" m_tx="26.411854" m_ty="-364.660461"/>
   <element name="pot" layername="pot_A" frame="0" z_index="29" m_a="0.992454" m_b="-0.122615" m_c="0.122615" m_d="0.992454" m_tx="26.411854" m_ty="-364.660461"/>
   <element name="pot" layername="handle_B" frame="10" z_index="27" m_a="0.923936" m_b="-0.084973" m_c="0.091583" m_d="0.995798" m_tx="24.167223" m_ty="-454.226837"/>
   <element name="lid" layername="Lid" frame="0" z_index="28" m_a="0.992454" m_b="-0.122615" m_c="0.122615" m_d="0.992454" m_tx="34.106426" m_ty="-369.244263"/>
  </frame>
  <frame idx="200" w="680" h="1476" x="-46.260956" y="-121.197815">
   <element name="wood" layername="wood_M" frame="0" z_index="34" m_a="0.973831" m_b="0.044351" m_c="-0.089043" m_d="1.955151" m_tx="2.911528" m_ty="-66.097038"/>
   <element name="wood" layername="wood_L" frame="1" z_index="25" m_a="0.832671" m_b="0.073514" m_c="-0.190405" m_d="2.156654" m_tx="-206.404831" m_ty="55.485550"/>
   <element name="wood" layername="wood_MA" frame="2" z_index="31" m_a="-0.446690" m_b="-0.596835" m_c="-0.542608" m_d="0.406105" m_tx="6.028040" m_ty="-606.792175"/>
   <element name="wood" layername="wood_RA" frame="3" z_index="24" m_a="0.918591" m_b="-0.224467" m_c="0.263615" m_d="1.078798" m_tx="199.928268" m_ty="-519.434692"/>
   <element name="wood" layername="wood_LA_2" frame="2" z_index="32" m_a="0.862834" m_b="-0.578572" m_c="0.427854" m_d="0.638067" m_tx="-189.310059" m_ty="-509.977203"/>
   <element name="wood" layername="wood_R" frame="1" z_index="33" m_a="-0.827561" m_b="0.023667" m_c="0.058678" m_d="2.051805" m_tx="193.136993" m_ty="23.790751"/>
   <element name="campfire_shadow" layername="shad_R" frame="0" z_index="35" m_a="0.998513" m_b="-0.054516" m_c="0.054516" m_d="0.998513" m_tx="194.313644" m_ty="39.431824"/>
   <element name="campfire_shadow" layername="shad_M" frame="0" z_index="36" m_a="0.999996" m_b="-0.002741" m_c="0.002373" m_d="0.865858" m_tx="1.031666" m_ty="-58.790981"/>
   <element name="campfire_shadow" layername="shad_L" frame="0" z_index="37" m_a="0.998598" m_b="0.052937" m_c="-0.052937" m_d="0.998598" m_tx="-208.800003" m_ty="74.400002"/>
   <element name="pot" layername="handle_A" frame="9" z_index="31" m_a="0.920167" m_b="0.119039" m_c="-0.128297" m_d="0.991736" m_tx="46.700871" m_ty="-400.049286"/>
   <element name="swap_meter" layername="swap_meter" frame="0" z_index="30" m_a="0.995257" m_b="0.097285" m_c="-0.097285" m_d="0.995257" m_tx="29.414520" m_ty="-311.866394"/>
   <element name="pot" layername="pot_A" frame="0" z_index="29" m_a="0.995257" m_b="0.097285" m_c="-0.097285" m_d="0.995257" m_tx="29.414520" m_ty="-311.866394"/>
   <element name="pot" layername="handle_B" frame="10" z_index="27" m_a="0.920167" m_b="0.119039" m_c="-0.128297" m_d="0.991736" m_tx="47.452080" m_ty="-399.626373"/>
   <element name="lid" layername="Lid" frame="0" z_index="28" m_a="0.995257" m_b="0.097285" m_c="-0.097285" m_d="0.995257" m_tx="37.945389" m_ty="-314.594330"/>
  </frame>
  <frame idx="225" w="677" h="1212" x="-46.296448" y="-131.453217">
   <element name="wood" layername="wood_M" frame="0" z_index="34" m_a="0.966231" m_b="0.129272" m_c="-0.207719" m_d="1.552582" m_tx="2.911528" m_ty="-66.097038"/>
   <element name="wood" layername="wood_L" frame="1" z_index="25" m_a="0.831226" m_b="0.088365" m_c="-0.185885" m_d="1.748571" m_tx="-206.404831" m_ty="58.994324"/>
   <element name="wood" layername="wood_MA" frame="2" z_index="31" m_a="-0.446690" m_b="-0.596835" m_c="-0.542608" m_d="0.406105" m_tx="38.898472" m_ty="-491.856537"/>
   <element name="wood" layername="wood_RA" frame="3" z_index="24" m_a="0.917456" m_b="-0.229061" m_c="0.247378" m_d="0.990819" m_tx="199.980804" m_ty="-397.021423"/>
   <element name="wood" layername="wood_LA_2" frame="2" z_index="32" m_a="0.874120" m_b="-0.561376" m_c="0.408958" m_d="0.636789" m_tx="-195.906540" m_ty="-392.031921"/>
   <element name="wood" layername="wood_R" frame="1" z_index="33" m_a="-0.826846" m_b="0.041750" m_c="0.082338" m_d="1.630680" m_tx="193.136993" m_ty="26.040751"/>
   <element name="campfire_shadow" layername="shad_R" frame="0" z_index="35" m_a="0.998513" m_b="-0.054516" m_c="0.054516" m_d="0.998513" m_tx="194.313644" m_ty="39.431824"/>
   <element name="campfire_shadow" layername="shad_M" frame="0" z_index="36" m_a="0.999996" m_b="-0.002741" m_c="0.002373" m_d="0.865858" m_tx="1.031666" m_ty="-58.790981"/>
   <element name="campfire_shadow" layername="shad_L" frame="0" z_index="37" m_a="0.998598" m_b="0.052937" m_c="-0.052937" m_d="0.998598" m_tx="-208.800003" m_ty="74.400002"/>
   <element name="pot" layername="handle_A" frame="9" z_index="30" m_a="0.871896" m_b="0.317294" m_c="-0.341972" m_d="0.939710" m_tx="70.061813" m_ty="-345.629395"/>
   <element name="swap_meter" layername="swap_meter" frame="0" z_index="29" m_a="0.949925" m_b="0.312479" m_c="-0.312479" m_d="0.949925" m_tx="32.417187" m_ty="-259.072296"/>
   <element name="pot" layername="pot_A" frame="0" z_index="28" m_a="0.949925" m_b="0.312479" m_c="-0.312479" m_d="0.949925" m_tx="32.417187" m_ty="-259.072296"/>
   <element name="pot" layername="handle_B" frame="10" z_index="26" m_a="0.871896" m_b="0.317294" m_c="-0.341972" m_d="0.939710" m_tx="70.736931" m_ty="-345.025940"/>
   <element name="lid" layername="Lid" frame="0" z_index="27" m_a="0.949925" m_b="0.312479" m_c="-0.312479" m_d="0.949925" m_tx="41.784355" m_ty="-259.944427"/>
   <element name="campfire_shadow" layername="shdw-A" frame="1" z_index="25" m_a="0.875638" m_b="0.000000" m_c="0.000000" m_d="0.799262" m_tx="-0.888618" m_ty="6.729073"/>
  </frame>
  <frame idx="250" w="665" h="938" x="-43.883545" y="-138.446533">
   <element name="wood" layername="wood_M" frame="0" z_index="34" m_a="0.951240" m_b="0.213203" m_c="-0.257122" m_d="1.147191" m_tx="2.911528" m_ty="-66.097038"/>
   <element name="wood" layername="wood_L" frame="1" z_index="25" m_a="0.829516" m_b="0.103189" m_c="-0.166874" m_d="1.341464" m_tx="-206.404831" m_ty="62.503094"/>
   <element name="wood" layername="wood_MA" frame="2" z_index="31" m_a="-0.446690" m_b="-0.596835" m_c="-0.542608" m_d="0.406105" m_tx="32.245094" m_ty="-370.730438"/>
   <element name="wood" layername="wood_RA" frame="3" z_index="24" m_a="0.916298" m_b="-0.233650" m_c="0.230267" m_d="0.903031" m_tx="200.033356" m_ty="-274.608124"/>
   <element name="wood" layername="wood_LA_2" frame="2" z_index="32" m_a="0.885062" m_b="-0.543961" m_c="0.390283" m_d="0.635017" m_tx="-202.503021" m_ty="-274.086670"/>
   <element name="wood" layername="wood_R" frame="1" z_index="33" m_a="-0.825735" m_b="0.059813" m_c="0.087626" m_d="1.209700" m_tx="193.136993" m_ty="28.290749"/>
   <element name="campfire_shadow" layername="shad_R" frame="0" z_index="35" m_a="0.998513" m_b="-0.054516" m_c="0.054516" m_d="0.998513" m_tx="194.313644" m_ty="39.431824"/>
   <element name="campfire_shadow" layername="shad_M" frame="0" z_index="36" m_a="0.999996" m_b="-0.002741" m_c="0.002373" m_d="0.865858" m_tx="1.031666" m_ty="-58.790981"/>
   <element name="campfire_shadow" layername="shad_L" frame="0" z_index="37" m_a="0.998598" m_b="0.052937" m_c="-0.052937" m_d="0.998598" m_tx="-208.800003" m_ty="74.400002"/>
   <element name="pot" layername="handle_A" frame="9" z_index="30" m_a="0.914323" m_b="0.157770" m_c="-0.170041" m_d="0.985437" m_tx="31.538425" m_ty="-313.345154"/>
   <element name="swap_meter" layername="swap_meter" frame="0" z_index="29" m_a="0.990264" m_b="0.139205" m_c="-0.139205" m_d="0.990264" m_tx="10.171251" m_ty="-222.940857"/>
   <element name="pot" layername="pot_A" frame="0" z_index="28" m_a="0.990264" m_b="0.139205" m_c="-0.139205" m_d="0.990264" m_tx="10.171251" m_ty="-222.940857"/>
   <element name="pot" layername="handle_B" frame="10" z_index="26" m_a="0.914323" m_b="0.157770" m_c="-0.170041" m_d="0.985437" m_tx="32.297585" m_ty="-312.878357"/>
   <element name="lid" layername="Lid" frame="0" z_index="27" m_a="0.990264" m_b="0.139205" m_c="-0.139205" m_d="0.990264" m_tx="19.092190" m_ty="-225.419205"/>
   <element name="campfire_shadow" layername="shdw-A" frame="1" z_index="25" m_a="0.786914" m_b="0.000000" m_c="0.000000" m_d="0.673226" m_tx="-0.888618" m_ty="6.729073"/>
  </frame>
  <frame idx="275" w="645" h="702" x="-39.027588" y="-151.094696">
   <element name="wood" layername="wood_M" frame="0" z_index="34" m_a="0.928973" m_b="0.295504" m_c="-0.237924" m_d="0.747960" m_tx="2.911528" m_ty="-66.097038"/>
   <element name="wood" layername="wood_L" frame="1" z_index="25" m_a="0.827542" m_b="0.117979" m_c="-0.133402" m_d="0.935722" m_tx="-206.404831" m_ty="66.011864"/>
   <element name="wood" layername="wood_MA" frame="2" z_index="30" m_a="-0.446690" m_b="-0.596835" m_c="-0.542608" m_d="0.406105" m_tx="25.591717" m_ty="-249.604355"/>
   <element name="wood" layername="wood_RA" frame="3" z_index="24" m_a="0.915118" m_b="-0.238233" m_c="0.212284" m_d="0.815441" m_tx="200.085892" m_ty="-152.194824"/>
   <element name="wood" layername="wood_LA_2" frame="2" z_index="32" m_a="0.895658" m_b="-0.526332" m_c="0.371840" m_d="0.632760" m_tx="-209.099518" m_ty="-156.141388"/>
   <element name="wood" layername="wood_R" frame="1" z_index="33" m_a="-0.824231" m_b="0.077848" m_c="0.074565" m_d="0.789470" m_tx="193.136993" m_ty="30.540749"/>
   <element name="campfire_shadow" layername="shad_R" frame="0" z_index="34" m_a="0.998513" m_b="-0.054516" m_c="0.054516" m_d="0.998513" m_tx="194.313644" m_ty="39.431824"/>
   <element name="campfire_shadow" layername="shad_M" frame="0" z_index="35" m_a="0.999996" m_b="-0.002741" m_c="0.002373" m_d="0.865858" m_tx="1.031666" m_ty="-58.790981"/>
   <element name="campfire_shadow" layername="shad_L" frame="0" z_index="36" m_a="0.998598" m_b="0.052937" m_c="-0.052937" m_d="0.998598" m_tx="-208.800003" m_ty="74.400002"/>
   <element name="pot" layername="handle_A" frame="9" z_index="29" m_a="0.927810" m_b="-0.006747" m_c="0.007271" m_d="0.999974" m_tx="-6.984963" m_ty="-281.060883"/>
   <element name="swap_meter" layername="swap_meter" frame="0" z_index="28" m_a="0.999260" m_b="-0.038475" m_c="0.038475" m_d="0.999260" m_tx="-12.074683" m_ty="-186.809402"/>
   <element name="pot" layername="pot_A" frame="0" z_index="27" m_a="0.999260" m_b="-0.038475" m_c="0.038475" m_d="0.999260" m_tx="-12.074683" m_ty="-186.809402"/>
   <element name="pot" layername="handle_B" frame="10" z_index="25" m_a="0.927810" m_b="-0.006747" m_c="0.007271" m_d="0.999974" m_tx="-6.141760" m_ty="-280.730804"/>
   <element name="lid" layername="Lid" frame="0" z_index="26" m_a="0.999260" m_b="-0.038475" m_c="0.038475" m_d="0.999260" m_tx="-3.599976" m_ty="-190.893982"/>
   <element name="campfire_shadow" layername="shdw-A" frame="1" z_index="37" m_a="0.698191" m_b="0.000000" m_c="0.000000" m_d="0.547189" m_tx="-0.888618" m_ty="6.729073"/>
  </frame>
  <frame idx="300" w="653" h="656" x="1.123932" y="-193.071350">
   <element name="wood" layername="wood_M" frame="0" z_index="33" m_a="0.899600" m_b="0.375544" m_c="-0.151832" m_d="0.363707" m_tx="2.911528" m_ty="-66.097038"/>
   <element name="wood" layername="wood_L" frame="1" z_index="24" m_a="0.825305" m_b="0.132732" m_c="-0.085517" m_d="0.531731" m_tx="-206.404831" m_ty="69.520638"/>
   <element name="wood" layername="wood_MA" frame="2" z_index="30" m_a="-0.446690" m_b="-0.596835" m_c="-0.542608" m_d="0.406105" m_tx="0.366909" m_ty="-147.049683"/>
   <element name="wood" layername="wood_RA" frame="3" z_index="23" m_a="0.913914" m_b="-0.242810" m_c="0.193431" m_d="0.728056" m_tx="200.138428" m_ty="-29.781561"/>
   <element name="wood" layername="wood_LA_2" frame="2" z_index="31" m_a="0.905902" m_b="-0.508497" m_c="0.353642" m_d="0.630024" m_tx="-215.695999" m_ty="-38.196140"/>
   <element name="wood" layername="wood_R" frame="1" z_index="32" m_a="-0.822332" m_b="0.095845" m_c="0.043193" m_d="0.370587" m_tx="193.136993" m_ty="32.790749"/>
   <element name="pot" layername="handle_A" frame="9" z_index="29" m_a="1.333335" m_b="0.041630" m_c="-0.014206" m_d="0.455000" m_tx="9.333984" m_ty="-119.288467"/>
   <element name="swap_meter" layername="swap_meter" frame="0" z_index="28" m_a="1.437740" m_b="0.000000" m_c="0.000000" m_d="0.455222" m_tx="-3.190016" m_ty="-76.300316"/>
   <element name="pot" layername="pot_A" frame="0" z_index="27" m_a="1.437740" m_b="0.000000" m_c="0.000000" m_d="0.455222" m_tx="-3.190016" m_ty="-76.300316"/>
   <element name="pot" layername="handle_B" frame="10" z_index="25" m_a="1.333335" m_b="0.041630" m_c="-0.014206" m_d="0.455000" m_tx="10.533000" m_ty="-119.122948"/>
   <element name="lid" layername="Lid" frame="0" z_index="26" m_a="1.437740" m_b="0.000000" m_c="0.000000" m_d="0.455222" m_tx="9.267410" m_ty="-78.019745"/>
   <element name="campfire_shadow" layername="shdw-A" frame="1" z_index="37" m_a="1.183267" m_b="0.000000" m_c="0.000000" m_d="0.456903" m_tx="-0.888618" m_ty="11.401971"/>
  </frame>
  <frame idx="325" w="986" h="1405" x="-33.573029" y="-126.499573">
   <element name="wood" layername="wood_M" frame="0" z_index="33" m_a="0.964852" m_b="0.139191" m_c="-0.279453" m_d="1.937125" m_tx="5.210379" m_ty="-37.482395"/>
   <element name="wood" layername="wood_L" frame="1" z_index="24" m_a="0.789671" m_b="-0.274162" m_c="0.710092" m_d="2.045283" m_tx="-209.369141" m_ty="60.869698"/>
   <element name="wood" layername="wood_MA" frame="2" z_index="30" m_a="-0.386303" m_b="-0.637584" m_c="-0.579655" m_d="0.351204" m_tx="61.086761" m_ty="-575.291626"/>
   <element name="wood" layername="wood_RA" frame="3" z_index="23" m_a="0.941670" m_b="0.086330" m_c="-0.101387" m_d="1.105902" m_tx="383.150299" m_ty="-485.030396"/>
   <element name="wood" layername="wood_LA_2" frame="2" z_index="31" m_a="0.549967" m_b="-0.881342" m_c="0.651753" m_d="0.406701" m_tx="-425.496490" m_ty="-461.939362"/>
   <element name="wood" layername="wood_R" frame="1" z_index="32" m_a="-0.790309" m_b="-0.246634" m_c="-0.611489" m_d="1.959446" m_tx="200.141296" m_ty="26.484716"/>
   <element name="pot" layername="handle_A" frame="9" z_index="29" m_a="1.231847" m_b="0.038462" m_c="-0.018457" m_d="0.591128" m_tx="8.380709" m_ty="-159.895493"/>
   <element name="swap_meter" layername="swap_meter" frame="0" z_index="28" m_a="1.328305" m_b="0.000000" m_c="0.000000" m_d="0.591416" m_tx="-3.190016" m_ty="-104.046051"/>
   <element name="pot" layername="pot_A" frame="0" z_index="27" m_a="1.328305" m_b="0.000000" m_c="0.000000" m_d="0.591416" m_tx="-3.190016" m_ty="-104.046051"/>
   <element name="pot" layername="handle_B" frame="10" z_index="25" m_a="1.231847" m_b="0.038462" m_c="-0.018457" m_d="0.591128" m_tx="9.488460" m_ty="-159.680450"/>
   <element name="lid" layername="Lid" frame="0" z_index="26" m_a="1.328305" m_b="0.000000" m_c="0.000000" m_d="0.591416" m_tx="8.319201" m_ty="-106.279907"/>
   <element name="campfire_shadow" layername="shdw-A" frame="1" z_index="37" m_a="1.061998" m_b="0.000000" m_c="0.000000" m_d="0.479475" m_tx="-0.888618" m_ty="10.233747"/>
  </frame>
  <frame idx="350" w="1108" h="1627" x="-35.297150" y="-303.511047">
   <element name="wood" layername="wood_M" frame="0" z_index="33" m_a="0.964852" m_b="0.139191" m_c="-0.279453" m_d="1.937125" m_tx="15.555206" m_ty="-227.137573"/>
   <element name="wood" layername="wood_L" frame="1" z_index="24" m_a="0.789671" m_b="-0.274162" m_c="0.710092" m_d="2.045283" m_tx="-265.690979" m_ty="-103.498116"/>
   <element name="wood" layername="wood_MA" frame="2" z_index="30" m_a="-0.386303" m_b="-0.637584" m_c="-0.579655" m_d="0.351204" m_tx="71.431587" m_ty="-764.946777"/>
   <element name="wood" layername="wood_RA" frame="3" z_index="23" m_a="0.941670" m_b="0.086330" m_c="-0.101387" m_d="1.105902" m_tx="436.023865" m_ty="-639.053406"/>
   <element name="wood" layername="wood_LA_2" frame="2" z_index="31" m_a="0.549967" m_b="-0.881342" m_c="0.651753" m_d="0.406701" m_tx="-481.818329" m_ty="-626.307190"/>
   <element name="wood" layername="wood_R" frame="1" z_index="32" m_a="-0.790309" m_b="-0.246634" m_c="-0.611489" m_d="1.959446" m_tx="253.014862" m_ty="-127.538277"/>
   <element name="pot" layername="handle_A" frame="9" z_index="29" m_a="1.130359" m_b="0.035293" m_c="-0.022707" m_d="0.727257" m_tx="7.427432" m_ty="-200.502533"/>
   <element name="swap_meter" layername="swap_meter" frame="0" z_index="28" m_a="1.218870" m_b="0.000000" m_c="0.000000" m_d="0.727611" m_tx="-3.190016" m_ty="-131.791794"/>
   <element name="pot" layername="pot_A" frame="0" z_index="27" m_a="1.218870" m_b="0.000000" m_c="0.000000" m_d="0.727611" m_tx="-3.190016" m_ty="-131.791794"/>
   <element name="pot" layername="handle_B" frame="10" z_index="25" m_a="1.130359" m_b="0.035293" m_c="-0.022707" m_d="0.727257" m_tx="8.443919" m_ty="-200.237946"/>
   <element name="lid" layername="Lid" frame="0" z_index="26" m_a="1.218870" m_b="0.000000" m_c="0.000000" m_d="0.727611" m_tx="7.370993" m_ty="-134.540070"/>
   <element name="campfire_shadow" layername="shdw-A" frame="1" z_index="37" m_a="0.940729" m_b="0.000000" m_c="0.000000" m_d="0.502046" m_tx="-0.888618" m_ty="9.065522"/>
  </frame>
  <frame idx="375" w="1230" h="1850" x="-37.021301" y="-480.522583">
   <element name="wood" layername="wood_M" frame="0" z_index="33" m_a="0.964852" m_b="0.139191" m_c="-0.279453" m_d="1.937125" m_tx="25.900034" m_ty="-416.792755"/>
   <element name="wood" layername="wood_L" frame="1" z_index="24" m_a="0.789671" m_b="-0.274162" m_c="0.710092" m_d="2.045283" m_tx="-322.012817" m_ty="-267.865936"/>
   <element name="wood" layername="wood_MA" frame="2" z_index="30" m_a="-0.386303" m_b="-0.637584" m_c="-0.579655" m_d="0.351204" m_tx="81.776421" m_ty="-954.601929"/>
   <element name="wood" layername="wood_RA" frame="3" z_index="23" m_a="0.941670" m_b="0.086330" m_c="-0.101387" m_d="1.105902" m_tx="488.897430" m_ty="-793.076416"/>
   <element name="wood" layername="wood_LA_2" frame="2" z_index="31" m_a="0.549967" m_b="-0.881342" m_c="0.651753" m_d="0.406701" m_tx="-538.140198" m_ty="-790.675049"/>
   <element name="wood" layername="wood_R" frame="1" z_index="32" m_a="-0.790309" m_b="-0.246634" m_c="-0.611489" m_d="1.959446" m_tx="305.888428" m_ty="-281.561279"/>
   <element name="pot" layername="handle_A" frame="9" z_index="29" m_a="1.028871" m_b="0.032124" m_c="-0.026957" m_d="0.863385" m_tx="6.474156" m_ty="-241.109558"/>
   <element name="swap_meter" layername="swap_meter" frame="0" z_index="28" m_a="1.109435" m_b="0.000000" m_c="0.000000" m_d="0.863806" m_tx="-3.190016" m_ty="-159.537537"/>
   <element name="pot" layername="pot_A" frame="0" z_index="27" m_a="1.109435" m_b="0.000000" m_c="0.000000" m_d="0.863806" m_tx="-3.190016" m_ty="-159.537537"/>
   <element name="pot" layername="handle_B" frame="10" z_index="25" m_a="1.028871" m_b="0.032124" m_c="-0.026957" m_d="0.863385" m_tx="7.399379" m_ty="-240.795456"/>
   <element name="lid" layername="Lid" frame="0" z_index="26" m_a="1.109435" m_b="0.000000" m_c="0.000000" m_d="0.863806" m_tx="6.422784" m_ty="-162.800217"/>
   <element name="campfire_shadow" layername="shdw-A" frame="1" z_index="37" m_a="0.819460" m_b="0.000000" m_c="0.000000" m_d="0.524617" m_tx="-0.888618" m_ty="7.897297"/>
  </frame>
  <frame idx="400" w="1352" h="2103" x="-38.745483" y="-629.953674">
   <element name="wood" layername="wood_M" frame="0" z_index="33" m_a="0.964852" m_b="0.139191" m_c="-0.279453" m_d="1.937125" m_tx="36.244862" m_ty="-606.447937"/>
   <element name="wood" layername="wood_L" frame="1" z_index="24" m_a="0.789671" m_b="-0.274162" m_c="0.710092" m_d="2.045283" m_tx="-378.334656" m_ty="-432.233734"/>
   <element name="wood" layername="wood_MA" frame="2" z_index="30" m_a="-0.386303" m_b="-0.637584" m_c="-0.579655" m_d="0.351204" m_tx="92.121246" m_ty="-1144.257080"/>
   <element name="wood" layername="wood_RA" frame="3" z_index="23" m_a="0.941670" m_b="0.086330" m_c="-0.101387" m_d="1.105902" m_tx="541.770996" m_ty="-947.099365"/>
   <element name="wood" layername="wood_LA_2" frame="2" z_index="31" m_a="0.549967" m_b="-0.881342" m_c="0.651753" m_d="0.406701" m_tx="-594.462036" m_ty="-955.042847"/>
   <element name="wood" layername="wood_R" frame="1" z_index="32" m_a="-0.790309" m_b="-0.246634" m_c="-0.611489" m_d="1.959446" m_tx="358.761993" m_ty="-435.584259"/>
   <element name="pot" layername="handle_A" frame="9" z_index="29" m_a="0.927383" m_b="0.028955" m_c="-0.031208" m_d="0.999513" m_tx="5.520880" m_ty="-281.716583"/>
   <element name="swap_meter" layername="swap_meter" frame="0" z_index="28" m_a="1.000000" m_b="0.000000" m_c="0.000000" m_d="1.000000" m_tx="-3.190016" m_ty="-187.283264"/>
   <element name="pot" layername="pot_A" frame="0" z_index="27" m_a="1.000000" m_b="0.000000" m_c="0.000000" m_d="1.000000" m_tx="-3.190016" m_ty="-187.283264"/>
   <element name="pot" layername="handle_B" frame="10" z_index="25" m_a="0.927383" m_b="0.028955" m_c="-0.031208" m_d="0.999513" m_tx="6.354839" m_ty="-281.352966"/>
   <element name="lid" layername="Lid" frame="0" z_index="26" m_a="1.000000" m_b="0.000000" m_c="0.000000" m_d="1.000000" m_tx="5.474575" m_ty="-191.060379"/>
   <element name="campfire_shadow" layername="shdw-A" frame="1" z_index="37" m_a="0.698191" m_b="0.000000" m_c="0.000000" m_d="0.547189" m_tx="-0.888618" m_ty="6.729073"/>
  </frame>
  <frame idx="425" w="1384" h="2166" x="-40.590027" y="-649.040833">
   <element name="wood" layername="wood_M" frame="0" z_index="33" m_a="0.964852" m_b="0.139191" m_c="-0.140731" m_d="0.975526" m_tx="80.045944" m_ty="-910.070679"/>
   <element name="wood" layername="wood_L" frame="1" z_index="24" m_a="0.789671" m_b="-0.274162" m_c="0.356990" m_d="1.028239" m_tx="-485.915802" m_ty="-742.100220"/>
   <element name="wood" layername="wood_MA" frame="2" z_index="30" m_a="-0.386303" m_b="-0.637584" m_c="-0.291912" m_d="0.176865" m_tx="97.628334" m_ty="-1182.431396"/>
   <element name="wood" layername="wood_RA" frame="3" z_index="23" m_a="0.941670" m_b="0.086330" m_c="-0.051602" m_d="0.562866" m_tx="553.552307" m_ty="-984.851196"/>
   <element name="wood" layername="wood_LA_2" frame="2" z_index="31" m_a="0.549967" m_b="-0.881342" m_c="0.327660" m_d="0.204464" m_tx="-609.932495" m_ty="-999.602417"/>
   <element name="wood" layername="wood_R" frame="1" z_index="32" m_a="-0.790309" m_b="-0.246634" m_c="-0.311227" m_d="0.997289" m_tx="449.946045" m_ty="-727.772583"/>
   <element name="pot" layername="handle_A" frame="9" z_index="29" m_a="0.927383" m_b="0.028955" m_c="-0.031208" m_d="0.999513" m_tx="5.520880" m_ty="-281.716583"/>
   <element name="swap_meter" layername="swap_meter" frame="0" z_index="28" m_a="1.000000" m_b="0.000000" m_c="0.000000" m_d="1.000000" m_tx="-3.190016" m_ty="-187.283264"/>
   <element name="pot" layername="pot_A" frame="0" z_index="27" m_a="1.000000" m_b="0.000000" m_c="0.000000" m_d="1.000000" m_tx="-3.190016" m_ty="-187.283264"/>
   <element name="pot" layername="handle_B" frame="10" z_index="25" m_a="0.927383" m_b="0.028955" m_c="-0.031208" m_d="0.999513" m_tx="6.354839" m_ty="-281.352966"/>
   <element name="lid" layername="Lid" frame="0" z_index="26" m_a="1.000000" m_b="0.000000" m_c="0.000000" m_d="1.000000" m_tx="5.474575" m_ty="-191.060379"/>
   <element name="campfire_shadow" layername="shdw-A" frame="1" z_index="37" m_a="0.698191" m_b="0.000000" m_c="0.000000" m_d="0.547189" m_tx="-0.888618" m_ty="6.729073"/>
  </frame>
  <frame idx="450" w="330" h="503" x="9.835693" y="-145.256210">
   <element name="pot" layername="handle_A" frame="9" z_index="29" m_a="0.927383" m_b="0.028955" m_c="-0.031208" m_d="0.999513" m_tx="5.520880" m_ty="-281.716583"/>
   <element name="swap_meter" layername="swap_meter" frame="0" z_index="28" m_a="1.000000" m_b="0.000000" m_c="0.000000" m_d="1.000000" m_tx="-3.190016" m_ty="-187.283264"/>
   <element name="pot" layername="pot_A" frame="0" z_index="27" m_a="1.000000" m_b="0.000000" m_c="0.000000" m_d="1.000000" m_tx="-3.190016" m_ty="-187.283264"/>
   <element name="pot" layername="handle_B" frame="10" z_index="25" m_a="0.927383" m_b="0.028955" m_c="-0.031208" m_d="0.999513" m_tx="6.354839" m_ty="-281.352966"/>
   <element name="lid" layername="Lid" frame="0" z_index="26" m_a="1.000000" m_b="0.000000" m_c="0.000000" m_d="1.000000" m_tx="5.474575" m_ty="-191.060379"/>
   <element name="campfire_shadow" layername="shdw-A" frame="1" z_index="37" m_a="0.698191" m_b="0.000000" m_c="0.000000" m_d="0.547189" m_tx="-0.888618" m_ty="6.729073"/>
  </frame>
 </anim>
 <anim name="collapse_B" root="campdesalinator_item" numframes="475" framerate="40">
  <frame idx="0" w="871" h="1203" x="170.494537" y="-141.424286">
   <element name="campfire_shadow" layername="shad_L" frame="0" z_index="37" m_a="1.700000" m_b="0.000000" m_c="0.000000" m_d="1.700000" m_tx="-276.636078" m_ty="8.826230"/>
   <element name="campfire_shadow" layername="shad_R" frame="0" z_index="36" m_a="1.700000" m_b="0.000000" m_c="0.000000" m_d="1.700000" m_tx="259.532776" m_ty="9.362784"/>
   <element name="wood" layername="wood_LB" frame="7" z_index="35" m_a="1.698690" m_b="-0.066734" m_c="0.073094" m_d="1.860568" m_tx="-259.275085" m_ty="-6.609437"/>
   <element name="wood" layername="wood_R_B" frame="11" z_index="34" m_a="1.698202" m_b="0.078163" m_c="-0.084696" m_d="1.840142" m_tx="240.460327" m_ty="-8.352864"/>
   <element name="wood" layername="S_B" frame="6" z_index="33" m_a="0.905448" m_b="0.000000" m_c="0.000000" m_d="0.776098" m_tx="9.688914" m_ty="-529.119751"/>
   <element name="pot" layername="handle_A" frame="9" z_index="32" m_a="0.927383" m_b="0.028955" m_c="-0.031208" m_d="0.999513" m_tx="2.166041" m_ty="-489.735687"/>
   <element name="swap_meter" layername="swap_meter" frame="0" z_index="31" m_a="1.000000" m_b="0.000000" m_c="0.000000" m_d="1.000000" m_tx="-6.544855" m_ty="-395.302399"/>
   <element name="pot" layername="pot_A" frame="0" z_index="30" m_a="1.000000" m_b="0.000000" m_c="0.000000" m_d="1.000000" m_tx="-6.544855" m_ty="-395.302399"/>
   <element name="lid" layername="Lid" frame="0" z_index="29" m_a="1.000000" m_b="0.000000" m_c="0.000000" m_d="1.000000" m_tx="2.119736" m_ty="-399.079498"/>
   <element name="pot" layername="handle_B" frame="10" z_index="28" m_a="0.927383" m_b="0.028955" m_c="-0.031208" m_d="0.999513" m_tx="3.000000" m_ty="-489.372101"/>
   <element name="wood" layername="S_F" frame="5" z_index="27" m_a="0.905450" m_b="0.000000" m_c="0.000000" m_d="0.776100" m_tx="9.688910" m_ty="-529.119751"/>
   <element name="wood" layername="wood_M_B" frame="9" z_index="26" m_a="2.236369" m_b="0.000000" m_c="0.000000" m_d="1.644984" m_tx="-8.695037" m_ty="-577.265930"/>
   <element name="wood" layername="S_M" frame="4" z_index="25" m_a="0.905448" m_b="0.000000" m_c="0.000000" m_d="0.776098" m_tx="9.688910" m_ty="-529.119751"/>
   <element name="wood" layername="wood_L_F" frame="8" z_index="24" m_a="1.698690" m_b="-0.066734" m_c="0.073094" m_d="1.860568" m_tx="-259.275116" m_ty="-6.609440"/>
   <element name="wood" layername="wood_R_F" frame="10" z_index="23" m_a="1.698202" m_b="0.078163" m_c="-0.084696" m_d="1.840142" m_tx="240.460327" m_ty="-8.352860"/>
  </frame>
  <frame idx="25" w="913" h="1100" x="156.409393" y="-148.130554">
   <element name="campfire_shadow" layername="shad_L" frame="0" z_index="37" m_a="1.700000" m_b="0.000000" m_c="0.000000" m_d="1.700000" m_tx="-276.636078" m_ty="8.826230"/>
   <element name="campfire_shadow" layername="shad_R" frame="0" z_index="36" m_a="1.700000" m_b="0.000000" m_c="0.000000" m_d="1.700000" m_tx="259.532776" m_ty="9.362784"/>
   <element name="wood" layername="wood_LB" frame="7" z_index="35" m_a="1.698421" m_b="0.073259" m_c="-0.074037" m_d="1.716453" m_tx="-259.187225" m_ty="-8.518456"/>
   <element name="wood" layername="wood_R_B" frame="11" z_index="34" m_a="1.698751" m_b="-0.065142" m_c="0.065130" m_d="1.698427" m_tx="240.460327" m_ty="-8.352864"/>
   <element name="wood" layername="S_B" frame="6" z_index="33" m_a="0.970190" m_b="0.000000" m_c="0.000000" m_d="0.664642" m_tx="8.265638" m_ty="-491.858917"/>
   <element name="pot" layername="handle_A" frame="9" z_index="32" m_a="0.993694" m_b="0.031026" m_c="-0.026726" m_d="0.855972" m_tx="0.366111" m_ty="-458.147919"/>
   <element name="swap_meter" layername="swap_meter" frame="0" z_index="31" m_a="1.071503" m_b="0.000000" m_c="0.000000" m_d="0.856389" m_tx="-8.582735" m_ty="-377.289337"/>
   <element name="pot" layername="pot_A" frame="0" z_index="30" m_a="1.071503" m_b="0.000000" m_c="0.000000" m_d="0.856389" m_tx="-8.582735" m_ty="-377.289337"/>
   <element name="lid" layername="Lid" frame="0" z_index="29" m_a="1.071503" m_b="0.000000" m_c="0.000000" m_d="0.856389" m_tx="0.684451" m_ty="-380.498596"/>
   <element name="pot" layername="handle_B" frame="10" z_index="28" m_a="0.993694" m_b="0.031026" m_c="-0.026726" m_d="0.855972" m_tx="1.261021" m_ty="-457.833984"/>
   <element name="wood" layername="S_F" frame="5" z_index="27" m_a="0.970192" m_b="0.000000" m_c="0.000000" m_d="0.664644" m_tx="8.265634" m_ty="-491.858917"/>
   <element name="wood" layername="wood_M_B" frame="9" z_index="26" m_a="2.236369" m_b="0.000000" m_c="0.000000" m_d="1.517808" m_tx="-10.674477" m_ty="-534.260132"/>
   <element name="wood" layername="S_M" frame="4" z_index="25" m_a="0.970190" m_b="0.000000" m_c="0.000000" m_d="0.664642" m_tx="8.265634" m_ty="-491.858917"/>
   <element name="wood" layername="wood_L_F" frame="8" z_index="24" m_a="1.698421" m_b="0.073259" m_c="-0.074037" m_d="1.716453" m_tx="-259.187256" m_ty="-8.518459"/>
   <element name="wood" layername="wood_R_F" frame="10" z_index="23" m_a="1.698751" m_b="-0.065142" m_c="0.065130" m_d="1.698427" m_tx="240.460327" m_ty="-8.352861"/>
  </frame>
  <frame idx="50" w="987" h="1010" x="132.777283" y="-151.496094">
   <element name="campfire_shadow" layername="shad_L" frame="0" z_index="37" m_a="1.700000" m_b="0.000000" m_c="0.000000" m_d="1.700000" m_tx="-276.636078" m_ty="8.826230"/>
   <element name="campfire_shadow" layername="shad_R" frame="0" z_index="36" m_a="1.700000" m_b="0.000000" m_c="0.000000" m_d="1.700000" m_tx="259.532776" m_ty="9.362784"/>
   <element name="wood" layername="wood_LB" frame="7" z_index="35" m_a="1.686634" m_b="0.212755" m_c="-0.196998" m_d="1.561719" m_tx="-259.099365" m_ty="-10.427475"/>
   <element name="wood" layername="wood_R_B" frame="11" z_index="34" m_a="1.687229" m_b="-0.207984" m_c="0.190521" m_d="1.545563" m_tx="240.460327" m_ty="-8.352864"/>
   <element name="wood" layername="S_B" frame="6" z_index="33" m_a="1.034932" m_b="0.000000" m_c="0.000000" m_d="0.553186" m_tx="6.842362" m_ty="-454.598083"/>
   <element name="pot" layername="handle_A" frame="9" z_index="32" m_a="1.060004" m_b="0.033096" m_c="-0.022244" m_d="0.712431" m_tx="-1.433819" m_ty="-426.560150"/>
   <element name="swap_meter" layername="swap_meter" frame="0" z_index="31" m_a="1.143006" m_b="0.000000" m_c="0.000000" m_d="0.712778" m_tx="-10.620614" m_ty="-359.276276"/>
   <element name="pot" layername="pot_A" frame="0" z_index="30" m_a="1.143006" m_b="0.000000" m_c="0.000000" m_d="0.712778" m_tx="-10.620614" m_ty="-359.276276"/>
   <element name="lid" layername="Lid" frame="0" z_index="29" m_a="1.143006" m_b="0.000000" m_c="0.000000" m_d="0.712778" m_tx="-0.750833" m_ty="-361.917664"/>
   <element name="pot" layername="handle_B" frame="10" z_index="28" m_a="1.060004" m_b="0.033096" m_c="-0.022244" m_d="0.712431" m_tx="-0.477958" m_ty="-426.295898"/>
   <element name="wood" layername="S_F" frame="5" z_index="27" m_a="1.034935" m_b="0.000000" m_c="0.000000" m_d="0.553187" m_tx="6.842357" m_ty="-454.598083"/>
   <element name="wood" layername="wood_M_B" frame="9" z_index="26" m_a="2.236369" m_b="0.000000" m_c="0.000000" m_d="1.390632" m_tx="-12.653916" m_ty="-491.254333"/>
   <element name="wood" layername="S_M" frame="4" z_index="25" m_a="1.034932" m_b="0.000000" m_c="0.000000" m_d="0.553186" m_tx="6.842357" m_ty="-454.598083"/>
   <element name="wood" layername="wood_L_F" frame="8" z_index="24" m_a="1.686634" m_b="0.212755" m_c="-0.196998" m_d="1.561719" m_tx="-259.099365" m_ty="-10.427478"/>
   <element name="wood" layername="wood_R_F" frame="10" z_index="23" m_a="1.687229" m_b="-0.207984" m_c="0.190521" m_d="1.545563" m_tx="240.460327" m_ty="-8.352861"/>
  </frame>
  <frame idx="75" w="923" h="1283" x="159.324432" y="-149.741608">
   <element name="campfire_shadow" layername="shad_L" frame="0" z_index="37" m_a="1.700000" m_b="0.000000" m_c="0.000000" m_d="1.700000" m_tx="-276.636078" m_ty="8.826230"/>
   <element name="campfire_shadow" layername="shad_R" frame="0" z_index="36" m_a="1.700000" m_b="0.000000" m_c="0.000000" m_d="1.700000" m_tx="259.532776" m_ty="9.362784"/>
   <element name="wood" layername="wood_LB" frame="7" z_index="35" m_a="1.698421" m_b="0.073259" m_c="-0.083479" m_d="1.935363" m_tx="-259.187225" m_ty="-8.518456"/>
   <element name="wood" layername="wood_R_B" frame="11" z_index="34" m_a="1.698751" m_b="-0.065142" m_c="0.073435" m_d="1.915038" m_tx="240.542908" m_ty="-6.250996"/>
   <element name="wood" layername="S_B" frame="6" z_index="33" m_a="0.495687" m_b="0.000000" m_c="0.000000" m_d="0.976634" m_tx="5.922249" m_ty="-558.271667"/>
   <element name="pot" layername="handle_A" frame="9" z_index="32" m_a="0.507696" m_b="0.015852" m_c="-0.039271" m_d="1.257778" m_tx="1.983687" m_ty="-500.301575"/>
   <element name="swap_meter" layername="swap_meter" frame="0" z_index="31" m_a="0.547450" m_b="0.000000" m_c="0.000000" m_d="1.258391" m_tx="-2.453256" m_ty="-381.506927"/>
   <element name="pot" layername="pot_A" frame="0" z_index="30" m_a="0.547450" m_b="0.000000" m_c="0.000000" m_d="1.258391" m_tx="-2.453256" m_ty="-381.506927"/>
   <element name="lid" layername="Lid" frame="0" z_index="29" m_a="0.547450" m_b="0.000000" m_c="0.000000" m_d="1.258391" m_tx="2.275561" m_ty="-386.183319"/>
   <element name="pot" layername="handle_B" frame="10" z_index="28" m_a="0.507696" m_b="0.015852" m_c="-0.039271" m_d="1.257778" m_tx="2.441376" m_ty="-499.836334"/>
   <element name="wood" layername="S_F" frame="5" z_index="27" m_a="0.495688" m_b="0.000000" m_c="0.000000" m_d="0.976637" m_tx="5.922246" m_ty="-558.271667"/>
   <element name="wood" layername="wood_M_B" frame="9" z_index="26" m_a="2.231055" m_b="0.154068" m_c="-0.104565" m_d="1.514202" m_tx="0.658856" m_ty="-618.260132"/>
   <element name="wood" layername="S_M" frame="4" z_index="25" m_a="0.495687" m_b="0.000000" m_c="0.000000" m_d="0.976634" m_tx="5.922246" m_ty="-558.271667"/>
   <element name="wood" layername="wood_L_F" frame="8" z_index="24" m_a="1.698421" m_b="0.073259" m_c="-0.083479" m_d="1.935363" m_tx="-259.187256" m_ty="-8.518459"/>
   <element name="wood" layername="wood_R_F" frame="10" z_index="23" m_a="1.698751" m_b="-0.065142" m_c="0.073435" m_d="1.915038" m_tx="240.542908" m_ty="-6.250992"/>
  </frame>
  <frame idx="100" w="879" h="1572" x="177.794464" y="-141.036682">
   <element name="campfire_shadow" layername="shad_L" frame="0" z_index="37" m_a="1.700000" m_b="0.000000" m_c="0.000000" m_d="1.700000" m_tx="-276.636078" m_ty="8.826230"/>
   <element name="campfire_shadow" layername="shad_R" frame="0" z_index="36" m_a="1.700000" m_b="0.000000" m_c="0.000000" m_d="1.700000" m_tx="259.532776" m_ty="9.362784"/>
   <element name="wood" layername="wood_LB" frame="7" z_index="35" m_a="1.698690" m_b="-0.066734" m_c="0.090296" m_d="2.298457" m_tx="-259.275085" m_ty="-6.609436"/>
   <element name="wood" layername="wood_R_B" frame="11" z_index="34" m_a="1.698202" m_b="0.078163" m_c="-0.104630" m_d="2.273224" m_tx="240.625473" m_ty="-4.149128"/>
   <element name="wood" layername="S_B" frame="6" z_index="33" m_a="0.905448" m_b="0.000000" m_c="0.000000" m_d="0.885023" m_tx="19.625793" m_ty="-689.195435"/>
   <element name="pot" layername="handle_A" frame="9" z_index="32" m_a="0.927383" m_b="0.028955" m_c="-0.035588" m_d="1.139795" m_tx="12.477750" m_ty="-630.973145"/>
   <element name="swap_meter" layername="swap_meter" frame="0" z_index="31" m_a="1.000000" m_b="0.000000" m_c="0.000000" m_d="1.140350" m_tx="4.305652" m_ty="-523.317261"/>
   <element name="pot" layername="pot_A" frame="0" z_index="30" m_a="1.000000" m_b="0.000000" m_c="0.000000" m_d="1.140350" m_tx="4.305652" m_ty="-523.317261"/>
   <element name="lid" layername="Lid" frame="0" z_index="29" m_a="1.000000" m_b="0.000000" m_c="0.000000" m_d="1.140350" m_tx="12.946517" m_ty="-527.563782"/>
   <element name="pot" layername="handle_B" frame="10" z_index="28" m_a="0.927383" m_b="0.028955" m_c="-0.035588" m_d="1.139795" m_tx="13.313557" m_ty="-630.552368"/>
   <element name="wood" layername="S_F" frame="5" z_index="27" m_a="0.905450" m_b="0.000000" m_c="0.000000" m_d="0.885026" m_tx="19.625790" m_ty="-689.195435"/>
   <element name="wood" layername="wood_M_B" frame="9" z_index="26" m_a="2.215141" m_b="0.307405" m_c="-0.226115" m_d="1.629369" m_tx="13.971630" m_ty="-745.265930"/>
   <element name="wood" layername="S_M" frame="4" z_index="25" m_a="0.905448" m_b="0.000000" m_c="0.000000" m_d="0.885023" m_tx="19.625790" m_ty="-689.195435"/>
   <element name="wood" layername="wood_L_F" frame="8" z_index="24" m_a="1.698690" m_b="-0.066734" m_c="0.090296" m_d="2.298457" m_tx="-259.275116" m_ty="-6.609440"/>
   <element name="wood" layername="wood_R_F" frame="10" z_index="23" m_a="1.698202" m_b="0.078163" m_c="-0.104630" m_d="2.273224" m_tx="240.625473" m_ty="-4.149123"/>
  </frame>
  <frame idx="125" w="880" h="1523" x="179.597687" y="-175.520386">
   <element name="campfire_shadow" layername="shad_L" frame="0" z_index="37" m_a="1.700000" m_b="0.000000" m_c="0.000000" m_d="1.700000" m_tx="-276.636078" m_ty="8.826230"/>
   <element name="campfire_shadow" layername="shad_R" frame="0" z_index="36" m_a="1.700000" m_b="0.000000" m_c="0.000000" m_d="1.700000" m_tx="259.532776" m_ty="9.362784"/>
   <element name="wood" layername="wood_LB" frame="7" z_index="35" m_a="1.667847" m_b="-0.329070" m_c="0.401404" m_d="2.034465" m_tx="-259.275085" m_ty="-6.609437"/>
   <element name="wood" layername="wood_R_B" frame="11" z_index="34" m_a="1.670595" m_b="0.314820" m_c="-0.379971" m_d="2.016321" m_tx="240.620880" m_ty="-4.265898"/>
   <element name="wood" layername="S_B" frame="6" z_index="32" m_a="0.905448" m_b="0.000000" m_c="0.000000" m_d="0.999487" m_tx="23.819508" m_ty="-699.658936"/>
   <element name="pot" layername="handle_A" frame="9" z_index="31" m_a="0.927383" m_b="0.028955" m_c="-0.040190" m_d="1.287210" m_tx="16.717800" m_ty="-649.952393"/>
   <element name="swap_meter" layername="swap_meter" frame="0" z_index="30" m_a="1.000000" m_b="0.000000" m_c="0.000000" m_d="1.287837" m_tx="8.478352" m_ty="-528.369019"/>
   <element name="pot" layername="pot_A" frame="0" z_index="29" m_a="1.000000" m_b="0.000000" m_c="0.000000" m_d="1.287837" m_tx="8.478352" m_ty="-528.369019"/>
   <element name="lid" layername="Lid" frame="0" z_index="28" m_a="1.000000" m_b="0.000000" m_c="0.000000" m_d="1.287837" m_tx="17.122183" m_ty="-533.172363"/>
   <element name="pot" layername="handle_B" frame="10" z_index="27" m_a="0.927383" m_b="0.028955" m_c="-0.040190" m_d="1.287210" m_tx="17.553375" m_ty="-649.478027"/>
   <element name="wood" layername="S_F" frame="5" z_index="26" m_a="0.905450" m_b="0.000000" m_c="0.000000" m_d="0.999490" m_tx="23.819504" m_ty="-699.658936"/>
   <element name="wood" layername="wood_M_B" frame="9" z_index="26" m_a="2.228647" m_b="0.185678" m_c="-0.136577" m_d="1.639304" m_tx="12.445408" m_ty="-695.840698"/>
   <element name="wood" layername="S_M" frame="4" z_index="25" m_a="0.905448" m_b="0.000000" m_c="0.000000" m_d="0.999487" m_tx="23.819504" m_ty="-699.658936"/>
   <element name="wood" layername="wood_L_F" frame="8" z_index="24" m_a="1.667847" m_b="-0.329070" m_c="0.401404" m_d="2.034465" m_tx="-259.275116" m_ty="-6.609440"/>
   <element name="wood" layername="wood_R_F" frame="10" z_index="23" m_a="1.670595" m_b="0.314820" m_c="-0.379971" m_d="2.016321" m_tx="240.620880" m_ty="-4.265893"/>
  </frame>
  <frame idx="150" w="882" h="1483" x="180.130890" y="-220.333618">
   <element name="campfire_shadow" layername="shad_L" frame="0" z_index="37" m_a="1.700000" m_b="0.000000" m_c="0.000000" m_d="1.700000" m_tx="-276.636078" m_ty="8.826230"/>
   <element name="campfire_shadow" layername="shad_R" frame="0" z_index="36" m_a="1.700000" m_b="0.000000" m_c="0.000000" m_d="1.700000" m_tx="259.532776" m_ty="9.362784"/>
   <element name="wood" layername="wood_LB" frame="7" z_index="35" m_a="1.596739" m_b="-0.583460" m_c="0.633961" m_d="1.734942" m_tx="-259.275085" m_ty="-6.609438"/>
   <element name="wood" layername="wood_R_B" frame="11" z_index="34" m_a="1.610173" m_b="0.545293" m_c="-0.586348" m_d="1.731401" m_tx="240.616302" m_ty="-4.382668"/>
   <element name="wood" layername="S_B" frame="6" z_index="32" m_a="1.502939" m_b="0.000000" m_c="0.000000" m_d="0.498759" m_tx="31.938110" m_ty="-703.946289"/>
   <element name="pot" layername="handle_A" frame="9" z_index="31" m_a="1.539349" m_b="0.048063" m_c="-0.020056" m_d="0.642336" m_tx="21.742161" m_ty="-699.922363"/>
   <element name="swap_meter" layername="swap_meter" frame="0" z_index="30" m_a="1.659885" m_b="0.000000" m_c="0.000000" m_d="0.642649" m_tx="7.953834" m_ty="-639.248718"/>
   <element name="pot" layername="pot_A" frame="0" z_index="29" m_a="1.659885" m_b="0.000000" m_c="0.000000" m_d="0.642649" m_tx="7.953834" m_ty="-639.248718"/>
   <element name="lid" layername="Lid" frame="0" z_index="28" m_a="1.659885" m_b="0.000000" m_c="0.000000" m_d="0.642649" m_tx="22.306520" m_ty="-641.649109"/>
   <element name="pot" layername="handle_B" frame="10" z_index="27" m_a="1.539349" m_b="0.048063" m_c="-0.020056" m_d="0.642336" m_tx="23.128736" m_ty="-699.685974"/>
   <element name="wood" layername="S_F" frame="5" z_index="26" m_a="1.502943" m_b="0.000000" m_c="0.000000" m_d="0.498760" m_tx="31.938105" m_ty="-703.946289"/>
   <element name="wood" layername="wood_M_B" frame="9" z_index="26" m_a="2.235470" m_b="0.063395" m_c="-0.046631" m_d="1.644323" m_tx="10.919186" m_ty="-646.415527"/>
   <element name="wood" layername="S_M" frame="4" z_index="25" m_a="1.502939" m_b="0.000000" m_c="0.000000" m_d="0.498759" m_tx="31.938105" m_ty="-703.946289"/>
   <element name="wood" layername="wood_L_F" frame="8" z_index="24" m_a="1.596739" m_b="-0.583460" m_c="0.633961" m_d="1.734942" m_tx="-259.275116" m_ty="-6.609440"/>
   <element name="wood" layername="wood_R_F" frame="10" z_index="23" m_a="1.610173" m_b="0.545293" m_c="-0.586348" m_d="1.731401" m_tx="240.616302" m_ty="-4.382664"/>
  </frame>
  <frame idx="175" w="883" h="1336" x="181.106720" y="-236.661774">
   <element name="campfire_shadow" layername="shad_L" frame="0" z_index="37" m_a="1.700000" m_b="0.000000" m_c="0.000000" m_d="1.700000" m_tx="-276.636078" m_ty="8.826230"/>
   <element name="campfire_shadow" layername="shad_R" frame="0" z_index="36" m_a="1.700000" m_b="0.000000" m_c="0.000000" m_d="1.700000" m_tx="259.532776" m_ty="9.362784"/>
   <element name="wood" layername="wood_LB" frame="7" z_index="35" m_a="1.487081" m_b="-0.823765" m_c="0.785289" m_d="1.417623" m_tx="-259.275085" m_ty="-6.609439"/>
   <element name="wood" layername="wood_R_B" frame="11" z_index="34" m_a="1.518122" m_b="0.765053" m_c="-0.721927" m_d="1.432546" m_tx="240.611710" m_ty="-4.499439"/>
   <element name="wood" layername="S_B" frame="6" z_index="32" m_a="0.905448" m_b="0.000000" m_c="0.000000" m_d="0.999487" m_tx="30.962364" m_ty="-644.897034"/>
   <element name="pot" layername="handle_A" frame="9" z_index="29" m_a="0.452524" m_b="0.014129" m_c="-0.039404" m_d="1.262036" m_tx="23.103725" m_ty="-700.956360"/>
   <element name="swap_meter" layername="swap_meter" frame="0" z_index="28" m_a="0.487959" m_b="0.000000" m_c="0.000000" m_d="1.262651" m_tx="19.050350" m_ty="-581.747253"/>
   <element name="pot" layername="pot_A" frame="0" z_index="27" m_a="0.487959" m_b="0.000000" m_c="0.000000" m_d="1.262651" m_tx="19.050350" m_ty="-581.747253"/>
   <element name="lid" layername="Lid" frame="0" z_index="26" m_a="0.487959" m_b="0.000000" m_c="0.000000" m_d="1.262651" m_tx="23.269630" m_ty="-586.463562"/>
   <element name="pot" layername="handle_B" frame="10" z_index="25" m_a="0.452524" m_b="0.014129" m_c="-0.039404" m_d="1.262036" m_tx="23.511339" m_ty="-700.492004"/>
   <element name="wood" layername="S_F" frame="5" z_index="30" m_a="0.905450" m_b="0.000000" m_c="0.000000" m_d="0.999490" m_tx="30.962360" m_ty="-644.897034"/>
   <element name="wood" layername="wood_M_B" frame="9" z_index="26" m_a="2.235589" m_b="-0.059078" m_c="0.043455" m_d="1.644410" m_tx="9.392963" m_ty="-596.990295"/>
   <element name="wood" layername="S_M" frame="4" z_index="31" m_a="0.905448" m_b="0.000000" m_c="0.000000" m_d="0.999487" m_tx="30.962360" m_ty="-644.897034"/>
   <element name="wood" layername="wood_L_F" frame="8" z_index="24" m_a="1.487081" m_b="-0.823765" m_c="0.785289" m_d="1.417623" m_tx="-259.275116" m_ty="-6.609440"/>
   <element name="wood" layername="wood_R_F" frame="10" z_index="23" m_a="1.518122" m_b="0.765053" m_c="-0.721927" m_d="1.432546" m_tx="240.611710" m_ty="-4.499434"/>
  </frame>
  <frame idx="200" w="884" h="1171" x="182.645477" y="-248.806335">
   <element name="campfire_shadow" layername="shad_L" frame="0" z_index="37" m_a="1.700000" m_b="0.000000" m_c="0.000000" m_d="1.700000" m_tx="-276.636078" m_ty="8.826230"/>
   <element name="campfire_shadow" layername="shad_R" frame="0" z_index="36" m_a="1.700000" m_b="0.000000" m_c="0.000000" m_d="1.700000" m_tx="259.532776" m_ty="9.362784"/>
   <element name="wood" layername="wood_LB" frame="7" z_index="35" m_a="1.341523" m_b="-1.044183" m_c="0.856262" m_d="1.100090" m_tx="-259.275085" m_ty="-6.609440"/>
   <element name="wood" layername="wood_R_B" frame="11" z_index="34" m_a="1.396250" m_b="0.969786" m_c="-0.787439" m_d="1.133716" m_tx="240.607117" m_ty="-4.616210"/>
   <element name="wood" layername="S_B" frame="6" z_index="32" m_a="0.786446" m_b="0.000000" m_c="0.000000" m_d="1.067683" m_tx="25.495552" m_ty="-535.074890"/>
   <element name="pot" layername="handle_A" frame="9" z_index="29" m_a="0.452524" m_b="0.014129" m_c="-0.039404" m_d="1.262036" m_tx="20.115219" m_ty="-630.841431"/>
   <element name="swap_meter" layername="swap_meter" frame="0" z_index="28" m_a="0.487959" m_b="0.000000" m_c="0.000000" m_d="1.262651" m_tx="16.061844" m_ty="-511.632324"/>
   <element name="pot" layername="pot_A" frame="0" z_index="27" m_a="0.487959" m_b="0.000000" m_c="0.000000" m_d="1.262651" m_tx="16.061844" m_ty="-511.632324"/>
   <element name="lid" layername="Lid" frame="0" z_index="26" m_a="0.487959" m_b="0.000000" m_c="0.000000" m_d="1.262651" m_tx="20.281124" m_ty="-516.348633"/>
   <element name="pot" layername="handle_B" frame="10" z_index="25" m_a="0.452524" m_b="0.014129" m_c="-0.039404" m_d="1.262036" m_tx="20.522833" m_ty="-630.377075"/>
   <element name="wood" layername="S_F" frame="5" z_index="30" m_a="0.786448" m_b="0.000000" m_c="0.000000" m_d="1.067686" m_tx="25.495548" m_ty="-535.074890"/>
   <element name="wood" layername="wood_M_B" frame="9" z_index="26" m_a="2.229002" m_b="-0.181374" m_c="0.133412" m_d="1.639565" m_tx="7.866741" m_ty="-547.565063"/>
   <element name="wood" layername="S_M" frame="4" z_index="31" m_a="0.786446" m_b="0.000000" m_c="0.000000" m_d="1.067683" m_tx="25.495548" m_ty="-535.074890"/>
   <element name="wood" layername="wood_L_F" frame="8" z_index="24" m_a="1.341523" m_b="-1.044183" m_c="0.856262" m_d="1.100090" m_tx="-259.275116" m_ty="-6.609440"/>
   <element name="wood" layername="wood_R_F" frame="10" z_index="23" m_a="1.396250" m_b="0.969786" m_c="-0.787439" m_d="1.133716" m_tx="240.607117" m_ty="-4.616205"/>
  </frame>
  <frame idx="225" w="885" h="1116" x="182.898163" y="-292.226135">
   <element name="campfire_shadow" layername="shad_L" frame="0" z_index="37" m_a="1.700000" m_b="0.000000" m_c="0.000000" m_d="1.700000" m_tx="-276.636078" m_ty="8.826230"/>
   <element name="campfire_shadow" layername="shad_R" frame="0" z_index="36" m_a="1.700000" m_b="0.000000" m_c="0.000000" m_d="1.700000" m_tx="259.532776" m_ty="9.362784"/>
   <element name="wood" layername="wood_LB" frame="7" z_index="35" m_a="1.163576" m_b="-1.239391" m_c="0.851175" m_d="0.799108" m_tx="-259.275116" m_ty="-6.609441"/>
   <element name="wood" layername="wood_R_B" frame="11" z_index="34" m_a="1.246952" m_b="1.155470" m_c="-0.786082" m_d="0.848318" m_tx="240.602539" m_ty="-4.732980"/>
   <element name="wood" layername="S_B" frame="6" z_index="32" m_a="0.667444" m_b="0.000000" m_c="0.000000" m_d="1.135879" m_tx="20.028740" m_ty="-425.252808"/>
   <element name="pot" layername="handle_A" frame="9" z_index="29" m_a="0.452524" m_b="0.014129" m_c="-0.039404" m_d="1.262036" m_tx="17.126713" m_ty="-560.726501"/>
   <element name="swap_meter" layername="swap_meter" frame="0" z_index="28" m_a="0.487959" m_b="0.000000" m_c="0.000000" m_d="1.262651" m_tx="13.073339" m_ty="-441.517365"/>
   <element name="pot" layername="pot_A" frame="0" z_index="27" m_a="0.487959" m_b="0.000000" m_c="0.000000" m_d="1.262651" m_tx="13.073339" m_ty="-441.517365"/>
   <element name="lid" layername="Lid" frame="0" z_index="26" m_a="0.487959" m_b="0.000000" m_c="0.000000" m_d="1.262651" m_tx="17.292620" m_ty="-446.233643"/>
   <element name="pot" layername="handle_B" frame="10" z_index="25" m_a="0.452524" m_b="0.014129" m_c="-0.039404" m_d="1.262036" m_tx="17.534328" m_ty="-560.262085"/>
   <element name="wood" layername="S_F" frame="5" z_index="30" m_a="0.667445" m_b="0.000000" m_c="0.000000" m_d="1.135882" m_tx="20.028736" m_ty="-425.252808"/>
   <element name="wood" layername="wood_M_B" frame="9" z_index="35" m_a="2.215730" m_b="-0.303125" m_c="0.222966" m_d="1.629803" m_tx="6.340519" m_ty="-498.139893"/>
   <element name="wood" layername="S_M" frame="4" z_index="31" m_a="0.667444" m_b="0.000000" m_c="0.000000" m_d="1.135879" m_tx="20.028736" m_ty="-425.252808"/>
   <element name="wood" layername="wood_L_F" frame="8" z_index="24" m_a="1.163576" m_b="-1.239391" m_c="0.851175" m_d="0.799108" m_tx="-259.275116" m_ty="-6.609440"/>
   <element name="wood" layername="wood_R_F" frame="10" z_index="23" m_a="1.246952" m_b="1.155470" m_c="-0.786082" m_d="0.848318" m_tx="240.602539" m_ty="-4.732975"/>
  </frame>
  <frame idx="250" w="884" h="971" x="182.042511" y="-265.165039">
   <element name="campfire_shadow" layername="shad_L" frame="0" z_index="37" m_a="1.700000" m_b="0.000000" m_c="0.000000" m_d="1.700000" m_tx="-276.636078" m_ty="8.826230"/>
   <element name="campfire_shadow" layername="shad_R" frame="0" z_index="36" m_a="1.700000" m_b="0.000000" m_c="0.000000" m_d="1.700000" m_tx="259.532776" m_ty="9.362784"/>
   <element name="wood" layername="wood_LB" frame="7" z_index="35" m_a="0.957539" m_b="-1.404678" m_c="0.777500" m_d="0.530005" m_tx="-259.275116" m_ty="-6.609442"/>
   <element name="wood" layername="wood_R_B" frame="11" z_index="34" m_a="1.073160" m_b="1.318457" m_c="-0.723378" m_d="0.588794" m_tx="240.597946" m_ty="-4.849751"/>
   <element name="wood" layername="S_B" frame="6" z_index="32" m_a="0.548441" m_b="0.000000" m_c="0.000000" m_d="1.204075" m_tx="14.561928" m_ty="-315.430664"/>
   <element name="pot" layername="handle_A" frame="9" z_index="29" m_a="0.452524" m_b="0.014129" m_c="-0.039404" m_d="1.262036" m_tx="14.138207" m_ty="-490.611542"/>
   <element name="swap_meter" layername="swap_meter" frame="0" z_index="28" m_a="0.487959" m_b="0.000000" m_c="0.000000" m_d="1.262651" m_tx="10.084833" m_ty="-371.402405"/>
   <element name="pot" layername="pot_A" frame="0" z_index="27" m_a="0.487959" m_b="0.000000" m_c="0.000000" m_d="1.262651" m_tx="10.084833" m_ty="-371.402405"/>
   <element name="lid" layername="Lid" frame="0" z_index="26" m_a="0.487959" m_b="0.000000" m_c="0.000000" m_d="1.262651" m_tx="14.304113" m_ty="-376.118713"/>
   <element name="pot" layername="handle_B" frame="10" z_index="25" m_a="0.452524" m_b="0.014129" m_c="-0.039404" m_d="1.262036" m_tx="14.545822" m_ty="-490.147156"/>
   <element name="wood" layername="S_F" frame="5" z_index="30" m_a="0.548443" m_b="0.000000" m_c="0.000000" m_d="1.204079" m_tx="14.561926" m_ty="-315.430664"/>
   <element name="wood" layername="wood_M_B" frame="9" z_index="35" m_a="2.195472" m_b="-0.425730" m_c="0.313150" m_d="1.614902" m_tx="5.202683" m_ty="-372.015411"/>
   <element name="wood" layername="S_M" frame="4" z_index="31" m_a="0.548441" m_b="0.000000" m_c="0.000000" m_d="1.204075" m_tx="14.561926" m_ty="-315.430664"/>
   <element name="wood" layername="wood_L_F" frame="8" z_index="24" m_a="0.957539" m_b="-1.404678" m_c="0.777500" m_d="0.530005" m_tx="-259.275116" m_ty="-6.609440"/>
   <element name="wood" layername="wood_R_F" frame="10" z_index="23" m_a="1.073160" m_b="1.318457" m_c="-0.723378" m_d="0.588794" m_tx="240.597946" m_ty="-4.849746"/>
  </frame>
  <frame idx="275" w="882" h="858" x="179.860687" y="-231.137787">
   <element name="campfire_shadow" layername="shad_L" frame="0" z_index="37" m_a="1.700000" m_b="0.000000" m_c="0.000000" m_d="1.700000" m_tx="-276.636078" m_ty="8.826230"/>
   <element name="campfire_shadow" layername="shad_R" frame="0" z_index="36" m_a="1.700000" m_b="0.000000" m_c="0.000000" m_d="1.700000" m_tx="259.532776" m_ty="9.362784"/>
   <element name="wood" layername="wood_LB" frame="7" z_index="35" m_a="0.728384" m_b="-1.536052" m_c="0.645520" m_d="0.306101" m_tx="-259.275116" m_ty="-6.609443"/>
   <element name="wood" layername="wood_R_B" frame="11" z_index="34" m_a="0.878287" m_b="1.455545" m_c="-0.606957" m_d="0.366243" m_tx="240.593369" m_ty="-4.966521"/>
   <element name="wood" layername="S_B" frame="6" z_index="32" m_a="0.429439" m_b="0.000000" m_c="0.000000" m_d="1.272271" m_tx="9.095118" m_ty="-205.608551"/>
   <element name="pot" layername="handle_A" frame="9" z_index="29" m_a="0.452524" m_b="0.014129" m_c="-0.039404" m_d="1.262036" m_tx="11.149702" m_ty="-420.496613"/>
   <element name="swap_meter" layername="swap_meter" frame="0" z_index="28" m_a="0.487959" m_b="0.000000" m_c="0.000000" m_d="1.262651" m_tx="7.096328" m_ty="-301.287476"/>
   <element name="pot" layername="pot_A" frame="0" z_index="27" m_a="0.487959" m_b="0.000000" m_c="0.000000" m_d="1.262651" m_tx="7.096328" m_ty="-301.287476"/>
   <element name="lid" layername="Lid" frame="0" z_index="26" m_a="0.487959" m_b="0.000000" m_c="0.000000" m_d="1.262651" m_tx="11.315608" m_ty="-306.003754"/>
   <element name="pot" layername="handle_B" frame="10" z_index="25" m_a="0.452524" m_b="0.014129" m_c="-0.039404" m_d="1.262036" m_tx="11.557317" m_ty="-420.032196"/>
   <element name="wood" layername="S_F" frame="5" z_index="30" m_a="0.429440" m_b="0.000000" m_c="0.000000" m_d="1.272275" m_tx="9.095114" m_ty="-205.608551"/>
   <element name="wood" layername="wood_M_B" frame="9" z_index="35" m_a="2.168436" m_b="-0.547021" m_c="0.402367" m_d="1.595015" m_tx="4.064847" m_ty="-245.890945"/>
   <element name="wood" layername="S_M" frame="4" z_index="31" m_a="0.429439" m_b="0.000000" m_c="0.000000" m_d="1.272271" m_tx="9.095114" m_ty="-205.608551"/>
   <element name="wood" layername="wood_L_F" frame="8" z_index="24" m_a="0.728384" m_b="-1.536052" m_c="0.645520" m_d="0.306101" m_tx="-259.275116" m_ty="-6.609440"/>
   <element name="wood" layername="wood_R_F" frame="10" z_index="23" m_a="0.878287" m_b="1.455545" m_c="-0.606957" m_d="0.366243" m_tx="240.593369" m_ty="-4.966516"/>
  </frame>
  <frame idx="300" w="877" h="873" x="176.357635" y="-235.569458">
   <element name="campfire_shadow" layername="shad_L" frame="0" z_index="36" m_a="1.700000" m_b="0.000000" m_c="0.000000" m_d="1.700000" m_tx="-276.636078" m_ty="8.826230"/>
   <element name="campfire_shadow" layername="shad_R" frame="0" z_index="35" m_a="1.700000" m_b="0.000000" m_c="0.000000" m_d="1.700000" m_tx="259.532776" m_ty="9.362784"/>
   <element name="wood" layername="wood_LB" frame="7" z_index="33" m_a="0.481645" m_b="-1.630343" m_c="0.467884" m_d="0.138225" m_tx="-259.275116" m_ty="-6.609444"/>
   <element name="wood" layername="wood_R_B" frame="11" z_index="32" m_a="0.666163" m_b="1.564042" m_c="-0.446280" m_d="0.190081" m_tx="240.588776" m_ty="-5.083291"/>
   <element name="wood" layername="S_B" frame="6" z_index="31" m_a="0.310437" m_b="0.000000" m_c="0.000000" m_d="1.340467" m_tx="3.628305" m_ty="-95.786415"/>
   <element name="pot" layername="handle_A" frame="9" z_index="28" m_a="0.452524" m_b="0.014129" m_c="-0.039404" m_d="1.262036" m_tx="8.161197" m_ty="-350.381683"/>
   <element name="swap_meter" layername="swap_meter" frame="0" z_index="27" m_a="0.487959" m_b="0.000000" m_c="0.000000" m_d="1.262651" m_tx="4.107822" m_ty="-231.172562"/>
   <element name="pot" layername="pot_A" frame="0" z_index="26" m_a="0.487959" m_b="0.000000" m_c="0.000000" m_d="1.262651" m_tx="4.107822" m_ty="-231.172562"/>
   <element name="lid" layername="Lid" frame="0" z_index="25" m_a="0.487959" m_b="0.000000" m_c="0.000000" m_d="1.262651" m_tx="8.327103" m_ty="-235.888824"/>
   <element name="pot" layername="handle_B" frame="10" z_index="24" m_a="0.452524" m_b="0.014129" m_c="-0.039404" m_d="1.262036" m_tx="8.568811" m_ty="-349.917267"/>
   <element name="wood" layername="S_F" frame="5" z_index="30" m_a="0.310438" m_b="0.000000" m_c="0.000000" m_d="1.340471" m_tx="3.628304" m_ty="-95.786415"/>
   <element name="wood" layername="wood_M_B" frame="9" z_index="34" m_a="2.134704" m_b="-0.666623" m_c="0.490342" m_d="1.570203" m_tx="2.927012" m_ty="-119.766487"/>
   <element name="wood" layername="S_M" frame="4" z_index="29" m_a="0.310437" m_b="0.000000" m_c="0.000000" m_d="1.340467" m_tx="3.628304" m_ty="-95.786415"/>
   <element name="wood" layername="wood_L_F" frame="8" z_index="23" m_a="0.481645" m_b="-1.630343" m_c="0.467884" m_d="0.138225" m_tx="-259.275116" m_ty="-6.609440"/>
   <element name="wood" layername="wood_R_F" frame="10" z_index="22" m_a="0.666163" m_b="1.564042" m_c="-0.446280" m_d="0.190081" m_tx="240.588776" m_ty="-5.083287"/>
   <element name="campfire_shadow" layername="shdw-A" frame="1" z_index="37" m_a="0.411829" m_b="0.000000" m_c="0.000000" m_d="0.547189" m_tx="-0.888618" m_ty="6.729073"/>
  </frame>
  <frame idx="325" w="879" h="781" x="178.339386" y="-208.019897">
   <element name="campfire_shadow" layername="shad_L" frame="0" z_index="36" m_a="1.700000" m_b="0.000000" m_c="0.000000" m_d="1.700000" m_tx="-276.636078" m_ty="8.826230"/>
   <element name="campfire_shadow" layername="shad_R" frame="0" z_index="35" m_a="1.700000" m_b="0.000000" m_c="0.000000" m_d="1.700000" m_tx="259.532776" m_ty="9.362784"/>
   <element name="wood" layername="wood_LB" frame="7" z_index="33" m_a="1.341522" m_b="-1.044183" m_c="0.160515" m_d="0.206223" m_tx="-259.275085" m_ty="-6.609442"/>
   <element name="wood" layername="wood_R_B" frame="11" z_index="32" m_a="1.396250" m_b="0.969786" m_c="-0.149036" m_d="0.214574" m_tx="240.584183" m_ty="-5.200062"/>
   <element name="wood" layername="S_B" frame="6" z_index="31" m_a="1.068013" m_b="0.000000" m_c="0.000000" m_d="0.715226" m_tx="4.385884" m_ty="-51.089443"/>
   <element name="pot" layername="handle_A" frame="9" z_index="28" m_a="0.900287" m_b="0.028109" m_c="-0.024980" m_d="0.800070" m_tx="8.816699" m_ty="-225.881073"/>
   <element name="swap_meter" layername="swap_meter" frame="0" z_index="27" m_a="0.970783" m_b="0.000000" m_c="0.000000" m_d="0.800460" m_tx="0.458903" m_ty="-150.304657"/>
   <element name="pot" layername="pot_A" frame="0" z_index="26" m_a="0.970783" m_b="0.000000" m_c="0.000000" m_d="0.800460" m_tx="0.458903" m_ty="-150.304657"/>
   <element name="lid" layername="Lid" frame="0" z_index="25" m_a="0.970783" m_b="0.000000" m_c="0.000000" m_d="0.800460" m_tx="8.865997" m_ty="-153.301620"/>
   <element name="pot" layername="handle_B" frame="10" z_index="24" m_a="0.900287" m_b="0.028109" m_c="-0.024980" m_d="0.800070" m_tx="9.626631" m_ty="-225.587372"/>
   <element name="wood" layername="S_F" frame="5" z_index="30" m_a="1.068015" m_b="0.000000" m_c="0.000000" m_d="0.715228" m_tx="4.385880" m_ty="-51.089443"/>
   <element name="wood" layername="wood_M_B" frame="9" z_index="34" m_a="2.210806" m_b="-0.337166" m_c="0.248006" m_d="1.626181" m_tx="-2.884013" m_ty="-65.497345"/>
   <element name="wood" layername="S_M" frame="4" z_index="29" m_a="1.068013" m_b="0.000000" m_c="0.000000" m_d="0.715226" m_tx="4.385880" m_ty="-51.089443"/>
   <element name="wood" layername="wood_L_F" frame="8" z_index="23" m_a="1.341522" m_b="-1.044183" m_c="0.160515" m_d="0.206223" m_tx="-259.275116" m_ty="-6.609440"/>
   <element name="wood" layername="wood_R_F" frame="10" z_index="22" m_a="1.396250" m_b="0.969786" m_c="-0.149036" m_d="0.214574" m_tx="240.584198" m_ty="-5.200059"/>
   <element name="campfire_shadow" layername="shdw-A" frame="1" z_index="37" m_a="0.555010" m_b="0.000000" m_c="0.000000" m_d="0.547189" m_tx="-0.888618" m_ty="6.729073"/>
  </frame>
  <frame idx="350" w="869" h="655" x="171.014984" y="-145.445648">
   <element name="wood" layername="wood_LB" frame="7" z_index="33" m_a="1.698690" m_b="-0.066734" m_c="0.001365" m_d="0.034758" m_tx="-259.275085" m_ty="-6.609440"/>
   <element name="wood" layername="wood_R_B" frame="11" z_index="32" m_a="1.698202" m_b="0.078163" m_c="-0.001721" m_d="0.037394" m_tx="240.579590" m_ty="-5.316832"/>
   <element name="pot" layername="handle_A" frame="9" z_index="30" m_a="1.348050" m_b="0.042090" m_c="-0.010557" m_d="0.338103" m_tx="9.472201" m_ty="-101.380470"/>
   <element name="swap_meter" layername="swap_meter" frame="0" z_index="29" m_a="1.453607" m_b="0.000000" m_c="0.000000" m_d="0.338268" m_tx="-3.190016" m_ty="-69.436745"/>
   <element name="pot" layername="pot_A" frame="0" z_index="28" m_a="1.453607" m_b="0.000000" m_c="0.000000" m_d="0.338268" m_tx="-3.190016" m_ty="-69.436745"/>
   <element name="lid" layername="Lid" frame="0" z_index="27" m_a="1.453607" m_b="0.000000" m_c="0.000000" m_d="0.338268" m_tx="9.404891" m_ty="-70.714424"/>
   <element name="pot" layername="handle_B" frame="10" z_index="26" m_a="1.348050" m_b="0.042090" m_c="-0.010557" m_d="0.338103" m_tx="10.684449" m_ty="-101.257477"/>
   <element name="wood" layername="wood_M_B" frame="9" z_index="34" m_a="2.236369" m_b="0.000000" m_c="0.000000" m_d="1.644984" m_tx="-8.695037" m_ty="-11.228200"/>
   <element name="wood" layername="wood_L_F" frame="8" z_index="23" m_a="1.698690" m_b="-0.066734" m_c="0.001365" m_d="0.034758" m_tx="-259.275116" m_ty="-6.609440"/>
   <element name="wood" layername="wood_R_F" frame="10" z_index="22" m_a="1.698202" m_b="0.078163" m_c="-0.001721" m_d="0.037394" m_tx="240.579605" m_ty="-5.316832"/>
   <element name="campfire_shadow" layername="shdw-A" frame="1" z_index="37" m_a="0.698191" m_b="0.000000" m_c="0.000000" m_d="0.547189" m_tx="-0.888618" m_ty="6.729073"/>
  </frame>
  <frame idx="375" w="621" h="425" x="159.913483" y="-106.329468">
   <element name="pot" layername="handle_A" frame="9" z_index="30" m_a="0.996434" m_b="0.031111" m_c="-0.024717" m_d="0.791630" m_tx="8.545902" m_ty="-226.702087"/>
   <element name="swap_meter" layername="swap_meter" frame="0" z_index="29" m_a="1.074458" m_b="0.000000" m_c="0.000000" m_d="0.792015" m_tx="-1.626642" m_ty="-151.859955"/>
   <element name="pot" layername="pot_A" frame="0" z_index="28" m_a="1.074458" m_b="0.000000" m_c="0.000000" m_d="0.792015" m_tx="-1.626642" m_ty="-151.859955"/>
   <element name="lid" layername="Lid" frame="0" z_index="27" m_a="1.074458" m_b="0.000000" m_c="0.000000" m_d="0.792015" m_tx="7.717849" m_ty="-154.924866"/>
   <element name="pot" layername="handle_B" frame="10" z_index="26" m_a="0.996434" m_b="0.031111" m_c="-0.024717" m_d="0.791630" m_tx="9.439058" m_ty="-226.421356"/>
   <element name="wood" layername="wood_M_B" frame="9" z_index="34" m_a="1.888820" m_b="0.160992" m_c="-0.075390" m_d="0.884505" m_tx="-5.984508" m_ty="-58.209564"/>
   <element name="campfire_shadow" layername="shdw-A" frame="1" z_index="37" m_a="0.698191" m_b="0.000000" m_c="0.000000" m_d="0.547189" m_tx="-0.888618" m_ty="6.729073"/>
  </frame>
  <frame idx="400" w="281" h="623" x="-35.066162" y="-177.280869">
   <element name="pot" layername="handle_A" frame="9" z_index="30" m_a="0.644819" m_b="0.020133" m_c="-0.038877" m_d="1.245156" m_tx="7.619604" m_ty="-352.023682"/>
   <element name="swap_meter" layername="swap_meter" frame="0" z_index="29" m_a="0.695310" m_b="0.000000" m_c="0.000000" m_d="1.245763" m_tx="-0.063269" m_ty="-234.283188"/>
   <element name="pot" layername="pot_A" frame="0" z_index="28" m_a="0.695310" m_b="0.000000" m_c="0.000000" m_d="1.245763" m_tx="-0.063269" m_ty="-234.283188"/>
   <element name="lid" layername="Lid" frame="0" z_index="27" m_a="0.695310" m_b="0.000000" m_c="0.000000" m_d="1.245763" m_tx="6.030806" m_ty="-239.135315"/>
   <element name="pot" layername="handle_B" frame="10" z_index="26" m_a="0.644819" m_b="0.020133" m_c="-0.038877" m_d="1.245156" m_tx="8.193668" m_ty="-351.585236"/>
   <element name="campfire_shadow" layername="shdw-A" frame="1" z_index="37" m_a="0.698191" m_b="0.000000" m_c="0.000000" m_d="0.547189" m_tx="-0.888618" m_ty="6.729073"/>
  </frame>
  <frame idx="425" w="306" h="563" x="-12.615250" y="-161.655396">
   <element name="pot" layername="handle_A" frame="9" z_index="30" m_a="0.786101" m_b="0.024544" m_c="-0.035042" m_d="1.122334" m_tx="6.570242" m_ty="-316.870117"/>
   <element name="swap_meter" layername="swap_meter" frame="0" z_index="29" m_a="0.847655" m_b="0.000000" m_c="0.000000" m_d="1.122881" m_tx="-1.626643" m_ty="-210.783234"/>
   <element name="pot" layername="pot_A" frame="0" z_index="28" m_a="0.847655" m_b="0.000000" m_c="0.000000" m_d="1.122881" m_tx="-1.626643" m_ty="-210.783234"/>
   <element name="lid" layername="Lid" frame="0" z_index="27" m_a="0.847655" m_b="0.000000" m_c="0.000000" m_d="1.122881" m_tx="5.752690" m_ty="-215.097839"/>
   <element name="pot" layername="handle_B" frame="10" z_index="26" m_a="0.786101" m_b="0.024544" m_c="-0.035042" m_d="1.122334" m_tx="7.274254" m_ty="-316.469116"/>
   <element name="campfire_shadow" layername="shdw-A" frame="1" z_index="37" m_a="0.698191" m_b="0.000000" m_c="0.000000" m_d="0.547189" m_tx="-0.888618" m_ty="6.729073"/>
  </frame>
  <frame idx="450" w="330" h="503" x="9.835693" y="-145.256210">
   <element name="pot" layername="handle_A" frame="9" z_index="31" m_a="0.927383" m_b="0.028955" m_c="-0.031208" m_d="0.999513" m_tx="5.520880" m_ty="-281.716583"/>
   <element name="swap_meter" layername="swap_meter" frame="0" z_index="30" m_a="1.000000" m_b="0.000000" m_c="0.000000" m_d="1.000000" m_tx="-3.190016" m_ty="-187.283264"/>
   <element name="pot" layername="pot_A" frame="0" z_index="29" m_a="1.000000" m_b="0.000000" m_c="0.000000" m_d="1.000000" m_tx="-3.190016" m_ty="-187.283264"/>
   <element name="lid" layername="Lid" frame="0" z_index="28" m_a="1.000000" m_b="0.000000" m_c="0.000000" m_d="1.000000" m_tx="5.474575" m_ty="-191.060379"/>
   <element name="pot" layername="handle_B" frame="10" z_index="27" m_a="0.927383" m_b="0.028955" m_c="-0.031208" m_d="0.999513" m_tx="6.354839" m_ty="-281.352966"/>
   <element name="campfire_shadow" layername="shdw-A" frame="1" z_index="37" m_a="0.698191" m_b="0.000000" m_c="0.000000" m_d="0.547189" m_tx="-0.888618" m_ty="6.729073"/>
  </frame>
 </anim>
</Anims>
