<Anims>
 <anim name="close" root="ui_bottle_pouch_2x1" numframes="300" framerate="40">
  <frame idx="0" w="294" h="252" x="-19.266319" y="-39.701202">
   <element name="bg_flat" layername="bottle" frame="0" z_index="4" m_a="0.876041" m_b="0.000000" m_c="0.000000" m_d="0.876041" m_tx="-1.788100" m_ty="-26.313631"/>
  </frame>
  <frame idx="25" w="289" h="260" x="-23.715042" y="-40.719551">
   <element name="bg_flat" layername="bottle" frame="0" z_index="4" m_a="0.844029" m_b="0.000000" m_c="0.000000" m_d="0.904004" m_tx="-1.723135" m_ty="-30.351921"/>
  </frame>
  <frame idx="50" w="284" h="269" x="-28.163773" y="-41.737885">
   <element name="bg_flat" layername="bottle" frame="0" z_index="4" m_a="0.812017" m_b="0.000000" m_c="0.000000" m_d="0.931966" m_tx="-1.658171" m_ty="-34.390213"/>
  </frame>
  <frame idx="75" w="289" h="241" x="-24.216209" y="-36.638634">
   <element name="bg_flat" layername="bottle" frame="0" z_index="4" m_a="0.840815" m_b="0.000000" m_c="0.000000" m_d="0.840104" m_tx="-1.771164" m_ty="-19.369816"/>
  </frame>
  <frame idx="100" w="293" h="214" x="-20.268631" y="-31.539391">
   <element name="bg_flat" layername="bottle" frame="0" z_index="4" m_a="0.869614" m_b="0.000000" m_c="0.000000" m_d="0.748241" m_tx="-1.884158" m_ty="-4.349421"/>
  </frame>
  <frame idx="125" w="297" h="186" x="-16.321068" y="-26.440147">
   <element name="bg_flat" layername="bottle" frame="0" z_index="4" m_a="0.898412" m_b="0.000000" m_c="0.000000" m_d="0.656379" m_tx="-1.997151" m_ty="10.670979"/>
  </frame>
  <frame idx="150" w="302" h="159" x="-12.373505" y="-21.340897">
   <element name="bg_flat" layername="bottle" frame="0" z_index="4" m_a="0.927210" m_b="0.000000" m_c="0.000000" m_d="0.564516" m_tx="-2.110144" m_ty="25.691372"/>
  </frame>
  <frame idx="175" w="307" h="131" x="-8.425934" y="-16.241653">
   <element name="bg_flat" layername="bottle" frame="0" z_index="4" m_a="0.956009" m_b="0.000000" m_c="0.000000" m_d="0.472654" m_tx="-2.223138" m_ty="40.711769"/>
  </frame>
  <frame idx="200" w="312" h="104" x="-4.478378" y="-11.142403">
   <element name="bg_flat" layername="bottle" frame="0" z_index="4" m_a="0.984807" m_b="0.000000" m_c="0.000000" m_d="0.380791" m_tx="-2.336131" m_ty="55.732170"/>
  </frame>
  <frame idx="225" w="316" h="76" x="-0.530807" y="-6.043158">
   <element name="bg_flat" layername="bottle" frame="0" z_index="4" m_a="1.013605" m_b="0.000000" m_c="0.000000" m_d="0.288929" m_tx="-2.449124" m_ty="70.752563"/>
  </frame>
  <frame idx="250" w="321" h="49" x="3.416763" y="-0.943914">
   <element name="bg_flat" layername="bottle" frame="0" z_index="4" m_a="1.042403" m_b="0.000000" m_c="0.000000" m_d="0.197066" m_tx="-2.562118" m_ty="85.772957"/>
  </frame>
  <frame idx="275" w="325" h="21" x="7.364334" y="4.155329">
   <element name="bg_flat" layername="bottle" frame="0" z_index="4" m_a="1.071202" m_b="0.000000" m_c="0.000000" m_d="0.105204" m_tx="-2.675111" m_ty="100.793350"/>
  </frame>
 </anim>
 <anim name="idle" root="ui_bottle_pouch_2x1" numframes="200" framerate="40">
  <frame idx="0" w="294" h="252" x="-19.266319" y="-39.701202">
   <element name="bg_flat" layername="bottle" frame="0" z_index="4" m_a="0.876041" m_b="0.000000" m_c="0.000000" m_d="0.876041" m_tx="-1.788100" m_ty="-26.313631"/>
  </frame>
  <frame idx="25" w="294" h="252" x="-19.266319" y="-39.701202">
   <element name="bg_flat" layername="bottle" frame="0" z_index="4" m_a="0.876041" m_b="0.000000" m_c="0.000000" m_d="0.876041" m_tx="-1.788100" m_ty="-26.313631"/>
  </frame>
  <frame idx="50" w="294" h="252" x="-19.266319" y="-39.701202">
   <element name="bg_flat" layername="bottle" frame="0" z_index="4" m_a="0.876041" m_b="0.000000" m_c="0.000000" m_d="0.876041" m_tx="-1.788100" m_ty="-26.313631"/>
  </frame>
  <frame idx="75" w="294" h="252" x="-19.266319" y="-39.701202">
   <element name="bg_flat" layername="bottle" frame="0" z_index="4" m_a="0.876041" m_b="0.000000" m_c="0.000000" m_d="0.876041" m_tx="-1.788100" m_ty="-26.313631"/>
  </frame>
  <frame idx="100" w="294" h="252" x="-19.266319" y="-39.701202">
   <element name="bg_flat" layername="bottle" frame="0" z_index="4" m_a="0.876041" m_b="0.000000" m_c="0.000000" m_d="0.876041" m_tx="-1.788100" m_ty="-26.313631"/>
  </frame>
  <frame idx="125" w="294" h="252" x="-19.266319" y="-39.701202">
   <element name="bg_flat" layername="bottle" frame="0" z_index="4" m_a="0.876041" m_b="0.000000" m_c="0.000000" m_d="0.876041" m_tx="-1.788100" m_ty="-26.313631"/>
  </frame>
  <frame idx="150" w="294" h="252" x="-19.266319" y="-39.701202">
   <element name="bg_flat" layername="bottle" frame="0" z_index="4" m_a="0.876041" m_b="0.000000" m_c="0.000000" m_d="0.876041" m_tx="-1.788100" m_ty="-26.313631"/>
  </frame>
  <frame idx="175" w="294" h="252" x="-19.266319" y="-39.701202">
   <element name="bg_flat" layername="bottle" frame="0" z_index="4" m_a="0.876041" m_b="0.000000" m_c="0.000000" m_d="0.876041" m_tx="-1.788100" m_ty="-26.313631"/>
  </frame>
 </anim>
 <anim name="ui_bottle_pouch_2x1" root="ui_bottle_pouch_2x1" numframes="200" framerate="40">
  <frame idx="0" w="294" h="252" x="-19.266319" y="-39.701202">
   <element name="bg_flat" layername="bottle" frame="0" z_index="4" m_a="0.876041" m_b="0.000000" m_c="0.000000" m_d="0.876041" m_tx="-1.788100" m_ty="-26.313631"/>
  </frame>
  <frame idx="25" w="294" h="252" x="-19.266319" y="-39.701202">
   <element name="bg_flat" layername="bottle" frame="0" z_index="4" m_a="0.876041" m_b="0.000000" m_c="0.000000" m_d="0.876041" m_tx="-1.788100" m_ty="-26.313631"/>
  </frame>
  <frame idx="50" w="294" h="252" x="-19.266319" y="-39.701202">
   <element name="bg_flat" layername="bottle" frame="0" z_index="4" m_a="0.876041" m_b="0.000000" m_c="0.000000" m_d="0.876041" m_tx="-1.788100" m_ty="-26.313631"/>
  </frame>
  <frame idx="75" w="294" h="252" x="-19.266319" y="-39.701202">
   <element name="bg_flat" layername="bottle" frame="0" z_index="4" m_a="0.876041" m_b="0.000000" m_c="0.000000" m_d="0.876041" m_tx="-1.788100" m_ty="-26.313631"/>
  </frame>
  <frame idx="100" w="294" h="252" x="-19.266319" y="-39.701202">
   <element name="bg_flat" layername="bottle" frame="0" z_index="4" m_a="0.876041" m_b="0.000000" m_c="0.000000" m_d="0.876041" m_tx="-1.788100" m_ty="-26.313631"/>
  </frame>
  <frame idx="125" w="294" h="252" x="-19.266319" y="-39.701202">
   <element name="bg_flat" layername="bottle" frame="0" z_index="4" m_a="0.876041" m_b="0.000000" m_c="0.000000" m_d="0.876041" m_tx="-1.788100" m_ty="-26.313631"/>
  </frame>
  <frame idx="150" w="294" h="252" x="-19.266319" y="-39.701202">
   <element name="bg_flat" layername="bottle" frame="0" z_index="4" m_a="0.876041" m_b="0.000000" m_c="0.000000" m_d="0.876041" m_tx="-1.788100" m_ty="-26.313631"/>
  </frame>
  <frame idx="175" w="294" h="252" x="-19.266319" y="-39.701202">
   <element name="bg_flat" layername="bottle" frame="0" z_index="4" m_a="0.876041" m_b="0.000000" m_c="0.000000" m_d="0.876041" m_tx="-1.788100" m_ty="-26.313631"/>
  </frame>
 </anim>
 <anim name="open" root="ui_bottle_pouch_2x1" numframes="300" framerate="40">
  <frame idx="0" w="329" h="-3" x="11.311905" y="11.898743">
   <element name="bg_flat" layername="bottle" frame="0" z_index="4" m_a="1.100000" m_b="0.000000" m_c="0.000000" m_d="0.037824" m_tx="-2.788104" m_ty="115.813751"/>
  </frame>
  <frame idx="25" w="327" h="55" x="9.184189" y="-0.279718">
   <element name="bg_flat" layername="bottle" frame="0" z_index="4" m_a="1.083137" m_b="0.000000" m_c="0.000000" m_d="0.226281" m_tx="-2.538103" m_ty="83.281906"/>
  </frame>
  <frame idx="50" w="324" h="114" x="7.056458" y="-12.458179">
   <element name="bg_flat" layername="bottle" frame="0" z_index="4" m_a="1.066273" m_b="0.000000" m_c="0.000000" m_d="0.414739" m_tx="-2.288102" m_ty="50.750061"/>
  </frame>
  <frame idx="75" w="322" h="171" x="4.928741" y="-24.636642">
   <element name="bg_flat" layername="bottle" frame="0" z_index="4" m_a="1.049410" m_b="0.000000" m_c="0.000000" m_d="0.603196" m_tx="-2.038101" m_ty="18.218216"/>
  </frame>
  <frame idx="100" w="318" h="229" x="2.801025" y="-36.815109">
   <element name="bg_flat" layername="bottle" frame="0" z_index="4" m_a="1.032547" m_b="0.000000" m_c="0.000000" m_d="0.791653" m_tx="-1.788100" m_ty="-14.313632"/>
  </frame>
  <frame idx="125" w="310" h="240" x="-4.962769" y="-38.141266">
   <element name="bg_flat" layername="bottle" frame="0" z_index="4" m_a="0.977252" m_b="0.000000" m_c="0.000000" m_d="0.829686" m_tx="-1.755288" m_ty="-19.747406"/>
  </frame>
  <frame idx="150" w="301" h="250" x="-12.726532" y="-39.467422">
   <element name="bg_flat" layername="bottle" frame="0" z_index="4" m_a="0.921957" m_b="0.000000" m_c="0.000000" m_d="0.867720" m_tx="-1.722475" m_ty="-25.181183"/>
  </frame>
  <frame idx="175" w="292" h="261" x="-20.490326" y="-40.793579">
   <element name="bg_flat" layername="bottle" frame="0" z_index="4" m_a="0.866662" m_b="0.000000" m_c="0.000000" m_d="0.905753" m_tx="-1.689662" m_ty="-30.614956"/>
  </frame>
  <frame idx="200" w="284" h="271" x="-28.254105" y="-42.119743">
   <element name="bg_flat" layername="bottle" frame="0" z_index="4" m_a="0.811367" m_b="0.000000" m_c="0.000000" m_d="0.943787" m_tx="-1.656850" m_ty="-36.048733"/>
  </frame>
  <frame idx="225" w="286" h="267" x="-26.007156" y="-41.515106">
   <element name="bg_flat" layername="bottle" frame="0" z_index="4" m_a="0.827536" m_b="0.000000" m_c="0.000000" m_d="0.926850" m_tx="-1.689662" m_ty="-33.614956"/>
  </frame>
  <frame idx="250" w="289" h="262" x="-23.760208" y="-40.910469">
   <element name="bg_flat" layername="bottle" frame="0" z_index="4" m_a="0.843704" m_b="0.000000" m_c="0.000000" m_d="0.909914" m_tx="-1.722475" m_ty="-31.181183"/>
  </frame>
  <frame idx="275" w="291" h="258" x="-21.513275" y="-40.305840">
   <element name="bg_flat" layername="bottle" frame="0" z_index="4" m_a="0.859872" m_b="0.000000" m_c="0.000000" m_d="0.892977" m_tx="-1.755288" m_ty="-28.747406"/>
  </frame>
 </anim>
</Anims>
