<Anims>
 <anim name="close" root="ui_thermos_bottle_1x1" numframes="300" framerate="40">
  <frame idx="0" w="182" h="335" x="-12.510551" y="-44.597580">
   <element name="bg_flat" layername="bottle" frame="0" z_index="4" m_a="0.876041" m_b="0.000000" m_c="0.000000" m_d="0.876041" m_tx="-1.788100" m_ty="-26.313631"/>
  </frame>
  <frame idx="25" w="179" h="344" x="-15.214630" y="-44.511414">
   <element name="bg_flat" layername="bottle" frame="0" z_index="4" m_a="0.844029" m_b="0.000000" m_c="0.000000" m_d="0.904004" m_tx="-1.723135" m_ty="-30.351921"/>
  </frame>
  <frame idx="50" w="175" h="352" x="-17.918701" y="-44.425232">
   <element name="bg_flat" layername="bottle" frame="0" z_index="4" m_a="0.812017" m_b="0.000000" m_c="0.000000" m_d="0.931966" m_tx="-1.658171" m_ty="-34.390213"/>
  </frame>
  <frame idx="75" w="179" h="321" x="-15.540642" y="-42.954544">
   <element name="bg_flat" layername="bottle" frame="0" z_index="4" m_a="0.840815" m_b="0.000000" m_c="0.000000" m_d="0.840104" m_tx="-1.771164" m_ty="-19.369816"/>
  </frame>
  <frame idx="100" w="181" h="290" x="-13.162575" y="-41.483879">
   <element name="bg_flat" layername="bottle" frame="0" z_index="4" m_a="0.869614" m_b="0.000000" m_c="0.000000" m_d="0.748241" m_tx="-1.884158" m_ty="-4.349421"/>
  </frame>
  <frame idx="125" w="184" h="258" x="-10.784523" y="-40.013199">
   <element name="bg_flat" layername="bottle" frame="0" z_index="4" m_a="0.898412" m_b="0.000000" m_c="0.000000" m_d="0.656379" m_tx="-1.997151" m_ty="10.670979"/>
  </frame>
  <frame idx="150" w="186" h="227" x="-8.406464" y="-38.542511">
   <element name="bg_flat" layername="bottle" frame="0" z_index="4" m_a="0.927210" m_b="0.000000" m_c="0.000000" m_d="0.564516" m_tx="-2.110144" m_ty="25.691372"/>
  </frame>
  <frame idx="175" w="190" h="195" x="-6.028397" y="-37.071838">
   <element name="bg_flat" layername="bottle" frame="0" z_index="4" m_a="0.956009" m_b="0.000000" m_c="0.000000" m_d="0.472654" m_tx="-2.223138" m_ty="40.711769"/>
  </frame>
  <frame idx="200" w="193" h="163" x="-3.650337" y="-35.601154">
   <element name="bg_flat" layername="bottle" frame="0" z_index="4" m_a="0.984807" m_b="0.000000" m_c="0.000000" m_d="0.380791" m_tx="-2.336131" m_ty="55.732170"/>
  </frame>
  <frame idx="225" w="195" h="132" x="-1.272285" y="-34.130482">
   <element name="bg_flat" layername="bottle" frame="0" z_index="4" m_a="1.013605" m_b="0.000000" m_c="0.000000" m_d="0.288929" m_tx="-2.449124" m_ty="70.752563"/>
  </frame>
  <frame idx="250" w="198" h="101" x="1.105782" y="-32.659805">
   <element name="bg_flat" layername="bottle" frame="0" z_index="4" m_a="1.042403" m_b="0.000000" m_c="0.000000" m_d="0.197066" m_tx="-2.562118" m_ty="85.772957"/>
  </frame>
  <frame idx="275" w="201" h="70" x="3.483833" y="-31.189133">
   <element name="bg_flat" layername="bottle" frame="0" z_index="4" m_a="1.071202" m_b="0.000000" m_c="0.000000" m_d="0.105204" m_tx="-2.675111" m_ty="100.793350"/>
  </frame>
 </anim>
 <anim name="idle" root="ui_thermos_bottle_1x1" numframes="200" framerate="40">
  <frame idx="0" w="182" h="335" x="-12.510551" y="-44.597580">
   <element name="bg_flat" layername="bottle" frame="0" z_index="4" m_a="0.876041" m_b="0.000000" m_c="0.000000" m_d="0.876041" m_tx="-1.788100" m_ty="-26.313631"/>
  </frame>
  <frame idx="25" w="182" h="335" x="-12.510551" y="-44.597580">
   <element name="bg_flat" layername="bottle" frame="0" z_index="4" m_a="0.876041" m_b="0.000000" m_c="0.000000" m_d="0.876041" m_tx="-1.788100" m_ty="-26.313631"/>
  </frame>
  <frame idx="50" w="182" h="335" x="-12.510551" y="-44.597580">
   <element name="bg_flat" layername="bottle" frame="0" z_index="4" m_a="0.876041" m_b="0.000000" m_c="0.000000" m_d="0.876041" m_tx="-1.788100" m_ty="-26.313631"/>
  </frame>
  <frame idx="75" w="182" h="335" x="-12.510551" y="-44.597580">
   <element name="bg_flat" layername="bottle" frame="0" z_index="4" m_a="0.876041" m_b="0.000000" m_c="0.000000" m_d="0.876041" m_tx="-1.788100" m_ty="-26.313631"/>
  </frame>
  <frame idx="100" w="182" h="335" x="-12.510551" y="-44.597580">
   <element name="bg_flat" layername="bottle" frame="0" z_index="4" m_a="0.876041" m_b="0.000000" m_c="0.000000" m_d="0.876041" m_tx="-1.788100" m_ty="-26.313631"/>
  </frame>
  <frame idx="125" w="182" h="335" x="-12.510551" y="-44.597580">
   <element name="bg_flat" layername="bottle" frame="0" z_index="4" m_a="0.876041" m_b="0.000000" m_c="0.000000" m_d="0.876041" m_tx="-1.788100" m_ty="-26.313631"/>
  </frame>
  <frame idx="150" w="182" h="335" x="-12.510551" y="-44.597580">
   <element name="bg_flat" layername="bottle" frame="0" z_index="4" m_a="0.876041" m_b="0.000000" m_c="0.000000" m_d="0.876041" m_tx="-1.788100" m_ty="-26.313631"/>
  </frame>
  <frame idx="175" w="182" h="335" x="-12.510551" y="-44.597580">
   <element name="bg_flat" layername="bottle" frame="0" z_index="4" m_a="0.876041" m_b="0.000000" m_c="0.000000" m_d="0.876041" m_tx="-1.788100" m_ty="-26.313631"/>
  </frame>
 </anim>
 <anim name="ui_thermos_bottle_1x1" root="ui_thermos_bottle_1x1" numframes="200" framerate="40">
  <frame idx="0" w="182" h="335" x="-12.510551" y="-44.597580">
   <element name="bg_flat" layername="bottle" frame="0" z_index="4" m_a="0.876041" m_b="0.000000" m_c="0.000000" m_d="0.876041" m_tx="-1.788100" m_ty="-26.313631"/>
  </frame>
  <frame idx="25" w="182" h="335" x="-12.510551" y="-44.597580">
   <element name="bg_flat" layername="bottle" frame="0" z_index="4" m_a="0.876041" m_b="0.000000" m_c="0.000000" m_d="0.876041" m_tx="-1.788100" m_ty="-26.313631"/>
  </frame>
  <frame idx="50" w="182" h="335" x="-12.510551" y="-44.597580">
   <element name="bg_flat" layername="bottle" frame="0" z_index="4" m_a="0.876041" m_b="0.000000" m_c="0.000000" m_d="0.876041" m_tx="-1.788100" m_ty="-26.313631"/>
  </frame>
  <frame idx="75" w="182" h="335" x="-12.510551" y="-44.597580">
   <element name="bg_flat" layername="bottle" frame="0" z_index="4" m_a="0.876041" m_b="0.000000" m_c="0.000000" m_d="0.876041" m_tx="-1.788100" m_ty="-26.313631"/>
  </frame>
  <frame idx="100" w="182" h="335" x="-12.510551" y="-44.597580">
   <element name="bg_flat" layername="bottle" frame="0" z_index="4" m_a="0.876041" m_b="0.000000" m_c="0.000000" m_d="0.876041" m_tx="-1.788100" m_ty="-26.313631"/>
  </frame>
  <frame idx="125" w="182" h="335" x="-12.510551" y="-44.597580">
   <element name="bg_flat" layername="bottle" frame="0" z_index="4" m_a="0.876041" m_b="0.000000" m_c="0.000000" m_d="0.876041" m_tx="-1.788100" m_ty="-26.313631"/>
  </frame>
  <frame idx="150" w="182" h="335" x="-12.510551" y="-44.597580">
   <element name="bg_flat" layername="bottle" frame="0" z_index="4" m_a="0.876041" m_b="0.000000" m_c="0.000000" m_d="0.876041" m_tx="-1.788100" m_ty="-26.313631"/>
  </frame>
  <frame idx="175" w="182" h="335" x="-12.510551" y="-44.597580">
   <element name="bg_flat" layername="bottle" frame="0" z_index="4" m_a="0.876041" m_b="0.000000" m_c="0.000000" m_d="0.876041" m_tx="-1.788100" m_ty="-26.313631"/>
  </frame>
 </anim>
 <anim name="open" root="ui_thermos_bottle_1x1" numframes="300" framerate="40">
  <frame idx="0" w="204" h="42" x="5.861900" y="-26.107208">
   <element name="bg_flat" layername="bottle" frame="0" z_index="4" m_a="1.100000" m_b="0.000000" m_c="0.000000" m_d="0.037824" m_tx="-2.788104" m_ty="115.813751"/>
  </frame>
  <frame idx="25" w="202" h="108" x="4.653229" y="-30.841610">
   <element name="bg_flat" layername="bottle" frame="0" z_index="4" m_a="1.083137" m_b="0.000000" m_c="0.000000" m_d="0.226281" m_tx="-2.538103" m_ty="83.281906"/>
  </frame>
  <frame idx="50" w="201" h="174" x="3.444550" y="-35.576008">
   <element name="bg_flat" layername="bottle" frame="0" z_index="4" m_a="1.066273" m_b="0.000000" m_c="0.000000" m_d="0.414739" m_tx="-2.288102" m_ty="50.750061"/>
  </frame>
  <frame idx="75" w="198" h="241" x="2.235886" y="-40.310417">
   <element name="bg_flat" layername="bottle" frame="0" z_index="4" m_a="1.049410" m_b="0.000000" m_c="0.000000" m_d="0.603196" m_tx="-2.038101" m_ty="18.218216"/>
  </frame>
  <frame idx="100" w="196" h="307" x="1.027214" y="-45.044815">
   <element name="bg_flat" layername="bottle" frame="0" z_index="4" m_a="1.032547" m_b="0.000000" m_c="0.000000" m_d="0.791653" m_tx="-1.788100" m_ty="-14.313632"/>
  </frame>
  <frame idx="125" w="191" h="319" x="-3.722992" y="-44.868652">
   <element name="bg_flat" layername="bottle" frame="0" z_index="4" m_a="0.977252" m_b="0.000000" m_c="0.000000" m_d="0.829686" m_tx="-1.755288" m_ty="-19.747406"/>
  </frame>
  <frame idx="150" w="185" h="332" x="-8.473190" y="-44.692482">
   <element name="bg_flat" layername="bottle" frame="0" z_index="4" m_a="0.921957" m_b="0.000000" m_c="0.000000" m_d="0.867720" m_tx="-1.722475" m_ty="-25.181183"/>
  </frame>
  <frame idx="175" w="181" h="344" x="-13.223396" y="-44.516327">
   <element name="bg_flat" layername="bottle" frame="0" z_index="4" m_a="0.866662" m_b="0.000000" m_c="0.000000" m_d="0.905753" m_tx="-1.689662" m_ty="-30.614956"/>
  </frame>
  <frame idx="200" w="175" h="356" x="-17.973610" y="-44.340164">
   <element name="bg_flat" layername="bottle" frame="0" z_index="4" m_a="0.811367" m_b="0.000000" m_c="0.000000" m_d="0.943787" m_tx="-1.656850" m_ty="-36.048733"/>
  </frame>
  <frame idx="225" w="176" h="350" x="-16.607834" y="-44.404510">
   <element name="bg_flat" layername="bottle" frame="0" z_index="4" m_a="0.827536" m_b="0.000000" m_c="0.000000" m_d="0.926850" m_tx="-1.689662" m_ty="-33.614956"/>
  </frame>
  <frame idx="250" w="179" h="345" x="-15.242081" y="-44.468872">
   <element name="bg_flat" layername="bottle" frame="0" z_index="4" m_a="0.843704" m_b="0.000000" m_c="0.000000" m_d="0.909914" m_tx="-1.722475" m_ty="-31.181183"/>
  </frame>
  <frame idx="275" w="180" h="339" x="-13.876320" y="-44.533234">
   <element name="bg_flat" layername="bottle" frame="0" z_index="4" m_a="0.859872" m_b="0.000000" m_c="0.000000" m_d="0.892977" m_tx="-1.755288" m_ty="-28.747406"/>
  </frame>
 </anim>
</Anims>
