<Anims>
 <anim name="close" root="ui_thermos_bottle_1x1" numframes="300" framerate="40">
  <frame idx="0" w="242" h="307" x="-22.681229" y="-53.307816">
   <element name="gem" layername="gem" frame="0" z_index="28" m_a="0.696265" m_b="-0.522163" m_c="-0.583452" m_d="-0.777990" m_tx="39.593700" m_ty="54.691299"/>
   <element name="gem" layername="gem" frame="0" z_index="29" m_a="0.689706" m_b="0.547007" m_c="0.598704" m_d="-0.754890" m_tx="-43.825401" m_ty="54.745300"/>
   <element name="gem" layername="gem_2" frame="0" z_index="30" m_a="0.696272" m_b="0.522168" m_c="-0.583461" m_d="0.778001" m_tx="39.593700" m_ty="-93.725601"/>
   <element name="gem" layername="gem_3" frame="0" z_index="31" m_a="0.689704" m_b="-0.547009" m_c="0.598707" m_d="0.754888" m_tx="-43.825401" m_ty="-93.779602"/>
   <element name="glass_parts" layername="glass_parts" frame="0" z_index="32" m_a="0.000000" m_b="1.079790" m_c="-0.733032" m_d="0.000000" m_tx="-1.382810" m_ty="48.806400"/>
   <element name="glass_parts" layername="glass_parts" frame="0" z_index="33" m_a="0.000000" m_b="1.079790" m_c="0.733032" m_d="-0.000000" m_tx="-0.979638" m_ty="-92.429901"/>
   <element name="glass_parts" layername="glass_parts_2" frame="0" z_index="34" m_a="-0.733032" m_b="0.000000" m_c="0.000000" m_d="1.079790" m_tx="44.871498" m_ty="-18.464399"/>
   <element name="glass_parts" layername="glass_parts_3" frame="0" z_index="35" m_a="0.733032" m_b="0.000000" m_c="0.000000" m_d="1.079790" m_tx="-47.747101" m_ty="-18.464399"/>
   <element name="bg_flat" layername="bg_flat" frame="0" z_index="36" m_a="0.733032" m_b="0.000000" m_c="0.000000" m_d="1.079790" m_tx="-1.346150" m_ty="-21.973700"/>
  </frame>
  <frame idx="25" w="239" h="311" x="-22.665031" y="-53.130508">
   <element name="gem" layername="gem" frame="0" z_index="28" m_a="0.695909" m_b="-0.523503" m_c="-0.589301" m_d="-0.783377" m_tx="38.999508" m_ty="55.437771"/>
   <element name="gem" layername="gem" frame="0" z_index="29" m_a="0.690032" m_b="0.548637" m_c="0.604111" m_d="-0.759802" m_tx="-43.170841" m_ty="55.492508"/>
   <element name="gem" layername="gem_2" frame="0" z_index="30" m_a="0.695915" m_b="0.523507" m_c="-0.589309" m_d="0.783389" m_tx="38.999508" m_ty="-95.004868"/>
   <element name="gem" layername="gem_3" frame="0" z_index="31" m_a="0.690031" m_b="-0.548638" m_c="0.604111" m_d="0.759801" m_tx="-43.170841" m_ty="-95.059601"/>
   <element name="glass_parts" layername="glass_parts" frame="0" z_index="32" m_a="0.000000" m_b="1.094525" m_c="-0.722059" m_d="0.000000" m_tx="-1.363604" m_ty="49.472576"/>
   <element name="glass_parts" layername="glass_parts" frame="0" z_index="33" m_a="0.000000" m_b="1.094525" m_c="0.722059" m_d="-0.000000" m_tx="-0.966470" m_ty="-93.691444"/>
   <element name="glass_parts" layername="glass_parts_2" frame="0" z_index="34" m_a="-0.722059" m_b="0.000000" m_c="0.000000" m_d="1.094525" m_tx="44.198338" m_ty="-18.716385"/>
   <element name="glass_parts" layername="glass_parts_3" frame="0" z_index="35" m_a="0.722059" m_b="0.000000" m_c="0.000000" m_d="1.094525" m_tx="-47.033863" m_ty="-18.716385"/>
   <element name="bg_flat" layername="bg_flat" frame="0" z_index="36" m_a="0.722059" m_b="0.000000" m_c="0.000000" m_d="1.094525" m_tx="-1.327503" m_ty="-22.273626"/>
  </frame>
  <frame idx="50" w="237" h="312" x="-22.656113" y="-53.033035">
   <element name="gem" layername="gem" frame="0" z_index="28" m_a="0.695728" m_b="-0.524268" m_c="-0.592556" m_d="-0.786349" m_tx="38.671852" m_ty="55.849628"/>
   <element name="gem" layername="gem" frame="0" z_index="29" m_a="0.690227" m_b="0.549564" m_c="0.607120" m_d="-0.762515" m_tx="-42.809914" m_ty="55.904774"/>
   <element name="gem" layername="gem_2" frame="0" z_index="30" m_a="0.695734" m_b="0.524273" m_c="-0.592565" m_d="0.786361" m_tx="38.671852" m_ty="-95.709862"/>
   <element name="gem" layername="gem_3" frame="0" z_index="31" m_a="0.690227" m_b="-0.549563" m_c="0.607119" m_d="0.762515" m_tx="-42.809914" m_ty="-95.765007"/>
   <element name="glass_parts" layername="glass_parts" frame="0" z_index="32" m_a="0.000000" m_b="1.102652" m_c="-0.716009" m_d="0.000000" m_tx="-1.353015" m_ty="49.840206"/>
   <element name="glass_parts" layername="glass_parts" frame="0" z_index="33" m_a="0.000000" m_b="1.102652" m_c="0.716009" m_d="-0.000000" m_tx="-0.959210" m_ty="-94.386665"/>
   <element name="glass_parts" layername="glass_parts_2" frame="0" z_index="34" m_a="-0.716009" m_b="0.000000" m_c="0.000000" m_d="1.102652" m_tx="43.827175" m_ty="-18.855003"/>
   <element name="glass_parts" layername="glass_parts_3" frame="0" z_index="35" m_a="0.716009" m_b="0.000000" m_c="0.000000" m_d="1.102652" m_tx="-46.640564" m_ty="-18.855003"/>
   <element name="bg_flat" layername="bg_flat" frame="0" z_index="36" m_a="0.716009" m_b="0.000000" m_c="0.000000" m_d="1.102652" m_tx="-1.317217" m_ty="-22.438667"/>
  </frame>
  <frame idx="75" w="245" h="289" x="-22.692352" y="-43.363129">
   <element name="gem" layername="gem" frame="0" z_index="28" m_a="0.690933" m_b="-0.517693" m_c="-0.571659" m_d="-0.762959" m_tx="40.002247" m_ty="63.332756"/>
   <element name="gem" layername="gem" frame="0" z_index="29" m_a="0.683561" m_b="0.541730" m_c="0.587253" m_d="-0.741001" m_tx="-44.275440" m_ty="63.385143"/>
   <element name="gem" layername="gem_2" frame="0" z_index="30" m_a="0.690942" m_b="0.517694" m_c="-0.571664" m_d="0.762973" m_tx="40.002247" m_ty="-80.605988"/>
   <element name="gem" layername="gem_3" frame="0" z_index="31" m_a="0.683561" m_b="-0.541730" m_c="0.587253" m_d="0.741001" m_tx="-44.275440" m_ty="-80.658356"/>
   <element name="glass_parts" layername="glass_parts" frame="0" z_index="32" m_a="0.000000" m_b="1.047210" m_c="-0.740578" m_d="0.000000" m_tx="-1.396012" m_ty="57.625526"/>
   <element name="glass_parts" layername="glass_parts" frame="0" z_index="33" m_a="0.000000" m_b="1.047210" m_c="0.740578" m_d="-0.000000" m_tx="-0.988692" m_ty="-79.349319"/>
   <element name="glass_parts" layername="glass_parts_2" frame="0" z_index="34" m_a="-0.740578" m_b="0.000000" m_c="0.000000" m_d="1.047210" m_tx="45.334496" m_ty="-7.615547"/>
   <element name="glass_parts" layername="glass_parts_3" frame="0" z_index="35" m_a="0.740578" m_b="0.000000" m_c="0.000000" m_d="1.047210" m_tx="-48.237534" m_ty="-7.615547"/>
   <element name="bg_flat" layername="bg_flat" frame="0" z_index="36" m_a="0.740578" m_b="0.000000" m_c="0.000000" m_d="1.047210" m_tx="-1.358981" m_ty="-11.019009"/>
  </frame>
  <frame idx="100" w="270" h="213" x="-22.815887" y="-13.263046">
   <element name="gem" layername="gem" frame="0" z_index="28" m_a="0.675894" m_b="-0.496421" m_c="-0.503555" m_d="-0.685608" m_tx="44.537399" m_ty="86.242302"/>
   <element name="gem" layername="gem" frame="0" z_index="29" m_a="0.662232" m_b="0.516369" m_c="0.522408" m_d="-0.669977" m_tx="-49.271198" m_ty="86.285599"/>
   <element name="gem" layername="gem_2" frame="0" z_index="30" m_a="0.675911" m_b="0.496415" m_c="-0.503550" m_d="0.685625" m_tx="44.537399" m_ty="-32.594700"/>
   <element name="gem" layername="gem_3" frame="0" z_index="31" m_a="0.662229" m_b="-0.516373" m_c="0.522412" m_d="0.669974" m_tx="-49.271198" m_ty="-32.637901"/>
   <element name="glass_parts" layername="glass_parts" frame="0" z_index="32" m_a="0.000000" m_b="0.864583" m_c="-0.824329" m_d="0.000000" m_tx="-1.542580" m_ty="81.530296"/>
   <element name="glass_parts" layername="glass_parts" frame="0" z_index="33" m_a="0.000000" m_b="0.864583" m_c="0.824329" m_d="-0.000000" m_tx="-1.089190" m_ty="-31.557199"/>
   <element name="glass_parts" layername="glass_parts_2" frame="0" z_index="34" m_a="-0.824329" m_b="0.000000" m_c="0.000000" m_d="0.864583" m_tx="50.472599" m_ty="27.666800"/>
   <element name="glass_parts" layername="glass_parts_3" frame="0" z_index="35" m_a="0.824329" m_b="0.000000" m_c="0.000000" m_d="0.864583" m_tx="-53.681400" m_ty="27.666800"/>
   <element name="bg_flat" layername="bg_flat" frame="0" z_index="36" m_a="0.824329" m_b="0.000000" m_c="0.000000" m_d="0.864583" m_tx="-1.501360" m_ty="24.856899"/>
  </frame>
  <frame idx="125" w="283" h="163" x="-22.884003" y="4.824226">
   <element name="gem" layername="gem" frame="0" z_index="28" m_a="0.658824" m_b="-0.488493" m_c="-0.460330" m_d="-0.620840" m_tx="47.038280" m_ty="96.205605"/>
   <element name="gem" layername="gem" frame="0" z_index="29" m_a="0.641609" m_b="0.504167" m_c="0.480368" m_d="-0.611322" m_tx="-52.026123" m_ty="96.241119"/>
   <element name="gem" layername="gem_2" frame="0" z_index="30" m_a="0.658841" m_b="0.488489" m_c="-0.460324" m_d="0.620854" m_tx="47.038280" m_ty="-1.507025"/>
   <element name="gem" layername="gem_3" frame="0" z_index="31" m_a="0.641607" m_b="-0.504169" m_c="0.480370" m_d="0.611320" m_tx="-52.026123" m_ty="-1.542562"/>
   <element name="glass_parts" layername="glass_parts" frame="0" z_index="32" m_a="0.000000" m_b="0.710896" m_c="-0.870513" m_d="0.000000" m_tx="-1.623396" m_ty="92.331177"/>
   <element name="glass_parts" layername="glass_parts" frame="0" z_index="33" m_a="0.000000" m_b="0.710896" m_c="0.870513" m_d="-0.000000" m_tx="-1.144616" m_ty="-0.653965"/>
   <element name="glass_parts" layername="glass_parts_2" frame="0" z_index="34" m_a="-0.870513" m_b="0.000000" m_c="0.000000" m_d="0.710896" m_tx="53.305981" m_ty="48.042389"/>
   <element name="glass_parts" layername="glass_parts_3" frame="0" z_index="35" m_a="0.870513" m_b="0.000000" m_c="0.000000" m_d="0.710896" m_tx="-56.683311" m_ty="48.042389"/>
   <element name="bg_flat" layername="bg_flat" frame="0" z_index="36" m_a="0.870513" m_b="0.000000" m_c="0.000000" m_d="0.710896" m_tx="-1.579875" m_ty="45.731972"/>
  </frame>
  <frame idx="150" w="297" h="116" x="-22.953453" y="25.748272">
   <element name="gem" layername="gem" frame="0" z_index="28" m_a="0.644890" m_b="-0.493126" m_c="-0.429681" m_d="-0.561921" m_tx="49.587715" m_ty="106.362389"/>
   <element name="gem" layername="gem" frame="0" z_index="29" m_a="0.625162" m_b="0.503678" m_c="0.450343" m_d="-0.558962" m_tx="-54.834530" m_ty="106.389900"/>
   <element name="gem" layername="gem_2" frame="0" z_index="30" m_a="0.644905" m_b="0.493127" m_c="-0.429679" m_d="0.561929" m_tx="49.587715" m_ty="30.184448"/>
   <element name="gem" layername="gem_3" frame="0" z_index="31" m_a="0.625161" m_b="-0.503680" m_c="0.450344" m_d="0.558961" m_tx="-54.834530" m_ty="30.156700"/>
   <element name="glass_parts" layername="glass_parts" frame="0" z_index="32" m_a="0.000000" m_b="0.554223" m_c="-0.917594" m_d="0.000000" m_tx="-1.705789" m_ty="103.341682"/>
   <element name="glass_parts" layername="glass_parts" frame="0" z_index="33" m_a="0.000000" m_b="0.554223" m_c="0.917594" m_d="-0.000000" m_tx="-1.201113" m_ty="30.849480"/>
   <element name="glass_parts" layername="glass_parts_2" frame="0" z_index="34" m_a="-0.917594" m_b="0.000000" m_c="0.000000" m_d="0.554223" m_tx="56.194412" m_ty="68.813766"/>
   <element name="glass_parts" layername="glass_parts_3" frame="0" z_index="35" m_a="0.917594" m_b="0.000000" m_c="0.000000" m_d="0.554223" m_tx="-59.743587" m_ty="68.813766"/>
   <element name="bg_flat" layername="bg_flat" frame="0" z_index="36" m_a="0.917594" m_b="0.000000" m_c="0.000000" m_d="0.554223" m_tx="-1.659912" m_ty="67.012527"/>
  </frame>
  <frame idx="175" w="312" h="71" x="-23.023636" y="46.896324">
   <element name="gem" layername="gem" frame="0" z_index="28" m_a="0.633932" m_b="-0.511334" m_c="-0.413256" m_d="-0.512338" m_tx="52.164433" m_ty="116.627853"/>
   <element name="gem" layername="gem" frame="0" z_index="29" m_a="0.613195" m_b="0.515853" m_c="0.434074" m_d="-0.515984" m_tx="-57.672966" m_ty="116.647423"/>
   <element name="gem" layername="gem_2" frame="0" z_index="30" m_a="0.633943" m_b="0.511342" m_c="-0.413257" m_d="0.512340" m_tx="52.164433" m_ty="62.215076"/>
   <element name="gem" layername="gem_3" frame="0" z_index="31" m_a="0.613194" m_b="-0.515853" m_c="0.434074" m_d="0.515984" m_tx="-57.672966" m_ty="62.195225"/>
   <element name="glass_parts" layername="glass_parts" frame="0" z_index="32" m_a="0.000000" m_b="0.395874" m_c="-0.965179" m_d="0.000000" m_tx="-1.789067" m_ty="114.470207"/>
   <element name="glass_parts" layername="glass_parts" frame="0" z_index="33" m_a="0.000000" m_b="0.395874" m_c="0.965179" m_d="-0.000000" m_tx="-1.258214" m_ty="62.690079"/>
   <element name="glass_parts" layername="glass_parts_2" frame="0" z_index="34" m_a="-0.965179" m_b="0.000000" m_c="0.000000" m_d="0.395874" m_tx="59.113758" m_ty="89.807350"/>
   <element name="glass_parts" layername="glass_parts_3" frame="0" z_index="35" m_a="0.965179" m_b="0.000000" m_c="0.000000" m_d="0.395874" m_tx="-62.836647" m_ty="89.807350"/>
   <element name="bg_flat" layername="bg_flat" frame="0" z_index="36" m_a="0.965179" m_b="0.000000" m_c="0.000000" m_d="0.395874" m_tx="-1.740806" m_ty="88.520966"/>
  </frame>
  <frame idx="200" w="326" h="43" x="-23.093842" y="68.044159">
   <element name="gem" layername="gem" frame="0" z_index="28" m_a="0.624894" m_b="-0.543729" m_c="-0.413007" m_d="-0.474658" m_tx="54.741100" m_ty="126.892998"/>
   <element name="gem" layername="gem" frame="0" z_index="29" m_a="0.605229" m_b="0.541290" m_c="0.433453" m_d="-0.484655" m_tx="-60.511299" m_ty="126.904999"/>
   <element name="gem" layername="gem_2" frame="0" z_index="30" m_a="0.624905" m_b="0.543739" m_c="-0.413007" m_d="0.474659" m_tx="54.741100" m_ty="94.244698"/>
   <element name="gem" layername="gem_3" frame="0" z_index="31" m_a="0.605228" m_b="-0.541291" m_c="0.433454" m_d="0.484654" m_tx="-60.511299" m_ty="94.232803"/>
   <element name="glass_parts" layername="glass_parts" frame="0" z_index="32" m_a="0.000000" m_b="0.237529" m_c="-1.012760" m_d="0.000000" m_tx="-1.872340" m_ty="125.598999"/>
   <element name="glass_parts" layername="glass_parts" frame="0" z_index="33" m_a="0.000000" m_b="0.237529" m_c="1.012760" m_d="-0.000000" m_tx="-1.315320" m_ty="94.529701"/>
   <element name="glass_parts" layername="glass_parts_2" frame="0" z_index="34" m_a="-1.012760" m_b="0.000000" m_c="0.000000" m_d="0.237529" m_tx="62.033001" m_ty="110.800003"/>
   <element name="glass_parts" layername="glass_parts_3" frame="0" z_index="35" m_a="1.012760" m_b="0.000000" m_c="0.000000" m_d="0.237529" m_tx="-65.929604" m_ty="110.800003"/>
   <element name="bg_flat" layername="bg_flat" frame="0" z_index="36" m_a="1.012760" m_b="0.000000" m_c="0.000000" m_d="0.237529" m_tx="-1.821700" m_ty="110.028999"/>
  </frame>
  <frame idx="225" w="339" h="47" x="-23.161957" y="88.570763">
   <element name="gem" layername="gem" frame="0" z_index="28" m_a="0.620521" m_b="-0.590880" m_c="-0.437816" m_d="-0.459779" m_tx="57.242130" m_ty="136.856964"/>
   <element name="gem" layername="gem" frame="0" z_index="29" m_a="0.604657" m_b="0.581350" m_c="0.456469" m_d="-0.474770" m_tx="-63.266373" m_ty="136.860886"/>
   <element name="gem" layername="gem_2" frame="0" z_index="30" m_a="0.620533" m_b="0.590891" m_c="-0.437816" m_d="0.459780" m_tx="57.242130" m_ty="125.333893"/>
   <element name="gem" layername="gem_3" frame="0" z_index="31" m_a="0.604655" m_b="-0.581352" m_c="0.456471" m_d="0.474769" m_tx="-63.266373" m_ty="125.330002"/>
   <element name="glass_parts" layername="glass_parts" frame="0" z_index="32" m_a="0.000000" m_b="0.083833" m_c="-1.058951" m_d="0.000000" m_tx="-1.953164" m_ty="136.399734"/>
   <element name="glass_parts" layername="glass_parts" frame="0" z_index="33" m_a="0.000000" m_b="0.083833" m_c="1.058951" m_d="-0.000000" m_tx="-1.370739" m_ty="125.434326"/>
   <element name="glass_parts" layername="glass_parts_2" frame="0" z_index="34" m_a="-1.058951" m_b="0.000000" m_c="0.000000" m_d="0.083833" m_tx="64.866524" m_ty="131.177200"/>
   <element name="glass_parts" layername="glass_parts_3" frame="0" z_index="35" m_a="1.058951" m_b="0.000000" m_c="0.000000" m_d="0.083833" m_tx="-68.931732" m_ty="131.177200"/>
   <element name="bg_flat" layername="bg_flat" frame="0" z_index="36" m_a="1.058951" m_b="0.000000" m_c="0.000000" m_d="0.083833" m_tx="-1.900215" m_ty="130.904739"/>
  </frame>
  <frame idx="250" w="339" h="47" x="-23.161957" y="88.570763"/>
  <frame idx="275" w="339" h="47" x="-23.161957" y="88.570763"/>
 </anim>
 <anim name="idle" root="ui_thermos_bottle_1x1" numframes="150" framerate="40">
  <frame idx="0" w="322" h="282" x="-23.074997" y="-56.921936">
   <element name="gem" layername="gem" frame="0" z_index="28" m_a="0.787823" m_b="-0.578820" m_c="-0.567256" m_d="-0.772085" m_tx="54.049999" m_ty="47.345299"/>
   <element name="gem" layername="gem" frame="0" z_index="29" m_a="0.769459" m_b="0.600152" m_c="0.590364" m_d="-0.756911" m_tx="-59.750000" m_ty="47.391998"/>
   <element name="gem" layername="gem_2" frame="0" z_index="30" m_a="0.787833" m_b="0.578827" m_c="-0.567263" m_d="0.772094" m_tx="54.049999" m_ty="-81.136597"/>
   <element name="gem" layername="gem_3" frame="0" z_index="31" m_a="0.769459" m_b="-0.600152" m_c="0.590364" m_d="0.756911" m_tx="-59.750000" m_ty="-81.183296"/>
   <element name="glass_parts" layername="glass_parts" frame="0" z_index="32" m_a="0.000000" m_b="0.934753" m_c="-1.000000" m_d="0.000000" m_tx="-1.850000" m_ty="42.250900"/>
   <element name="glass_parts" layername="glass_parts" frame="0" z_index="33" m_a="0.000000" m_b="0.934753" m_c="1.000000" m_d="-0.000000" m_tx="-1.300000" m_ty="-80.014900"/>
   <element name="glass_parts" layername="glass_parts_2" frame="0" z_index="34" m_a="-1.000000" m_b="0.000000" m_c="0.000000" m_d="0.934753" m_tx="61.250000" m_ty="-15.984300"/>
   <element name="glass_parts" layername="glass_parts_3" frame="0" z_index="35" m_a="1.000000" m_b="0.000000" m_c="0.000000" m_d="0.934753" m_tx="-65.099998" m_ty="-15.984300"/>
   <element name="bg_flat" layername="bg_flat" frame="0" z_index="36" m_a="1.000000" m_b="0.000000" m_c="0.000000" m_d="0.934753" m_tx="-1.800000" m_ty="-19.022200"/>
  </frame>
  <frame idx="25" w="322" h="282" x="-23.074997" y="-56.921936">
   <element name="gem" layername="gem" frame="0" z_index="28" m_a="0.787823" m_b="-0.578820" m_c="-0.567256" m_d="-0.772085" m_tx="54.049999" m_ty="47.345299"/>
   <element name="gem" layername="gem" frame="0" z_index="29" m_a="0.769459" m_b="0.600152" m_c="0.590364" m_d="-0.756911" m_tx="-59.750000" m_ty="47.391998"/>
   <element name="gem" layername="gem_2" frame="0" z_index="30" m_a="0.787833" m_b="0.578827" m_c="-0.567263" m_d="0.772094" m_tx="54.049999" m_ty="-81.136597"/>
   <element name="gem" layername="gem_3" frame="0" z_index="31" m_a="0.769459" m_b="-0.600152" m_c="0.590364" m_d="0.756911" m_tx="-59.750000" m_ty="-81.183296"/>
   <element name="glass_parts" layername="glass_parts" frame="0" z_index="32" m_a="0.000000" m_b="0.934753" m_c="-1.000000" m_d="0.000000" m_tx="-1.850000" m_ty="42.250900"/>
   <element name="glass_parts" layername="glass_parts" frame="0" z_index="33" m_a="0.000000" m_b="0.934753" m_c="1.000000" m_d="-0.000000" m_tx="-1.300000" m_ty="-80.014900"/>
   <element name="glass_parts" layername="glass_parts_2" frame="0" z_index="34" m_a="-1.000000" m_b="0.000000" m_c="0.000000" m_d="0.934753" m_tx="61.250000" m_ty="-15.984300"/>
   <element name="glass_parts" layername="glass_parts_3" frame="0" z_index="35" m_a="1.000000" m_b="0.000000" m_c="0.000000" m_d="0.934753" m_tx="-65.099998" m_ty="-15.984300"/>
   <element name="bg_flat" layername="bg_flat" frame="0" z_index="36" m_a="1.000000" m_b="0.000000" m_c="0.000000" m_d="0.934753" m_tx="-1.800000" m_ty="-19.022200"/>
  </frame>
  <frame idx="50" w="322" h="282" x="-23.074997" y="-56.921936">
   <element name="gem" layername="gem" frame="0" z_index="28" m_a="0.787823" m_b="-0.578820" m_c="-0.567256" m_d="-0.772085" m_tx="54.049999" m_ty="47.345299"/>
   <element name="gem" layername="gem" frame="0" z_index="29" m_a="0.769459" m_b="0.600152" m_c="0.590364" m_d="-0.756911" m_tx="-59.750000" m_ty="47.391998"/>
   <element name="gem" layername="gem_2" frame="0" z_index="30" m_a="0.787833" m_b="0.578827" m_c="-0.567263" m_d="0.772094" m_tx="54.049999" m_ty="-81.136597"/>
   <element name="gem" layername="gem_3" frame="0" z_index="31" m_a="0.769459" m_b="-0.600152" m_c="0.590364" m_d="0.756911" m_tx="-59.750000" m_ty="-81.183296"/>
   <element name="glass_parts" layername="glass_parts" frame="0" z_index="32" m_a="0.000000" m_b="0.934753" m_c="-1.000000" m_d="0.000000" m_tx="-1.850000" m_ty="42.250900"/>
   <element name="glass_parts" layername="glass_parts" frame="0" z_index="33" m_a="0.000000" m_b="0.934753" m_c="1.000000" m_d="-0.000000" m_tx="-1.300000" m_ty="-80.014900"/>
   <element name="glass_parts" layername="glass_parts_2" frame="0" z_index="34" m_a="-1.000000" m_b="0.000000" m_c="0.000000" m_d="0.934753" m_tx="61.250000" m_ty="-15.984300"/>
   <element name="glass_parts" layername="glass_parts_3" frame="0" z_index="35" m_a="1.000000" m_b="0.000000" m_c="0.000000" m_d="0.934753" m_tx="-65.099998" m_ty="-15.984300"/>
   <element name="bg_flat" layername="bg_flat" frame="0" z_index="36" m_a="1.000000" m_b="0.000000" m_c="0.000000" m_d="0.934753" m_tx="-1.800000" m_ty="-19.022200"/>
  </frame>
  <frame idx="75" w="322" h="282" x="-23.074997" y="-56.921936">
   <element name="gem" layername="gem" frame="0" z_index="28" m_a="0.787823" m_b="-0.578820" m_c="-0.567256" m_d="-0.772085" m_tx="54.049999" m_ty="47.345299"/>
   <element name="gem" layername="gem" frame="0" z_index="29" m_a="0.769459" m_b="0.600152" m_c="0.590364" m_d="-0.756911" m_tx="-59.750000" m_ty="47.391998"/>
   <element name="gem" layername="gem_2" frame="0" z_index="30" m_a="0.787833" m_b="0.578827" m_c="-0.567263" m_d="0.772094" m_tx="54.049999" m_ty="-81.136597"/>
   <element name="gem" layername="gem_3" frame="0" z_index="31" m_a="0.769459" m_b="-0.600152" m_c="0.590364" m_d="0.756911" m_tx="-59.750000" m_ty="-81.183296"/>
   <element name="glass_parts" layername="glass_parts" frame="0" z_index="32" m_a="0.000000" m_b="0.934753" m_c="-1.000000" m_d="0.000000" m_tx="-1.850000" m_ty="42.250900"/>
   <element name="glass_parts" layername="glass_parts" frame="0" z_index="33" m_a="0.000000" m_b="0.934753" m_c="1.000000" m_d="-0.000000" m_tx="-1.300000" m_ty="-80.014900"/>
   <element name="glass_parts" layername="glass_parts_2" frame="0" z_index="34" m_a="-1.000000" m_b="0.000000" m_c="0.000000" m_d="0.934753" m_tx="61.250000" m_ty="-15.984300"/>
   <element name="glass_parts" layername="glass_parts_3" frame="0" z_index="35" m_a="1.000000" m_b="0.000000" m_c="0.000000" m_d="0.934753" m_tx="-65.099998" m_ty="-15.984300"/>
   <element name="bg_flat" layername="bg_flat" frame="0" z_index="36" m_a="1.000000" m_b="0.000000" m_c="0.000000" m_d="0.934753" m_tx="-1.800000" m_ty="-19.022200"/>
  </frame>
  <frame idx="100" w="322" h="282" x="-23.074997" y="-56.921936">
   <element name="gem" layername="gem" frame="0" z_index="28" m_a="0.787823" m_b="-0.578820" m_c="-0.567256" m_d="-0.772085" m_tx="54.049999" m_ty="47.345299"/>
   <element name="gem" layername="gem" frame="0" z_index="29" m_a="0.769459" m_b="0.600152" m_c="0.590364" m_d="-0.756911" m_tx="-59.750000" m_ty="47.391998"/>
   <element name="gem" layername="gem_2" frame="0" z_index="30" m_a="0.787833" m_b="0.578827" m_c="-0.567263" m_d="0.772094" m_tx="54.049999" m_ty="-81.136597"/>
   <element name="gem" layername="gem_3" frame="0" z_index="31" m_a="0.769459" m_b="-0.600152" m_c="0.590364" m_d="0.756911" m_tx="-59.750000" m_ty="-81.183296"/>
   <element name="glass_parts" layername="glass_parts" frame="0" z_index="32" m_a="0.000000" m_b="0.934753" m_c="-1.000000" m_d="0.000000" m_tx="-1.850000" m_ty="42.250900"/>
   <element name="glass_parts" layername="glass_parts" frame="0" z_index="33" m_a="0.000000" m_b="0.934753" m_c="1.000000" m_d="-0.000000" m_tx="-1.300000" m_ty="-80.014900"/>
   <element name="glass_parts" layername="glass_parts_2" frame="0" z_index="34" m_a="-1.000000" m_b="0.000000" m_c="0.000000" m_d="0.934753" m_tx="61.250000" m_ty="-15.984300"/>
   <element name="glass_parts" layername="glass_parts_3" frame="0" z_index="35" m_a="1.000000" m_b="0.000000" m_c="0.000000" m_d="0.934753" m_tx="-65.099998" m_ty="-15.984300"/>
   <element name="bg_flat" layername="bg_flat" frame="0" z_index="36" m_a="1.000000" m_b="0.000000" m_c="0.000000" m_d="0.934753" m_tx="-1.800000" m_ty="-19.022200"/>
  </frame>
  <frame idx="125" w="322" h="282" x="-23.074997" y="-56.921936">
   <element name="gem" layername="gem" frame="0" z_index="28" m_a="0.787823" m_b="-0.578820" m_c="-0.567256" m_d="-0.772085" m_tx="54.049999" m_ty="47.345299"/>
   <element name="gem" layername="gem" frame="0" z_index="29" m_a="0.769459" m_b="0.600152" m_c="0.590364" m_d="-0.756911" m_tx="-59.750000" m_ty="47.391998"/>
   <element name="gem" layername="gem_2" frame="0" z_index="30" m_a="0.787833" m_b="0.578827" m_c="-0.567263" m_d="0.772094" m_tx="54.049999" m_ty="-81.136597"/>
   <element name="gem" layername="gem_3" frame="0" z_index="31" m_a="0.769459" m_b="-0.600152" m_c="0.590364" m_d="0.756911" m_tx="-59.750000" m_ty="-81.183296"/>
   <element name="glass_parts" layername="glass_parts" frame="0" z_index="32" m_a="0.000000" m_b="0.934753" m_c="-1.000000" m_d="0.000000" m_tx="-1.850000" m_ty="42.250900"/>
   <element name="glass_parts" layername="glass_parts" frame="0" z_index="33" m_a="0.000000" m_b="0.934753" m_c="1.000000" m_d="-0.000000" m_tx="-1.300000" m_ty="-80.014900"/>
   <element name="glass_parts" layername="glass_parts_2" frame="0" z_index="34" m_a="-1.000000" m_b="0.000000" m_c="0.000000" m_d="0.934753" m_tx="61.250000" m_ty="-15.984300"/>
   <element name="glass_parts" layername="glass_parts_3" frame="0" z_index="35" m_a="1.000000" m_b="0.000000" m_c="0.000000" m_d="0.934753" m_tx="-65.099998" m_ty="-15.984300"/>
   <element name="bg_flat" layername="bg_flat" frame="0" z_index="36" m_a="1.000000" m_b="0.000000" m_c="0.000000" m_d="0.934753" m_tx="-1.800000" m_ty="-19.022200"/>
  </frame>
 </anim>
 <anim name="open" root="ui_thermos_bottle_1x1" numframes="350" framerate="40">
  <frame idx="0" w="2" h="0" x="0.000000" y="0.000000"/>
  <frame idx="25" w="2" h="0" x="0.000000" y="0.000000"/>
  <frame idx="50" w="341" h="48" x="-23.171890" y="91.628685">
   <element name="gem" layername="gem" frame="0" z_index="28" m_a="0.618287" m_b="-0.597556" m_c="-0.439823" m_d="-0.455082" m_tx="57.606983" m_ty="138.135635"/>
   <element name="gem" layername="gem" frame="0" z_index="29" m_a="0.603068" m_b="0.586797" m_c="0.458325" m_d="-0.471035" m_tx="-63.668285" m_ty="138.138580"/>
   <element name="gem" layername="gem_2" frame="0" z_index="30" m_a="0.618298" m_b="0.597566" m_c="-0.439823" m_d="0.455082" m_tx="57.606983" m_ty="130.171097"/>
   <element name="gem" layername="gem_3" frame="0" z_index="31" m_a="0.603066" m_b="-0.586799" m_c="0.458327" m_d="0.471033" m_tx="-63.668285" m_ty="130.168152"/>
   <element name="glass_parts" layername="glass_parts" frame="0" z_index="32" m_a="0.000000" m_b="0.057945" m_c="-1.065689" m_d="0.000000" m_tx="-1.964956" m_ty="137.819641"/>
   <element name="glass_parts" layername="glass_parts" frame="0" z_index="33" m_a="0.000000" m_b="0.057945" m_c="1.065689" m_d="-0.000000" m_tx="-1.378826" m_ty="130.240479"/>
   <element name="glass_parts" layername="glass_parts_2" frame="0" z_index="34" m_a="-1.065689" m_b="0.000000" m_c="0.000000" m_d="0.057945" m_tx="65.279907" m_ty="134.209976"/>
   <element name="glass_parts" layername="glass_parts_3" frame="0" z_index="35" m_a="1.065689" m_b="0.000000" m_c="0.000000" m_d="0.057945" m_tx="-69.369682" m_ty="134.209976"/>
   <element name="bg_flat" layername="bg_flat" frame="0" z_index="36" m_a="1.065689" m_b="0.000000" m_c="0.000000" m_d="0.057945" m_tx="-1.911670" m_ty="134.021454"/>
  </frame>
  <frame idx="75" w="334" h="47" x="-23.134583" y="80.547684">
   <element name="gem" layername="gem" frame="0" z_index="28" m_a="0.619429" m_b="-0.572796" m_c="-0.426592" m_d="-0.461322" m_tx="56.237053" m_ty="132.230881"/>
   <element name="gem" layername="gem" frame="0" z_index="29" m_a="0.602205" m_b="0.565540" m_c="0.445856" m_d="-0.474762" m_tx="-62.159199" m_ty="132.237823"/>
   <element name="gem" layername="gem_2" frame="0" z_index="30" m_a="0.619440" m_b="0.572807" m_c="-0.426593" m_d="0.461322" m_tx="56.237053" m_ty="113.913887"/>
   <element name="gem" layername="gem_3" frame="0" z_index="31" m_a="0.602204" m_b="-0.565541" m_c="0.445857" m_d="0.474761" m_tx="-62.159199" m_ty="113.906822"/>
   <element name="glass_parts" layername="glass_parts" frame="0" z_index="32" m_a="0.000000" m_b="0.133265" m_c="-1.040389" m_d="0.000000" m_tx="-1.920684" m_ty="131.504639"/>
   <element name="glass_parts" layername="glass_parts" frame="0" z_index="33" m_a="0.000000" m_b="0.133265" m_c="1.040389" m_d="-0.000000" m_tx="-1.348470" m_ty="114.073761"/>
   <element name="glass_parts" layername="glass_parts_2" frame="0" z_index="34" m_a="-1.040389" m_b="0.000000" m_c="0.000000" m_d="0.133265" m_tx="63.727859" m_ty="123.202362"/>
   <element name="glass_parts" layername="glass_parts_3" frame="0" z_index="35" m_a="1.040389" m_b="0.000000" m_c="0.000000" m_d="0.133265" m_tx="-67.725273" m_ty="123.202362"/>
   <element name="bg_flat" layername="bg_flat" frame="0" z_index="36" m_a="1.040389" m_b="0.000000" m_c="0.000000" m_d="0.133265" m_tx="-1.868663" m_ty="122.769096"/>
  </frame>
  <frame idx="100" w="321" h="46" x="-23.066406" y="60.302013">
   <element name="gem" layername="gem" frame="0" z_index="28" m_a="0.621630" m_b="-0.530472" m_c="-0.407362" m_d="-0.477364" m_tx="53.734100" m_ty="121.443001"/>
   <element name="gem" layername="gem" frame="0" z_index="29" m_a="0.601597" m_b="0.529689" m_c="0.427862" m_d="-0.485947" m_tx="-59.402000" m_ty="121.456001"/>
   <element name="gem" layername="gem_2" frame="0" z_index="30" m_a="0.621641" m_b="0.530482" m_c="-0.407363" m_d="0.477365" m_tx="53.734100" m_ty="84.210403"/>
   <element name="gem" layername="gem_3" frame="0" z_index="31" m_a="0.601600" m_b="-0.529686" m_c="0.427860" m_d="0.485949" m_tx="-59.402000" m_ty="84.196899"/>
   <element name="glass_parts" layername="glass_parts" frame="0" z_index="32" m_a="0.000000" m_b="0.270879" m_c="-0.994166" m_d="0.000000" m_tx="-1.839790" m_ty="119.966003"/>
   <element name="glass_parts" layername="glass_parts" frame="0" z_index="33" m_a="0.000000" m_b="0.270879" m_c="0.994166" m_d="-0.000000" m_tx="-1.293000" m_ty="84.535500"/>
   <element name="glass_parts" layername="glass_parts_2" frame="0" z_index="34" m_a="-0.994166" m_b="0.000000" m_c="0.000000" m_d="0.270879" m_tx="60.892101" m_ty="103.091003"/>
   <element name="glass_parts" layername="glass_parts_3" frame="0" z_index="35" m_a="0.994166" m_b="0.000000" m_c="0.000000" m_d="0.270879" m_tx="-64.720802" m_ty="103.091003"/>
   <element name="bg_flat" layername="bg_flat" frame="0" z_index="36" m_a="0.994166" m_b="0.000000" m_c="0.000000" m_d="0.270879" m_tx="-1.790080" m_ty="102.209999"/>
  </frame>
  <frame idx="125" w="296" h="109" x="-22.949738" y="25.659763">
   <element name="gem" layername="gem" frame="0" z_index="28" m_a="0.632673" m_b="-0.491836" m_c="-0.421799" m_d="-0.542580" m_tx="49.451305" m_ty="102.983513"/>
   <element name="gem" layername="gem" frame="0" z_index="29" m_a="0.613201" m_b="0.500634" m_c="0.441922" m_d="-0.541287" m_tx="-54.684208" m_ty="103.008720"/>
   <element name="gem" layername="gem_2" frame="0" z_index="30" m_a="0.632683" m_b="0.491844" m_c="-0.421802" m_d="0.542584" m_tx="49.451305" m_ty="33.386139"/>
   <element name="gem" layername="gem_3" frame="0" z_index="31" m_a="0.613200" m_b="-0.500636" m_c="0.441923" m_d="0.541286" m_tx="-54.684208" m_ty="33.360870"/>
   <element name="glass_parts" layername="glass_parts" frame="0" z_index="32" m_a="0.000000" m_b="0.506347" m_c="-0.915076" m_d="0.000000" m_tx="-1.701378" m_ty="100.223793"/>
   <element name="glass_parts" layername="glass_parts" frame="0" z_index="33" m_a="0.000000" m_b="0.506347" m_c="0.915076" m_d="-0.000000" m_tx="-1.198088" m_ty="33.993809"/>
   <element name="glass_parts" layername="glass_parts_2" frame="0" z_index="34" m_a="-0.915076" m_b="0.000000" m_c="0.000000" m_d="0.506347" m_tx="56.039894" m_ty="68.678574"/>
   <element name="glass_parts" layername="glass_parts_3" frame="0" z_index="35" m_a="0.915076" m_b="0.000000" m_c="0.000000" m_d="0.506347" m_tx="-59.579918" m_ty="68.678574"/>
   <element name="bg_flat" layername="bg_flat" frame="0" z_index="36" m_a="0.915076" m_b="0.000000" m_c="0.000000" m_d="0.506347" m_tx="-1.655624" m_ty="67.032791"/>
  </frame>
  <frame idx="150" w="263" h="217" x="-22.784149" y="-21.943275">
   <element name="gem" layername="gem" frame="0" z_index="28" m_a="0.665008" m_b="-0.500529" m_c="-0.507116" m_d="-0.673759" m_tx="43.372238" m_ty="76.780762"/>
   <element name="gem" layername="gem" frame="0" z_index="29" m_a="0.652595" m_b="0.519102" m_c="0.524653" m_d="-0.659573" m_tx="-47.987694" m_ty="76.822830"/>
   <element name="gem" layername="gem_2" frame="0" z_index="30" m_a="0.665016" m_b="0.500535" m_c="-0.507122" m_d="0.673768" m_tx="43.372238" m_ty="-38.757729"/>
   <element name="gem" layername="gem_3" frame="0" z_index="31" m_a="0.652594" m_b="-0.519103" m_c="0.524654" m_d="0.659572" m_tx="-47.987694" m_ty="-38.799690"/>
   <element name="glass_parts" layername="glass_parts" frame="0" z_index="32" m_a="0.000000" m_b="0.840586" m_c="-0.802812" m_d="0.000000" m_tx="-1.504917" m_ty="72.199608"/>
   <element name="glass_parts" layername="glass_parts" frame="0" z_index="33" m_a="0.000000" m_b="0.840586" m_c="0.802812" m_d="-0.000000" m_tx="-1.063372" m_ty="-37.748981"/>
   <element name="glass_parts" layername="glass_parts_2" frame="0" z_index="34" m_a="-0.802812" m_b="0.000000" m_c="0.000000" m_d="0.840586" m_tx="49.152493" m_ty="19.831093"/>
   <element name="glass_parts" layername="glass_parts_3" frame="0" z_index="35" m_a="0.802812" m_b="0.000000" m_c="0.000000" m_d="0.840586" m_tx="-52.282749" m_ty="19.831093"/>
   <element name="bg_flat" layername="bg_flat" frame="0" z_index="36" m_a="0.802812" m_b="0.000000" m_c="0.000000" m_d="0.840586" m_tx="-1.464776" m_ty="17.099232"/>
  </frame>
  <frame idx="175" w="258" h="307" x="-22.757988" y="-53.902145">
   <element name="gem" layername="gem" frame="0" z_index="28" m_a="0.721054" m_b="-0.540247" m_c="-0.590698" m_d="-0.788390" m_tx="42.411739" m_ty="54.303307"/>
   <element name="gem" layername="gem" frame="0" z_index="29" m_a="0.712632" m_b="0.564760" m_c="0.607315" m_d="-0.766329" m_tx="-46.929661" m_ty="54.356934"/>
   <element name="gem" layername="gem_2" frame="0" z_index="30" m_a="0.721061" m_b="0.540252" m_c="-0.590707" m_d="0.788401" m_tx="42.411739" m_ty="-93.060768"/>
   <element name="gem" layername="gem_3" frame="0" z_index="31" m_a="0.712632" m_b="-0.564759" m_c="0.607314" m_d="0.766330" m_tx="-46.929661" m_ty="-93.114296"/>
   <element name="glass_parts" layername="glass_parts" frame="0" z_index="32" m_a="0.000000" m_b="1.072130" m_c="-0.785075" m_d="0.000000" m_tx="-1.473879" m_ty="48.460197"/>
   <element name="glass_parts" layername="glass_parts" frame="0" z_index="33" m_a="0.000000" m_b="1.072130" m_c="0.785075" m_d="-0.000000" m_tx="-1.042089" m_ty="-91.774193"/>
   <element name="glass_parts" layername="glass_parts_2" frame="0" z_index="34" m_a="-0.785075" m_b="0.000000" m_c="0.000000" m_d="1.072130" m_tx="48.064251" m_ty="-18.333412"/>
   <element name="glass_parts" layername="glass_parts_3" frame="0" z_index="35" m_a="0.785075" m_b="0.000000" m_c="0.000000" m_d="1.072130" m_tx="-51.129768" m_ty="-18.333412"/>
   <element name="bg_flat" layername="bg_flat" frame="0" z_index="36" m_a="0.785075" m_b="0.000000" m_c="0.000000" m_d="1.072130" m_tx="-1.434623" m_ty="-21.817791"/>
  </frame>
  <frame idx="200" w="324" h="290" x="-23.086594" y="-56.708725">
   <element name="gem" layername="gem" frame="0" z_index="28" m_a="0.801019" m_b="-0.588257" m_c="-0.581083" m_d="-0.791252" m_tx="54.475300" m_ty="48.997700"/>
   <element name="gem" layername="gem" frame="0" z_index="29" m_a="0.782890" m_b="0.610408" m_c="0.604336" m_d="-0.775103" m_tx="-60.218601" m_ty="49.046101"/>
   <element name="gem" layername="gem_2" frame="0" z_index="30" m_a="0.801030" m_b="0.588264" m_c="-0.581090" m_d="0.791261" m_tx="54.475300" m_ty="-83.968498"/>
   <element name="gem" layername="gem_3" frame="0" z_index="31" m_a="0.782887" m_b="-0.610412" m_c="0.604340" m_d="0.775100" m_tx="-60.218601" m_ty="-84.016800"/>
   <element name="glass_parts" layername="glass_parts" frame="0" z_index="32" m_a="0.000000" m_b="0.967379" m_c="-1.007860" m_d="0.000000" m_tx="-1.863750" m_ty="43.725498"/>
   <element name="glass_parts" layername="glass_parts" frame="0" z_index="33" m_a="0.000000" m_b="0.967379" m_c="1.007860" m_d="-0.000000" m_tx="-1.309430" m_ty="-82.807602"/>
   <element name="glass_parts" layername="glass_parts_2" frame="0" z_index="34" m_a="-1.007860" m_b="0.000000" m_c="0.000000" m_d="0.967379" m_tx="61.731899" m_ty="-16.542200"/>
   <element name="glass_parts" layername="glass_parts_3" frame="0" z_index="35" m_a="1.007860" m_b="0.000000" m_c="0.000000" m_d="0.967379" m_tx="-65.610603" m_ty="-16.542200"/>
   <element name="bg_flat" layername="bg_flat" frame="0" z_index="36" m_a="1.007860" m_b="0.000000" m_c="0.000000" m_d="0.967379" m_tx="-1.813350" m_ty="-19.686199"/>
  </frame>
  <frame idx="225" w="357" h="282" x="-23.251648" y="-58.478043">
   <element name="gem" layername="gem" frame="0" z_index="28" m_a="0.846968" m_b="-0.626362" m_c="-0.590114" m_d="-0.797954" m_tx="60.534931" m_ty="46.332699"/>
   <element name="gem" layername="gem" frame="0" z_index="29" m_a="0.824680" m_b="0.646657" m_c="0.616011" m_d="-0.785597" m_tx="-66.893677" m_ty="46.378452"/>
   <element name="gem" layername="gem_2" frame="0" z_index="30" m_a="0.846977" m_b="0.626368" m_c="-0.590120" m_d="0.797963" m_tx="60.534931" m_ty="-79.401367"/>
   <element name="gem" layername="gem_3" frame="0" z_index="31" m_a="0.824676" m_b="-0.646663" m_c="0.616016" m_d="0.785593" m_tx="-66.893677" m_ty="-79.447098"/>
   <element name="glass_parts" layername="glass_parts" frame="0" z_index="32" m_a="0.000000" m_b="0.914763" m_c="-1.119764" m_d="0.000000" m_tx="-2.059581" m_ty="41.347263"/>
   <element name="glass_parts" layername="glass_parts" frame="0" z_index="33" m_a="0.000000" m_b="0.914763" m_c="1.119764" m_d="-0.000000" m_tx="-1.443709" m_ty="-78.303703"/>
   <element name="glass_parts" layername="glass_parts_2" frame="0" z_index="34" m_a="-1.119764" m_b="0.000000" m_c="0.000000" m_d="0.914763" m_tx="68.597198" m_ty="-15.642420"/>
   <element name="glass_parts" layername="glass_parts_3" frame="0" z_index="35" m_a="1.119764" m_b="0.000000" m_c="0.000000" m_d="0.914763" m_tx="-72.884354" m_ty="-15.642420"/>
   <element name="bg_flat" layername="bg_flat" frame="0" z_index="36" m_a="1.119764" m_b="0.000000" m_c="0.000000" m_d="0.914763" m_tx="-2.003592" m_ty="-18.615391"/>
  </frame>
  <frame idx="250" w="377" h="279" x="-23.346451" y="-58.513115">
   <element name="gem" layername="gem" frame="0" z_index="28" m_a="0.873651" m_b="-0.649474" m_c="-0.596486" m_d="-0.802374" m_tx="64.015213" m_ty="44.802052"/>
   <element name="gem" layername="gem" frame="0" z_index="29" m_a="0.849073" m_b="0.668625" m_c="0.623861" m_d="-0.792229" m_tx="-70.727440" m_ty="44.846317"/>
   <element name="gem" layername="gem_2" frame="0" z_index="30" m_a="0.873659" m_b="0.649480" m_c="-0.596492" m_d="0.802382" m_tx="64.015213" m_ty="-76.778290"/>
   <element name="gem" layername="gem_3" frame="0" z_index="31" m_a="0.849072" m_b="-0.668625" m_c="0.623862" m_d="0.792228" m_tx="-70.727440" m_ty="-76.822510"/>
   <element name="glass_parts" layername="glass_parts" frame="0" z_index="32" m_a="0.000000" m_b="0.884543" m_c="-1.184031" m_d="0.000000" m_tx="-2.172053" m_ty="39.981331"/>
   <element name="glass_parts" layername="glass_parts" frame="0" z_index="33" m_a="0.000000" m_b="0.884543" m_c="1.184031" m_d="-0.000000" m_tx="-1.520836" m_ty="-75.716866"/>
   <element name="glass_parts" layername="glass_parts_2" frame="0" z_index="34" m_a="-1.184031" m_b="0.000000" m_c="0.000000" m_d="0.884543" m_tx="72.540260" m_ty="-15.125675"/>
   <element name="glass_parts" layername="glass_parts_3" frame="0" z_index="35" m_a="1.184031" m_b="0.000000" m_c="0.000000" m_d="0.884543" m_tx="-77.061981" m_ty="-15.125675"/>
   <element name="bg_flat" layername="bg_flat" frame="0" z_index="36" m_a="1.184031" m_b="0.000000" m_c="0.000000" m_d="0.884543" m_tx="-2.112856" m_ty="-18.000422"/>
  </frame>
  <frame idx="275" w="376" h="278" x="-23.339600" y="-58.458084">
   <element name="gem" layername="gem" frame="0" z_index="28" m_a="0.870463" m_b="-0.647288" m_c="-0.594617" m_d="-0.799632" m_tx="63.763687" m_ty="44.648117"/>
   <element name="gem" layername="gem" frame="0" z_index="29" m_a="0.846008" m_b="0.666367" m_c="0.621873" m_d="-0.789520" m_tx="-70.450363" m_ty="44.692253"/>
   <element name="gem" layername="gem_2" frame="0" z_index="30" m_a="0.870476" m_b="0.647291" m_c="-0.594619" m_d="0.799643" m_tx="63.763687" m_ty="-76.514511"/>
   <element name="gem" layername="gem_3" frame="0" z_index="31" m_a="0.846010" m_b="-0.666364" m_c="0.621871" m_d="0.789522" m_tx="-70.450363" m_ty="-76.558578"/>
   <element name="glass_parts" layername="glass_parts" frame="0" z_index="32" m_a="0.000000" m_b="0.881504" m_c="-1.179381" m_d="0.000000" m_tx="-2.163923" m_ty="39.843967"/>
   <element name="glass_parts" layername="glass_parts" frame="0" z_index="33" m_a="0.000000" m_b="0.881504" m_c="1.179381" m_d="-0.000000" m_tx="-1.515265" m_ty="-75.456703"/>
   <element name="glass_parts" layername="glass_parts_2" frame="0" z_index="34" m_a="-1.179381" m_b="0.000000" m_c="0.000000" m_d="0.881504" m_tx="72.255341" m_ty="-15.073746"/>
   <element name="glass_parts" layername="glass_parts_3" frame="0" z_index="35" m_a="1.179381" m_b="0.000000" m_c="0.000000" m_d="0.881504" m_tx="-76.760071" m_ty="-15.073746"/>
   <element name="bg_flat" layername="bg_flat" frame="0" z_index="36" m_a="1.179381" m_b="0.000000" m_c="0.000000" m_d="0.881504" m_tx="-2.104958" m_ty="-17.938612"/>
  </frame>
  <frame idx="300" w="347" h="279" x="-23.200714" y="-58.108055">
   <element name="gem" layername="gem" frame="0" z_index="28" m_a="0.826520" m_b="-0.609652" m_c="-0.578517" m_d="-0.784310" m_tx="58.665199" m_ty="46.063801"/>
   <element name="gem" layername="gem" frame="0" z_index="29" m_a="0.805145" m_b="0.630000" m_c="0.603662" m_d="-0.771485" m_tx="-64.834000" m_ty="46.109299"/>
   <element name="gem" layername="gem_2" frame="0" z_index="30" m_a="0.826547" m_b="0.609650" m_c="-0.578510" m_d="0.784329" m_tx="58.665199" m_ty="-78.940498"/>
   <element name="gem" layername="gem_3" frame="0" z_index="31" m_a="0.805143" m_b="-0.630002" m_c="0.603664" m_d="0.771483" m_tx="-64.834000" m_ty="-78.986000"/>
   <element name="glass_parts" layername="glass_parts" frame="0" z_index="32" m_a="0.000000" m_b="0.909453" m_c="-1.085230" m_d="0.000000" m_tx="-1.999150" m_ty="41.107300"/>
   <element name="glass_parts" layername="glass_parts" frame="0" z_index="33" m_a="0.000000" m_b="0.909453" m_c="1.085230" m_d="-0.000000" m_tx="-1.402280" m_ty="-77.849197"/>
   <element name="glass_parts" layername="glass_parts_2" frame="0" z_index="34" m_a="-1.085230" m_b="0.000000" m_c="0.000000" m_d="0.909453" m_tx="66.478897" m_ty="-15.551700"/>
   <element name="glass_parts" layername="glass_parts_3" frame="0" z_index="35" m_a="1.085230" m_b="0.000000" m_c="0.000000" m_d="0.909453" m_tx="-70.639999" m_ty="-15.551700"/>
   <element name="bg_flat" layername="bg_flat" frame="0" z_index="36" m_a="1.085230" m_b="0.000000" m_c="0.000000" m_d="0.909453" m_tx="-1.944890" m_ty="-18.507401"/>
  </frame>
  <frame idx="325" w="333" h="281" x="-23.130951" y="-57.444649">
   <element name="gem" layername="gem" frame="0" z_index="28" m_a="0.804988" m_b="-0.592336" m_c="-0.572065" m_d="-0.777440" m_tx="56.104244" m_ty="46.774902"/>
   <element name="gem" layername="gem" frame="0" z_index="29" m_a="0.785267" m_b="0.613244" m_c="0.596091" m_d="-0.763302" m_tx="-62.012825" m_ty="46.821064"/>
   <element name="gem" layername="gem_2" frame="0" z_index="30" m_a="0.805003" m_b="0.592341" m_c="-0.572068" m_d="0.777452" m_tx="56.104244" m_ty="-80.159103"/>
   <element name="gem" layername="gem_3" frame="0" z_index="31" m_a="0.785266" m_b="-0.613244" m_c="0.596091" m_d="0.763302" m_tx="-62.012825" m_ty="-80.205338"/>
   <element name="glass_parts" layername="glass_parts" frame="0" z_index="32" m_a="0.000000" m_b="0.923492" m_c="-1.037936" m_d="0.000000" m_tx="-1.916385" m_ty="41.741859"/>
   <element name="glass_parts" layername="glass_parts" frame="0" z_index="33" m_a="0.000000" m_b="0.923492" m_c="1.037936" m_d="-0.000000" m_tx="-1.345523" m_ty="-79.050964"/>
   <element name="glass_parts" layername="glass_parts_2" frame="0" z_index="34" m_a="-1.037936" m_b="0.000000" m_c="0.000000" m_d="0.923492" m_tx="63.577354" m_ty="-15.791700"/>
   <element name="glass_parts" layername="glass_parts_3" frame="0" z_index="35" m_a="1.037936" m_b="0.000000" m_c="0.000000" m_d="0.923492" m_tx="-67.565811" m_ty="-15.791700"/>
   <element name="bg_flat" layername="bg_flat" frame="0" z_index="36" m_a="1.037936" m_b="0.000000" m_c="0.000000" m_d="0.923492" m_tx="-1.864493" m_ty="-18.793062"/>
  </frame>
 </anim>
 <anim name="ui_thermos_bottle_1x1" root="ui_thermos_bottle_1x1" numframes="25" framerate="40">
  <frame idx="0" w="322" h="282" x="-23.074997" y="-56.921936">
   <element name="gem" layername="gem" frame="0" z_index="28" m_a="0.787823" m_b="-0.578820" m_c="-0.567256" m_d="-0.772085" m_tx="54.049999" m_ty="47.345299"/>
   <element name="gem" layername="gem" frame="0" z_index="29" m_a="0.769459" m_b="0.600152" m_c="0.590364" m_d="-0.756911" m_tx="-59.750000" m_ty="47.391998"/>
   <element name="gem" layername="gem_2" frame="0" z_index="30" m_a="0.787833" m_b="0.578827" m_c="-0.567263" m_d="0.772094" m_tx="54.049999" m_ty="-81.136597"/>
   <element name="gem" layername="gem_3" frame="0" z_index="31" m_a="0.769459" m_b="-0.600152" m_c="0.590364" m_d="0.756911" m_tx="-59.750000" m_ty="-81.183296"/>
   <element name="glass_parts" layername="glass_parts" frame="0" z_index="32" m_a="0.000000" m_b="0.934753" m_c="-1.000000" m_d="0.000000" m_tx="-1.850000" m_ty="42.250900"/>
   <element name="glass_parts" layername="glass_parts" frame="0" z_index="33" m_a="0.000000" m_b="0.934753" m_c="1.000000" m_d="-0.000000" m_tx="-1.300000" m_ty="-80.014900"/>
   <element name="glass_parts" layername="glass_parts_2" frame="0" z_index="34" m_a="-1.000000" m_b="0.000000" m_c="0.000000" m_d="0.934753" m_tx="61.250000" m_ty="-15.984300"/>
   <element name="glass_parts" layername="glass_parts_3" frame="0" z_index="35" m_a="1.000000" m_b="0.000000" m_c="0.000000" m_d="0.934753" m_tx="-65.099998" m_ty="-15.984300"/>
   <element name="bg_flat" layername="bg_flat" frame="0" z_index="36" m_a="1.000000" m_b="0.000000" m_c="0.000000" m_d="0.934753" m_tx="-1.800000" m_ty="-19.022200"/>
  </frame>
 </anim>
</Anims>
