<Anims>
 <anim name="0" root="portable_kettle_meter_water" numframes="25" framerate="40">
  <frame idx="0" w="38" h="471" x="0.000000" y="-266.201385">
   <element name="water/0" layername="0" frame="0" z_index="24" m_a="1.000000" m_b="0.000000" m_c="0.000000" m_d="1.000000" m_tx="0.000000" m_ty="-285.000000"/>
   <element name="shdw" layername="shdw" frame="0" z_index="23" m_a="3.218770" m_b="0.000000" m_c="0.000000" m_d="2.619090" m_tx="-13.940770" m_ty="-285.000000"/>
  </frame>
 </anim>
 <anim name="1" root="portable_kettle_meter_water" numframes="25" framerate="40">
  <frame idx="0" w="38" h="471" x="0.000000" y="-266.201385">
   <element name="water/1" layername="1" frame="0" z_index="24" m_a="1.000000" m_b="0.000000" m_c="0.000000" m_d="1.000000" m_tx="0.000000" m_ty="-285.000000"/>
   <element name="shdw" layername="shdw" frame="0" z_index="23" m_a="3.218770" m_b="0.000000" m_c="0.000000" m_d="2.619090" m_tx="-13.940770" m_ty="-285.000000"/>
  </frame>
 </anim>
 <anim name="2" root="portable_kettle_meter_water" numframes="25" framerate="40">
  <frame idx="0" w="38" h="471" x="0.000000" y="-266.201385">
   <element name="water/2" layername="2" frame="0" z_index="24" m_a="1.000000" m_b="0.000000" m_c="0.000000" m_d="1.000000" m_tx="0.000000" m_ty="-285.000000"/>
   <element name="shdw" layername="shdw" frame="0" z_index="23" m_a="3.218770" m_b="0.000000" m_c="0.000000" m_d="2.619090" m_tx="-13.940770" m_ty="-285.000000"/>
  </frame>
 </anim>
 <anim name="3" root="portable_kettle_meter_water" numframes="25" framerate="40">
  <frame idx="0" w="38" h="471" x="0.000000" y="-266.201385">
   <element name="water/3" layername="3" frame="0" z_index="24" m_a="1.000000" m_b="0.000000" m_c="0.000000" m_d="1.000000" m_tx="0.000000" m_ty="-285.000000"/>
   <element name="shdw" layername="shdw" frame="0" z_index="23" m_a="3.218770" m_b="0.000000" m_c="0.000000" m_d="2.619090" m_tx="-13.940770" m_ty="-285.000000"/>
  </frame>
 </anim>
 <anim name="4" root="portable_kettle_meter_water" numframes="25" framerate="40">
  <frame idx="0" w="38" h="471" x="0.000000" y="-266.201385">
   <element name="water/4" layername="4" frame="0" z_index="24" m_a="1.000000" m_b="0.000000" m_c="0.000000" m_d="1.000000" m_tx="0.000000" m_ty="-285.000000"/>
   <element name="shdw" layername="shdw" frame="0" z_index="23" m_a="3.218770" m_b="0.000000" m_c="0.000000" m_d="2.619090" m_tx="-13.940770" m_ty="-285.000000"/>
  </frame>
 </anim>
 <anim name="5" root="portable_kettle_meter_water" numframes="25" framerate="40">
  <frame idx="0" w="38" h="471" x="0.000000" y="-266.201385">
   <element name="water/5" layername="5" frame="0" z_index="24" m_a="1.000000" m_b="0.000000" m_c="0.000000" m_d="1.000000" m_tx="0.000000" m_ty="-285.000000"/>
   <element name="shdw" layername="shdw" frame="0" z_index="23" m_a="3.218770" m_b="0.000000" m_c="0.000000" m_d="2.619090" m_tx="-13.940770" m_ty="-285.000000"/>
  </frame>
 </anim>
 <anim name="0" root="portable_kettle_meter_dirty" numframes="25" framerate="40">
  <frame idx="0" w="38" h="471" x="0.000000" y="-266.201385">
   <element name="dirty/0" layername="0" frame="0" z_index="24" m_a="1.000000" m_b="0.000000" m_c="0.000000" m_d="1.000000" m_tx="0.000000" m_ty="-285.000000"/>
   <element name="shdw" layername="shdw" frame="0" z_index="23" m_a="3.218770" m_b="0.000000" m_c="0.000000" m_d="2.619090" m_tx="-13.940770" m_ty="-285.000000"/>
  </frame>
 </anim>
 <anim name="1" root="portable_kettle_meter_dirty" numframes="25" framerate="40">
  <frame idx="0" w="38" h="471" x="0.000000" y="-266.201385">
   <element name="dirty/1" layername="1" frame="0" z_index="24" m_a="1.000000" m_b="0.000000" m_c="0.000000" m_d="1.000000" m_tx="0.000000" m_ty="-285.000000"/>
   <element name="shdw" layername="shdw" frame="0" z_index="23" m_a="3.218770" m_b="0.000000" m_c="0.000000" m_d="2.619090" m_tx="-13.940770" m_ty="-285.000000"/>
  </frame>
 </anim>
 <anim name="2" root="portable_kettle_meter_dirty" numframes="25" framerate="40">
  <frame idx="0" w="38" h="471" x="0.000000" y="-266.201385">
   <element name="dirty/2" layername="2" frame="0" z_index="24" m_a="1.000000" m_b="0.000000" m_c="0.000000" m_d="1.000000" m_tx="0.000000" m_ty="-285.000000"/>
   <element name="shdw" layername="shdw" frame="0" z_index="23" m_a="3.218770" m_b="0.000000" m_c="0.000000" m_d="2.619090" m_tx="-13.940770" m_ty="-285.000000"/>
  </frame>
 </anim>
 <anim name="3" root="portable_kettle_meter_dirty" numframes="25" framerate="40">
  <frame idx="0" w="38" h="471" x="0.000000" y="-266.201385">
   <element name="dirty/3" layername="3" frame="0" z_index="24" m_a="1.000000" m_b="0.000000" m_c="0.000000" m_d="1.000000" m_tx="0.000000" m_ty="-285.000000"/>
   <element name="shdw" layername="shdw" frame="0" z_index="23" m_a="3.218770" m_b="0.000000" m_c="0.000000" m_d="2.619090" m_tx="-13.940770" m_ty="-285.000000"/>
  </frame>
 </anim>
 <anim name="4" root="portable_kettle_meter_dirty" numframes="25" framerate="40">
  <frame idx="0" w="38" h="471" x="0.000000" y="-266.201385">
   <element name="dirty/4" layername="4" frame="0" z_index="24" m_a="1.000000" m_b="0.000000" m_c="0.000000" m_d="1.000000" m_tx="0.000000" m_ty="-285.000000"/>
   <element name="shdw" layername="shdw" frame="0" z_index="23" m_a="3.218770" m_b="0.000000" m_c="0.000000" m_d="2.619090" m_tx="-13.940770" m_ty="-285.000000"/>
  </frame>
 </anim>
 <anim name="5" root="portable_kettle_meter_dirty" numframes="25" framerate="40">
  <frame idx="0" w="38" h="471" x="0.000000" y="-266.201385">
   <element name="dirty/5" layername="5" frame="0" z_index="24" m_a="1.000000" m_b="0.000000" m_c="0.000000" m_d="1.000000" m_tx="0.000000" m_ty="-285.000000"/>
   <element name="shdw" layername="shdw" frame="0" z_index="23" m_a="3.218770" m_b="0.000000" m_c="0.000000" m_d="2.619090" m_tx="-13.940770" m_ty="-285.000000"/>
  </frame>
 </anim>
</Anims>
