<Anims>
 <anim name="empty" root="buckets" numframes="300" framerate="40">
  <frame idx="0" w="218" h="253" x="-66.000000" y="-98.000000">
   <element name="buckets" layername="buckets" frame="0" z_index="9" m_a="0.500000" m_b="0.000000" m_c="0.000000" m_d="0.500000" m_tx="0.000000" m_ty="-32.000000"/>
  </frame>
  <frame idx="25" w="218" h="253" x="-66.000000" y="-98.000000">
   <element name="buckets" layername="buckets" frame="0" z_index="9" m_a="0.500000" m_b="0.000000" m_c="0.000000" m_d="0.500000" m_tx="0.000000" m_ty="-32.000000"/>
  </frame>
  <frame idx="50" w="218" h="253" x="-66.000000" y="-98.000000">
   <element name="buckets" layername="buckets" frame="0" z_index="9" m_a="0.500000" m_b="0.000000" m_c="0.000000" m_d="0.500000" m_tx="0.000000" m_ty="-32.000000"/>
  </frame>
  <frame idx="75" w="218" h="253" x="-66.000000" y="-98.000000">
   <element name="buckets" layername="buckets" frame="0" z_index="9" m_a="0.500000" m_b="0.000000" m_c="0.000000" m_d="0.500000" m_tx="0.000000" m_ty="-32.000000"/>
  </frame>
  <frame idx="100" w="218" h="253" x="-66.000000" y="-98.000000">
   <element name="buckets" layername="buckets" frame="0" z_index="9" m_a="0.500000" m_b="0.000000" m_c="0.000000" m_d="0.500000" m_tx="0.000000" m_ty="-32.000000"/>
  </frame>
  <frame idx="125" w="218" h="253" x="-66.000000" y="-98.000000">
   <element name="buckets" layername="buckets" frame="0" z_index="9" m_a="0.500000" m_b="0.000000" m_c="0.000000" m_d="0.500000" m_tx="0.000000" m_ty="-32.000000"/>
  </frame>
  <frame idx="150" w="218" h="253" x="-66.000000" y="-98.000000">
   <element name="buckets" layername="buckets" frame="0" z_index="9" m_a="0.500000" m_b="0.000000" m_c="0.000000" m_d="0.500000" m_tx="0.000000" m_ty="-32.000000"/>
  </frame>
  <frame idx="175" w="218" h="253" x="-66.000000" y="-98.000000">
   <element name="buckets" layername="buckets" frame="0" z_index="9" m_a="0.500000" m_b="0.000000" m_c="0.000000" m_d="0.500000" m_tx="0.000000" m_ty="-32.000000"/>
  </frame>
  <frame idx="200" w="218" h="253" x="-66.000000" y="-98.000000">
   <element name="buckets" layername="buckets" frame="0" z_index="9" m_a="0.500000" m_b="0.000000" m_c="0.000000" m_d="0.500000" m_tx="0.000000" m_ty="-32.000000"/>
  </frame>
  <frame idx="225" w="218" h="253" x="-66.000000" y="-98.000000">
   <element name="buckets" layername="buckets" frame="0" z_index="9" m_a="0.500000" m_b="0.000000" m_c="0.000000" m_d="0.500000" m_tx="0.000000" m_ty="-32.000000"/>
  </frame>
  <frame idx="250" w="218" h="253" x="-66.000000" y="-98.000000">
   <element name="buckets" layername="buckets" frame="0" z_index="9" m_a="0.500000" m_b="0.000000" m_c="0.000000" m_d="0.500000" m_tx="0.000000" m_ty="-32.000000"/>
  </frame>
  <frame idx="275" w="218" h="253" x="-66.000000" y="-98.000000">
   <element name="buckets" layername="buckets" frame="0" z_index="9" m_a="0.500000" m_b="0.000000" m_c="0.000000" m_d="0.500000" m_tx="0.000000" m_ty="-32.000000"/>
  </frame>
 </anim>
 <anim name="dirty" root="buckets" numframes="300" framerate="40">
  <frame idx="0" w="218" h="253" x="-66.000000" y="-98.000000">
   <element name="buckets" layername="buckets" frame="1" z_index="9" m_a="0.500000" m_b="0.000000" m_c="0.000000" m_d="0.500000" m_tx="0.000000" m_ty="-32.000000"/>
  </frame>
  <frame idx="25" w="218" h="253" x="-66.000000" y="-98.000000">
   <element name="buckets" layername="buckets" frame="1" z_index="9" m_a="0.500000" m_b="0.000000" m_c="0.000000" m_d="0.500000" m_tx="0.000000" m_ty="-32.000000"/>
  </frame>
  <frame idx="50" w="218" h="253" x="-66.000000" y="-98.000000">
   <element name="buckets" layername="buckets" frame="1" z_index="9" m_a="0.500000" m_b="0.000000" m_c="0.000000" m_d="0.500000" m_tx="0.000000" m_ty="-32.000000"/>
  </frame>
  <frame idx="75" w="218" h="253" x="-66.000000" y="-98.000000">
   <element name="buckets" layername="buckets" frame="1" z_index="9" m_a="0.500000" m_b="0.000000" m_c="0.000000" m_d="0.500000" m_tx="0.000000" m_ty="-32.000000"/>
  </frame>
  <frame idx="100" w="218" h="253" x="-66.000000" y="-98.000000">
   <element name="buckets" layername="buckets" frame="1" z_index="9" m_a="0.500000" m_b="0.000000" m_c="0.000000" m_d="0.500000" m_tx="0.000000" m_ty="-32.000000"/>
  </frame>
  <frame idx="125" w="218" h="253" x="-66.000000" y="-98.000000">
   <element name="buckets" layername="buckets" frame="1" z_index="9" m_a="0.500000" m_b="0.000000" m_c="0.000000" m_d="0.500000" m_tx="0.000000" m_ty="-32.000000"/>
  </frame>
  <frame idx="150" w="218" h="253" x="-66.000000" y="-98.000000">
   <element name="buckets" layername="buckets" frame="1" z_index="9" m_a="0.500000" m_b="0.000000" m_c="0.000000" m_d="0.500000" m_tx="0.000000" m_ty="-32.000000"/>
  </frame>
  <frame idx="175" w="218" h="253" x="-66.000000" y="-98.000000">
   <element name="buckets" layername="buckets" frame="1" z_index="9" m_a="0.500000" m_b="0.000000" m_c="0.000000" m_d="0.500000" m_tx="0.000000" m_ty="-32.000000"/>
  </frame>
  <frame idx="200" w="218" h="253" x="-66.000000" y="-98.000000">
   <element name="buckets" layername="buckets" frame="1" z_index="9" m_a="0.500000" m_b="0.000000" m_c="0.000000" m_d="0.500000" m_tx="0.000000" m_ty="-32.000000"/>
  </frame>
  <frame idx="225" w="218" h="253" x="-66.000000" y="-98.000000">
   <element name="buckets" layername="buckets" frame="1" z_index="9" m_a="0.500000" m_b="0.000000" m_c="0.000000" m_d="0.500000" m_tx="0.000000" m_ty="-32.000000"/>
  </frame>
  <frame idx="250" w="218" h="253" x="-66.000000" y="-98.000000">
   <element name="buckets" layername="buckets" frame="1" z_index="9" m_a="0.500000" m_b="0.000000" m_c="0.000000" m_d="0.500000" m_tx="0.000000" m_ty="-32.000000"/>
  </frame>
  <frame idx="275" w="218" h="253" x="-66.000000" y="-98.000000">
   <element name="buckets" layername="buckets" frame="1" z_index="9" m_a="0.500000" m_b="0.000000" m_c="0.000000" m_d="0.500000" m_tx="0.000000" m_ty="-32.000000"/>
  </frame>
 </anim>
 <anim name="full" root="buckets" numframes="300" framerate="40">
  <frame idx="0" w="216" h="316" x="-63.500107" y="-154.499969">
   <element name="buckets" layername="buckets" frame="2" z_index="9" m_a="0.500000" m_b="0.000000" m_c="0.000000" m_d="0.500000" m_tx="-2.500000" m_ty="24.499960"/>
  </frame>
  <frame idx="25" w="216" h="316" x="-63.500107" y="-154.499969">
   <element name="buckets" layername="buckets" frame="2" z_index="9" m_a="0.500000" m_b="0.000000" m_c="0.000000" m_d="0.500000" m_tx="-2.500000" m_ty="24.499960"/>
  </frame>
  <frame idx="50" w="216" h="316" x="-63.500107" y="-154.499969">
   <element name="buckets" layername="buckets" frame="2" z_index="9" m_a="0.500000" m_b="0.000000" m_c="0.000000" m_d="0.500000" m_tx="-2.500000" m_ty="24.499960"/>
  </frame>
  <frame idx="75" w="216" h="316" x="-63.500107" y="-154.499969">
   <element name="buckets" layername="buckets" frame="2" z_index="9" m_a="0.500000" m_b="0.000000" m_c="0.000000" m_d="0.500000" m_tx="-2.500000" m_ty="24.499960"/>
  </frame>
  <frame idx="100" w="216" h="316" x="-63.500107" y="-154.499969">
   <element name="buckets" layername="buckets" frame="2" z_index="9" m_a="0.500000" m_b="0.000000" m_c="0.000000" m_d="0.500000" m_tx="-2.500000" m_ty="24.499960"/>
  </frame>
  <frame idx="125" w="216" h="316" x="-63.500107" y="-154.499969">
   <element name="buckets" layername="buckets" frame="2" z_index="9" m_a="0.500000" m_b="0.000000" m_c="0.000000" m_d="0.500000" m_tx="-2.500000" m_ty="24.499960"/>
  </frame>
  <frame idx="150" w="216" h="316" x="-63.500107" y="-154.499969">
   <element name="buckets" layername="buckets" frame="2" z_index="9" m_a="0.500000" m_b="0.000000" m_c="0.000000" m_d="0.500000" m_tx="-2.500000" m_ty="24.499960"/>
  </frame>
  <frame idx="175" w="216" h="316" x="-63.500107" y="-154.499969">
   <element name="buckets" layername="buckets" frame="2" z_index="9" m_a="0.500000" m_b="0.000000" m_c="0.000000" m_d="0.500000" m_tx="-2.500000" m_ty="24.499960"/>
  </frame>
  <frame idx="200" w="216" h="316" x="-63.500107" y="-154.499969">
   <element name="buckets" layername="buckets" frame="2" z_index="9" m_a="0.500000" m_b="0.000000" m_c="0.000000" m_d="0.500000" m_tx="-2.500000" m_ty="24.499960"/>
  </frame>
  <frame idx="225" w="216" h="316" x="-63.500107" y="-154.499969">
   <element name="buckets" layername="buckets" frame="2" z_index="9" m_a="0.500000" m_b="0.000000" m_c="0.000000" m_d="0.500000" m_tx="-2.500000" m_ty="24.499960"/>
  </frame>
  <frame idx="250" w="216" h="316" x="-63.500107" y="-154.499969">
   <element name="buckets" layername="buckets" frame="2" z_index="9" m_a="0.500000" m_b="0.000000" m_c="0.000000" m_d="0.500000" m_tx="-2.500000" m_ty="24.499960"/>
  </frame>
  <frame idx="275" w="216" h="316" x="-63.500107" y="-154.499969">
   <element name="buckets" layername="buckets" frame="2" z_index="9" m_a="0.500000" m_b="0.000000" m_c="0.000000" m_d="0.500000" m_tx="-2.500000" m_ty="24.499960"/>
  </frame>
 </anim>
 <anim name="salt" root="buckets" numframes="300" framerate="40">
  <frame idx="0" w="218" h="253" x="-66.000000" y="-98.000000">
   <element name="buckets" layername="buckets" frame="3" z_index="9" m_a="0.500000" m_b="0.000000" m_c="0.000000" m_d="0.500000" m_tx="0.000000" m_ty="-32.000000"/>
  </frame>
  <frame idx="25" w="218" h="253" x="-66.000000" y="-98.000000">
   <element name="buckets" layername="buckets" frame="3" z_index="9" m_a="0.500000" m_b="0.000000" m_c="0.000000" m_d="0.500000" m_tx="0.000000" m_ty="-32.000000"/>
  </frame>
  <frame idx="50" w="218" h="253" x="-66.000000" y="-98.000000">
   <element name="buckets" layername="buckets" frame="3" z_index="9" m_a="0.500000" m_b="0.000000" m_c="0.000000" m_d="0.500000" m_tx="0.000000" m_ty="-32.000000"/>
  </frame>
  <frame idx="75" w="218" h="253" x="-66.000000" y="-98.000000">
   <element name="buckets" layername="buckets" frame="3" z_index="9" m_a="0.500000" m_b="0.000000" m_c="0.000000" m_d="0.500000" m_tx="0.000000" m_ty="-32.000000"/>
  </frame>
  <frame idx="100" w="218" h="253" x="-66.000000" y="-98.000000">
   <element name="buckets" layername="buckets" frame="3" z_index="9" m_a="0.500000" m_b="0.000000" m_c="0.000000" m_d="0.500000" m_tx="0.000000" m_ty="-32.000000"/>
  </frame>
  <frame idx="125" w="218" h="253" x="-66.000000" y="-98.000000">
   <element name="buckets" layername="buckets" frame="3" z_index="9" m_a="0.500000" m_b="0.000000" m_c="0.000000" m_d="0.500000" m_tx="0.000000" m_ty="-32.000000"/>
  </frame>
  <frame idx="150" w="218" h="253" x="-66.000000" y="-98.000000">
   <element name="buckets" layername="buckets" frame="3" z_index="9" m_a="0.500000" m_b="0.000000" m_c="0.000000" m_d="0.500000" m_tx="0.000000" m_ty="-32.000000"/>
  </frame>
  <frame idx="175" w="218" h="253" x="-66.000000" y="-98.000000">
   <element name="buckets" layername="buckets" frame="3" z_index="9" m_a="0.500000" m_b="0.000000" m_c="0.000000" m_d="0.500000" m_tx="0.000000" m_ty="-32.000000"/>
  </frame>
  <frame idx="200" w="218" h="253" x="-66.000000" y="-98.000000">
   <element name="buckets" layername="buckets" frame="3" z_index="9" m_a="0.500000" m_b="0.000000" m_c="0.000000" m_d="0.500000" m_tx="0.000000" m_ty="-32.000000"/>
  </frame>
  <frame idx="225" w="218" h="253" x="-66.000000" y="-98.000000">
   <element name="buckets" layername="buckets" frame="3" z_index="9" m_a="0.500000" m_b="0.000000" m_c="0.000000" m_d="0.500000" m_tx="0.000000" m_ty="-32.000000"/>
  </frame>
  <frame idx="250" w="218" h="253" x="-66.000000" y="-98.000000">
   <element name="buckets" layername="buckets" frame="3" z_index="9" m_a="0.500000" m_b="0.000000" m_c="0.000000" m_d="0.500000" m_tx="0.000000" m_ty="-32.000000"/>
  </frame>
  <frame idx="275" w="218" h="253" x="-66.000000" y="-98.000000">
   <element name="buckets" layername="buckets" frame="3" z_index="9" m_a="0.500000" m_b="0.000000" m_c="0.000000" m_d="0.500000" m_tx="0.000000" m_ty="-32.000000"/>
  </frame>
 </anim>
 <anim name="turn_to_ice" root="buckets" numframes="1200" framerate="40">
  <frame idx="0" w="216" h="316" x="-63.500107" y="-154.499969">
   <element name="buckets" layername="buckets" frame="2" z_index="9" m_a="0.500000" m_b="0.000000" m_c="0.000000" m_d="0.500000" m_tx="-2.500000" m_ty="24.499960"/>
  </frame>
  <frame idx="25" w="216" h="316" x="-63.500107" y="-154.499969">
   <element name="buckets" layername="buckets" frame="2" z_index="9" m_a="0.500000" m_b="0.000000" m_c="0.000000" m_d="0.500000" m_tx="-2.500000" m_ty="24.499960"/>
  </frame>
  <frame idx="50" w="216" h="316" x="-63.500107" y="-154.499969">
   <element name="buckets" layername="buckets" frame="2" z_index="9" m_a="0.500000" m_b="0.000000" m_c="0.000000" m_d="0.500000" m_tx="-2.500000" m_ty="24.499960"/>
  </frame>
  <frame idx="75" w="216" h="316" x="-63.500107" y="-154.499969">
   <element name="buckets" layername="buckets" frame="2" z_index="9" m_a="0.500000" m_b="0.000000" m_c="0.000000" m_d="0.500000" m_tx="-2.500000" m_ty="24.499960"/>
  </frame>
  <frame idx="100" w="216" h="316" x="-63.500107" y="-154.499969">
   <element name="buckets" layername="buckets" frame="2" z_index="9" m_a="0.500000" m_b="0.000000" m_c="0.000000" m_d="0.500000" m_tx="-2.500000" m_ty="24.499960"/>
  </frame>
  <frame idx="125" w="216" h="316" x="-63.500107" y="-154.499969">
   <element name="buckets" layername="buckets" frame="2" z_index="9" m_a="0.500000" m_b="0.000000" m_c="0.000000" m_d="0.500000" m_tx="-2.500000" m_ty="24.499960"/>
  </frame>
  <frame idx="150" w="216" h="316" x="-63.500107" y="-154.499969">
   <element name="buckets" layername="buckets" frame="2" z_index="9" m_a="0.500000" m_b="0.000000" m_c="0.000000" m_d="0.500000" m_tx="-2.500000" m_ty="24.499960"/>
  </frame>
  <frame idx="175" w="216" h="316" x="-63.500107" y="-154.499969">
   <element name="buckets" layername="buckets" frame="2" z_index="9" m_a="0.500000" m_b="0.000000" m_c="0.000000" m_d="0.500000" m_tx="-2.500000" m_ty="24.499960"/>
  </frame>
  <frame idx="200" w="216" h="316" x="-63.500107" y="-154.499969">
   <element name="buckets" layername="buckets" frame="2" z_index="9" m_a="0.500000" m_b="0.000000" m_c="0.000000" m_d="0.500000" m_tx="-2.500000" m_ty="24.499960"/>
  </frame>
  <frame idx="225" w="216" h="316" x="-63.500107" y="-154.499969">
   <element name="buckets" layername="buckets" frame="2" z_index="9" m_a="0.500000" m_b="0.000000" m_c="0.000000" m_d="0.500000" m_tx="-2.500000" m_ty="24.499960"/>
  </frame>
  <frame idx="250" w="216" h="316" x="-63.500107" y="-154.499969">
   <element name="buckets" layername="buckets" frame="2" z_index="9" m_a="0.500000" m_b="0.000000" m_c="0.000000" m_d="0.500000" m_tx="-2.500000" m_ty="24.499960"/>
  </frame>
  <frame idx="275" w="216" h="316" x="-63.500107" y="-154.499969">
   <element name="buckets" layername="buckets" frame="2" z_index="9" m_a="0.500000" m_b="0.000000" m_c="0.000000" m_d="0.500000" m_tx="-2.500000" m_ty="24.499960"/>
  </frame>
  <frame idx="300" w="217" h="316" x="-63.000069" y="-154.499939">
   <element name="buckets" layername="buckets" frame="2" z_index="9" m_a="0.500000" m_b="0.000000" m_c="0.000000" m_d="0.500000" m_tx="-2.500000" m_ty="24.499960"/>
   <element name="buckets" layername="buckets_icely" frame="4" z_index="8" m_a="0.500000" m_b="0.000000" m_c="0.000000" m_d="0.500000" m_tx="-3.499980" m_ty="24.500000"/>
  </frame>
  <frame idx="325" w="217" h="316" x="-63.000069" y="-154.499939">
   <element name="buckets" layername="buckets" frame="2" z_index="9" m_a="0.500000" m_b="0.000000" m_c="0.000000" m_d="0.500000" m_tx="-2.500000" m_ty="24.499960"/>
   <element name="buckets" layername="buckets_icely" frame="4" z_index="8" m_a="0.500000" m_b="0.000000" m_c="0.000000" m_d="0.500000" m_tx="-3.499980" m_ty="24.500000"/>
  </frame>
  <frame idx="350" w="217" h="316" x="-63.000069" y="-154.499939">
   <element name="buckets" layername="buckets" frame="2" z_index="9" m_a="0.500000" m_b="0.000000" m_c="0.000000" m_d="0.500000" m_tx="-2.500000" m_ty="24.499960"/>
   <element name="buckets" layername="buckets_icely" frame="4" z_index="8" m_a="0.500000" m_b="0.000000" m_c="0.000000" m_d="0.500000" m_tx="-3.499980" m_ty="24.500000"/>
  </frame>
  <frame idx="375" w="217" h="316" x="-63.000069" y="-154.499939">
   <element name="buckets" layername="buckets" frame="2" z_index="9" m_a="0.500000" m_b="0.000000" m_c="0.000000" m_d="0.500000" m_tx="-2.500000" m_ty="24.499960"/>
   <element name="buckets" layername="buckets_icely" frame="4" z_index="8" m_a="0.500000" m_b="0.000000" m_c="0.000000" m_d="0.500000" m_tx="-3.499980" m_ty="24.500000"/>
  </frame>
  <frame idx="400" w="217" h="316" x="-63.000069" y="-154.499939">
   <element name="buckets" layername="buckets" frame="2" z_index="9" m_a="0.500000" m_b="0.000000" m_c="0.000000" m_d="0.500000" m_tx="-2.500000" m_ty="24.499960"/>
   <element name="buckets" layername="buckets_icely" frame="4" z_index="8" m_a="0.500000" m_b="0.000000" m_c="0.000000" m_d="0.500000" m_tx="-3.499980" m_ty="24.500000"/>
  </frame>
  <frame idx="425" w="217" h="316" x="-63.000069" y="-154.499939">
   <element name="buckets" layername="buckets" frame="2" z_index="9" m_a="0.500000" m_b="0.000000" m_c="0.000000" m_d="0.500000" m_tx="-2.500000" m_ty="24.499960"/>
   <element name="buckets" layername="buckets_icely" frame="4" z_index="8" m_a="0.500000" m_b="0.000000" m_c="0.000000" m_d="0.500000" m_tx="-3.499980" m_ty="24.500000"/>
  </frame>
  <frame idx="450" w="217" h="316" x="-63.000069" y="-154.499939">
   <element name="buckets" layername="buckets" frame="2" z_index="9" m_a="0.500000" m_b="0.000000" m_c="0.000000" m_d="0.500000" m_tx="-2.500000" m_ty="24.499960"/>
   <element name="buckets" layername="buckets_icely" frame="4" z_index="8" m_a="0.500000" m_b="0.000000" m_c="0.000000" m_d="0.500000" m_tx="-3.499980" m_ty="24.500000"/>
  </frame>
  <frame idx="475" w="217" h="316" x="-63.000069" y="-154.499939">
   <element name="buckets" layername="buckets" frame="2" z_index="9" m_a="0.500000" m_b="0.000000" m_c="0.000000" m_d="0.500000" m_tx="-2.500000" m_ty="24.499960"/>
   <element name="buckets" layername="buckets_icely" frame="4" z_index="8" m_a="0.500000" m_b="0.000000" m_c="0.000000" m_d="0.500000" m_tx="-3.499980" m_ty="24.500000"/>
  </frame>
  <frame idx="500" w="217" h="316" x="-63.000069" y="-154.499939">
   <element name="buckets" layername="buckets" frame="2" z_index="9" m_a="0.500000" m_b="0.000000" m_c="0.000000" m_d="0.500000" m_tx="-2.500000" m_ty="24.499960"/>
   <element name="buckets" layername="buckets_icely" frame="4" z_index="8" m_a="0.500000" m_b="0.000000" m_c="0.000000" m_d="0.500000" m_tx="-3.499980" m_ty="24.500000"/>
  </frame>
  <frame idx="525" w="217" h="316" x="-63.000069" y="-154.499939">
   <element name="buckets" layername="buckets" frame="2" z_index="9" m_a="0.500000" m_b="0.000000" m_c="0.000000" m_d="0.500000" m_tx="-2.500000" m_ty="24.499960"/>
   <element name="buckets" layername="buckets_icely" frame="4" z_index="8" m_a="0.500000" m_b="0.000000" m_c="0.000000" m_d="0.500000" m_tx="-3.499980" m_ty="24.500000"/>
  </frame>
  <frame idx="550" w="217" h="316" x="-63.000069" y="-154.499939">
   <element name="buckets" layername="buckets" frame="2" z_index="9" m_a="0.500000" m_b="0.000000" m_c="0.000000" m_d="0.500000" m_tx="-2.500000" m_ty="24.499960"/>
   <element name="buckets" layername="buckets_icely" frame="4" z_index="8" m_a="0.500000" m_b="0.000000" m_c="0.000000" m_d="0.500000" m_tx="-3.499980" m_ty="24.500000"/>
  </frame>
  <frame idx="575" w="217" h="316" x="-63.000069" y="-154.499939">
   <element name="buckets" layername="buckets" frame="2" z_index="9" m_a="0.500000" m_b="0.000000" m_c="0.000000" m_d="0.500000" m_tx="-2.500000" m_ty="24.499960"/>
   <element name="buckets" layername="buckets_icely" frame="4" z_index="8" m_a="0.500000" m_b="0.000000" m_c="0.000000" m_d="0.500000" m_tx="-3.499980" m_ty="24.500000"/>
  </frame>
  <frame idx="600" w="217" h="316" x="-63.000069" y="-154.499939">
   <element name="buckets" layername="buckets" frame="2" z_index="9" m_a="0.500000" m_b="0.000000" m_c="0.000000" m_d="0.500000" m_tx="-2.500000" m_ty="24.499960"/>
   <element name="buckets" layername="buckets_icely" frame="4" z_index="8" m_a="0.500000" m_b="0.000000" m_c="0.000000" m_d="0.500000" m_tx="-3.499980" m_ty="24.500000"/>
  </frame>
  <frame idx="625" w="220" h="312" x="-59.545715" y="-158.587952">
   <element name="buckets" layername="buckets" frame="2" z_index="9" m_a="0.525917" m_b="0.000000" m_c="0.000000" m_d="0.468866" m_tx="-2.461126" m_ty="24.515528"/>
   <element name="buckets" layername="buckets_icely" frame="4" z_index="8" m_a="0.525917" m_b="0.000000" m_c="0.000000" m_d="0.468866" m_tx="-3.472201" m_ty="24.527777"/>
  </frame>
  <frame idx="650" w="224" h="307" x="-56.091377" y="-162.675934">
   <element name="buckets" layername="buckets" frame="2" z_index="9" m_a="0.551834" m_b="0.000000" m_c="0.000000" m_d="0.437732" m_tx="-2.422253" m_ty="24.531097"/>
   <element name="buckets" layername="buckets_icely" frame="4" z_index="8" m_a="0.551834" m_b="0.000000" m_c="0.000000" m_d="0.437732" m_tx="-3.444423" m_ty="24.555553"/>
  </frame>
  <frame idx="675" w="228" h="303" x="-52.637039" y="-166.763947">
   <element name="buckets" layername="buckets" frame="2" z_index="9" m_a="0.577750" m_b="0.000000" m_c="0.000000" m_d="0.406598" m_tx="-2.383379" m_ty="24.546665"/>
   <element name="buckets" layername="buckets_icely" frame="4" z_index="8" m_a="0.577750" m_b="0.000000" m_c="0.000000" m_d="0.406598" m_tx="-3.416644" m_ty="24.583330"/>
  </frame>
  <frame idx="700" w="231" h="299" x="-49.182716" y="-170.851944">
   <element name="buckets" layername="buckets" frame="2" z_index="9" m_a="0.603667" m_b="0.000000" m_c="0.000000" m_d="0.375464" m_tx="-2.344505" m_ty="24.562235"/>
   <element name="buckets" layername="buckets_icely" frame="4" z_index="8" m_a="0.603667" m_b="0.000000" m_c="0.000000" m_d="0.375464" m_tx="-3.388865" m_ty="24.611107"/>
  </frame>
  <frame idx="725" w="235" h="293" x="-45.728355" y="-174.939941">
   <element name="buckets" layername="buckets" frame="2" z_index="9" m_a="0.629584" m_b="0.000000" m_c="0.000000" m_d="0.344331" m_tx="-2.305632" m_ty="24.577803"/>
   <element name="buckets" layername="buckets_icely" frame="4" z_index="8" m_a="0.629584" m_b="0.000000" m_c="0.000000" m_d="0.344331" m_tx="-3.361087" m_ty="24.638882"/>
  </frame>
  <frame idx="750" w="239" h="289" x="-42.274017" y="-179.027954">
   <element name="buckets" layername="buckets" frame="2" z_index="9" m_a="0.655501" m_b="0.000000" m_c="0.000000" m_d="0.313197" m_tx="-2.266758" m_ty="24.593372"/>
   <element name="buckets" layername="buckets_icely" frame="4" z_index="8" m_a="0.655501" m_b="0.000000" m_c="0.000000" m_d="0.313197" m_tx="-3.333308" m_ty="24.666658"/>
  </frame>
  <frame idx="775" w="242" h="284" x="-38.819679" y="-183.115952">
   <element name="buckets" layername="buckets" frame="2" z_index="9" m_a="0.681417" m_b="0.000000" m_c="0.000000" m_d="0.282063" m_tx="-2.227884" m_ty="24.608940"/>
   <element name="buckets" layername="buckets_icely" frame="4" z_index="8" m_a="0.681417" m_b="0.000000" m_c="0.000000" m_d="0.282063" m_tx="-3.305529" m_ty="24.694435"/>
  </frame>
  <frame idx="800" w="247" h="280" x="-35.365341" y="-187.203949">
   <element name="buckets" layername="buckets" frame="2" z_index="9" m_a="0.707334" m_b="0.000000" m_c="0.000000" m_d="0.250929" m_tx="-2.189011" m_ty="24.624510"/>
   <element name="buckets" layername="buckets_icely" frame="4" z_index="8" m_a="0.707334" m_b="0.000000" m_c="0.000000" m_d="0.250929" m_tx="-3.277751" m_ty="24.722212"/>
  </frame>
  <frame idx="825" w="250" h="275" x="-31.910988" y="-191.291962">
   <element name="buckets" layername="buckets" frame="2" z_index="9" m_a="0.733251" m_b="0.000000" m_c="0.000000" m_d="0.219795" m_tx="-2.150137" m_ty="24.640078"/>
   <element name="buckets" layername="buckets_icely" frame="4" z_index="8" m_a="0.733251" m_b="0.000000" m_c="0.000000" m_d="0.219795" m_tx="-3.249972" m_ty="24.749989"/>
  </frame>
  <frame idx="850" w="238" h="290" x="-43.227737" y="-178.495392">
   <element name="buckets" layername="buckets" frame="2" z_index="9" m_a="0.647359" m_b="0.000000" m_c="0.000000" m_d="0.316669" m_tx="-2.265214" m_ty="24.567329"/>
   <element name="buckets" layername="buckets_icely" frame="4" z_index="8" m_a="0.647359" m_b="0.000000" m_c="0.000000" m_d="0.316669" m_tx="-3.092829" m_ty="24.840990"/>
  </frame>
  <frame idx="875" w="226" h="304" x="-54.561661" y="-165.679474">
   <element name="buckets" layername="buckets" frame="2" z_index="9" m_a="0.561467" m_b="0.000000" m_c="0.000000" m_d="0.413544" m_tx="-2.380292" m_ty="24.494581"/>
   <element name="buckets" layername="buckets_icely" frame="4" z_index="8" m_a="0.561467" m_b="0.000000" m_c="0.000000" m_d="0.413544" m_tx="-2.970043" m_ty="24.970741"/>
  </frame>
  <frame idx="900" w="214" h="318" x="-65.912750" y="-152.844177">
   <element name="buckets" layername="buckets" frame="2" z_index="9" m_a="0.475574" m_b="0.000000" m_c="0.000000" m_d="0.510418" m_tx="-2.495369" m_ty="24.421831"/>
   <element name="buckets" layername="buckets_icely" frame="4" z_index="8" m_a="0.475574" m_b="0.000000" m_c="0.000000" m_d="0.510418" m_tx="-2.881616" m_ty="25.139246"/>
  </frame>
  <frame idx="925" w="201" h="333" x="-77.281021" y="-139.989502">
   <element name="buckets" layername="buckets" frame="2" z_index="9" m_a="0.389682" m_b="0.000000" m_c="0.000000" m_d="0.607293" m_tx="-2.610446" m_ty="24.349083"/>
   <element name="buckets" layername="buckets_icely" frame="4" z_index="8" m_a="0.389682" m_b="0.000000" m_c="0.000000" m_d="0.607293" m_tx="-2.827546" m_ty="25.346498"/>
  </frame>
  <frame idx="950" w="189" h="346" x="-89.166481" y="-127.615471">
   <element name="buckets" layername="buckets" frame="2" z_index="9" m_a="0.303790" m_b="0.000000" m_c="0.000000" m_d="0.704167" m_tx="-2.725524" m_ty="24.276335"/>
   <element name="buckets" layername="buckets_icely" frame="5" z_index="8" m_a="0.303790" m_b="0.000000" m_c="0.000000" m_d="0.704167" m_tx="-2.807835" m_ty="25.592505"/>
  </frame>
  <frame idx="975" w="207" h="319" x="-71.442093" y="-152.027512">
   <element name="buckets" layername="buckets" frame="2" z_index="9" m_a="0.436791" m_b="0.000000" m_c="0.000000" m_d="0.518979" m_tx="-2.577868" m_ty="24.471254"/>
   <element name="buckets" layername="buckets_icely" frame="5" z_index="8" m_a="0.436791" m_b="0.000000" m_c="0.000000" m_d="0.518979" m_tx="-2.618995" m_ty="25.463140"/>
  </frame>
  <frame idx="1000" w="227" h="292" x="-53.717735" y="-176.439545">
   <element name="buckets" layername="buckets" frame="2" z_index="9" m_a="0.569792" m_b="0.000000" m_c="0.000000" m_d="0.333791" m_tx="-2.430213" m_ty="24.666174"/>
   <element name="buckets" layername="buckets_icely" frame="5" z_index="8" m_a="0.569792" m_b="0.000000" m_c="0.000000" m_d="0.333791" m_tx="-2.430155" m_ty="25.333776"/>
  </frame>
  <frame idx="1025" w="220" h="302" x="-59.686913" y="-167.337814">
   <element name="buckets" layername="buckets" frame="2" z_index="9" m_a="0.524939" m_b="0.000000" m_c="0.000000" m_d="0.402755" m_tx="-2.476422" m_ty="24.600267"/>
   <element name="buckets" layername="buckets_icely" frame="5" z_index="8" m_a="0.524939" m_b="0.000000" m_c="0.000000" m_d="0.402755" m_tx="-2.481182" m_ty="25.396572"/>
  </frame>
  <frame idx="1050" w="214" h="312" x="-65.656075" y="-158.236084">
   <element name="buckets" layername="buckets" frame="2" z_index="9" m_a="0.480087" m_b="0.000000" m_c="0.000000" m_d="0.471720" m_tx="-2.522631" m_ty="24.534361"/>
   <element name="buckets" layername="buckets_icely" frame="5" z_index="8" m_a="0.480087" m_b="0.000000" m_c="0.000000" m_d="0.471720" m_tx="-2.532209" m_ty="25.459366"/>
  </frame>
  <frame idx="1075" w="207" h="322" x="-71.625244" y="-149.134338">
   <element name="buckets" layername="buckets" frame="2" z_index="9" m_a="0.435234" m_b="0.000000" m_c="0.000000" m_d="0.540684" m_tx="-2.568840" m_ty="24.468454"/>
   <element name="buckets" layername="buckets_icely" frame="5" z_index="8" m_a="0.435234" m_b="0.000000" m_c="0.000000" m_d="0.540684" m_tx="-2.583236" m_ty="25.522160"/>
  </frame>
  <frame idx="1100" w="209" h="321" x="-69.911316" y="-150.218597">
   <element name="buckets" layername="buckets" frame="2" z_index="9" m_a="0.448187" m_b="0.000000" m_c="0.000000" m_d="0.532547" m_tx="-2.555072" m_ty="24.474756"/>
   <element name="buckets" layername="buckets_icely" frame="5" z_index="8" m_a="0.448187" m_b="0.000000" m_c="0.000000" m_d="0.532547" m_tx="-2.588801" m_ty="25.495504"/>
  </frame>
  <frame idx="1125" w="211" h="319" x="-68.197388" y="-151.302811">
   <element name="buckets" layername="buckets" frame="2" z_index="9" m_a="0.461140" m_b="0.000000" m_c="0.000000" m_d="0.524410" m_tx="-2.541304" m_ty="24.481056"/>
   <element name="buckets" layername="buckets_icely" frame="5" z_index="8" m_a="0.461140" m_b="0.000000" m_c="0.000000" m_d="0.524410" m_tx="-2.594367" m_ty="25.468851"/>
  </frame>
  <frame idx="1150" w="213" h="318" x="-66.483475" y="-152.387054">
   <element name="buckets" layername="buckets" frame="2" z_index="9" m_a="0.474094" m_b="0.000000" m_c="0.000000" m_d="0.516274" m_tx="-2.527536" m_ty="24.487358"/>
   <element name="buckets" layername="buckets_icely" frame="5" z_index="8" m_a="0.474094" m_b="0.000000" m_c="0.000000" m_d="0.516274" m_tx="-2.599933" m_ty="25.442196"/>
  </frame>
  <frame idx="1175" w="215" h="317" x="-64.769539" y="-153.471268">
   <element name="buckets" layername="buckets" frame="2" z_index="9" m_a="0.487047" m_b="0.000000" m_c="0.000000" m_d="0.508137" m_tx="-2.513768" m_ty="24.493658"/>
   <element name="buckets" layername="buckets_icely" frame="5" z_index="8" m_a="0.487047" m_b="0.000000" m_c="0.000000" m_d="0.508137" m_tx="-2.605498" m_ty="25.415543"/>
  </frame>
 </anim>
 <anim name="turn_to_full" root="buckets" numframes="1200" framerate="40">
  <frame idx="0" w="215" h="317" x="-62.500061" y="-155.500000">
   <element name="buckets" layername="buckets" frame="5" z_index="9" m_a="0.500000" m_b="0.000000" m_c="0.000000" m_d="0.500000" m_tx="-2.500000" m_ty="24.499960"/>
  </frame>
  <frame idx="25" w="215" h="317" x="-62.520905" y="-155.520828">
   <element name="buckets" layername="buckets" frame="5" z_index="9" m_a="0.500000" m_b="0.000000" m_c="0.000000" m_d="0.500000" m_tx="-2.520834" m_ty="24.479126"/>
  </frame>
  <frame idx="50" w="215" h="317" x="-62.541748" y="-155.541656">
   <element name="buckets" layername="buckets" frame="5" z_index="9" m_a="0.500000" m_b="0.000000" m_c="0.000000" m_d="0.500000" m_tx="-2.541668" m_ty="24.458292"/>
  </frame>
  <frame idx="75" w="215" h="317" x="-62.562561" y="-155.562500">
   <element name="buckets" layername="buckets" frame="5" z_index="9" m_a="0.500000" m_b="0.000000" m_c="0.000000" m_d="0.500000" m_tx="-2.562502" m_ty="24.437458"/>
  </frame>
  <frame idx="100" w="215" h="317" x="-62.583405" y="-155.583328">
   <element name="buckets" layername="buckets" frame="5" z_index="9" m_a="0.500000" m_b="0.000000" m_c="0.000000" m_d="0.500000" m_tx="-2.583336" m_ty="24.416624"/>
  </frame>
  <frame idx="125" w="215" h="317" x="-62.604248" y="-155.604156">
   <element name="buckets" layername="buckets" frame="5" z_index="9" m_a="0.500000" m_b="0.000000" m_c="0.000000" m_d="0.500000" m_tx="-2.604170" m_ty="24.395790"/>
  </frame>
  <frame idx="150" w="215" h="317" x="-62.625061" y="-155.625000">
   <element name="buckets" layername="buckets" frame="5" z_index="9" m_a="0.500000" m_b="0.000000" m_c="0.000000" m_d="0.500000" m_tx="-2.625004" m_ty="24.374956"/>
  </frame>
  <frame idx="175" w="215" h="317" x="-62.645905" y="-155.645828">
   <element name="buckets" layername="buckets" frame="5" z_index="9" m_a="0.500000" m_b="0.000000" m_c="0.000000" m_d="0.500000" m_tx="-2.645838" m_ty="24.354122"/>
  </frame>
  <frame idx="200" w="215" h="317" x="-62.666748" y="-155.666656">
   <element name="buckets" layername="buckets" frame="5" z_index="9" m_a="0.500000" m_b="0.000000" m_c="0.000000" m_d="0.500000" m_tx="-2.666672" m_ty="24.333288"/>
  </frame>
  <frame idx="225" w="215" h="317" x="-62.687561" y="-155.687500">
   <element name="buckets" layername="buckets" frame="5" z_index="9" m_a="0.500000" m_b="0.000000" m_c="0.000000" m_d="0.500000" m_tx="-2.687506" m_ty="24.312454"/>
  </frame>
  <frame idx="250" w="215" h="317" x="-62.708405" y="-155.708344">
   <element name="buckets" layername="buckets" frame="5" z_index="9" m_a="0.500000" m_b="0.000000" m_c="0.000000" m_d="0.500000" m_tx="-2.708340" m_ty="24.291620"/>
  </frame>
  <frame idx="275" w="215" h="317" x="-62.729248" y="-155.729172">
   <element name="buckets" layername="buckets" frame="5" z_index="9" m_a="0.500000" m_b="0.000000" m_c="0.000000" m_d="0.500000" m_tx="-2.729174" m_ty="24.270786"/>
  </frame>
  <frame idx="300" w="215" h="318" x="-62.625046" y="-155.124969">
   <element name="buckets" layername="buckets" frame="5" z_index="9" m_a="0.500000" m_b="0.000000" m_c="0.000000" m_d="0.500000" m_tx="-2.750008" m_ty="24.249952"/>
   <element name="buckets" layername="buckets_icely" frame="4" z_index="8" m_a="0.500000" m_b="0.000000" m_c="0.000000" m_d="0.500000" m_tx="-3.499980" m_ty="24.500000"/>
  </frame>
  <frame idx="325" w="215" h="318" x="-62.635468" y="-155.135376">
   <element name="buckets" layername="buckets" frame="5" z_index="9" m_a="0.500000" m_b="0.000000" m_c="0.000000" m_d="0.500000" m_tx="-2.770842" m_ty="24.229118"/>
   <element name="buckets" layername="buckets_icely" frame="4" z_index="8" m_a="0.500000" m_b="0.000000" m_c="0.000000" m_d="0.500000" m_tx="-3.499980" m_ty="24.500000"/>
  </frame>
  <frame idx="350" w="215" h="318" x="-62.645889" y="-155.145798">
   <element name="buckets" layername="buckets" frame="5" z_index="9" m_a="0.500000" m_b="0.000000" m_c="0.000000" m_d="0.500000" m_tx="-2.791676" m_ty="24.208284"/>
   <element name="buckets" layername="buckets_icely" frame="4" z_index="8" m_a="0.500000" m_b="0.000000" m_c="0.000000" m_d="0.500000" m_tx="-3.499980" m_ty="24.500000"/>
  </frame>
  <frame idx="375" w="215" h="318" x="-62.656311" y="-155.156219">
   <element name="buckets" layername="buckets" frame="5" z_index="9" m_a="0.500000" m_b="0.000000" m_c="0.000000" m_d="0.500000" m_tx="-2.812510" m_ty="24.187450"/>
   <element name="buckets" layername="buckets_icely" frame="4" z_index="8" m_a="0.500000" m_b="0.000000" m_c="0.000000" m_d="0.500000" m_tx="-3.499980" m_ty="24.500000"/>
  </frame>
  <frame idx="400" w="216" h="318" x="-62.666718" y="-155.166626">
   <element name="buckets" layername="buckets" frame="5" z_index="9" m_a="0.500000" m_b="0.000000" m_c="0.000000" m_d="0.500000" m_tx="-2.833344" m_ty="24.166616"/>
   <element name="buckets" layername="buckets_icely" frame="4" z_index="8" m_a="0.500000" m_b="0.000000" m_c="0.000000" m_d="0.500000" m_tx="-3.499980" m_ty="24.500000"/>
  </frame>
  <frame idx="425" w="216" h="318" x="-62.677139" y="-155.177048">
   <element name="buckets" layername="buckets" frame="5" z_index="9" m_a="0.500000" m_b="0.000000" m_c="0.000000" m_d="0.500000" m_tx="-2.854177" m_ty="24.145782"/>
   <element name="buckets" layername="buckets_icely" frame="4" z_index="8" m_a="0.500000" m_b="0.000000" m_c="0.000000" m_d="0.500000" m_tx="-3.499980" m_ty="24.500000"/>
  </frame>
  <frame idx="450" w="216" h="318" x="-62.687561" y="-155.187469">
   <element name="buckets" layername="buckets" frame="5" z_index="9" m_a="0.500000" m_b="0.000000" m_c="0.000000" m_d="0.500000" m_tx="-2.875011" m_ty="24.124949"/>
   <element name="buckets" layername="buckets_icely" frame="4" z_index="8" m_a="0.500000" m_b="0.000000" m_c="0.000000" m_d="0.500000" m_tx="-3.499980" m_ty="24.500000"/>
  </frame>
  <frame idx="475" w="216" h="318" x="-62.697968" y="-155.197876">
   <element name="buckets" layername="buckets" frame="5" z_index="9" m_a="0.500000" m_b="0.000000" m_c="0.000000" m_d="0.500000" m_tx="-2.895845" m_ty="24.104115"/>
   <element name="buckets" layername="buckets_icely" frame="4" z_index="8" m_a="0.500000" m_b="0.000000" m_c="0.000000" m_d="0.500000" m_tx="-3.499980" m_ty="24.500000"/>
  </frame>
  <frame idx="500" w="216" h="318" x="-62.708389" y="-155.208298">
   <element name="buckets" layername="buckets" frame="5" z_index="9" m_a="0.500000" m_b="0.000000" m_c="0.000000" m_d="0.500000" m_tx="-2.916679" m_ty="24.083281"/>
   <element name="buckets" layername="buckets_icely" frame="4" z_index="8" m_a="0.500000" m_b="0.000000" m_c="0.000000" m_d="0.500000" m_tx="-3.499980" m_ty="24.500000"/>
  </frame>
  <frame idx="525" w="216" h="318" x="-62.718811" y="-155.218719">
   <element name="buckets" layername="buckets" frame="5" z_index="9" m_a="0.500000" m_b="0.000000" m_c="0.000000" m_d="0.500000" m_tx="-2.937513" m_ty="24.062447"/>
   <element name="buckets" layername="buckets_icely" frame="4" z_index="8" m_a="0.500000" m_b="0.000000" m_c="0.000000" m_d="0.500000" m_tx="-3.499980" m_ty="24.500000"/>
  </frame>
  <frame idx="550" w="216" h="318" x="-62.729218" y="-155.229126">
   <element name="buckets" layername="buckets" frame="5" z_index="9" m_a="0.500000" m_b="0.000000" m_c="0.000000" m_d="0.500000" m_tx="-2.958347" m_ty="24.041613"/>
   <element name="buckets" layername="buckets_icely" frame="4" z_index="8" m_a="0.500000" m_b="0.000000" m_c="0.000000" m_d="0.500000" m_tx="-3.499980" m_ty="24.500000"/>
  </frame>
  <frame idx="575" w="216" h="318" x="-62.739639" y="-155.239548">
   <element name="buckets" layername="buckets" frame="5" z_index="9" m_a="0.500000" m_b="0.000000" m_c="0.000000" m_d="0.500000" m_tx="-2.979181" m_ty="24.020779"/>
   <element name="buckets" layername="buckets_icely" frame="4" z_index="8" m_a="0.500000" m_b="0.000000" m_c="0.000000" m_d="0.500000" m_tx="-3.499980" m_ty="24.500000"/>
  </frame>
  <frame idx="600" w="215" h="317" x="-62.250046" y="-154.749954">
   <element name="buckets" layername="buckets" frame="4" z_index="9" m_a="0.500000" m_b="0.000000" m_c="0.000000" m_d="0.500000" m_tx="-3.000015" m_ty="23.999943"/>
   <element name="buckets" layername="buckets_icely" frame="4" z_index="8" m_a="0.500000" m_b="0.000000" m_c="0.000000" m_d="0.500000" m_tx="-3.499980" m_ty="24.500000"/>
  </frame>
  <frame idx="625" w="219" h="313" x="-58.750214" y="-158.822388">
   <element name="buckets" layername="buckets" frame="4" z_index="9" m_a="0.525917" m_b="0.000000" m_c="0.000000" m_d="0.468866" m_tx="-2.870185" m_ty="24.046646"/>
   <element name="buckets" layername="buckets_icely" frame="4" z_index="8" m_a="0.525917" m_b="0.000000" m_c="0.000000" m_d="0.468866" m_tx="-3.472201" m_ty="24.527777"/>
  </frame>
  <frame idx="650" w="223" h="307" x="-55.244629" y="-162.894806">
   <element name="buckets" layername="buckets" frame="4" z_index="9" m_a="0.551834" m_b="0.000000" m_c="0.000000" m_d="0.437732" m_tx="-2.728835" m_ty="24.093351"/>
   <element name="buckets" layername="buckets_icely" frame="4" z_index="8" m_a="0.551834" m_b="0.000000" m_c="0.000000" m_d="0.437732" m_tx="-3.444423" m_ty="24.555553"/>
  </frame>
  <frame idx="675" w="227" h="303" x="-51.733307" y="-166.967255">
   <element name="buckets" layername="buckets" frame="4" z_index="9" m_a="0.577750" m_b="0.000000" m_c="0.000000" m_d="0.406598" m_tx="-2.575967" m_ty="24.140053"/>
   <element name="buckets" layername="buckets_icely" frame="4" z_index="8" m_a="0.577750" m_b="0.000000" m_c="0.000000" m_d="0.406598" m_tx="-3.416644" m_ty="24.583330"/>
  </frame>
  <frame idx="700" w="230" h="299" x="-48.216217" y="-171.039688">
   <element name="buckets" layername="buckets" frame="4" z_index="9" m_a="0.603667" m_b="0.000000" m_c="0.000000" m_d="0.375464" m_tx="-2.411579" m_ty="24.186758"/>
   <element name="buckets" layername="buckets_icely" frame="4" z_index="8" m_a="0.603667" m_b="0.000000" m_c="0.000000" m_d="0.375464" m_tx="-3.388865" m_ty="24.611107"/>
  </frame>
  <frame idx="725" w="235" h="294" x="-44.693344" y="-175.112106">
   <element name="buckets" layername="buckets" frame="4" z_index="9" m_a="0.629584" m_b="0.000000" m_c="0.000000" m_d="0.344331" m_tx="-2.235673" m_ty="24.233461"/>
   <element name="buckets" layername="buckets_icely" frame="4" z_index="8" m_a="0.629584" m_b="0.000000" m_c="0.000000" m_d="0.344331" m_tx="-3.361087" m_ty="24.638882"/>
  </frame>
  <frame idx="750" w="238" h="290" x="-41.164734" y="-179.184555">
   <element name="buckets" layername="buckets" frame="4" z_index="9" m_a="0.655501" m_b="0.000000" m_c="0.000000" m_d="0.313197" m_tx="-2.048248" m_ty="24.280165"/>
   <element name="buckets" layername="buckets_icely" frame="4" z_index="8" m_a="0.655501" m_b="0.000000" m_c="0.000000" m_d="0.313197" m_tx="-3.333308" m_ty="24.666658"/>
  </frame>
  <frame idx="775" w="241" h="285" x="-37.630356" y="-183.256989">
   <element name="buckets" layername="buckets" frame="4" z_index="9" m_a="0.681417" m_b="0.000000" m_c="0.000000" m_d="0.282063" m_tx="-1.849303" m_ty="24.326868"/>
   <element name="buckets" layername="buckets_icely" frame="4" z_index="8" m_a="0.681417" m_b="0.000000" m_c="0.000000" m_d="0.282063" m_tx="-3.305529" m_ty="24.694435"/>
  </frame>
  <frame idx="800" w="246" h="280" x="-34.090225" y="-187.329407">
   <element name="buckets" layername="buckets" frame="4" z_index="9" m_a="0.707334" m_b="0.000000" m_c="0.000000" m_d="0.250929" m_tx="-1.638840" m_ty="24.373573"/>
   <element name="buckets" layername="buckets_icely" frame="4" z_index="8" m_a="0.707334" m_b="0.000000" m_c="0.000000" m_d="0.250929" m_tx="-3.277751" m_ty="24.722212"/>
  </frame>
  <frame idx="825" w="249" h="275" x="-31.544350" y="-191.401855">
   <element name="buckets" layername="buckets" frame="2" z_index="9" m_a="0.733251" m_b="0.000000" m_c="0.000000" m_d="0.219795" m_tx="-1.416858" m_ty="24.420275"/>
   <element name="buckets" layername="buckets_icely" frame="4" z_index="8" m_a="0.733251" m_b="0.000000" m_c="0.000000" m_d="0.219795" m_tx="-3.249972" m_ty="24.749989"/>
  </frame>
  <frame idx="850" w="237" h="290" x="-42.968781" y="-178.685394">
   <element name="buckets" layername="buckets" frame="2" z_index="9" m_a="0.647359" m_b="0.000000" m_c="0.000000" m_d="0.316669" m_tx="-1.876783" m_ty="24.250650"/>
   <element name="buckets" layername="buckets_icely" frame="4" z_index="8" m_a="0.647359" m_b="0.000000" m_c="0.000000" m_d="0.316669" m_tx="-2.963352" m_ty="24.777655"/>
  </frame>
  <frame idx="875" w="226" h="304" x="-54.393204" y="-165.968964">
   <element name="buckets" layername="buckets" frame="2" z_index="9" m_a="0.561467" m_b="0.000000" m_c="0.000000" m_d="0.413544" m_tx="-2.267992" m_ty="24.081024"/>
   <element name="buckets" layername="buckets_icely" frame="4" z_index="8" m_a="0.561467" m_b="0.000000" m_c="0.000000" m_d="0.413544" m_tx="-2.745448" m_ty="24.805319"/>
  </frame>
  <frame idx="900" w="214" h="318" x="-65.817627" y="-153.252533">
   <element name="buckets" layername="buckets" frame="2" z_index="9" m_a="0.475574" m_b="0.000000" m_c="0.000000" m_d="0.510418" m_tx="-2.590486" m_ty="23.911396"/>
   <element name="buckets" layername="buckets_icely" frame="4" z_index="8" m_a="0.475574" m_b="0.000000" m_c="0.000000" m_d="0.510418" m_tx="-2.596260" m_ty="24.832985"/>
  </frame>
  <frame idx="925" w="202" h="333" x="-77.242050" y="-140.536087">
   <element name="buckets" layername="buckets" frame="2" z_index="9" m_a="0.389682" m_b="0.000000" m_c="0.000000" m_d="0.607293" m_tx="-2.844262" m_ty="23.741770"/>
   <element name="buckets" layername="buckets_icely" frame="4" z_index="8" m_a="0.389682" m_b="0.000000" m_c="0.000000" m_d="0.607293" m_tx="-2.515789" m_ty="24.860649"/>
  </frame>
  <frame idx="950" w="189" h="348" x="-88.666466" y="-127.819649">
   <element name="buckets" layername="buckets" frame="4" z_index="9" m_a="0.303790" m_b="0.000000" m_c="0.000000" m_d="0.704167" m_tx="-3.029323" m_ty="23.572145"/>
   <element name="buckets" layername="buckets_icely" frame="2" z_index="8" m_a="0.303790" m_b="0.000000" m_c="0.000000" m_d="0.704167" m_tx="-2.504033" m_ty="24.888315"/>
  </frame>
  <frame idx="975" w="207" h="321" x="-70.942085" y="-152.046509">
   <element name="buckets" layername="buckets" frame="4" z_index="9" m_a="0.436791" m_b="0.000000" m_c="0.000000" m_d="0.518979" m_tx="-3.014673" m_ty="23.952259"/>
   <element name="buckets" layername="buckets_icely" frame="2" z_index="8" m_a="0.436791" m_b="0.000000" m_c="0.000000" m_d="0.518979" m_tx="-2.182187" m_ty="24.944145"/>
  </frame>
  <frame idx="1000" w="226" h="293" x="-53.217712" y="-176.273331">
   <element name="buckets" layername="buckets" frame="4" z_index="9" m_a="0.569792" m_b="0.000000" m_c="0.000000" m_d="0.333791" m_tx="-3.000022" m_ty="24.332373"/>
   <element name="buckets" layername="buckets_icely" frame="2" z_index="8" m_a="0.569792" m_b="0.000000" m_c="0.000000" m_d="0.333791" m_tx="-1.860341" m_ty="24.999975"/>
  </frame>
  <frame idx="1025" w="219" h="303" x="-59.186882" y="-167.240570">
   <element name="buckets" layername="buckets" frame="4" z_index="9" m_a="0.524939" m_b="0.000000" m_c="0.000000" m_d="0.402755" m_tx="-3.001377" m_ty="24.197498"/>
   <element name="buckets" layername="buckets_icely" frame="2" z_index="8" m_a="0.524939" m_b="0.000000" m_c="0.000000" m_d="0.402755" m_tx="-1.956222" m_ty="24.993803"/>
  </frame>
  <frame idx="1050" w="213" h="313" x="-65.156059" y="-158.207809">
   <element name="buckets" layername="buckets" frame="4" z_index="9" m_a="0.480087" m_b="0.000000" m_c="0.000000" m_d="0.471720" m_tx="-3.002732" m_ty="24.062626"/>
   <element name="buckets" layername="buckets_icely" frame="2" z_index="8" m_a="0.480087" m_b="0.000000" m_c="0.000000" m_d="0.471720" m_tx="-2.052104" m_ty="24.987631"/>
  </frame>
  <frame idx="1075" w="207" h="323" x="-71.125214" y="-149.175034">
   <element name="buckets" layername="buckets" frame="4" z_index="9" m_a="0.435234" m_b="0.000000" m_c="0.000000" m_d="0.540684" m_tx="-3.004087" m_ty="23.927753"/>
   <element name="buckets" layername="buckets_icely" frame="2" z_index="8" m_a="0.435234" m_b="0.000000" m_c="0.000000" m_d="0.540684" m_tx="-2.147985" m_ty="24.981459"/>
  </frame>
  <frame idx="1100" w="208" h="322" x="-69.411293" y="-150.251129">
   <element name="buckets" layername="buckets" frame="4" z_index="9" m_a="0.448187" m_b="0.000000" m_c="0.000000" m_d="0.532547" m_tx="-3.003273" m_ty="23.942192"/>
   <element name="buckets" layername="buckets_icely" frame="2" z_index="8" m_a="0.448187" m_b="0.000000" m_c="0.000000" m_d="0.532547" m_tx="-2.140597" m_ty="24.962940"/>
  </frame>
  <frame idx="1125" w="211" h="321" x="-67.697380" y="-151.327240">
   <element name="buckets" layername="buckets" frame="4" z_index="9" m_a="0.461140" m_b="0.000000" m_c="0.000000" m_d="0.524410" m_tx="-3.002459" m_ty="23.956629"/>
   <element name="buckets" layername="buckets_icely" frame="2" z_index="8" m_a="0.461140" m_b="0.000000" m_c="0.000000" m_d="0.524410" m_tx="-2.133209" m_ty="24.944424"/>
  </frame>
  <frame idx="1150" w="213" h="319" x="-65.983452" y="-152.403320">
   <element name="buckets" layername="buckets" frame="4" z_index="9" m_a="0.474094" m_b="0.000000" m_c="0.000000" m_d="0.516274" m_tx="-3.001644" m_ty="23.971067"/>
   <element name="buckets" layername="buckets_icely" frame="2" z_index="8" m_a="0.474094" m_b="0.000000" m_c="0.000000" m_d="0.516274" m_tx="-2.125821" m_ty="24.925905"/>
  </frame>
  <frame idx="1175" w="214" h="318" x="-64.269524" y="-153.479431">
   <element name="buckets" layername="buckets" frame="4" z_index="9" m_a="0.487047" m_b="0.000000" m_c="0.000000" m_d="0.508137" m_tx="-3.000830" m_ty="23.985504"/>
   <element name="buckets" layername="buckets_icely" frame="2" z_index="8" m_a="0.487047" m_b="0.000000" m_c="0.000000" m_d="0.508137" m_tx="-2.118433" m_ty="24.907389"/>
  </frame>
 </anim>
 <anim name="ice" root="buckets" numframes="300" framerate="40">
  <frame idx="0" w="216" h="316" x="-63.000031" y="-154.999969">
   <element name="buckets" layername="buckets" frame="5" z_index="9" m_a="0.500000" m_b="0.000000" m_c="0.000000" m_d="0.500000" m_tx="-2.999964" m_ty="24.999975"/>
  </frame>
  <frame idx="25" w="216" h="316" x="-63.000031" y="-154.999969">
   <element name="buckets" layername="buckets" frame="5" z_index="9" m_a="0.500000" m_b="0.000000" m_c="0.000000" m_d="0.500000" m_tx="-2.999964" m_ty="24.999975"/>
  </frame>
  <frame idx="50" w="216" h="316" x="-63.000031" y="-154.999969">
   <element name="buckets" layername="buckets" frame="5" z_index="9" m_a="0.500000" m_b="0.000000" m_c="0.000000" m_d="0.500000" m_tx="-2.999964" m_ty="24.999975"/>
  </frame>
  <frame idx="75" w="216" h="316" x="-63.000031" y="-154.999969">
   <element name="buckets" layername="buckets" frame="5" z_index="9" m_a="0.500000" m_b="0.000000" m_c="0.000000" m_d="0.500000" m_tx="-2.999964" m_ty="24.999975"/>
  </frame>
  <frame idx="100" w="216" h="316" x="-63.000031" y="-154.999969">
   <element name="buckets" layername="buckets" frame="5" z_index="9" m_a="0.500000" m_b="0.000000" m_c="0.000000" m_d="0.500000" m_tx="-2.999964" m_ty="24.999975"/>
  </frame>
  <frame idx="125" w="216" h="316" x="-63.000031" y="-154.999969">
   <element name="buckets" layername="buckets" frame="5" z_index="9" m_a="0.500000" m_b="0.000000" m_c="0.000000" m_d="0.500000" m_tx="-2.999964" m_ty="24.999975"/>
  </frame>
  <frame idx="150" w="216" h="316" x="-63.000031" y="-154.999969">
   <element name="buckets" layername="buckets" frame="5" z_index="9" m_a="0.500000" m_b="0.000000" m_c="0.000000" m_d="0.500000" m_tx="-2.999964" m_ty="24.999975"/>
  </frame>
  <frame idx="175" w="216" h="316" x="-63.000031" y="-154.999969">
   <element name="buckets" layername="buckets" frame="5" z_index="9" m_a="0.500000" m_b="0.000000" m_c="0.000000" m_d="0.500000" m_tx="-2.999964" m_ty="24.999975"/>
  </frame>
  <frame idx="200" w="216" h="316" x="-63.000031" y="-154.999969">
   <element name="buckets" layername="buckets" frame="5" z_index="9" m_a="0.500000" m_b="0.000000" m_c="0.000000" m_d="0.500000" m_tx="-2.999964" m_ty="24.999975"/>
  </frame>
  <frame idx="225" w="216" h="316" x="-63.000031" y="-154.999969">
   <element name="buckets" layername="buckets" frame="5" z_index="9" m_a="0.500000" m_b="0.000000" m_c="0.000000" m_d="0.500000" m_tx="-2.999964" m_ty="24.999975"/>
  </frame>
  <frame idx="250" w="216" h="316" x="-63.000031" y="-154.999969">
   <element name="buckets" layername="buckets" frame="5" z_index="9" m_a="0.500000" m_b="0.000000" m_c="0.000000" m_d="0.500000" m_tx="-2.999964" m_ty="24.999975"/>
  </frame>
  <frame idx="275" w="216" h="316" x="-63.000031" y="-154.999969">
   <element name="buckets" layername="buckets" frame="5" z_index="9" m_a="0.500000" m_b="0.000000" m_c="0.000000" m_d="0.500000" m_tx="-2.999964" m_ty="24.999975"/>
  </frame>
 </anim>
</Anims>
