<Anims>
 <anim name="empty" root="buckets" numframes="300" framerate="40">
  <frame idx="0" w="176" h="223" x="0.000000" y="-40.250000">
   <element name="buckets" layername="buckets" frame="0" z_index="10" m_a="1.000000" m_b="0.000000" m_c="0.000000" m_d="1.000000" m_tx="0.000000" m_ty="0.000000"/>
  </frame>
  <frame idx="25" w="176" h="223" x="0.000000" y="-40.250000">
   <element name="buckets" layername="buckets" frame="0" z_index="10" m_a="1.000000" m_b="0.000000" m_c="0.000000" m_d="1.000000" m_tx="0.000000" m_ty="0.000000"/>
  </frame>
  <frame idx="50" w="176" h="223" x="0.000000" y="-40.250000">
   <element name="buckets" layername="buckets" frame="0" z_index="10" m_a="1.000000" m_b="0.000000" m_c="0.000000" m_d="1.000000" m_tx="0.000000" m_ty="0.000000"/>
  </frame>
  <frame idx="75" w="176" h="223" x="0.000000" y="-40.250000">
   <element name="buckets" layername="buckets" frame="0" z_index="10" m_a="1.000000" m_b="0.000000" m_c="0.000000" m_d="1.000000" m_tx="0.000000" m_ty="0.000000"/>
  </frame>
  <frame idx="100" w="176" h="223" x="0.000000" y="-40.250000">
   <element name="buckets" layername="buckets" frame="0" z_index="10" m_a="1.000000" m_b="0.000000" m_c="0.000000" m_d="1.000000" m_tx="0.000000" m_ty="0.000000"/>
  </frame>
  <frame idx="125" w="176" h="223" x="0.000000" y="-40.250000">
   <element name="buckets" layername="buckets" frame="0" z_index="10" m_a="1.000000" m_b="0.000000" m_c="0.000000" m_d="1.000000" m_tx="0.000000" m_ty="0.000000"/>
  </frame>
  <frame idx="150" w="176" h="223" x="0.000000" y="-40.250000">
   <element name="buckets" layername="buckets" frame="0" z_index="10" m_a="1.000000" m_b="0.000000" m_c="0.000000" m_d="1.000000" m_tx="0.000000" m_ty="0.000000"/>
  </frame>
  <frame idx="175" w="176" h="223" x="0.000000" y="-40.250000">
   <element name="buckets" layername="buckets" frame="0" z_index="10" m_a="1.000000" m_b="0.000000" m_c="0.000000" m_d="1.000000" m_tx="0.000000" m_ty="0.000000"/>
  </frame>
  <frame idx="200" w="176" h="223" x="0.000000" y="-40.250000">
   <element name="buckets" layername="buckets" frame="0" z_index="10" m_a="1.000000" m_b="0.000000" m_c="0.000000" m_d="1.000000" m_tx="0.000000" m_ty="0.000000"/>
  </frame>
  <frame idx="225" w="176" h="223" x="0.000000" y="-40.250000">
   <element name="buckets" layername="buckets" frame="0" z_index="10" m_a="1.000000" m_b="0.000000" m_c="0.000000" m_d="1.000000" m_tx="0.000000" m_ty="0.000000"/>
  </frame>
  <frame idx="250" w="176" h="223" x="0.000000" y="-40.250000">
   <element name="buckets" layername="buckets" frame="0" z_index="10" m_a="1.000000" m_b="0.000000" m_c="0.000000" m_d="1.000000" m_tx="0.000000" m_ty="0.000000"/>
  </frame>
  <frame idx="275" w="176" h="223" x="0.000000" y="-40.250000">
   <element name="buckets" layername="buckets" frame="0" z_index="10" m_a="1.000000" m_b="0.000000" m_c="0.000000" m_d="1.000000" m_tx="0.000000" m_ty="0.000000"/>
  </frame>
 </anim>
 <anim name="dirty" root="buckets" numframes="300" framerate="40">
  <frame idx="0" w="176" h="223" x="0.000000" y="-40.250000">
   <element name="buckets" layername="buckets" frame="1" z_index="10" m_a="1.000000" m_b="0.000000" m_c="0.000000" m_d="1.000000" m_tx="0.000000" m_ty="0.000000"/>
  </frame>
  <frame idx="25" w="176" h="223" x="0.000000" y="-40.250000">
   <element name="buckets" layername="buckets" frame="1" z_index="10" m_a="1.000000" m_b="0.000000" m_c="0.000000" m_d="1.000000" m_tx="0.000000" m_ty="0.000000"/>
  </frame>
  <frame idx="50" w="176" h="223" x="0.000000" y="-40.250000">
   <element name="buckets" layername="buckets" frame="1" z_index="10" m_a="1.000000" m_b="0.000000" m_c="0.000000" m_d="1.000000" m_tx="0.000000" m_ty="0.000000"/>
  </frame>
  <frame idx="75" w="176" h="223" x="0.000000" y="-40.250000">
   <element name="buckets" layername="buckets" frame="1" z_index="10" m_a="1.000000" m_b="0.000000" m_c="0.000000" m_d="1.000000" m_tx="0.000000" m_ty="0.000000"/>
  </frame>
  <frame idx="100" w="176" h="223" x="0.000000" y="-40.250000">
   <element name="buckets" layername="buckets" frame="1" z_index="10" m_a="1.000000" m_b="0.000000" m_c="0.000000" m_d="1.000000" m_tx="0.000000" m_ty="0.000000"/>
  </frame>
  <frame idx="125" w="176" h="223" x="0.000000" y="-40.250000">
   <element name="buckets" layername="buckets" frame="1" z_index="10" m_a="1.000000" m_b="0.000000" m_c="0.000000" m_d="1.000000" m_tx="0.000000" m_ty="0.000000"/>
  </frame>
  <frame idx="150" w="176" h="223" x="0.000000" y="-40.250000">
   <element name="buckets" layername="buckets" frame="1" z_index="10" m_a="1.000000" m_b="0.000000" m_c="0.000000" m_d="1.000000" m_tx="0.000000" m_ty="0.000000"/>
  </frame>
  <frame idx="175" w="176" h="223" x="0.000000" y="-40.250000">
   <element name="buckets" layername="buckets" frame="1" z_index="10" m_a="1.000000" m_b="0.000000" m_c="0.000000" m_d="1.000000" m_tx="0.000000" m_ty="0.000000"/>
  </frame>
  <frame idx="200" w="176" h="223" x="0.000000" y="-40.250000">
   <element name="buckets" layername="buckets" frame="1" z_index="10" m_a="1.000000" m_b="0.000000" m_c="0.000000" m_d="1.000000" m_tx="0.000000" m_ty="0.000000"/>
  </frame>
  <frame idx="225" w="176" h="223" x="0.000000" y="-40.250000">
   <element name="buckets" layername="buckets" frame="1" z_index="10" m_a="1.000000" m_b="0.000000" m_c="0.000000" m_d="1.000000" m_tx="0.000000" m_ty="0.000000"/>
  </frame>
  <frame idx="250" w="176" h="223" x="0.000000" y="-40.250000">
   <element name="buckets" layername="buckets" frame="1" z_index="10" m_a="1.000000" m_b="0.000000" m_c="0.000000" m_d="1.000000" m_tx="0.000000" m_ty="0.000000"/>
  </frame>
  <frame idx="275" w="176" h="223" x="0.000000" y="-40.250000">
   <element name="buckets" layername="buckets" frame="1" z_index="10" m_a="1.000000" m_b="0.000000" m_c="0.000000" m_d="1.000000" m_tx="0.000000" m_ty="0.000000"/>
  </frame>
 </anim>
 <anim name="full" root="buckets" numframes="300" framerate="40">
  <frame idx="0" w="176" h="223" x="0.000000" y="-40.250000">
   <element name="buckets" layername="buckets" frame="2" z_index="10" m_a="1.000000" m_b="0.000000" m_c="0.000000" m_d="1.000000" m_tx="0.000000" m_ty="0.000000"/>
  </frame>
  <frame idx="25" w="176" h="223" x="0.000000" y="-40.250000">
   <element name="buckets" layername="buckets" frame="2" z_index="10" m_a="1.000000" m_b="0.000000" m_c="0.000000" m_d="1.000000" m_tx="0.000000" m_ty="0.000000"/>
  </frame>
  <frame idx="50" w="176" h="223" x="0.000000" y="-40.250000">
   <element name="buckets" layername="buckets" frame="2" z_index="10" m_a="1.000000" m_b="0.000000" m_c="0.000000" m_d="1.000000" m_tx="0.000000" m_ty="0.000000"/>
  </frame>
  <frame idx="75" w="176" h="223" x="0.000000" y="-40.250000">
   <element name="buckets" layername="buckets" frame="2" z_index="10" m_a="1.000000" m_b="0.000000" m_c="0.000000" m_d="1.000000" m_tx="0.000000" m_ty="0.000000"/>
  </frame>
  <frame idx="100" w="176" h="223" x="0.000000" y="-40.250000">
   <element name="buckets" layername="buckets" frame="2" z_index="10" m_a="1.000000" m_b="0.000000" m_c="0.000000" m_d="1.000000" m_tx="0.000000" m_ty="0.000000"/>
  </frame>
  <frame idx="125" w="176" h="223" x="0.000000" y="-40.250000">
   <element name="buckets" layername="buckets" frame="2" z_index="10" m_a="1.000000" m_b="0.000000" m_c="0.000000" m_d="1.000000" m_tx="0.000000" m_ty="0.000000"/>
  </frame>
  <frame idx="150" w="176" h="223" x="0.000000" y="-40.250000">
   <element name="buckets" layername="buckets" frame="2" z_index="10" m_a="1.000000" m_b="0.000000" m_c="0.000000" m_d="1.000000" m_tx="0.000000" m_ty="0.000000"/>
  </frame>
  <frame idx="175" w="176" h="223" x="0.000000" y="-40.250000">
   <element name="buckets" layername="buckets" frame="2" z_index="10" m_a="1.000000" m_b="0.000000" m_c="0.000000" m_d="1.000000" m_tx="0.000000" m_ty="0.000000"/>
  </frame>
  <frame idx="200" w="176" h="223" x="0.000000" y="-40.250000">
   <element name="buckets" layername="buckets" frame="2" z_index="10" m_a="1.000000" m_b="0.000000" m_c="0.000000" m_d="1.000000" m_tx="0.000000" m_ty="0.000000"/>
  </frame>
  <frame idx="225" w="176" h="223" x="0.000000" y="-40.250000">
   <element name="buckets" layername="buckets" frame="2" z_index="10" m_a="1.000000" m_b="0.000000" m_c="0.000000" m_d="1.000000" m_tx="0.000000" m_ty="0.000000"/>
  </frame>
  <frame idx="250" w="176" h="223" x="0.000000" y="-40.250000">
   <element name="buckets" layername="buckets" frame="2" z_index="10" m_a="1.000000" m_b="0.000000" m_c="0.000000" m_d="1.000000" m_tx="0.000000" m_ty="0.000000"/>
  </frame>
  <frame idx="275" w="176" h="223" x="0.000000" y="-40.250000">
   <element name="buckets" layername="buckets" frame="2" z_index="10" m_a="1.000000" m_b="0.000000" m_c="0.000000" m_d="1.000000" m_tx="0.000000" m_ty="0.000000"/>
  </frame>
 </anim>
 <anim name="salt" root="buckets" numframes="300" framerate="40">
  <frame idx="0" w="176" h="223" x="0.000000" y="-40.250000">
   <element name="buckets" layername="buckets" frame="3" z_index="10" m_a="1.000000" m_b="0.000000" m_c="0.000000" m_d="1.000000" m_tx="0.000000" m_ty="0.000000"/>
  </frame>
  <frame idx="25" w="176" h="223" x="0.000000" y="-40.250000">
   <element name="buckets" layername="buckets" frame="3" z_index="10" m_a="1.000000" m_b="0.000000" m_c="0.000000" m_d="1.000000" m_tx="0.000000" m_ty="0.000000"/>
  </frame>
  <frame idx="50" w="176" h="223" x="0.000000" y="-40.250000">
   <element name="buckets" layername="buckets" frame="3" z_index="10" m_a="1.000000" m_b="0.000000" m_c="0.000000" m_d="1.000000" m_tx="0.000000" m_ty="0.000000"/>
  </frame>
  <frame idx="75" w="176" h="223" x="0.000000" y="-40.250000">
   <element name="buckets" layername="buckets" frame="3" z_index="10" m_a="1.000000" m_b="0.000000" m_c="0.000000" m_d="1.000000" m_tx="0.000000" m_ty="0.000000"/>
  </frame>
  <frame idx="100" w="176" h="223" x="0.000000" y="-40.250000">
   <element name="buckets" layername="buckets" frame="3" z_index="10" m_a="1.000000" m_b="0.000000" m_c="0.000000" m_d="1.000000" m_tx="0.000000" m_ty="0.000000"/>
  </frame>
  <frame idx="125" w="176" h="223" x="0.000000" y="-40.250000">
   <element name="buckets" layername="buckets" frame="3" z_index="10" m_a="1.000000" m_b="0.000000" m_c="0.000000" m_d="1.000000" m_tx="0.000000" m_ty="0.000000"/>
  </frame>
  <frame idx="150" w="176" h="223" x="0.000000" y="-40.250000">
   <element name="buckets" layername="buckets" frame="3" z_index="10" m_a="1.000000" m_b="0.000000" m_c="0.000000" m_d="1.000000" m_tx="0.000000" m_ty="0.000000"/>
  </frame>
  <frame idx="175" w="176" h="223" x="0.000000" y="-40.250000">
   <element name="buckets" layername="buckets" frame="3" z_index="10" m_a="1.000000" m_b="0.000000" m_c="0.000000" m_d="1.000000" m_tx="0.000000" m_ty="0.000000"/>
  </frame>
  <frame idx="200" w="176" h="223" x="0.000000" y="-40.250000">
   <element name="buckets" layername="buckets" frame="3" z_index="10" m_a="1.000000" m_b="0.000000" m_c="0.000000" m_d="1.000000" m_tx="0.000000" m_ty="0.000000"/>
  </frame>
  <frame idx="225" w="176" h="223" x="0.000000" y="-40.250000">
   <element name="buckets" layername="buckets" frame="3" z_index="10" m_a="1.000000" m_b="0.000000" m_c="0.000000" m_d="1.000000" m_tx="0.000000" m_ty="0.000000"/>
  </frame>
  <frame idx="250" w="176" h="223" x="0.000000" y="-40.250000">
   <element name="buckets" layername="buckets" frame="3" z_index="10" m_a="1.000000" m_b="0.000000" m_c="0.000000" m_d="1.000000" m_tx="0.000000" m_ty="0.000000"/>
  </frame>
  <frame idx="275" w="176" h="223" x="0.000000" y="-40.250000">
   <element name="buckets" layername="buckets" frame="3" z_index="10" m_a="1.000000" m_b="0.000000" m_c="0.000000" m_d="1.000000" m_tx="0.000000" m_ty="0.000000"/>
  </frame>
 </anim>
 <anim name="ice" root="buckets" numframes="300" framerate="40">
  <frame idx="0" w="176" h="223" x="0.000000" y="-40.250000">
   <element name="buckets" layername="buckets" frame="5" z_index="10" m_a="1.000000" m_b="0.000000" m_c="0.000000" m_d="1.000000" m_tx="0.000000" m_ty="0.000000"/>
  </frame>
  <frame idx="25" w="176" h="223" x="0.000000" y="-40.250000">
   <element name="buckets" layername="buckets" frame="5" z_index="10" m_a="1.000000" m_b="0.000000" m_c="0.000000" m_d="1.000000" m_tx="0.000000" m_ty="0.000000"/>
  </frame>
  <frame idx="50" w="176" h="223" x="0.000000" y="-40.250000">
   <element name="buckets" layername="buckets" frame="5" z_index="10" m_a="1.000000" m_b="0.000000" m_c="0.000000" m_d="1.000000" m_tx="0.000000" m_ty="0.000000"/>
  </frame>
  <frame idx="75" w="176" h="223" x="0.000000" y="-40.250000">
   <element name="buckets" layername="buckets" frame="5" z_index="10" m_a="1.000000" m_b="0.000000" m_c="0.000000" m_d="1.000000" m_tx="0.000000" m_ty="0.000000"/>
  </frame>
  <frame idx="100" w="176" h="223" x="0.000000" y="-40.250000">
   <element name="buckets" layername="buckets" frame="5" z_index="10" m_a="1.000000" m_b="0.000000" m_c="0.000000" m_d="1.000000" m_tx="0.000000" m_ty="0.000000"/>
  </frame>
  <frame idx="125" w="176" h="223" x="0.000000" y="-40.250000">
   <element name="buckets" layername="buckets" frame="5" z_index="10" m_a="1.000000" m_b="0.000000" m_c="0.000000" m_d="1.000000" m_tx="0.000000" m_ty="0.000000"/>
  </frame>
  <frame idx="150" w="176" h="223" x="0.000000" y="-40.250000">
   <element name="buckets" layername="buckets" frame="5" z_index="10" m_a="1.000000" m_b="0.000000" m_c="0.000000" m_d="1.000000" m_tx="0.000000" m_ty="0.000000"/>
  </frame>
  <frame idx="175" w="176" h="223" x="0.000000" y="-40.250000">
   <element name="buckets" layername="buckets" frame="5" z_index="10" m_a="1.000000" m_b="0.000000" m_c="0.000000" m_d="1.000000" m_tx="0.000000" m_ty="0.000000"/>
  </frame>
  <frame idx="200" w="176" h="223" x="0.000000" y="-40.250000">
   <element name="buckets" layername="buckets" frame="5" z_index="10" m_a="1.000000" m_b="0.000000" m_c="0.000000" m_d="1.000000" m_tx="0.000000" m_ty="0.000000"/>
  </frame>
  <frame idx="225" w="176" h="223" x="0.000000" y="-40.250000">
   <element name="buckets" layername="buckets" frame="5" z_index="10" m_a="1.000000" m_b="0.000000" m_c="0.000000" m_d="1.000000" m_tx="0.000000" m_ty="0.000000"/>
  </frame>
  <frame idx="250" w="176" h="223" x="0.000000" y="-40.250000">
   <element name="buckets" layername="buckets" frame="5" z_index="10" m_a="1.000000" m_b="0.000000" m_c="0.000000" m_d="1.000000" m_tx="0.000000" m_ty="0.000000"/>
  </frame>
  <frame idx="275" w="176" h="223" x="0.000000" y="-40.250000">
   <element name="buckets" layername="buckets" frame="5" z_index="10" m_a="1.000000" m_b="0.000000" m_c="0.000000" m_d="1.000000" m_tx="0.000000" m_ty="0.000000"/>
  </frame>
 </anim>
 <anim name="ice_dirty" root="buckets" numframes="300" framerate="40">
  <frame idx="0" w="176" h="223" x="0.000000" y="-40.250000">
   <element name="buckets" layername="buckets" frame="4" z_index="10" m_a="1.000000" m_b="0.000000" m_c="0.000000" m_d="1.000000" m_tx="0.000000" m_ty="0.000000"/>
  </frame>
  <frame idx="25" w="176" h="223" x="0.000000" y="-40.250000">
   <element name="buckets" layername="buckets" frame="4" z_index="10" m_a="1.000000" m_b="0.000000" m_c="0.000000" m_d="1.000000" m_tx="0.000000" m_ty="0.000000"/>
  </frame>
  <frame idx="50" w="176" h="223" x="0.000000" y="-40.250000">
   <element name="buckets" layername="buckets" frame="4" z_index="10" m_a="1.000000" m_b="0.000000" m_c="0.000000" m_d="1.000000" m_tx="0.000000" m_ty="0.000000"/>
  </frame>
  <frame idx="75" w="176" h="223" x="0.000000" y="-40.250000">
   <element name="buckets" layername="buckets" frame="4" z_index="10" m_a="1.000000" m_b="0.000000" m_c="0.000000" m_d="1.000000" m_tx="0.000000" m_ty="0.000000"/>
  </frame>
  <frame idx="100" w="176" h="223" x="0.000000" y="-40.250000">
   <element name="buckets" layername="buckets" frame="4" z_index="10" m_a="1.000000" m_b="0.000000" m_c="0.000000" m_d="1.000000" m_tx="0.000000" m_ty="0.000000"/>
  </frame>
  <frame idx="125" w="176" h="223" x="0.000000" y="-40.250000">
   <element name="buckets" layername="buckets" frame="4" z_index="10" m_a="1.000000" m_b="0.000000" m_c="0.000000" m_d="1.000000" m_tx="0.000000" m_ty="0.000000"/>
  </frame>
  <frame idx="150" w="176" h="223" x="0.000000" y="-40.250000">
   <element name="buckets" layername="buckets" frame="4" z_index="10" m_a="1.000000" m_b="0.000000" m_c="0.000000" m_d="1.000000" m_tx="0.000000" m_ty="0.000000"/>
  </frame>
  <frame idx="175" w="176" h="223" x="0.000000" y="-40.250000">
   <element name="buckets" layername="buckets" frame="4" z_index="10" m_a="1.000000" m_b="0.000000" m_c="0.000000" m_d="1.000000" m_tx="0.000000" m_ty="0.000000"/>
  </frame>
  <frame idx="200" w="176" h="223" x="0.000000" y="-40.250000">
   <element name="buckets" layername="buckets" frame="4" z_index="10" m_a="1.000000" m_b="0.000000" m_c="0.000000" m_d="1.000000" m_tx="0.000000" m_ty="0.000000"/>
  </frame>
  <frame idx="225" w="176" h="223" x="0.000000" y="-40.250000">
   <element name="buckets" layername="buckets" frame="4" z_index="10" m_a="1.000000" m_b="0.000000" m_c="0.000000" m_d="1.000000" m_tx="0.000000" m_ty="0.000000"/>
  </frame>
  <frame idx="250" w="176" h="223" x="0.000000" y="-40.250000">
   <element name="buckets" layername="buckets" frame="4" z_index="10" m_a="1.000000" m_b="0.000000" m_c="0.000000" m_d="1.000000" m_tx="0.000000" m_ty="0.000000"/>
  </frame>
  <frame idx="275" w="176" h="223" x="0.000000" y="-40.250000">
   <element name="buckets" layername="buckets" frame="4" z_index="10" m_a="1.000000" m_b="0.000000" m_c="0.000000" m_d="1.000000" m_tx="0.000000" m_ty="0.000000"/>
  </frame>
 </anim>
 <anim name="turn_to_ice" root="buckets" numframes="825" framerate="40">
  <frame idx="0" w="176" h="223" x="0.000000" y="-40.250000">
   <element name="buckets" layername="buckets" frame="2" z_index="10" m_a="1.000000" m_b="0.000000" m_c="0.000000" m_d="1.000000" m_tx="0.000000" m_ty="0.000000"/>
  </frame>
  <frame idx="25" w="179" h="223" x="-2.000000" y="-40.250000">
   <element name="buckets" layername="buckets" frame="2" z_index="10" m_a="1.000000" m_b="0.000000" m_c="0.000000" m_d="1.000000" m_tx="-2.000000" m_ty="0.000000"/>
  </frame>
  <frame idx="50" w="181" h="223" x="-4.000000" y="-40.250000">
   <element name="buckets" layername="buckets" frame="2" z_index="10" m_a="1.000000" m_b="0.000000" m_c="0.000000" m_d="1.000000" m_tx="-4.000000" m_ty="0.000000"/>
  </frame>
  <frame idx="75" w="176" h="223" x="0.000000" y="-40.250000">
   <element name="buckets" layername="buckets" frame="2" z_index="10" m_a="1.000000" m_b="0.000000" m_c="0.000000" m_d="1.000000" m_tx="0.000000" m_ty="0.000000"/>
  </frame>
  <frame idx="100" w="172" h="223" x="4.000000" y="-40.250000">
   <element name="buckets" layername="buckets" frame="2" z_index="10" m_a="1.000000" m_b="0.000000" m_c="0.000000" m_d="1.000000" m_tx="4.000000" m_ty="0.000000"/>
  </frame>
  <frame idx="125" w="176" h="223" x="0.000000" y="-40.250000">
   <element name="buckets" layername="buckets" frame="2" z_index="10" m_a="1.000000" m_b="0.000000" m_c="0.000000" m_d="1.000000" m_tx="0.000000" m_ty="0.000000"/>
  </frame>
  <frame idx="150" w="181" h="223" x="-4.000000" y="-40.250000">
   <element name="buckets" layername="buckets" frame="2" z_index="10" m_a="1.000000" m_b="0.000000" m_c="0.000000" m_d="1.000000" m_tx="-4.000000" m_ty="0.000000"/>
  </frame>
  <frame idx="175" w="176" h="223" x="0.000000" y="-40.250000">
   <element name="buckets" layername="buckets" frame="2" z_index="10" m_a="1.000000" m_b="0.000000" m_c="0.000000" m_d="1.000000" m_tx="0.000000" m_ty="0.000000"/>
  </frame>
  <frame idx="200" w="172" h="223" x="4.000000" y="-40.250000">
   <element name="buckets" layername="buckets" frame="2" z_index="10" m_a="1.000000" m_b="0.000000" m_c="0.000000" m_d="1.000000" m_tx="4.000000" m_ty="0.000000"/>
  </frame>
  <frame idx="225" w="176" h="223" x="0.000000" y="-40.250000">
   <element name="buckets" layername="buckets" frame="2" z_index="10" m_a="1.000000" m_b="0.000000" m_c="0.000000" m_d="1.000000" m_tx="0.000000" m_ty="0.000000"/>
  </frame>
  <frame idx="250" w="181" h="223" x="-4.000000" y="-40.250000">
   <element name="buckets" layername="buckets" frame="2" z_index="10" m_a="1.000000" m_b="0.000000" m_c="0.000000" m_d="1.000000" m_tx="-4.000000" m_ty="0.000000"/>
  </frame>
  <frame idx="275" w="176" h="223" x="0.000000" y="-40.250000">
   <element name="buckets" layername="buckets" frame="2" z_index="10" m_a="1.000000" m_b="0.000000" m_c="0.000000" m_d="1.000000" m_tx="0.000000" m_ty="0.000000"/>
  </frame>
  <frame idx="300" w="172" h="223" x="4.000000" y="-40.250000">
   <element name="buckets" layername="buckets" frame="2" z_index="10" m_a="1.000000" m_b="0.000000" m_c="0.000000" m_d="1.000000" m_tx="4.000000" m_ty="0.000000"/>
  </frame>
  <frame idx="325" w="176" h="223" x="0.000000" y="-40.250000">
   <element name="buckets" layername="buckets" frame="2" z_index="10" m_a="1.000000" m_b="0.000000" m_c="0.000000" m_d="1.000000" m_tx="0.000000" m_ty="0.000000"/>
  </frame>
  <frame idx="350" w="181" h="223" x="-4.000000" y="-40.250000">
   <element name="buckets" layername="buckets" frame="2" z_index="10" m_a="1.000000" m_b="0.000000" m_c="0.000000" m_d="1.000000" m_tx="-4.000000" m_ty="0.000000"/>
  </frame>
  <frame idx="375" w="176" h="223" x="0.000000" y="-40.250000">
   <element name="buckets" layername="buckets" frame="2" z_index="10" m_a="1.000000" m_b="0.000000" m_c="0.000000" m_d="1.000000" m_tx="0.000000" m_ty="0.000000"/>
  </frame>
  <frame idx="400" w="172" h="223" x="4.000000" y="-40.250000">
   <element name="buckets" layername="buckets" frame="2" z_index="10" m_a="1.000000" m_b="0.000000" m_c="0.000000" m_d="1.000000" m_tx="4.000000" m_ty="0.000000"/>
  </frame>
  <frame idx="425" w="176" h="223" x="0.000000" y="-40.250000">
   <element name="buckets" layername="buckets" frame="2" z_index="10" m_a="1.000000" m_b="0.000000" m_c="0.000000" m_d="1.000000" m_tx="0.000000" m_ty="0.000000"/>
  </frame>
  <frame idx="450" w="181" h="223" x="-4.000000" y="-40.250000">
   <element name="buckets" layername="buckets" frame="2" z_index="10" m_a="1.000000" m_b="0.000000" m_c="0.000000" m_d="1.000000" m_tx="-4.000000" m_ty="0.000000"/>
  </frame>
  <frame idx="475" w="179" h="223" x="-2.000000" y="-40.250000">
   <element name="buckets" layername="buckets" frame="2" z_index="10" m_a="1.000000" m_b="0.000000" m_c="0.000000" m_d="1.000000" m_tx="-2.000000" m_ty="0.000000"/>
  </frame>
  <frame idx="500" w="176" h="223" x="0.000000" y="-40.250000">
   <element name="buckets" layername="buckets" frame="2" z_index="10" m_a="1.000000" m_b="0.000000" m_c="0.000000" m_d="1.000000" m_tx="0.000000" m_ty="0.000000"/>
  </frame>
  <frame idx="525" w="176" h="223" x="0.000000" y="-40.250000">
   <element name="buckets" layername="buckets" frame="2" z_index="10" m_a="1.000000" m_b="0.000000" m_c="0.000000" m_d="1.000000" m_tx="0.000000" m_ty="0.000000"/>
  </frame>
  <frame idx="550" w="176" h="223" x="0.000000" y="-40.250000">
   <element name="buckets" layername="buckets" frame="2" z_index="10" m_a="1.000000" m_b="0.000000" m_c="0.000000" m_d="1.000000" m_tx="0.000000" m_ty="0.000000"/>
  </frame>
  <frame idx="575" w="176" h="223" x="0.000000" y="-40.250000">
   <element name="buckets" layername="buckets" frame="2" z_index="10" m_a="1.000000" m_b="0.000000" m_c="0.000000" m_d="1.000000" m_tx="0.000000" m_ty="0.000000"/>
  </frame>
  <frame idx="600" w="176" h="223" x="0.000000" y="-40.250000">
   <element name="buckets" layername="buckets" frame="2" z_index="10" m_a="1.000000" m_b="0.000000" m_c="0.000000" m_d="1.000000" m_tx="0.000000" m_ty="0.000000"/>
  </frame>
  <frame idx="625" w="212" h="203" x="31.694756" y="-58.258774">
   <element name="buckets" layername="buckets" frame="2" z_index="10" m_a="1.396184" m_b="0.000000" m_c="0.000000" m_d="0.776289" m_tx="0.000000" m_ty="0.000000"/>
  </frame>
  <frame idx="650" w="247" h="183" x="63.389526" y="-76.267548">
   <element name="buckets" layername="buckets" frame="2" z_index="10" m_a="1.792369" m_b="0.000000" m_c="0.000000" m_d="0.552577" m_tx="0.000000" m_ty="0.000000"/>
  </frame>
  <frame idx="675" w="248" h="190" x="64.809235" y="-70.229057">
   <element name="buckets" layername="buckets" frame="2" z_index="10" m_a="1.810115" m_b="0.000000" m_c="0.000000" m_d="0.627589" m_tx="0.000000" m_ty="0.000000"/>
  </frame>
  <frame idx="700" w="250" h="196" x="66.228928" y="-64.190567">
   <element name="buckets" layername="buckets" frame="2" z_index="10" m_a="1.827862" m_b="0.000000" m_c="0.000000" m_d="0.702602" m_tx="0.000000" m_ty="0.000000"/>
  </frame>
  <frame idx="725" w="251" h="203" x="67.648636" y="-58.152073">
   <element name="buckets" layername="buckets" frame="5" z_index="10" m_a="1.845608" m_b="0.000000" m_c="0.000000" m_d="0.777614" m_tx="0.000000" m_ty="0.000000"/>
  </frame>
  <frame idx="750" w="152" h="282" x="-22.360237" y="14.349518">
   <element name="buckets" layername="buckets" frame="5" z_index="10" m_a="0.720497" m_b="0.000000" m_c="0.000000" m_d="1.678255" m_tx="0.000000" m_ty="0.000000"/>
  </frame>
  <frame idx="775" w="164" h="252" x="-11.180122" y="-12.950233">
   <element name="buckets" layername="buckets" frame="5" z_index="10" m_a="0.860249" m_b="0.000000" m_c="0.000000" m_d="1.339128" m_tx="0.000000" m_ty="0.000000"/>
  </frame>
  <frame idx="800" w="176" h="223" x="0.000000" y="-40.250000">
   <element name="buckets" layername="buckets" frame="5" z_index="10" m_a="1.000000" m_b="0.000000" m_c="0.000000" m_d="1.000000" m_tx="0.000000" m_ty="0.000000"/>
  </frame>
 </anim>
 <anim name="turn_to_ice_dirty" root="buckets" numframes="825" framerate="40">
  <frame idx="0" w="176" h="223" x="0.000000" y="-40.250000">
   <element name="buckets" layername="buckets" frame="1" z_index="10" m_a="1.000000" m_b="0.000000" m_c="0.000000" m_d="1.000000" m_tx="0.000000" m_ty="0.000000"/>
  </frame>
  <frame idx="25" w="179" h="223" x="-2.000000" y="-40.250000">
   <element name="buckets" layername="buckets" frame="1" z_index="10" m_a="1.000000" m_b="0.000000" m_c="0.000000" m_d="1.000000" m_tx="-2.000000" m_ty="0.000000"/>
  </frame>
  <frame idx="50" w="181" h="223" x="-4.000000" y="-40.250000">
   <element name="buckets" layername="buckets" frame="1" z_index="10" m_a="1.000000" m_b="0.000000" m_c="0.000000" m_d="1.000000" m_tx="-4.000000" m_ty="0.000000"/>
  </frame>
  <frame idx="75" w="176" h="223" x="0.000000" y="-40.250000">
   <element name="buckets" layername="buckets" frame="1" z_index="10" m_a="1.000000" m_b="0.000000" m_c="0.000000" m_d="1.000000" m_tx="0.000000" m_ty="0.000000"/>
  </frame>
  <frame idx="100" w="172" h="223" x="4.000000" y="-40.250000">
   <element name="buckets" layername="buckets" frame="1" z_index="10" m_a="1.000000" m_b="0.000000" m_c="0.000000" m_d="1.000000" m_tx="4.000000" m_ty="0.000000"/>
  </frame>
  <frame idx="125" w="176" h="223" x="0.000000" y="-40.250000">
   <element name="buckets" layername="buckets" frame="1" z_index="10" m_a="1.000000" m_b="0.000000" m_c="0.000000" m_d="1.000000" m_tx="0.000000" m_ty="0.000000"/>
  </frame>
  <frame idx="150" w="181" h="223" x="-4.000000" y="-40.250000">
   <element name="buckets" layername="buckets" frame="1" z_index="10" m_a="1.000000" m_b="0.000000" m_c="0.000000" m_d="1.000000" m_tx="-4.000000" m_ty="0.000000"/>
  </frame>
  <frame idx="175" w="176" h="223" x="0.000000" y="-40.250000">
   <element name="buckets" layername="buckets" frame="1" z_index="10" m_a="1.000000" m_b="0.000000" m_c="0.000000" m_d="1.000000" m_tx="0.000000" m_ty="0.000000"/>
  </frame>
  <frame idx="200" w="172" h="223" x="4.000000" y="-40.250000">
   <element name="buckets" layername="buckets" frame="1" z_index="10" m_a="1.000000" m_b="0.000000" m_c="0.000000" m_d="1.000000" m_tx="4.000000" m_ty="0.000000"/>
  </frame>
  <frame idx="225" w="176" h="223" x="0.000000" y="-40.250000">
   <element name="buckets" layername="buckets" frame="1" z_index="10" m_a="1.000000" m_b="0.000000" m_c="0.000000" m_d="1.000000" m_tx="0.000000" m_ty="0.000000"/>
  </frame>
  <frame idx="250" w="181" h="223" x="-4.000000" y="-40.250000">
   <element name="buckets" layername="buckets" frame="1" z_index="10" m_a="1.000000" m_b="0.000000" m_c="0.000000" m_d="1.000000" m_tx="-4.000000" m_ty="0.000000"/>
  </frame>
  <frame idx="275" w="176" h="223" x="0.000000" y="-40.250000">
   <element name="buckets" layername="buckets" frame="1" z_index="10" m_a="1.000000" m_b="0.000000" m_c="0.000000" m_d="1.000000" m_tx="0.000000" m_ty="0.000000"/>
  </frame>
  <frame idx="300" w="172" h="223" x="4.000000" y="-40.250000">
   <element name="buckets" layername="buckets" frame="1" z_index="10" m_a="1.000000" m_b="0.000000" m_c="0.000000" m_d="1.000000" m_tx="4.000000" m_ty="0.000000"/>
  </frame>
  <frame idx="325" w="176" h="223" x="0.000000" y="-40.250000">
   <element name="buckets" layername="buckets" frame="1" z_index="10" m_a="1.000000" m_b="0.000000" m_c="0.000000" m_d="1.000000" m_tx="0.000000" m_ty="0.000000"/>
  </frame>
  <frame idx="350" w="181" h="223" x="-4.000000" y="-40.250000">
   <element name="buckets" layername="buckets" frame="1" z_index="10" m_a="1.000000" m_b="0.000000" m_c="0.000000" m_d="1.000000" m_tx="-4.000000" m_ty="0.000000"/>
  </frame>
  <frame idx="375" w="176" h="223" x="0.000000" y="-40.250000">
   <element name="buckets" layername="buckets" frame="1" z_index="10" m_a="1.000000" m_b="0.000000" m_c="0.000000" m_d="1.000000" m_tx="0.000000" m_ty="0.000000"/>
  </frame>
  <frame idx="400" w="172" h="223" x="4.000000" y="-40.250000">
   <element name="buckets" layername="buckets" frame="1" z_index="10" m_a="1.000000" m_b="0.000000" m_c="0.000000" m_d="1.000000" m_tx="4.000000" m_ty="0.000000"/>
  </frame>
  <frame idx="425" w="176" h="223" x="0.000000" y="-40.250000">
   <element name="buckets" layername="buckets" frame="1" z_index="10" m_a="1.000000" m_b="0.000000" m_c="0.000000" m_d="1.000000" m_tx="0.000000" m_ty="0.000000"/>
  </frame>
  <frame idx="450" w="181" h="223" x="-4.000000" y="-40.250000">
   <element name="buckets" layername="buckets" frame="1" z_index="10" m_a="1.000000" m_b="0.000000" m_c="0.000000" m_d="1.000000" m_tx="-4.000000" m_ty="0.000000"/>
  </frame>
  <frame idx="475" w="179" h="223" x="-2.000000" y="-40.250000">
   <element name="buckets" layername="buckets" frame="1" z_index="10" m_a="1.000000" m_b="0.000000" m_c="0.000000" m_d="1.000000" m_tx="-2.000000" m_ty="0.000000"/>
  </frame>
  <frame idx="500" w="176" h="223" x="0.000000" y="-40.250000">
   <element name="buckets" layername="buckets" frame="1" z_index="10" m_a="1.000000" m_b="0.000000" m_c="0.000000" m_d="1.000000" m_tx="0.000000" m_ty="0.000000"/>
  </frame>
  <frame idx="525" w="176" h="223" x="0.000000" y="-40.250000">
   <element name="buckets" layername="buckets" frame="1" z_index="10" m_a="1.000000" m_b="0.000000" m_c="0.000000" m_d="1.000000" m_tx="0.000000" m_ty="0.000000"/>
  </frame>
  <frame idx="550" w="176" h="223" x="0.000000" y="-40.250000">
   <element name="buckets" layername="buckets" frame="1" z_index="10" m_a="1.000000" m_b="0.000000" m_c="0.000000" m_d="1.000000" m_tx="0.000000" m_ty="0.000000"/>
  </frame>
  <frame idx="575" w="176" h="223" x="0.000000" y="-40.250000">
   <element name="buckets" layername="buckets" frame="1" z_index="10" m_a="1.000000" m_b="0.000000" m_c="0.000000" m_d="1.000000" m_tx="0.000000" m_ty="0.000000"/>
  </frame>
  <frame idx="600" w="176" h="223" x="0.000000" y="-40.250000">
   <element name="buckets" layername="buckets" frame="1" z_index="10" m_a="1.000000" m_b="0.000000" m_c="0.000000" m_d="1.000000" m_tx="0.000000" m_ty="0.000000"/>
  </frame>
  <frame idx="625" w="212" h="203" x="31.694756" y="-58.258774">
   <element name="buckets" layername="buckets" frame="1" z_index="10" m_a="1.396184" m_b="0.000000" m_c="0.000000" m_d="0.776289" m_tx="0.000000" m_ty="0.000000"/>
  </frame>
  <frame idx="650" w="247" h="183" x="63.389526" y="-76.267548">
   <element name="buckets" layername="buckets" frame="1" z_index="10" m_a="1.792369" m_b="0.000000" m_c="0.000000" m_d="0.552577" m_tx="0.000000" m_ty="0.000000"/>
  </frame>
  <frame idx="675" w="248" h="190" x="64.809235" y="-70.229057">
   <element name="buckets" layername="buckets" frame="1" z_index="10" m_a="1.810115" m_b="0.000000" m_c="0.000000" m_d="0.627589" m_tx="0.000000" m_ty="0.000000"/>
  </frame>
  <frame idx="700" w="250" h="196" x="66.228928" y="-64.190567">
   <element name="buckets" layername="buckets" frame="1" z_index="10" m_a="1.827862" m_b="0.000000" m_c="0.000000" m_d="0.702602" m_tx="0.000000" m_ty="0.000000"/>
  </frame>
  <frame idx="725" w="251" h="203" x="67.648636" y="-58.152073">
   <element name="buckets" layername="buckets" frame="4" z_index="10" m_a="1.845608" m_b="0.000000" m_c="0.000000" m_d="0.777614" m_tx="0.000000" m_ty="0.000000"/>
  </frame>
  <frame idx="750" w="152" h="282" x="-22.360237" y="14.349518">
   <element name="buckets" layername="buckets" frame="4" z_index="10" m_a="0.720497" m_b="0.000000" m_c="0.000000" m_d="1.678255" m_tx="0.000000" m_ty="0.000000"/>
  </frame>
  <frame idx="775" w="164" h="252" x="-11.180122" y="-12.950233">
   <element name="buckets" layername="buckets" frame="4" z_index="10" m_a="0.860249" m_b="0.000000" m_c="0.000000" m_d="1.339128" m_tx="0.000000" m_ty="0.000000"/>
  </frame>
  <frame idx="800" w="176" h="223" x="0.000000" y="-40.250000">
   <element name="buckets" layername="buckets" frame="4" z_index="10" m_a="1.000000" m_b="0.000000" m_c="0.000000" m_d="1.000000" m_tx="0.000000" m_ty="0.000000"/>
  </frame>
 </anim>
 <anim name="turn_to_full" root="buckets" numframes="1325" framerate="40">
  <frame idx="0" w="176" h="223" x="0.000000" y="-40.250000">
   <element name="buckets" layername="buckets" frame="5" z_index="10" m_a="1.000000" m_b="0.000000" m_c="0.000000" m_d="1.000000" m_tx="0.000000" m_ty="0.000000"/>
  </frame>
  <frame idx="25" w="178" h="225" x="0.699448" y="-40.951195">
   <element name="buckets" layername="buckets" frame="5" z_index="10" m_a="0.999962" m_b="-0.008727" m_c="0.008727" m_d="0.999962" m_tx="0.000000" m_ty="0.000000"/>
  </frame>
  <frame idx="50" w="179" h="227" x="1.392731" y="-41.658455">
   <element name="buckets" layername="buckets" frame="5" z_index="10" m_a="0.999848" m_b="-0.017452" m_c="0.017452" m_d="0.999848" m_tx="0.000000" m_ty="0.000000"/>
  </frame>
  <frame idx="75" w="180" h="229" x="2.079834" y="-42.371742">
   <element name="buckets" layername="buckets" frame="5" z_index="10" m_a="0.999657" m_b="-0.026177" m_c="0.026177" m_d="0.999657" m_tx="0.000000" m_ty="0.000000"/>
  </frame>
  <frame idx="100" w="180" h="231" x="2.760674" y="-43.090996">
   <element name="buckets" layername="buckets" frame="5" z_index="10" m_a="0.999391" m_b="-0.034899" m_c="0.034899" m_d="0.999391" m_tx="0.000000" m_ty="0.000000"/>
  </frame>
  <frame idx="125" w="180" h="229" x="2.079834" y="-42.371742">
   <element name="buckets" layername="buckets" frame="5" z_index="10" m_a="0.999657" m_b="-0.026177" m_c="0.026177" m_d="0.999657" m_tx="0.000000" m_ty="0.000000"/>
  </frame>
  <frame idx="150" w="179" h="227" x="1.392731" y="-41.658455">
   <element name="buckets" layername="buckets" frame="5" z_index="10" m_a="0.999848" m_b="-0.017452" m_c="0.017452" m_d="0.999848" m_tx="0.000000" m_ty="0.000000"/>
  </frame>
  <frame idx="175" w="178" h="225" x="0.699448" y="-40.951195">
   <element name="buckets" layername="buckets" frame="5" z_index="10" m_a="0.999962" m_b="-0.008727" m_c="0.008727" m_d="0.999962" m_tx="0.000000" m_ty="0.000000"/>
  </frame>
  <frame idx="200" w="176" h="223" x="0.000000" y="-40.250000">
   <element name="buckets" layername="buckets" frame="5" z_index="10" m_a="1.000000" m_b="0.000000" m_c="0.000000" m_d="1.000000" m_tx="0.000000" m_ty="0.000000"/>
  </frame>
  <frame idx="225" w="180" h="223" x="-0.705528" y="-39.554947">
   <element name="buckets" layername="buckets" frame="5" z_index="10" m_a="0.999962" m_b="0.008727" m_c="-0.008727" m_d="0.999962" m_tx="0.000000" m_ty="0.000000"/>
  </frame>
  <frame idx="250" w="182" h="224" x="-1.417107" y="-38.866074">
   <element name="buckets" layername="buckets" frame="5" z_index="10" m_a="0.999848" m_b="0.017452" m_c="-0.017452" m_d="0.999848" m_tx="0.000000" m_ty="0.000000"/>
  </frame>
  <frame idx="275" w="184" h="225" x="-2.134659" y="-38.183434">
   <element name="buckets" layername="buckets" frame="5" z_index="10" m_a="0.999657" m_b="0.026177" m_c="-0.026177" m_d="0.999657" m_tx="0.000000" m_ty="0.000000"/>
  </frame>
  <frame idx="300" w="186" h="225" x="-2.858154" y="-37.507065">
   <element name="buckets" layername="buckets" frame="5" z_index="10" m_a="0.999391" m_b="0.034900" m_c="-0.034900" m_d="0.999391" m_tx="0.000000" m_ty="0.000000"/>
  </frame>
  <frame idx="325" w="184" h="225" x="-2.134636" y="-38.183456">
   <element name="buckets" layername="buckets" frame="5" z_index="10" m_a="0.999657" m_b="0.026177" m_c="-0.026177" m_d="0.999657" m_tx="0.000000" m_ty="0.000000"/>
  </frame>
  <frame idx="350" w="182" h="224" x="-1.417076" y="-38.866089">
   <element name="buckets" layername="buckets" frame="5" z_index="10" m_a="0.999848" m_b="0.017452" m_c="-0.017452" m_d="0.999848" m_tx="0.000000" m_ty="0.000000"/>
  </frame>
  <frame idx="375" w="180" h="223" x="-0.705513" y="-39.554962">
   <element name="buckets" layername="buckets" frame="5" z_index="10" m_a="0.999962" m_b="0.008726" m_c="-0.008726" m_d="0.999962" m_tx="0.000000" m_ty="0.000000"/>
  </frame>
  <frame idx="400" w="178" h="223" x="0.000015" y="-40.250015">
   <element name="buckets" layername="buckets" frame="5" z_index="10" m_a="1.000000" m_b="-0.000000" m_c="0.000000" m_d="1.000000" m_tx="0.000000" m_ty="0.000000"/>
  </frame>
  <frame idx="425" w="178" h="225" x="0.699448" y="-40.951195">
   <element name="buckets" layername="buckets" frame="5" z_index="10" m_a="0.999962" m_b="-0.008727" m_c="0.008727" m_d="0.999962" m_tx="0.000000" m_ty="0.000000"/>
  </frame>
  <frame idx="450" w="179" h="227" x="1.392746" y="-41.658455">
   <element name="buckets" layername="buckets" frame="5" z_index="10" m_a="0.999848" m_b="-0.017452" m_c="0.017452" m_d="0.999848" m_tx="0.000000" m_ty="0.000000"/>
  </frame>
  <frame idx="475" w="180" h="229" x="2.079834" y="-42.371742">
   <element name="buckets" layername="buckets" frame="5" z_index="10" m_a="0.999657" m_b="-0.026177" m_c="0.026177" m_d="0.999657" m_tx="0.000000" m_ty="0.000000"/>
  </frame>
  <frame idx="500" w="180" h="231" x="2.760674" y="-43.090996">
   <element name="buckets" layername="buckets" frame="5" z_index="10" m_a="0.999391" m_b="-0.034899" m_c="0.034899" m_d="0.999391" m_tx="0.000000" m_ty="0.000000"/>
  </frame>
  <frame idx="525" w="180" h="229" x="2.079834" y="-42.371742">
   <element name="buckets" layername="buckets" frame="5" z_index="10" m_a="0.999657" m_b="-0.026177" m_c="0.026177" m_d="0.999657" m_tx="0.000000" m_ty="0.000000"/>
  </frame>
  <frame idx="550" w="179" h="227" x="1.392731" y="-41.658455">
   <element name="buckets" layername="buckets" frame="5" z_index="10" m_a="0.999848" m_b="-0.017452" m_c="0.017452" m_d="0.999848" m_tx="0.000000" m_ty="0.000000"/>
  </frame>
  <frame idx="575" w="178" h="225" x="0.699448" y="-40.951195">
   <element name="buckets" layername="buckets" frame="5" z_index="10" m_a="0.999962" m_b="-0.008727" m_c="0.008727" m_d="0.999962" m_tx="0.000000" m_ty="0.000000"/>
  </frame>
  <frame idx="600" w="176" h="223" x="0.000000" y="-40.250000">
   <element name="buckets" layername="buckets" frame="5" z_index="10" m_a="1.000000" m_b="0.000000" m_c="0.000000" m_d="1.000000" m_tx="0.000000" m_ty="0.000000"/>
  </frame>
  <frame idx="625" w="180" h="223" x="-0.705528" y="-39.554947">
   <element name="buckets" layername="buckets" frame="5" z_index="10" m_a="0.999962" m_b="0.008727" m_c="-0.008727" m_d="0.999962" m_tx="0.000000" m_ty="0.000000"/>
  </frame>
  <frame idx="650" w="182" h="224" x="-1.417107" y="-38.866074">
   <element name="buckets" layername="buckets" frame="5" z_index="10" m_a="0.999848" m_b="0.017452" m_c="-0.017452" m_d="0.999848" m_tx="0.000000" m_ty="0.000000"/>
  </frame>
  <frame idx="675" w="184" h="225" x="-2.134659" y="-38.183434">
   <element name="buckets" layername="buckets" frame="5" z_index="10" m_a="0.999657" m_b="0.026177" m_c="-0.026177" m_d="0.999657" m_tx="0.000000" m_ty="0.000000"/>
  </frame>
  <frame idx="700" w="186" h="225" x="-2.858154" y="-37.507065">
   <element name="buckets" layername="buckets" frame="5" z_index="10" m_a="0.999391" m_b="0.034900" m_c="-0.034900" m_d="0.999391" m_tx="0.000000" m_ty="0.000000"/>
  </frame>
  <frame idx="725" w="184" h="225" x="-2.134636" y="-38.183456">
   <element name="buckets" layername="buckets" frame="5" z_index="10" m_a="0.999657" m_b="0.026177" m_c="-0.026177" m_d="0.999657" m_tx="0.000000" m_ty="0.000000"/>
  </frame>
  <frame idx="750" w="182" h="224" x="-1.417076" y="-38.866089">
   <element name="buckets" layername="buckets" frame="5" z_index="10" m_a="0.999848" m_b="0.017452" m_c="-0.017452" m_d="0.999848" m_tx="0.000000" m_ty="0.000000"/>
  </frame>
  <frame idx="775" w="180" h="223" x="-0.705513" y="-39.554962">
   <element name="buckets" layername="buckets" frame="5" z_index="10" m_a="0.999962" m_b="0.008726" m_c="-0.008726" m_d="0.999962" m_tx="0.000000" m_ty="0.000000"/>
  </frame>
  <frame idx="800" w="178" h="223" x="0.000015" y="-40.250015">
   <element name="buckets" layername="buckets" frame="5" z_index="10" m_a="1.000000" m_b="-0.000000" m_c="0.000000" m_d="1.000000" m_tx="0.000000" m_ty="0.000000"/>
  </frame>
  <frame idx="825" w="178" h="225" x="0.699448" y="-40.951195">
   <element name="buckets" layername="buckets" frame="5" z_index="10" m_a="0.999962" m_b="-0.008727" m_c="0.008727" m_d="0.999962" m_tx="0.000000" m_ty="0.000000"/>
  </frame>
  <frame idx="850" w="179" h="227" x="1.392746" y="-41.658455">
   <element name="buckets" layername="buckets" frame="5" z_index="10" m_a="0.999848" m_b="-0.017452" m_c="0.017452" m_d="0.999848" m_tx="0.000000" m_ty="0.000000"/>
  </frame>
  <frame idx="875" w="180" h="229" x="2.079834" y="-42.371742">
   <element name="buckets" layername="buckets" frame="5" z_index="10" m_a="0.999657" m_b="-0.026177" m_c="0.026177" m_d="0.999657" m_tx="0.000000" m_ty="0.000000"/>
  </frame>
  <frame idx="900" w="180" h="231" x="2.760674" y="-43.090996">
   <element name="buckets" layername="buckets" frame="5" z_index="10" m_a="0.999391" m_b="-0.034899" m_c="0.034899" m_d="0.999391" m_tx="0.000000" m_ty="0.000000"/>
  </frame>
  <frame idx="925" w="180" h="229" x="2.079834" y="-42.371742">
   <element name="buckets" layername="buckets" frame="5" z_index="10" m_a="0.999657" m_b="-0.026177" m_c="0.026177" m_d="0.999657" m_tx="0.000000" m_ty="0.000000"/>
  </frame>
  <frame idx="950" w="179" h="227" x="1.392731" y="-41.658455">
   <element name="buckets" layername="buckets" frame="5" z_index="10" m_a="0.999848" m_b="-0.017452" m_c="0.017452" m_d="0.999848" m_tx="0.000000" m_ty="0.000000"/>
  </frame>
  <frame idx="975" w="178" h="225" x="0.699448" y="-40.951195">
   <element name="buckets" layername="buckets" frame="5" z_index="10" m_a="0.999962" m_b="-0.008727" m_c="0.008727" m_d="0.999962" m_tx="0.000000" m_ty="0.000000"/>
  </frame>
  <frame idx="1000" w="176" h="223" x="0.000000" y="-40.250000">
   <element name="buckets" layername="buckets" frame="5" z_index="10" m_a="1.000000" m_b="0.000000" m_c="0.000000" m_d="1.000000" m_tx="0.000000" m_ty="0.000000"/>
  </frame>
  <frame idx="1025" w="154" h="262" x="-20.342640" y="-3.711731">
   <element name="buckets" layername="buckets" frame="5" z_index="10" m_a="0.745717" m_b="0.000000" m_c="0.000000" m_d="1.453892" m_tx="0.000000" m_ty="0.000000"/>
  </frame>
  <frame idx="1050" w="132" h="303" x="-40.685280" y="32.826538">
   <element name="buckets" layername="buckets" frame="2" z_index="10" m_a="0.491434" m_b="0.000000" m_c="0.000000" m_d="1.907783" m_tx="0.000000" m_ty="0.000000"/>
  </frame>
  <frame idx="1075" w="157" h="270" x="-18.419666" y="3.165222">
   <element name="buckets" layername="buckets" frame="2" z_index="10" m_a="0.769754" m_b="0.000000" m_c="0.000000" m_d="1.539320" m_tx="0.000000" m_ty="0.000000"/>
  </frame>
  <frame idx="1100" w="181" h="238" x="3.845947" y="-26.496101">
   <element name="buckets" layername="buckets" frame="2" z_index="10" m_a="1.048074" m_b="0.000000" m_c="0.000000" m_d="1.170856" m_tx="0.000000" m_ty="0.000000"/>
  </frame>
  <frame idx="1125" w="206" h="205" x="26.111557" y="-56.157417">
   <element name="buckets" layername="buckets" frame="2" z_index="10" m_a="1.326394" m_b="0.000000" m_c="0.000000" m_d="0.802392" m_tx="0.000000" m_ty="0.000000"/>
  </frame>
  <frame idx="1150" w="230" h="172" x="48.377167" y="-85.818741">
   <element name="buckets" layername="buckets" frame="2" z_index="10" m_a="1.604715" m_b="0.000000" m_c="0.000000" m_d="0.433929" m_tx="0.000000" m_ty="0.000000"/>
  </frame>
  <frame idx="1175" w="220" h="181" x="39.470909" y="-78.235641">
   <element name="buckets" layername="buckets" frame="2" z_index="10" m_a="1.493386" m_b="0.000000" m_c="0.000000" m_d="0.528129" m_tx="0.000000" m_ty="0.000000"/>
  </frame>
  <frame idx="1200" w="206" h="194" x="26.313934" y="-65.573761">
   <element name="buckets" layername="buckets" frame="2" z_index="10" m_a="1.328924" m_b="0.000000" m_c="0.000000" m_d="0.685419" m_tx="0.000000" m_ty="0.000000"/>
  </frame>
  <frame idx="1225" w="192" h="208" x="13.156967" y="-52.911880">
   <element name="buckets" layername="buckets" frame="2" z_index="10" m_a="1.164462" m_b="0.000000" m_c="0.000000" m_d="0.842710" m_tx="0.000000" m_ty="0.000000"/>
  </frame>
  <frame idx="1250" w="176" h="223" x="0.000000" y="-40.250000">
   <element name="buckets" layername="buckets" frame="2" z_index="10" m_a="1.000000" m_b="0.000000" m_c="0.000000" m_d="1.000000" m_tx="0.000000" m_ty="0.000000"/>
  </frame>
  <frame idx="1275" w="176" h="223" x="0.000000" y="-40.250000">
   <element name="buckets" layername="buckets" frame="2" z_index="10" m_a="1.000000" m_b="0.000000" m_c="0.000000" m_d="1.000000" m_tx="0.000000" m_ty="0.000000"/>
  </frame>
  <frame idx="1300" w="176" h="223" x="0.000000" y="-40.250000">
   <element name="buckets" layername="buckets" frame="2" z_index="10" m_a="1.000000" m_b="0.000000" m_c="0.000000" m_d="1.000000" m_tx="0.000000" m_ty="0.000000"/>
  </frame>
 </anim>
 <anim name="turn_to_full_dirty" root="buckets" numframes="1275" framerate="40">
  <frame idx="0" w="176" h="223" x="0.000000" y="-40.250000">
   <element name="buckets" layername="buckets" frame="4" z_index="10" m_a="1.000000" m_b="0.000000" m_c="0.000000" m_d="1.000000" m_tx="0.000000" m_ty="0.000000"/>
  </frame>
  <frame idx="25" w="178" h="225" x="0.699448" y="-40.951195">
   <element name="buckets" layername="buckets" frame="4" z_index="10" m_a="0.999962" m_b="-0.008727" m_c="0.008727" m_d="0.999962" m_tx="0.000000" m_ty="0.000000"/>
  </frame>
  <frame idx="50" w="179" h="227" x="1.392731" y="-41.658455">
   <element name="buckets" layername="buckets" frame="4" z_index="10" m_a="0.999848" m_b="-0.017452" m_c="0.017452" m_d="0.999848" m_tx="0.000000" m_ty="0.000000"/>
  </frame>
  <frame idx="75" w="180" h="229" x="2.079834" y="-42.371742">
   <element name="buckets" layername="buckets" frame="4" z_index="10" m_a="0.999657" m_b="-0.026177" m_c="0.026177" m_d="0.999657" m_tx="0.000000" m_ty="0.000000"/>
  </frame>
  <frame idx="100" w="180" h="231" x="2.760674" y="-43.090996">
   <element name="buckets" layername="buckets" frame="4" z_index="10" m_a="0.999391" m_b="-0.034899" m_c="0.034899" m_d="0.999391" m_tx="0.000000" m_ty="0.000000"/>
  </frame>
  <frame idx="125" w="180" h="229" x="2.079834" y="-42.371742">
   <element name="buckets" layername="buckets" frame="4" z_index="10" m_a="0.999657" m_b="-0.026177" m_c="0.026177" m_d="0.999657" m_tx="0.000000" m_ty="0.000000"/>
  </frame>
  <frame idx="150" w="179" h="227" x="1.392731" y="-41.658455">
   <element name="buckets" layername="buckets" frame="4" z_index="10" m_a="0.999848" m_b="-0.017452" m_c="0.017452" m_d="0.999848" m_tx="0.000000" m_ty="0.000000"/>
  </frame>
  <frame idx="175" w="178" h="225" x="0.699448" y="-40.951195">
   <element name="buckets" layername="buckets" frame="4" z_index="10" m_a="0.999962" m_b="-0.008727" m_c="0.008727" m_d="0.999962" m_tx="0.000000" m_ty="0.000000"/>
  </frame>
  <frame idx="200" w="176" h="223" x="0.000000" y="-40.250000">
   <element name="buckets" layername="buckets" frame="4" z_index="10" m_a="1.000000" m_b="0.000000" m_c="0.000000" m_d="1.000000" m_tx="0.000000" m_ty="0.000000"/>
  </frame>
  <frame idx="225" w="180" h="223" x="-0.705528" y="-39.554947">
   <element name="buckets" layername="buckets" frame="4" z_index="10" m_a="0.999962" m_b="0.008727" m_c="-0.008727" m_d="0.999962" m_tx="0.000000" m_ty="0.000000"/>
  </frame>
  <frame idx="250" w="182" h="224" x="-1.417107" y="-38.866074">
   <element name="buckets" layername="buckets" frame="4" z_index="10" m_a="0.999848" m_b="0.017452" m_c="-0.017452" m_d="0.999848" m_tx="0.000000" m_ty="0.000000"/>
  </frame>
  <frame idx="275" w="184" h="225" x="-2.134659" y="-38.183434">
   <element name="buckets" layername="buckets" frame="4" z_index="10" m_a="0.999657" m_b="0.026177" m_c="-0.026177" m_d="0.999657" m_tx="0.000000" m_ty="0.000000"/>
  </frame>
  <frame idx="300" w="186" h="225" x="-2.858154" y="-37.507065">
   <element name="buckets" layername="buckets" frame="4" z_index="10" m_a="0.999391" m_b="0.034900" m_c="-0.034900" m_d="0.999391" m_tx="0.000000" m_ty="0.000000"/>
  </frame>
  <frame idx="325" w="184" h="225" x="-2.134636" y="-38.183456">
   <element name="buckets" layername="buckets" frame="4" z_index="10" m_a="0.999657" m_b="0.026177" m_c="-0.026177" m_d="0.999657" m_tx="0.000000" m_ty="0.000000"/>
  </frame>
  <frame idx="350" w="182" h="224" x="-1.417076" y="-38.866089">
   <element name="buckets" layername="buckets" frame="4" z_index="10" m_a="0.999848" m_b="0.017452" m_c="-0.017452" m_d="0.999848" m_tx="0.000000" m_ty="0.000000"/>
  </frame>
  <frame idx="375" w="180" h="223" x="-0.705513" y="-39.554962">
   <element name="buckets" layername="buckets" frame="4" z_index="10" m_a="0.999962" m_b="0.008726" m_c="-0.008726" m_d="0.999962" m_tx="0.000000" m_ty="0.000000"/>
  </frame>
  <frame idx="400" w="178" h="223" x="0.000015" y="-40.250015">
   <element name="buckets" layername="buckets" frame="4" z_index="10" m_a="1.000000" m_b="-0.000000" m_c="0.000000" m_d="1.000000" m_tx="0.000000" m_ty="0.000000"/>
  </frame>
  <frame idx="425" w="178" h="225" x="0.699448" y="-40.951195">
   <element name="buckets" layername="buckets" frame="4" z_index="10" m_a="0.999962" m_b="-0.008727" m_c="0.008727" m_d="0.999962" m_tx="0.000000" m_ty="0.000000"/>
  </frame>
  <frame idx="450" w="179" h="227" x="1.392746" y="-41.658455">
   <element name="buckets" layername="buckets" frame="4" z_index="10" m_a="0.999848" m_b="-0.017452" m_c="0.017452" m_d="0.999848" m_tx="0.000000" m_ty="0.000000"/>
  </frame>
  <frame idx="475" w="180" h="229" x="2.079834" y="-42.371742">
   <element name="buckets" layername="buckets" frame="4" z_index="10" m_a="0.999657" m_b="-0.026177" m_c="0.026177" m_d="0.999657" m_tx="0.000000" m_ty="0.000000"/>
  </frame>
  <frame idx="500" w="180" h="231" x="2.760674" y="-43.090996">
   <element name="buckets" layername="buckets" frame="4" z_index="10" m_a="0.999391" m_b="-0.034899" m_c="0.034899" m_d="0.999391" m_tx="0.000000" m_ty="0.000000"/>
  </frame>
  <frame idx="525" w="180" h="229" x="2.079834" y="-42.371742">
   <element name="buckets" layername="buckets" frame="4" z_index="10" m_a="0.999657" m_b="-0.026177" m_c="0.026177" m_d="0.999657" m_tx="0.000000" m_ty="0.000000"/>
  </frame>
  <frame idx="550" w="179" h="227" x="1.392731" y="-41.658455">
   <element name="buckets" layername="buckets" frame="4" z_index="10" m_a="0.999848" m_b="-0.017452" m_c="0.017452" m_d="0.999848" m_tx="0.000000" m_ty="0.000000"/>
  </frame>
  <frame idx="575" w="178" h="225" x="0.699448" y="-40.951195">
   <element name="buckets" layername="buckets" frame="4" z_index="10" m_a="0.999962" m_b="-0.008727" m_c="0.008727" m_d="0.999962" m_tx="0.000000" m_ty="0.000000"/>
  </frame>
  <frame idx="600" w="176" h="223" x="0.000000" y="-40.250000">
   <element name="buckets" layername="buckets" frame="4" z_index="10" m_a="1.000000" m_b="0.000000" m_c="0.000000" m_d="1.000000" m_tx="0.000000" m_ty="0.000000"/>
  </frame>
  <frame idx="625" w="180" h="223" x="-0.705528" y="-39.554947">
   <element name="buckets" layername="buckets" frame="4" z_index="10" m_a="0.999962" m_b="0.008727" m_c="-0.008727" m_d="0.999962" m_tx="0.000000" m_ty="0.000000"/>
  </frame>
  <frame idx="650" w="182" h="224" x="-1.417107" y="-38.866074">
   <element name="buckets" layername="buckets" frame="4" z_index="10" m_a="0.999848" m_b="0.017452" m_c="-0.017452" m_d="0.999848" m_tx="0.000000" m_ty="0.000000"/>
  </frame>
  <frame idx="675" w="184" h="225" x="-2.134659" y="-38.183434">
   <element name="buckets" layername="buckets" frame="4" z_index="10" m_a="0.999657" m_b="0.026177" m_c="-0.026177" m_d="0.999657" m_tx="0.000000" m_ty="0.000000"/>
  </frame>
  <frame idx="700" w="186" h="225" x="-2.858154" y="-37.507065">
   <element name="buckets" layername="buckets" frame="4" z_index="10" m_a="0.999391" m_b="0.034900" m_c="-0.034900" m_d="0.999391" m_tx="0.000000" m_ty="0.000000"/>
  </frame>
  <frame idx="725" w="184" h="225" x="-2.134636" y="-38.183456">
   <element name="buckets" layername="buckets" frame="4" z_index="10" m_a="0.999657" m_b="0.026177" m_c="-0.026177" m_d="0.999657" m_tx="0.000000" m_ty="0.000000"/>
  </frame>
  <frame idx="750" w="182" h="224" x="-1.417076" y="-38.866089">
   <element name="buckets" layername="buckets" frame="4" z_index="10" m_a="0.999848" m_b="0.017452" m_c="-0.017452" m_d="0.999848" m_tx="0.000000" m_ty="0.000000"/>
  </frame>
  <frame idx="775" w="180" h="223" x="-0.705513" y="-39.554962">
   <element name="buckets" layername="buckets" frame="4" z_index="10" m_a="0.999962" m_b="0.008726" m_c="-0.008726" m_d="0.999962" m_tx="0.000000" m_ty="0.000000"/>
  </frame>
  <frame idx="800" w="178" h="223" x="0.000015" y="-40.250015">
   <element name="buckets" layername="buckets" frame="4" z_index="10" m_a="1.000000" m_b="-0.000000" m_c="0.000000" m_d="1.000000" m_tx="0.000000" m_ty="0.000000"/>
  </frame>
  <frame idx="825" w="178" h="225" x="0.699448" y="-40.951195">
   <element name="buckets" layername="buckets" frame="4" z_index="10" m_a="0.999962" m_b="-0.008727" m_c="0.008727" m_d="0.999962" m_tx="0.000000" m_ty="0.000000"/>
  </frame>
  <frame idx="850" w="179" h="227" x="1.392746" y="-41.658455">
   <element name="buckets" layername="buckets" frame="4" z_index="10" m_a="0.999848" m_b="-0.017452" m_c="0.017452" m_d="0.999848" m_tx="0.000000" m_ty="0.000000"/>
  </frame>
  <frame idx="875" w="180" h="229" x="2.079834" y="-42.371742">
   <element name="buckets" layername="buckets" frame="4" z_index="10" m_a="0.999657" m_b="-0.026177" m_c="0.026177" m_d="0.999657" m_tx="0.000000" m_ty="0.000000"/>
  </frame>
  <frame idx="900" w="180" h="231" x="2.760674" y="-43.090996">
   <element name="buckets" layername="buckets" frame="4" z_index="10" m_a="0.999391" m_b="-0.034899" m_c="0.034899" m_d="0.999391" m_tx="0.000000" m_ty="0.000000"/>
  </frame>
  <frame idx="925" w="180" h="229" x="2.079834" y="-42.371742">
   <element name="buckets" layername="buckets" frame="4" z_index="10" m_a="0.999657" m_b="-0.026177" m_c="0.026177" m_d="0.999657" m_tx="0.000000" m_ty="0.000000"/>
  </frame>
  <frame idx="950" w="179" h="227" x="1.392731" y="-41.658455">
   <element name="buckets" layername="buckets" frame="4" z_index="10" m_a="0.999848" m_b="-0.017452" m_c="0.017452" m_d="0.999848" m_tx="0.000000" m_ty="0.000000"/>
  </frame>
  <frame idx="975" w="178" h="225" x="0.699448" y="-40.951195">
   <element name="buckets" layername="buckets" frame="4" z_index="10" m_a="0.999962" m_b="-0.008727" m_c="0.008727" m_d="0.999962" m_tx="0.000000" m_ty="0.000000"/>
  </frame>
  <frame idx="1000" w="176" h="223" x="0.000000" y="-40.250000">
   <element name="buckets" layername="buckets" frame="4" z_index="10" m_a="1.000000" m_b="0.000000" m_c="0.000000" m_d="1.000000" m_tx="0.000000" m_ty="0.000000"/>
  </frame>
  <frame idx="1025" w="154" h="262" x="-20.342640" y="-3.711731">
   <element name="buckets" layername="buckets" frame="4" z_index="10" m_a="0.745717" m_b="0.000000" m_c="0.000000" m_d="1.453892" m_tx="0.000000" m_ty="0.000000"/>
  </frame>
  <frame idx="1050" w="132" h="303" x="-40.685280" y="32.826538">
   <element name="buckets" layername="buckets" frame="1" z_index="10" m_a="0.491434" m_b="0.000000" m_c="0.000000" m_d="1.907783" m_tx="0.000000" m_ty="0.000000"/>
  </frame>
  <frame idx="1075" w="157" h="270" x="-18.419666" y="3.165222">
   <element name="buckets" layername="buckets" frame="1" z_index="10" m_a="0.769754" m_b="0.000000" m_c="0.000000" m_d="1.539320" m_tx="0.000000" m_ty="0.000000"/>
  </frame>
  <frame idx="1100" w="181" h="238" x="3.845947" y="-26.496101">
   <element name="buckets" layername="buckets" frame="1" z_index="10" m_a="1.048074" m_b="0.000000" m_c="0.000000" m_d="1.170856" m_tx="0.000000" m_ty="0.000000"/>
  </frame>
  <frame idx="1125" w="206" h="205" x="26.111557" y="-56.157417">
   <element name="buckets" layername="buckets" frame="1" z_index="10" m_a="1.326394" m_b="0.000000" m_c="0.000000" m_d="0.802392" m_tx="0.000000" m_ty="0.000000"/>
  </frame>
  <frame idx="1150" w="230" h="172" x="48.377167" y="-85.818741">
   <element name="buckets" layername="buckets" frame="1" z_index="10" m_a="1.604715" m_b="0.000000" m_c="0.000000" m_d="0.433929" m_tx="0.000000" m_ty="0.000000"/>
  </frame>
  <frame idx="1175" w="220" h="181" x="39.470909" y="-78.235641">
   <element name="buckets" layername="buckets" frame="1" z_index="10" m_a="1.493386" m_b="0.000000" m_c="0.000000" m_d="0.528129" m_tx="0.000000" m_ty="0.000000"/>
  </frame>
  <frame idx="1200" w="206" h="194" x="26.313934" y="-65.573761">
   <element name="buckets" layername="buckets" frame="1" z_index="10" m_a="1.328924" m_b="0.000000" m_c="0.000000" m_d="0.685419" m_tx="0.000000" m_ty="0.000000"/>
  </frame>
  <frame idx="1225" w="192" h="208" x="13.156967" y="-52.911880">
   <element name="buckets" layername="buckets" frame="1" z_index="10" m_a="1.164462" m_b="0.000000" m_c="0.000000" m_d="0.842710" m_tx="0.000000" m_ty="0.000000"/>
  </frame>
  <frame idx="1250" w="176" h="223" x="0.000000" y="-40.250000">
   <element name="buckets" layername="buckets" frame="1" z_index="10" m_a="1.000000" m_b="0.000000" m_c="0.000000" m_d="1.000000" m_tx="0.000000" m_ty="0.000000"/>
  </frame>
 </anim>
</Anims>
