<Anims>
 <anim name="turn_to_ice" root="kettle_drink" numframes="700" framerate="40">
  <frame idx="0" w="209" h="295" x="10.000000" y="-68.000000">
   <element name="water_clean" layername="water" frame="0" z_index="7" m_a="1.000000" m_b="0.000000" m_c="0.000000" m_d="1.000000" m_tx="-1.999999" m_ty="1.999998"/>
  </frame>
  <frame idx="25" w="212" h="295" x="8.000000" y="-68.000000">
   <element name="water_clean" layername="water" frame="0" z_index="7" m_a="1.000000" m_b="0.000000" m_c="0.000000" m_d="1.000000" m_tx="-3.999999" m_ty="1.999998"/>
  </frame>
  <frame idx="50" w="207" h="295" x="12.000000" y="-68.000000">
   <element name="water_clean" layername="water" frame="0" z_index="7" m_a="1.000000" m_b="0.000000" m_c="0.000000" m_d="1.000000" m_tx="0.000000" m_ty="1.999998"/>
  </frame>
  <frame idx="75" w="212" h="295" x="8.000000" y="-68.000000">
   <element name="water_clean" layername="water" frame="0" z_index="7" m_a="1.000000" m_b="0.000000" m_c="0.000000" m_d="1.000000" m_tx="-4.000000" m_ty="1.999998"/>
  </frame>
  <frame idx="100" w="207" h="295" x="12.000000" y="-68.000000">
   <element name="water_clean" layername="water" frame="0" z_index="7" m_a="1.000000" m_b="0.000000" m_c="0.000000" m_d="1.000000" m_tx="0.000000" m_ty="1.999998"/>
  </frame>
  <frame idx="125" w="212" h="295" x="8.000000" y="-68.000000">
   <element name="water_clean" layername="water" frame="0" z_index="7" m_a="1.000000" m_b="0.000000" m_c="0.000000" m_d="1.000000" m_tx="-4.000000" m_ty="1.999998"/>
  </frame>
  <frame idx="150" w="207" h="295" x="12.000000" y="-68.000000">
   <element name="water_clean" layername="water" frame="0" z_index="7" m_a="1.000000" m_b="0.000000" m_c="0.000000" m_d="1.000000" m_tx="0.000000" m_ty="1.999998"/>
  </frame>
  <frame idx="175" w="212" h="295" x="8.000000" y="-68.000000">
   <element name="water_clean" layername="water" frame="0" z_index="7" m_a="1.000000" m_b="0.000000" m_c="0.000000" m_d="1.000000" m_tx="-4.000000" m_ty="1.999998"/>
  </frame>
  <frame idx="200" w="207" h="295" x="12.000000" y="-68.000000">
   <element name="water_clean" layername="water" frame="0" z_index="7" m_a="1.000000" m_b="0.000000" m_c="0.000000" m_d="1.000000" m_tx="0.000000" m_ty="1.999998"/>
  </frame>
  <frame idx="225" w="212" h="295" x="8.000000" y="-68.000000">
   <element name="water_clean" layername="water" frame="0" z_index="7" m_a="1.000000" m_b="0.000000" m_c="0.000000" m_d="1.000000" m_tx="-4.000000" m_ty="1.999998"/>
  </frame>
  <frame idx="250" w="207" h="295" x="12.000000" y="-68.000000">
   <element name="water_clean" layername="water" frame="0" z_index="7" m_a="1.000000" m_b="0.000000" m_c="0.000000" m_d="1.000000" m_tx="0.000000" m_ty="1.999998"/>
  </frame>
  <frame idx="275" w="212" h="295" x="8.000000" y="-68.000000">
   <element name="water_clean" layername="water" frame="0" z_index="7" m_a="1.000000" m_b="0.000000" m_c="0.000000" m_d="1.000000" m_tx="-4.000000" m_ty="1.999998"/>
  </frame>
  <frame idx="300" w="207" h="295" x="12.000000" y="-68.000000">
   <element name="water_clean" layername="water" frame="0" z_index="7" m_a="1.000000" m_b="0.000000" m_c="0.000000" m_d="1.000000" m_tx="0.000000" m_ty="1.999998"/>
  </frame>
  <frame idx="325" w="212" h="295" x="8.000000" y="-68.000000">
   <element name="water_clean" layername="water" frame="0" z_index="7" m_a="1.000000" m_b="0.000000" m_c="0.000000" m_d="1.000000" m_tx="-4.000000" m_ty="1.999998"/>
  </frame>
  <frame idx="350" w="207" h="295" x="12.000000" y="-68.000000">
   <element name="water_clean" layername="water" frame="0" z_index="7" m_a="1.000000" m_b="0.000000" m_c="0.000000" m_d="1.000000" m_tx="0.000000" m_ty="1.999998"/>
  </frame>
  <frame idx="375" w="212" h="295" x="8.000000" y="-68.000000">
   <element name="water_clean" layername="water" frame="0" z_index="7" m_a="1.000000" m_b="0.000000" m_c="0.000000" m_d="1.000000" m_tx="-4.000000" m_ty="1.999998"/>
  </frame>
  <frame idx="400" w="209" h="295" x="10.000000" y="-68.000000">
   <element name="water_clean" layername="water" frame="0" z_index="7" m_a="1.000000" m_b="0.000000" m_c="0.000000" m_d="1.000000" m_tx="-2.000000" m_ty="1.999998"/>
  </frame>
  <frame idx="425" w="209" h="295" x="10.000000" y="-68.000000">
   <element name="water_clean" layername="water" frame="0" z_index="7" m_a="1.000000" m_b="0.000000" m_c="0.000000" m_d="1.000000" m_tx="-2.000000" m_ty="1.999998"/>
  </frame>
  <frame idx="450" w="209" h="295" x="10.000000" y="-68.000000">
   <element name="water_clean" layername="water" frame="0" z_index="7" m_a="1.000000" m_b="0.000000" m_c="0.000000" m_d="1.000000" m_tx="-2.000000" m_ty="1.999998"/>
  </frame>
  <frame idx="475" w="181" h="310" x="-14.000000" y="-60.100006">
   <element name="water_clean" layername="water" frame="0" z_index="7" m_a="0.750000" m_b="0.000000" m_c="0.000000" m_d="1.100000" m_tx="-1.000000" m_ty="-0.100001"/>
  </frame>
  <frame idx="500" w="152" h="321" x="-38.000000" y="-50.399986">
   <element name="water_clean_ice" layername="water" frame="0" z_index="7" m_a="0.500000" m_b="0.000000" m_c="0.000000" m_d="1.200000" m_tx="0.000000" m_ty="-2.400000"/>
  </frame>
  <frame idx="525" w="196" h="275" x="1.253403" y="-89.716324">
   <element name="water_clean_ice" layername="water" frame="0" z_index="7" m_a="0.892534" m_b="0.000000" m_c="0.000000" m_d="0.798813" m_tx="0.000000" m_ty="-1.597627"/>
  </frame>
  <frame idx="550" w="239" h="230" x="40.506805" y="-129.032654">
   <element name="water_clean_ice" layername="water" frame="0" z_index="7" m_a="1.285068" m_b="0.000000" m_c="0.000000" m_d="0.397626" m_tx="0.000000" m_ty="-0.795253"/>
  </frame>
  <frame idx="575" w="234" h="241" x="35.755669" y="-119.193878">
   <element name="water_clean_ice" layername="water" frame="0" z_index="7" m_a="1.237557" m_b="0.000000" m_c="0.000000" m_d="0.498022" m_tx="0.000000" m_ty="-0.996044"/>
  </frame>
  <frame idx="600" w="229" h="253" x="31.004532" y="-109.355103">
   <element name="water_clean_ice" layername="water" frame="0" z_index="7" m_a="1.190045" m_b="0.000000" m_c="0.000000" m_d="0.598417" m_tx="0.000000" m_ty="-1.196836"/>
  </frame>
  <frame idx="625" w="224" h="264" x="26.253403" y="-99.516335">
   <element name="water_clean_ice" layername="water" frame="0" z_index="7" m_a="1.142534" m_b="0.000000" m_c="0.000000" m_d="0.698813" m_tx="0.000000" m_ty="-1.397627"/>
  </frame>
  <frame idx="650" w="218" h="275" x="21.502266" y="-89.677551">
   <element name="water_clean_ice" layername="water" frame="0" z_index="7" m_a="1.095023" m_b="0.000000" m_c="0.000000" m_d="0.799209" m_tx="0.000000" m_ty="-1.598418"/>
  </frame>
  <frame idx="675" w="213" h="286" x="16.751137" y="-79.838776">
   <element name="water_clean_ice" layername="water" frame="0" z_index="7" m_a="1.047511" m_b="0.000000" m_c="0.000000" m_d="0.899604" m_tx="0.000000" m_ty="-1.799209"/>
  </frame>
 </anim>
 <anim name="turn_to_ice_dirty" root="kettle_drink" numframes="700" framerate="40">
  <frame idx="0" w="209" h="295" x="10.000000" y="-68.000000">
   <element name="water_dirty" layername="water" frame="0" z_index="7" m_a="1.000000" m_b="0.000000" m_c="0.000000" m_d="1.000000" m_tx="0.000001" m_ty="-0.000002"/>
  </frame>
  <frame idx="25" w="212" h="295" x="8.000000" y="-68.000000">
   <element name="water_dirty" layername="water" frame="0" z_index="7" m_a="1.000000" m_b="0.000000" m_c="0.000000" m_d="1.000000" m_tx="-1.999999" m_ty="-0.000002"/>
  </frame>
  <frame idx="50" w="207" h="295" x="12.000000" y="-68.000000">
   <element name="water_dirty" layername="water" frame="0" z_index="7" m_a="1.000000" m_b="0.000000" m_c="0.000000" m_d="1.000000" m_tx="2.000000" m_ty="-0.000002"/>
  </frame>
  <frame idx="75" w="212" h="295" x="8.000000" y="-68.000000">
   <element name="water_dirty" layername="water" frame="0" z_index="7" m_a="1.000000" m_b="0.000000" m_c="0.000000" m_d="1.000000" m_tx="-2.000000" m_ty="-0.000002"/>
  </frame>
  <frame idx="100" w="207" h="295" x="12.000000" y="-68.000000">
   <element name="water_dirty" layername="water" frame="0" z_index="7" m_a="1.000000" m_b="0.000000" m_c="0.000000" m_d="1.000000" m_tx="2.000000" m_ty="-0.000002"/>
  </frame>
  <frame idx="125" w="212" h="295" x="8.000000" y="-68.000000">
   <element name="water_dirty" layername="water" frame="0" z_index="7" m_a="1.000000" m_b="0.000000" m_c="0.000000" m_d="1.000000" m_tx="-2.000000" m_ty="-0.000002"/>
  </frame>
  <frame idx="150" w="207" h="295" x="12.000000" y="-68.000000">
   <element name="water_dirty" layername="water" frame="0" z_index="7" m_a="1.000000" m_b="0.000000" m_c="0.000000" m_d="1.000000" m_tx="2.000000" m_ty="-0.000002"/>
  </frame>
  <frame idx="175" w="212" h="295" x="8.000000" y="-68.000000">
   <element name="water_dirty" layername="water" frame="0" z_index="7" m_a="1.000000" m_b="0.000000" m_c="0.000000" m_d="1.000000" m_tx="-2.000000" m_ty="-0.000002"/>
  </frame>
  <frame idx="200" w="207" h="295" x="12.000000" y="-68.000000">
   <element name="water_dirty" layername="water" frame="0" z_index="7" m_a="1.000000" m_b="0.000000" m_c="0.000000" m_d="1.000000" m_tx="2.000000" m_ty="-0.000002"/>
  </frame>
  <frame idx="225" w="212" h="295" x="8.000000" y="-68.000000">
   <element name="water_dirty" layername="water" frame="0" z_index="7" m_a="1.000000" m_b="0.000000" m_c="0.000000" m_d="1.000000" m_tx="-2.000000" m_ty="-0.000002"/>
  </frame>
  <frame idx="250" w="207" h="295" x="12.000000" y="-68.000000">
   <element name="water_dirty" layername="water" frame="0" z_index="7" m_a="1.000000" m_b="0.000000" m_c="0.000000" m_d="1.000000" m_tx="2.000000" m_ty="-0.000002"/>
  </frame>
  <frame idx="275" w="212" h="295" x="8.000000" y="-68.000000">
   <element name="water_dirty" layername="water" frame="0" z_index="7" m_a="1.000000" m_b="0.000000" m_c="0.000000" m_d="1.000000" m_tx="-2.000000" m_ty="-0.000002"/>
  </frame>
  <frame idx="300" w="207" h="295" x="12.000000" y="-68.000000">
   <element name="water_dirty" layername="water" frame="0" z_index="7" m_a="1.000000" m_b="0.000000" m_c="0.000000" m_d="1.000000" m_tx="2.000000" m_ty="-0.000002"/>
  </frame>
  <frame idx="325" w="212" h="295" x="8.000000" y="-68.000000">
   <element name="water_dirty" layername="water" frame="0" z_index="7" m_a="1.000000" m_b="0.000000" m_c="0.000000" m_d="1.000000" m_tx="-2.000000" m_ty="-0.000002"/>
  </frame>
  <frame idx="350" w="207" h="295" x="12.000000" y="-68.000000">
   <element name="water_dirty" layername="water" frame="0" z_index="7" m_a="1.000000" m_b="0.000000" m_c="0.000000" m_d="1.000000" m_tx="2.000000" m_ty="-0.000002"/>
  </frame>
  <frame idx="375" w="212" h="295" x="8.000000" y="-68.000000">
   <element name="water_dirty" layername="water" frame="0" z_index="7" m_a="1.000000" m_b="0.000000" m_c="0.000000" m_d="1.000000" m_tx="-2.000000" m_ty="-0.000002"/>
  </frame>
  <frame idx="400" w="209" h="295" x="10.000000" y="-68.000000">
   <element name="water_dirty" layername="water" frame="0" z_index="7" m_a="1.000000" m_b="0.000000" m_c="0.000000" m_d="1.000000" m_tx="0.000000" m_ty="-0.000002"/>
  </frame>
  <frame idx="425" w="209" h="295" x="10.000000" y="-68.000000">
   <element name="water_dirty" layername="water" frame="0" z_index="7" m_a="1.000000" m_b="0.000000" m_c="0.000000" m_d="1.000000" m_tx="0.000000" m_ty="-0.000002"/>
  </frame>
  <frame idx="450" w="209" h="295" x="10.000000" y="-68.000000">
   <element name="water_dirty" layername="water" frame="0" z_index="7" m_a="1.000000" m_b="0.000000" m_c="0.000000" m_d="1.000000" m_tx="0.000000" m_ty="-0.000002"/>
  </frame>
  <frame idx="475" w="183" h="306" x="-15.750000" y="-58.000000">
   <element name="water_dirty" layername="water" frame="0" z_index="7" m_a="0.750000" m_b="0.000000" m_c="0.000000" m_d="1.100000" m_tx="-0.749999" m_ty="-0.000002"/>
  </frame>
  <frame idx="500" w="153" h="317" x="-39.000000" y="-47.999992">
   <element name="water_dirty_ice" layername="water" frame="0" z_index="7" m_a="0.500000" m_b="0.000000" m_c="0.000000" m_d="1.200000" m_tx="-0.999999" m_ty="-0.000002"/>
  </frame>
  <frame idx="525" w="193" h="279" x="-4.699997" y="-83.000000">
   <element name="water_dirty_ice" layername="water" frame="0" z_index="7" m_a="0.850000" m_b="0.000000" m_c="0.000000" m_d="0.850000" m_tx="-1.699998" m_ty="-0.000002"/>
  </frame>
  <frame idx="550" w="233" h="240" x="29.600014" y="-118.000000">
   <element name="water_dirty_ice" layername="water" frame="0" z_index="7" m_a="1.200000" m_b="0.000000" m_c="0.000000" m_d="0.500000" m_tx="-2.399998" m_ty="-0.000002"/>
  </frame>
  <frame idx="575" w="228" h="250" x="26.333344" y="-109.666672">
   <element name="water_dirty_ice" layername="water" frame="0" z_index="7" m_a="1.166667" m_b="0.000000" m_c="0.000000" m_d="0.583333" m_tx="-2.333331" m_ty="-0.000002"/>
  </frame>
  <frame idx="600" w="225" h="259" x="23.066673" y="-101.333328">
   <element name="water_dirty_ice" layername="water" frame="0" z_index="7" m_a="1.133333" m_b="0.000000" m_c="0.000000" m_d="0.666667" m_tx="-2.266665" m_ty="-0.000002"/>
  </frame>
  <frame idx="625" w="222" h="268" x="19.800003" y="-93.000000">
   <element name="water_dirty_ice" layername="water" frame="0" z_index="7" m_a="1.100000" m_b="0.000000" m_c="0.000000" m_d="0.750000" m_tx="-2.199998" m_ty="-0.000002"/>
  </frame>
  <frame idx="650" w="217" h="278" x="16.533340" y="-84.666664">
   <element name="water_dirty_ice" layername="water" frame="0" z_index="7" m_a="1.066667" m_b="0.000000" m_c="0.000000" m_d="0.833333" m_tx="-2.133331" m_ty="-0.000002"/>
  </frame>
  <frame idx="675" w="214" h="286" x="13.266663" y="-76.333336">
   <element name="water_dirty_ice" layername="water" frame="0" z_index="7" m_a="1.033333" m_b="0.000000" m_c="0.000000" m_d="0.916667" m_tx="-2.066665" m_ty="-0.000002"/>
  </frame>
 </anim>
 <anim name="turn_to_full" root="kettle_drink" numframes="700" framerate="40">
  <frame idx="0" w="207" h="295" x="12.000000" y="-68.000000">
   <element name="water_clean_ice" layername="water" frame="0" z_index="7" m_a="1.000000" m_b="0.000000" m_c="0.000000" m_d="1.000000" m_tx="0.000000" m_ty="-0.000002"/>
  </frame>
  <frame idx="25" w="208" h="299" x="12.868851" y="-68.876457">
   <element name="water_clean_ice" layername="water" frame="0" z_index="7" m_a="0.999962" m_b="-0.008727" m_c="0.008727" m_d="0.999962" m_tx="0.000000" m_ty="-0.000002"/>
  </frame>
  <frame idx="50" w="209" h="302" x="13.730011" y="-69.760468">
   <element name="water_clean_ice" layername="water" frame="0" z_index="7" m_a="0.999848" m_b="-0.017452" m_c="0.017452" m_d="0.999848" m_tx="0.000000" m_ty="-0.000002"/>
  </frame>
  <frame idx="75" w="211" h="304" x="14.583435" y="-70.651962">
   <element name="water_clean_ice" layername="water" frame="0" z_index="7" m_a="0.999657" m_b="-0.026177" m_c="0.026177" m_d="0.999657" m_tx="0.000000" m_ty="-0.000002"/>
  </frame>
  <frame idx="100" w="212" h="307" x="15.429031" y="-71.550865">
   <element name="water_clean_ice" layername="water" frame="0" z_index="7" m_a="0.999391" m_b="-0.034899" m_c="0.034899" m_d="0.999391" m_tx="0.000000" m_ty="-0.000002"/>
  </frame>
  <frame idx="125" w="209" h="302" x="13.730011" y="-69.760468">
   <element name="water_clean_ice" layername="water" frame="0" z_index="7" m_a="0.999848" m_b="-0.017452" m_c="0.017452" m_d="0.999848" m_tx="0.000000" m_ty="-0.000002"/>
  </frame>
  <frame idx="150" w="207" h="295" x="12.000000" y="-68.000000">
   <element name="water_clean_ice" layername="water" frame="0" z_index="7" m_a="1.000000" m_b="0.000000" m_c="0.000000" m_d="1.000000" m_tx="0.000000" m_ty="-0.000002"/>
  </frame>
  <frame idx="175" w="214" h="297" x="10.239532" y="-66.269989">
   <element name="water_clean_ice" layername="water" frame="0" z_index="7" m_a="0.999848" m_b="0.017452" m_c="-0.017452" m_d="0.999848" m_tx="0.000000" m_ty="-0.000002"/>
  </frame>
  <frame idx="200" w="219" h="300" x="8.449127" y="-64.570953">
   <element name="water_clean_ice" layername="water" frame="0" z_index="7" m_a="0.999391" m_b="0.034900" m_c="-0.034900" m_d="0.999391" m_tx="0.000000" m_ty="-0.000002"/>
  </frame>
  <frame idx="225" w="214" h="297" x="10.239555" y="-66.270012">
   <element name="water_clean_ice" layername="water" frame="0" z_index="7" m_a="0.999848" m_b="0.017452" m_c="-0.017452" m_d="0.999848" m_tx="0.000000" m_ty="-0.000002"/>
  </frame>
  <frame idx="250" w="208" h="296" x="12.000015" y="-68.000015">
   <element name="water_clean_ice" layername="water" frame="0" z_index="7" m_a="1.000000" m_b="-0.000000" m_c="0.000000" m_d="1.000000" m_tx="0.000000" m_ty="-0.000002"/>
  </frame>
  <frame idx="275" w="209" h="302" x="13.730019" y="-69.760475">
   <element name="water_clean_ice" layername="water" frame="0" z_index="7" m_a="0.999848" m_b="-0.017452" m_c="0.017452" m_d="0.999848" m_tx="0.000000" m_ty="-0.000002"/>
  </frame>
  <frame idx="300" w="212" h="307" x="15.429031" y="-71.550865">
   <element name="water_clean_ice" layername="water" frame="0" z_index="7" m_a="0.999391" m_b="-0.034899" m_c="0.034899" m_d="0.999391" m_tx="0.000000" m_ty="-0.000002"/>
  </frame>
  <frame idx="325" w="209" h="302" x="13.730011" y="-69.760468">
   <element name="water_clean_ice" layername="water" frame="0" z_index="7" m_a="0.999848" m_b="-0.017452" m_c="0.017452" m_d="0.999848" m_tx="0.000000" m_ty="-0.000002"/>
  </frame>
  <frame idx="350" w="207" h="295" x="12.000000" y="-68.000000">
   <element name="water_clean_ice" layername="water" frame="0" z_index="7" m_a="1.000000" m_b="0.000000" m_c="0.000000" m_d="1.000000" m_tx="0.000000" m_ty="-0.000002"/>
  </frame>
  <frame idx="375" w="214" h="297" x="10.239532" y="-66.269989">
   <element name="water_clean_ice" layername="water" frame="0" z_index="7" m_a="0.999848" m_b="0.017452" m_c="-0.017452" m_d="0.999848" m_tx="0.000000" m_ty="-0.000002"/>
  </frame>
  <frame idx="400" w="219" h="300" x="8.449127" y="-64.570953">
   <element name="water_clean_ice" layername="water" frame="0" z_index="7" m_a="0.999391" m_b="0.034900" m_c="-0.034900" m_d="0.999391" m_tx="0.000000" m_ty="-0.000002"/>
  </frame>
  <frame idx="425" w="214" h="297" x="10.239555" y="-66.270012">
   <element name="water_clean_ice" layername="water" frame="0" z_index="7" m_a="0.999848" m_b="0.017452" m_c="-0.017452" m_d="0.999848" m_tx="0.000000" m_ty="-0.000002"/>
  </frame>
  <frame idx="450" w="211" h="295" x="11.000000" y="-68.000000">
   <element name="water_clean_ice" layername="water" frame="0" z_index="7" m_a="1.000000" m_b="0.000000" m_c="0.000000" m_d="1.000000" m_tx="0.000000" m_ty="-0.000002"/>
   <element name="water_clean" layername="water_UN" frame="0" z_index="6" m_a="1.000000" m_b="0.000000" m_c="0.000000" m_d="1.000000" m_tx="-2.000000" m_ty="2.000000"/>
  </frame>
  <frame idx="475" w="223" h="269" x="20.900002" y="-93.250000">
   <element name="water_clean_ice" layername="water" frame="0" z_index="7" m_a="1.100000" m_b="0.000000" m_c="0.000000" m_d="0.750000" m_tx="0.000000" m_ty="-0.000002"/>
   <element name="water_clean" layername="water_UN" frame="0" z_index="6" m_a="1.100000" m_b="0.000000" m_c="0.000000" m_d="0.750000" m_tx="-2.200000" m_ty="1.500000"/>
  </frame>
  <frame idx="500" w="234" h="242" x="30.800011" y="-118.500000">
   <element name="water_clean_ice" layername="water" frame="0" z_index="7" m_a="1.200000" m_b="0.000000" m_c="0.000000" m_d="0.500000" m_tx="0.000000" m_ty="-0.000002"/>
   <element name="water_clean" layername="water_UN" frame="0" z_index="6" m_a="1.200000" m_b="0.000000" m_c="0.000000" m_d="0.500000" m_tx="-2.400000" m_ty="1.000000"/>
  </frame>
  <frame idx="525" w="192" h="277" x="-3.500000" y="-80.950012">
   <element name="water_clean_ice" layername="water" frame="0" z_index="7" m_a="0.850000" m_b="0.000000" m_c="0.000000" m_d="0.850000" m_tx="-0.500000" m_ty="2.049997"/>
  </frame>
  <frame idx="550" w="153" h="315" x="-39.000000" y="-45.200005">
   <element name="water_clean" layername="water" frame="0" z_index="7" m_a="0.500000" m_b="0.000000" m_c="0.000000" m_d="1.200000" m_tx="-1.000000" m_ty="4.799995"/>
  </frame>
  <frame idx="575" w="163" h="311" x="-30.833332" y="-48.666672">
   <element name="water_clean" layername="water" frame="0" z_index="7" m_a="0.583333" m_b="0.000000" m_c="0.000000" m_d="1.166667" m_tx="-1.166667" m_ty="4.666663"/>
  </frame>
  <frame idx="600" w="172" h="307" x="-22.666664" y="-52.133339">
   <element name="water_clean" layername="water" frame="0" z_index="7" m_a="0.666667" m_b="0.000000" m_c="0.000000" m_d="1.133333" m_tx="-1.333333" m_ty="4.533329"/>
  </frame>
  <frame idx="625" w="182" h="304" x="-14.500000" y="-55.600006">
   <element name="water_clean" layername="water" frame="0" z_index="7" m_a="0.750000" m_b="0.000000" m_c="0.000000" m_d="1.100000" m_tx="-1.500000" m_ty="4.399996"/>
  </frame>
  <frame idx="650" w="191" h="301" x="-6.333328" y="-59.066666">
   <element name="water_clean" layername="water" frame="0" z_index="7" m_a="0.833333" m_b="0.000000" m_c="0.000000" m_d="1.066667" m_tx="-1.666667" m_ty="4.266663"/>
  </frame>
  <frame idx="675" w="201" h="297" x="1.833328" y="-62.533340">
   <element name="water_clean" layername="water" frame="0" z_index="7" m_a="0.916667" m_b="0.000000" m_c="0.000000" m_d="1.033333" m_tx="-1.833333" m_ty="4.133329"/>
  </frame>
 </anim>
 <anim name="turn_to_full_dirty" root="kettle_drink" numframes="700" framerate="40">
  <frame idx="0" w="207" h="295" x="12.000000" y="-68.000000">
   <element name="water_dirty_ice" layername="water" frame="0" z_index="7" m_a="1.000000" m_b="0.000000" m_c="0.000000" m_d="1.000000" m_tx="0.000000" m_ty="-0.000002"/>
  </frame>
  <frame idx="25" w="208" h="299" x="12.868851" y="-68.876457">
   <element name="water_dirty_ice" layername="water" frame="0" z_index="7" m_a="0.999962" m_b="-0.008727" m_c="0.008727" m_d="0.999962" m_tx="0.000000" m_ty="-0.000002"/>
  </frame>
  <frame idx="50" w="209" h="302" x="13.730011" y="-69.760468">
   <element name="water_dirty_ice" layername="water" frame="0" z_index="7" m_a="0.999848" m_b="-0.017452" m_c="0.017452" m_d="0.999848" m_tx="0.000000" m_ty="-0.000002"/>
  </frame>
  <frame idx="75" w="211" h="304" x="14.583435" y="-70.651962">
   <element name="water_dirty_ice" layername="water" frame="0" z_index="7" m_a="0.999657" m_b="-0.026177" m_c="0.026177" m_d="0.999657" m_tx="0.000000" m_ty="-0.000002"/>
  </frame>
  <frame idx="100" w="212" h="307" x="15.429031" y="-71.550865">
   <element name="water_dirty_ice" layername="water" frame="0" z_index="7" m_a="0.999391" m_b="-0.034899" m_c="0.034899" m_d="0.999391" m_tx="0.000000" m_ty="-0.000002"/>
  </frame>
  <frame idx="125" w="209" h="302" x="13.730011" y="-69.760468">
   <element name="water_dirty_ice" layername="water" frame="0" z_index="7" m_a="0.999848" m_b="-0.017452" m_c="0.017452" m_d="0.999848" m_tx="0.000000" m_ty="-0.000002"/>
  </frame>
  <frame idx="150" w="207" h="295" x="12.000000" y="-68.000000">
   <element name="water_dirty_ice" layername="water" frame="0" z_index="7" m_a="1.000000" m_b="0.000000" m_c="0.000000" m_d="1.000000" m_tx="0.000000" m_ty="-0.000002"/>
  </frame>
  <frame idx="175" w="214" h="297" x="10.239532" y="-66.269989">
   <element name="water_dirty_ice" layername="water" frame="0" z_index="7" m_a="0.999848" m_b="0.017452" m_c="-0.017452" m_d="0.999848" m_tx="0.000000" m_ty="-0.000002"/>
  </frame>
  <frame idx="200" w="219" h="300" x="8.449127" y="-64.570953">
   <element name="water_dirty_ice" layername="water" frame="0" z_index="7" m_a="0.999391" m_b="0.034900" m_c="-0.034900" m_d="0.999391" m_tx="0.000000" m_ty="-0.000002"/>
  </frame>
  <frame idx="225" w="214" h="297" x="10.239555" y="-66.270012">
   <element name="water_dirty_ice" layername="water" frame="0" z_index="7" m_a="0.999848" m_b="0.017452" m_c="-0.017452" m_d="0.999848" m_tx="0.000000" m_ty="-0.000002"/>
  </frame>
  <frame idx="250" w="208" h="296" x="12.000015" y="-68.000015">
   <element name="water_dirty_ice" layername="water" frame="0" z_index="7" m_a="1.000000" m_b="-0.000000" m_c="0.000000" m_d="1.000000" m_tx="0.000000" m_ty="-0.000002"/>
  </frame>
  <frame idx="275" w="209" h="302" x="13.730019" y="-69.760475">
   <element name="water_dirty_ice" layername="water" frame="0" z_index="7" m_a="0.999848" m_b="-0.017452" m_c="0.017452" m_d="0.999848" m_tx="0.000000" m_ty="-0.000002"/>
  </frame>
  <frame idx="300" w="212" h="307" x="15.429031" y="-71.550865">
   <element name="water_dirty_ice" layername="water" frame="0" z_index="7" m_a="0.999391" m_b="-0.034899" m_c="0.034899" m_d="0.999391" m_tx="0.000000" m_ty="-0.000002"/>
  </frame>
  <frame idx="325" w="209" h="302" x="13.730011" y="-69.760468">
   <element name="water_dirty_ice" layername="water" frame="0" z_index="7" m_a="0.999848" m_b="-0.017452" m_c="0.017452" m_d="0.999848" m_tx="0.000000" m_ty="-0.000002"/>
  </frame>
  <frame idx="350" w="207" h="295" x="12.000000" y="-68.000000">
   <element name="water_dirty_ice" layername="water" frame="0" z_index="7" m_a="1.000000" m_b="0.000000" m_c="0.000000" m_d="1.000000" m_tx="0.000000" m_ty="-0.000002"/>
  </frame>
  <frame idx="375" w="214" h="297" x="10.239532" y="-66.269989">
   <element name="water_dirty_ice" layername="water" frame="0" z_index="7" m_a="0.999848" m_b="0.017452" m_c="-0.017452" m_d="0.999848" m_tx="0.000000" m_ty="-0.000002"/>
  </frame>
  <frame idx="400" w="219" h="300" x="8.449127" y="-64.570953">
   <element name="water_dirty_ice" layername="water" frame="0" z_index="7" m_a="0.999391" m_b="0.034900" m_c="-0.034900" m_d="0.999391" m_tx="0.000000" m_ty="-0.000002"/>
  </frame>
  <frame idx="425" w="214" h="297" x="10.239555" y="-66.270012">
   <element name="water_dirty_ice" layername="water" frame="0" z_index="7" m_a="0.999848" m_b="0.017452" m_c="-0.017452" m_d="0.999848" m_tx="0.000000" m_ty="-0.000002"/>
  </frame>
  <frame idx="450" w="211" h="295" x="11.000000" y="-68.000000">
   <element name="water_dirty_ice" layername="water" frame="0" z_index="7" m_a="1.000000" m_b="0.000000" m_c="0.000000" m_d="1.000000" m_tx="0.000000" m_ty="-0.000002"/>
   <element name="water_dirty" layername="water_UN" frame="0" z_index="6" m_a="1.000000" m_b="0.000000" m_c="0.000000" m_d="1.000000" m_tx="0.000000" m_ty="0.000000"/>
  </frame>
  <frame idx="475" w="222" h="268" x="21.000000" y="-93.000000">
   <element name="water_dirty_ice" layername="water" frame="0" z_index="7" m_a="1.100000" m_b="0.000000" m_c="0.000000" m_d="0.750000" m_tx="0.000000" m_ty="-0.000002"/>
   <element name="water_dirty" layername="water_UN" frame="0" z_index="6" m_a="1.100000" m_b="0.000000" m_c="0.000000" m_d="0.750000" m_tx="0.000000" m_ty="0.000000"/>
  </frame>
  <frame idx="500" w="233" h="240" x="31.000008" y="-118.000000">
   <element name="water_dirty_ice" layername="water" frame="0" z_index="7" m_a="1.200000" m_b="0.000000" m_c="0.000000" m_d="0.500000" m_tx="0.000000" m_ty="-0.000002"/>
   <element name="water_dirty" layername="water_UN" frame="0" z_index="6" m_a="1.200000" m_b="0.000000" m_c="0.000000" m_d="0.500000" m_tx="0.000000" m_ty="0.000000"/>
  </frame>
  <frame idx="525" w="192" h="277" x="-0.615456" y="-85.433250">
   <element name="water_dirty_ice" layername="water" frame="0" z_index="7" m_a="0.865193" m_b="0.000000" m_c="0.000000" m_d="0.825668" m_tx="0.865193" m_ty="-0.000002"/>
  </frame>
  <frame idx="550" w="157" h="313" x="-35.900524" y="-52.866501">
   <element name="water_dirty" layername="water" frame="0" z_index="7" m_a="0.530387" m_b="0.000000" m_c="0.000000" m_d="1.151335" m_tx="1.060773" m_ty="-0.000002"/>
  </frame>
  <frame idx="575" w="165" h="310" x="-27.917110" y="-55.388756">
   <element name="water_dirty" layername="water" frame="0" z_index="7" m_a="0.608656" m_b="0.000000" m_c="0.000000" m_d="1.126112" m_tx="1.217310" m_ty="-0.000002"/>
  </frame>
  <frame idx="600" w="174" h="307" x="-19.933685" y="-57.910995">
   <element name="water_dirty" layername="water" frame="0" z_index="7" m_a="0.686925" m_b="0.000000" m_c="0.000000" m_d="1.100890" m_tx="1.373848" m_ty="-0.000002"/>
  </frame>
  <frame idx="625" w="182" h="304" x="-11.950264" y="-60.433250">
   <element name="water_dirty" layername="water" frame="0" z_index="7" m_a="0.765193" m_b="0.000000" m_c="0.000000" m_d="1.075668" m_tx="1.530385" m_ty="-0.000002"/>
  </frame>
  <frame idx="650" w="191" h="302" x="-3.966843" y="-62.955505">
   <element name="water_dirty" layername="water" frame="0" z_index="7" m_a="0.843462" m_b="0.000000" m_c="0.000000" m_d="1.050445" m_tx="1.686923" m_ty="-0.000002"/>
  </frame>
  <frame idx="675" w="200" h="299" x="4.016571" y="-65.477745">
   <element name="water_dirty" layername="water" frame="0" z_index="7" m_a="0.921731" m_b="0.000000" m_c="0.000000" m_d="1.025223" m_tx="1.843460" m_ty="-0.000002"/>
  </frame>
 </anim>
 <anim name="idle" root="kettle_drink" numframes="150" framerate="40">
  <frame idx="0" w="154" h="154" x="-60.000000" y="-60.000000">
   <element name="swap" layername="swap" frame="0" z_index="7" m_a="0.400000" m_b="0.000000" m_c="0.000000" m_d="0.400000" m_tx="0.000000" m_ty="0.000000"/>
  </frame>
  <frame idx="25" w="154" h="154" x="-60.000000" y="-60.000000">
   <element name="swap" layername="swap" frame="0" z_index="7" m_a="0.400000" m_b="0.000000" m_c="0.000000" m_d="0.400000" m_tx="0.000000" m_ty="0.000000"/>
  </frame>
  <frame idx="50" w="154" h="154" x="-60.000000" y="-60.000000">
   <element name="swap" layername="swap" frame="0" z_index="7" m_a="0.400000" m_b="0.000000" m_c="0.000000" m_d="0.400000" m_tx="0.000000" m_ty="0.000000"/>
  </frame>
  <frame idx="75" w="154" h="154" x="-60.000000" y="-60.000000">
   <element name="swap" layername="swap" frame="0" z_index="7" m_a="0.400000" m_b="0.000000" m_c="0.000000" m_d="0.400000" m_tx="0.000000" m_ty="0.000000"/>
  </frame>
  <frame idx="100" w="154" h="154" x="-60.000000" y="-60.000000">
   <element name="swap" layername="swap" frame="0" z_index="7" m_a="0.400000" m_b="0.000000" m_c="0.000000" m_d="0.400000" m_tx="0.000000" m_ty="0.000000"/>
  </frame>
  <frame idx="125" w="154" h="154" x="-60.000000" y="-60.000000">
   <element name="swap" layername="swap" frame="0" z_index="7" m_a="0.400000" m_b="0.000000" m_c="0.000000" m_d="0.400000" m_tx="0.000000" m_ty="0.000000"/>
  </frame>
 </anim>
</Anims>
