<Anims>
 <anim name="turn_to_ice" root="kettle_drink" numframes="700" framerate="40">
  <frame idx="0" w="127" h="176" x="5.200001" y="-40.000000">
   <element name="water_clean" layername="water" frame="0" z_index="7" m_a="1.000000" m_b="0.000000" m_c="0.000000" m_d="1.000000" m_tx="-1.999999" m_ty="1.999998"/>
  </frame>
  <frame idx="25" w="129" h="176" x="3.200001" y="-40.000000">
   <element name="water_clean" layername="water" frame="0" z_index="7" m_a="1.000000" m_b="0.000000" m_c="0.000000" m_d="1.000000" m_tx="-3.999999" m_ty="1.999998"/>
  </frame>
  <frame idx="50" w="125" h="176" x="7.200001" y="-40.000000">
   <element name="water_clean" layername="water" frame="0" z_index="7" m_a="1.000000" m_b="0.000000" m_c="0.000000" m_d="1.000000" m_tx="0.000000" m_ty="1.999998"/>
  </frame>
  <frame idx="75" w="129" h="176" x="3.200001" y="-40.000000">
   <element name="water_clean" layername="water" frame="0" z_index="7" m_a="1.000000" m_b="0.000000" m_c="0.000000" m_d="1.000000" m_tx="-4.000000" m_ty="1.999998"/>
  </frame>
  <frame idx="100" w="125" h="176" x="7.200001" y="-40.000000">
   <element name="water_clean" layername="water" frame="0" z_index="7" m_a="1.000000" m_b="0.000000" m_c="0.000000" m_d="1.000000" m_tx="0.000000" m_ty="1.999998"/>
  </frame>
  <frame idx="125" w="129" h="176" x="3.200001" y="-40.000000">
   <element name="water_clean" layername="water" frame="0" z_index="7" m_a="1.000000" m_b="0.000000" m_c="0.000000" m_d="1.000000" m_tx="-4.000000" m_ty="1.999998"/>
  </frame>
  <frame idx="150" w="125" h="176" x="7.200001" y="-40.000000">
   <element name="water_clean" layername="water" frame="0" z_index="7" m_a="1.000000" m_b="0.000000" m_c="0.000000" m_d="1.000000" m_tx="0.000000" m_ty="1.999998"/>
  </frame>
  <frame idx="175" w="129" h="176" x="3.200001" y="-40.000000">
   <element name="water_clean" layername="water" frame="0" z_index="7" m_a="1.000000" m_b="0.000000" m_c="0.000000" m_d="1.000000" m_tx="-4.000000" m_ty="1.999998"/>
  </frame>
  <frame idx="200" w="125" h="176" x="7.200001" y="-40.000000">
   <element name="water_clean" layername="water" frame="0" z_index="7" m_a="1.000000" m_b="0.000000" m_c="0.000000" m_d="1.000000" m_tx="0.000000" m_ty="1.999998"/>
  </frame>
  <frame idx="225" w="129" h="176" x="3.200001" y="-40.000000">
   <element name="water_clean" layername="water" frame="0" z_index="7" m_a="1.000000" m_b="0.000000" m_c="0.000000" m_d="1.000000" m_tx="-4.000000" m_ty="1.999998"/>
  </frame>
  <frame idx="250" w="125" h="176" x="7.200001" y="-40.000000">
   <element name="water_clean" layername="water" frame="0" z_index="7" m_a="1.000000" m_b="0.000000" m_c="0.000000" m_d="1.000000" m_tx="0.000000" m_ty="1.999998"/>
  </frame>
  <frame idx="275" w="129" h="176" x="3.200001" y="-40.000000">
   <element name="water_clean" layername="water" frame="0" z_index="7" m_a="1.000000" m_b="0.000000" m_c="0.000000" m_d="1.000000" m_tx="-4.000000" m_ty="1.999998"/>
  </frame>
  <frame idx="300" w="125" h="176" x="7.200001" y="-40.000000">
   <element name="water_clean" layername="water" frame="0" z_index="7" m_a="1.000000" m_b="0.000000" m_c="0.000000" m_d="1.000000" m_tx="0.000000" m_ty="1.999998"/>
  </frame>
  <frame idx="325" w="129" h="176" x="3.200001" y="-40.000000">
   <element name="water_clean" layername="water" frame="0" z_index="7" m_a="1.000000" m_b="0.000000" m_c="0.000000" m_d="1.000000" m_tx="-4.000000" m_ty="1.999998"/>
  </frame>
  <frame idx="350" w="125" h="176" x="7.200001" y="-40.000000">
   <element name="water_clean" layername="water" frame="0" z_index="7" m_a="1.000000" m_b="0.000000" m_c="0.000000" m_d="1.000000" m_tx="0.000000" m_ty="1.999998"/>
  </frame>
  <frame idx="375" w="129" h="176" x="3.200001" y="-40.000000">
   <element name="water_clean" layername="water" frame="0" z_index="7" m_a="1.000000" m_b="0.000000" m_c="0.000000" m_d="1.000000" m_tx="-4.000000" m_ty="1.999998"/>
  </frame>
  <frame idx="400" w="127" h="176" x="5.200001" y="-40.000000">
   <element name="water_clean" layername="water" frame="0" z_index="7" m_a="1.000000" m_b="0.000000" m_c="0.000000" m_d="1.000000" m_tx="-2.000000" m_ty="1.999998"/>
  </frame>
  <frame idx="425" w="127" h="176" x="5.200001" y="-40.000000">
   <element name="water_clean" layername="water" frame="0" z_index="7" m_a="1.000000" m_b="0.000000" m_c="0.000000" m_d="1.000000" m_tx="-2.000000" m_ty="1.999998"/>
  </frame>
  <frame idx="450" w="127" h="176" x="5.200001" y="-40.000000">
   <element name="water_clean" layername="water" frame="0" z_index="7" m_a="1.000000" m_b="0.000000" m_c="0.000000" m_d="1.000000" m_tx="-2.000000" m_ty="1.999998"/>
  </frame>
  <frame idx="475" w="109" h="185" x="-8.799999" y="-35.660004">
   <element name="water_clean" layername="water" frame="0" z_index="7" m_a="0.750000" m_b="0.000000" m_c="0.000000" m_d="1.100000" m_tx="-1.000000" m_ty="0.339999"/>
  </frame>
  <frame idx="500" w="92" h="193" x="-22.799999" y="-30.240005">
   <element name="water_clean_ice" layername="water" frame="0" z_index="7" m_a="0.500000" m_b="0.000000" m_c="0.000000" m_d="1.200000" m_tx="0.000000" m_ty="-1.440001"/>
  </frame>
  <frame idx="525" w="118" h="165" x="0.752041" y="-53.829792">
   <element name="water_clean_ice" layername="water" frame="0" z_index="7" m_a="0.892534" m_b="0.000000" m_c="0.000000" m_d="0.798813" m_tx="0.000000" m_ty="-0.958577"/>
  </frame>
  <frame idx="550" w="143" h="139" x="24.304081" y="-77.419601">
   <element name="water_clean_ice" layername="water" frame="0" z_index="7" m_a="1.285068" m_b="0.000000" m_c="0.000000" m_d="0.397626" m_tx="0.000000" m_ty="-0.477153"/>
  </frame>
  <frame idx="575" w="141" h="146" x="21.453403" y="-71.516327">
   <element name="water_clean_ice" layername="water" frame="0" z_index="7" m_a="1.237557" m_b="0.000000" m_c="0.000000" m_d="0.498022" m_tx="0.000000" m_ty="-0.597627"/>
  </frame>
  <frame idx="600" w="138" h="152" x="18.602726" y="-65.613068">
   <element name="water_clean_ice" layername="water" frame="0" z_index="7" m_a="1.190045" m_b="0.000000" m_c="0.000000" m_d="0.598417" m_tx="0.000000" m_ty="-0.718102"/>
  </frame>
  <frame idx="625" w="135" h="159" x="15.752041" y="-59.709801">
   <element name="water_clean_ice" layername="water" frame="0" z_index="7" m_a="1.142534" m_b="0.000000" m_c="0.000000" m_d="0.698813" m_tx="0.000000" m_ty="-0.838577"/>
  </frame>
  <frame idx="650" w="131" h="165" x="12.901363" y="-53.806538">
   <element name="water_clean_ice" layername="water" frame="0" z_index="7" m_a="1.095023" m_b="0.000000" m_c="0.000000" m_d="0.799209" m_tx="0.000000" m_ty="-0.959051"/>
  </frame>
  <frame idx="675" w="128" h="172" x="10.050686" y="-47.903275">
   <element name="water_clean_ice" layername="water" frame="0" z_index="7" m_a="1.047511" m_b="0.000000" m_c="0.000000" m_d="0.899604" m_tx="0.000000" m_ty="-1.079526"/>
  </frame>
 </anim>
 <anim name="turn_to_ice_dirty" root="kettle_drink" numframes="700" framerate="40">
  <frame idx="0" w="126" h="178" x="6.000000" y="-40.800003">
   <element name="water_dirty" layername="water" frame="0" z_index="7" m_a="1.000000" m_b="0.000000" m_c="0.000000" m_d="1.000000" m_tx="0.000001" m_ty="-0.000002"/>
  </frame>
  <frame idx="25" w="128" h="178" x="4.000000" y="-40.800003">
   <element name="water_dirty" layername="water" frame="0" z_index="7" m_a="1.000000" m_b="0.000000" m_c="0.000000" m_d="1.000000" m_tx="-1.999999" m_ty="-0.000002"/>
  </frame>
  <frame idx="50" w="124" h="178" x="8.000000" y="-40.800003">
   <element name="water_dirty" layername="water" frame="0" z_index="7" m_a="1.000000" m_b="0.000000" m_c="0.000000" m_d="1.000000" m_tx="2.000000" m_ty="-0.000002"/>
  </frame>
  <frame idx="75" w="128" h="178" x="4.000000" y="-40.800003">
   <element name="water_dirty" layername="water" frame="0" z_index="7" m_a="1.000000" m_b="0.000000" m_c="0.000000" m_d="1.000000" m_tx="-2.000000" m_ty="-0.000002"/>
  </frame>
  <frame idx="100" w="124" h="178" x="8.000000" y="-40.800003">
   <element name="water_dirty" layername="water" frame="0" z_index="7" m_a="1.000000" m_b="0.000000" m_c="0.000000" m_d="1.000000" m_tx="2.000000" m_ty="-0.000002"/>
  </frame>
  <frame idx="125" w="128" h="178" x="4.000000" y="-40.800003">
   <element name="water_dirty" layername="water" frame="0" z_index="7" m_a="1.000000" m_b="0.000000" m_c="0.000000" m_d="1.000000" m_tx="-2.000000" m_ty="-0.000002"/>
  </frame>
  <frame idx="150" w="124" h="178" x="8.000000" y="-40.800003">
   <element name="water_dirty" layername="water" frame="0" z_index="7" m_a="1.000000" m_b="0.000000" m_c="0.000000" m_d="1.000000" m_tx="2.000000" m_ty="-0.000002"/>
  </frame>
  <frame idx="175" w="128" h="178" x="4.000000" y="-40.800003">
   <element name="water_dirty" layername="water" frame="0" z_index="7" m_a="1.000000" m_b="0.000000" m_c="0.000000" m_d="1.000000" m_tx="-2.000000" m_ty="-0.000002"/>
  </frame>
  <frame idx="200" w="124" h="178" x="8.000000" y="-40.800003">
   <element name="water_dirty" layername="water" frame="0" z_index="7" m_a="1.000000" m_b="0.000000" m_c="0.000000" m_d="1.000000" m_tx="2.000000" m_ty="-0.000002"/>
  </frame>
  <frame idx="225" w="128" h="178" x="4.000000" y="-40.800003">
   <element name="water_dirty" layername="water" frame="0" z_index="7" m_a="1.000000" m_b="0.000000" m_c="0.000000" m_d="1.000000" m_tx="-2.000000" m_ty="-0.000002"/>
  </frame>
  <frame idx="250" w="124" h="178" x="8.000000" y="-40.800003">
   <element name="water_dirty" layername="water" frame="0" z_index="7" m_a="1.000000" m_b="0.000000" m_c="0.000000" m_d="1.000000" m_tx="2.000000" m_ty="-0.000002"/>
  </frame>
  <frame idx="275" w="128" h="178" x="4.000000" y="-40.800003">
   <element name="water_dirty" layername="water" frame="0" z_index="7" m_a="1.000000" m_b="0.000000" m_c="0.000000" m_d="1.000000" m_tx="-2.000000" m_ty="-0.000002"/>
  </frame>
  <frame idx="300" w="124" h="178" x="8.000000" y="-40.800003">
   <element name="water_dirty" layername="water" frame="0" z_index="7" m_a="1.000000" m_b="0.000000" m_c="0.000000" m_d="1.000000" m_tx="2.000000" m_ty="-0.000002"/>
  </frame>
  <frame idx="325" w="128" h="178" x="4.000000" y="-40.800003">
   <element name="water_dirty" layername="water" frame="0" z_index="7" m_a="1.000000" m_b="0.000000" m_c="0.000000" m_d="1.000000" m_tx="-2.000000" m_ty="-0.000002"/>
  </frame>
  <frame idx="350" w="124" h="178" x="8.000000" y="-40.800003">
   <element name="water_dirty" layername="water" frame="0" z_index="7" m_a="1.000000" m_b="0.000000" m_c="0.000000" m_d="1.000000" m_tx="2.000000" m_ty="-0.000002"/>
  </frame>
  <frame idx="375" w="128" h="178" x="4.000000" y="-40.800003">
   <element name="water_dirty" layername="water" frame="0" z_index="7" m_a="1.000000" m_b="0.000000" m_c="0.000000" m_d="1.000000" m_tx="-2.000000" m_ty="-0.000002"/>
  </frame>
  <frame idx="400" w="126" h="178" x="6.000000" y="-40.800003">
   <element name="water_dirty" layername="water" frame="0" z_index="7" m_a="1.000000" m_b="0.000000" m_c="0.000000" m_d="1.000000" m_tx="0.000000" m_ty="-0.000002"/>
  </frame>
  <frame idx="425" w="126" h="178" x="6.000000" y="-40.800003">
   <element name="water_dirty" layername="water" frame="0" z_index="7" m_a="1.000000" m_b="0.000000" m_c="0.000000" m_d="1.000000" m_tx="0.000000" m_ty="-0.000002"/>
  </frame>
  <frame idx="450" w="126" h="178" x="6.000000" y="-40.800003">
   <element name="water_dirty" layername="water" frame="0" z_index="7" m_a="1.000000" m_b="0.000000" m_c="0.000000" m_d="1.000000" m_tx="0.000000" m_ty="-0.000002"/>
  </frame>
  <frame idx="475" w="110" h="184" x="-9.450001" y="-34.800003">
   <element name="water_dirty" layername="water" frame="0" z_index="7" m_a="0.750000" m_b="0.000000" m_c="0.000000" m_d="1.100000" m_tx="-0.450000" m_ty="-0.000002"/>
  </frame>
  <frame idx="500" w="93" h="191" x="-23.399998" y="-28.800003">
   <element name="water_dirty_ice" layername="water" frame="0" z_index="7" m_a="0.500000" m_b="0.000000" m_c="0.000000" m_d="1.200000" m_tx="-0.599999" m_ty="-0.000002"/>
  </frame>
  <frame idx="525" w="116" h="168" x="-2.820000" y="-49.800003">
   <element name="water_dirty_ice" layername="water" frame="0" z_index="7" m_a="0.850000" m_b="0.000000" m_c="0.000000" m_d="0.850000" m_tx="-1.019999" m_ty="-0.000002"/>
  </frame>
  <frame idx="550" w="140" h="145" x="17.760002" y="-70.800003">
   <element name="water_dirty_ice" layername="water" frame="0" z_index="7" m_a="1.200000" m_b="0.000000" m_c="0.000000" m_d="0.500000" m_tx="-1.439999" m_ty="-0.000002"/>
  </frame>
  <frame idx="575" w="138" h="150" x="15.800011" y="-65.800003">
   <element name="water_dirty_ice" layername="water" frame="0" z_index="7" m_a="1.166667" m_b="0.000000" m_c="0.000000" m_d="0.583333" m_tx="-1.399999" m_ty="-0.000002"/>
  </frame>
  <frame idx="600" w="136" h="156" x="13.840000" y="-60.800003">
   <element name="water_dirty_ice" layername="water" frame="0" z_index="7" m_a="1.133333" m_b="0.000000" m_c="0.000000" m_d="0.666667" m_tx="-1.359999" m_ty="-0.000002"/>
  </frame>
  <frame idx="625" w="134" h="161" x="11.880001" y="-55.800003">
   <element name="water_dirty_ice" layername="water" frame="0" z_index="7" m_a="1.100000" m_b="0.000000" m_c="0.000000" m_d="0.750000" m_tx="-1.319999" m_ty="-0.000002"/>
  </frame>
  <frame idx="650" w="131" h="167" x="9.920002" y="-50.799999">
   <element name="water_dirty_ice" layername="water" frame="0" z_index="7" m_a="1.066667" m_b="0.000000" m_c="0.000000" m_d="0.833333" m_tx="-1.279999" m_ty="-0.000002"/>
  </frame>
  <frame idx="675" w="129" h="172" x="7.960003" y="-45.800007">
   <element name="water_dirty_ice" layername="water" frame="0" z_index="7" m_a="1.033333" m_b="0.000000" m_c="0.000000" m_d="0.916667" m_tx="-1.239999" m_ty="-0.000002"/>
  </frame>
 </anim>
 <anim name="turn_to_full" root="kettle_drink" numframes="700" framerate="40">
  <frame idx="0" w="125" h="178" x="7.200001" y="-40.800003">
   <element name="water_clean_ice" layername="water" frame="0" z_index="7" m_a="1.000000" m_b="0.000000" m_c="0.000000" m_d="1.000000" m_tx="0.000000" m_ty="-0.000002"/>
  </frame>
  <frame idx="25" w="126" h="180" x="7.721310" y="-41.325882">
   <element name="water_clean_ice" layername="water" frame="0" z_index="7" m_a="0.999962" m_b="-0.008727" m_c="0.008727" m_d="0.999962" m_tx="0.000000" m_ty="-0.000002"/>
  </frame>
  <frame idx="50" w="126" h="181" x="8.238010" y="-41.856285">
   <element name="water_clean_ice" layername="water" frame="0" z_index="7" m_a="0.999848" m_b="-0.017452" m_c="0.017452" m_d="0.999848" m_tx="0.000000" m_ty="-0.000002"/>
  </frame>
  <frame idx="75" w="127" h="183" x="8.750057" y="-42.391182">
   <element name="water_clean_ice" layername="water" frame="0" z_index="7" m_a="0.999657" m_b="-0.026177" m_c="0.026177" m_d="0.999657" m_tx="0.000000" m_ty="-0.000002"/>
  </frame>
  <frame idx="100" w="127" h="185" x="9.257427" y="-42.930523">
   <element name="water_clean_ice" layername="water" frame="0" z_index="7" m_a="0.999391" m_b="-0.034899" m_c="0.034899" m_d="0.999391" m_tx="0.000000" m_ty="-0.000002"/>
  </frame>
  <frame idx="125" w="126" h="181" x="8.238010" y="-41.856285">
   <element name="water_clean_ice" layername="water" frame="0" z_index="7" m_a="0.999848" m_b="-0.017452" m_c="0.017452" m_d="0.999848" m_tx="0.000000" m_ty="-0.000002"/>
  </frame>
  <frame idx="150" w="125" h="178" x="7.200001" y="-40.800003">
   <element name="water_clean_ice" layername="water" frame="0" z_index="7" m_a="1.000000" m_b="0.000000" m_c="0.000000" m_d="1.000000" m_tx="0.000000" m_ty="-0.000002"/>
  </frame>
  <frame idx="175" w="128" h="179" x="6.143723" y="-39.761993">
   <element name="water_clean_ice" layername="water" frame="0" z_index="7" m_a="0.999848" m_b="0.017452" m_c="-0.017452" m_d="0.999848" m_tx="0.000000" m_ty="-0.000002"/>
  </frame>
  <frame idx="200" w="132" h="180" x="5.069477" y="-38.742577">
   <element name="water_clean_ice" layername="water" frame="0" z_index="7" m_a="0.999391" m_b="0.034900" m_c="-0.034900" m_d="0.999391" m_tx="0.000000" m_ty="-0.000002"/>
  </frame>
  <frame idx="225" w="128" h="179" x="6.143738" y="-39.762012">
   <element name="water_clean_ice" layername="water" frame="0" z_index="7" m_a="0.999848" m_b="0.017452" m_c="-0.017452" m_d="0.999848" m_tx="0.000000" m_ty="-0.000002"/>
  </frame>
  <frame idx="250" w="125" h="178" x="7.200008" y="-40.800014">
   <element name="water_clean_ice" layername="water" frame="0" z_index="7" m_a="1.000000" m_b="-0.000000" m_c="0.000000" m_d="1.000000" m_tx="0.000000" m_ty="-0.000002"/>
  </frame>
  <frame idx="275" w="126" h="181" x="8.238018" y="-41.856289">
   <element name="water_clean_ice" layername="water" frame="0" z_index="7" m_a="0.999848" m_b="-0.017452" m_c="0.017452" m_d="0.999848" m_tx="0.000000" m_ty="-0.000002"/>
  </frame>
  <frame idx="300" w="127" h="185" x="9.257427" y="-42.930523">
   <element name="water_clean_ice" layername="water" frame="0" z_index="7" m_a="0.999391" m_b="-0.034899" m_c="0.034899" m_d="0.999391" m_tx="0.000000" m_ty="-0.000002"/>
  </frame>
  <frame idx="325" w="126" h="181" x="8.238010" y="-41.856285">
   <element name="water_clean_ice" layername="water" frame="0" z_index="7" m_a="0.999848" m_b="-0.017452" m_c="0.017452" m_d="0.999848" m_tx="0.000000" m_ty="-0.000002"/>
  </frame>
  <frame idx="350" w="125" h="178" x="7.200001" y="-40.800003">
   <element name="water_clean_ice" layername="water" frame="0" z_index="7" m_a="1.000000" m_b="0.000000" m_c="0.000000" m_d="1.000000" m_tx="0.000000" m_ty="-0.000002"/>
  </frame>
  <frame idx="375" w="128" h="179" x="6.143723" y="-39.761993">
   <element name="water_clean_ice" layername="water" frame="0" z_index="7" m_a="0.999848" m_b="0.017452" m_c="-0.017452" m_d="0.999848" m_tx="0.000000" m_ty="-0.000002"/>
  </frame>
  <frame idx="400" w="132" h="180" x="5.069477" y="-38.742577">
   <element name="water_clean_ice" layername="water" frame="0" z_index="7" m_a="0.999391" m_b="0.034900" m_c="-0.034900" m_d="0.999391" m_tx="0.000000" m_ty="-0.000002"/>
  </frame>
  <frame idx="425" w="128" h="179" x="6.143738" y="-39.762012">
   <element name="water_clean_ice" layername="water" frame="0" z_index="7" m_a="0.999848" m_b="0.017452" m_c="-0.017452" m_d="0.999848" m_tx="0.000000" m_ty="-0.000002"/>
  </frame>
  <frame idx="450" w="128" h="179" x="6.200001" y="-40.400002">
   <element name="water_clean_ice" layername="water" frame="0" z_index="7" m_a="1.000000" m_b="0.000000" m_c="0.000000" m_d="1.000000" m_tx="0.000000" m_ty="-0.000002"/>
   <element name="water_clean" layername="water_UN" frame="0" z_index="6" m_a="1.000000" m_b="0.000000" m_c="0.000000" m_d="1.000000" m_tx="-2.000000" m_ty="2.000000"/>
  </frame>
  <frame idx="475" w="136" h="161" x="12.099998" y="-55.650002">
   <element name="water_clean_ice" layername="water" frame="0" z_index="7" m_a="1.100000" m_b="0.000000" m_c="0.000000" m_d="0.750000" m_tx="0.000000" m_ty="-0.000002"/>
   <element name="water_clean" layername="water_UN" frame="0" z_index="6" m_a="1.100000" m_b="0.000000" m_c="0.000000" m_d="0.750000" m_tx="-2.200000" m_ty="1.500000"/>
  </frame>
  <frame idx="500" w="142" h="146" x="17.999996" y="-70.900002">
   <element name="water_clean_ice" layername="water" frame="0" z_index="7" m_a="1.200000" m_b="0.000000" m_c="0.000000" m_d="0.500000" m_tx="0.000000" m_ty="-0.000002"/>
   <element name="water_clean" layername="water_UN" frame="0" z_index="6" m_a="1.200000" m_b="0.000000" m_c="0.000000" m_d="0.500000" m_tx="-2.400000" m_ty="1.000000"/>
  </frame>
  <frame idx="525" w="116" h="167" x="-2.299999" y="-48.090004">
   <element name="water_clean_ice" layername="water" frame="0" z_index="7" m_a="0.850000" m_b="0.000000" m_c="0.000000" m_d="0.850000" m_tx="-0.500000" m_ty="1.709997"/>
  </frame>
  <frame idx="550" w="93" h="189" x="-23.799999" y="-26.160004">
   <element name="water_clean" layername="water" frame="0" z_index="7" m_a="0.500000" m_b="0.000000" m_c="0.000000" m_d="1.200000" m_tx="-1.000000" m_ty="3.839997"/>
  </frame>
  <frame idx="575" w="98" h="186" x="-18.966667" y="-28.266663">
   <element name="water_clean" layername="water" frame="0" z_index="7" m_a="0.583333" m_b="0.000000" m_c="0.000000" m_d="1.166667" m_tx="-1.166667" m_ty="3.733330"/>
  </frame>
  <frame idx="600" w="105" h="184" x="-14.133331" y="-30.373337">
   <element name="water_clean" layername="water" frame="0" z_index="7" m_a="0.666667" m_b="0.000000" m_c="0.000000" m_d="1.133333" m_tx="-1.333333" m_ty="3.626663"/>
  </frame>
  <frame idx="625" w="110" h="182" x="-9.299999" y="-32.480003">
   <element name="water_clean" layername="water" frame="0" z_index="7" m_a="0.750000" m_b="0.000000" m_c="0.000000" m_d="1.100000" m_tx="-1.500000" m_ty="3.519997"/>
  </frame>
  <frame idx="650" w="116" h="180" x="-4.466663" y="-34.586670">
   <element name="water_clean" layername="water" frame="0" z_index="7" m_a="0.833333" m_b="0.000000" m_c="0.000000" m_d="1.066667" m_tx="-1.666667" m_ty="3.413330"/>
  </frame>
  <frame idx="675" w="121" h="178" x="0.366665" y="-36.693336">
   <element name="water_clean" layername="water" frame="0" z_index="7" m_a="0.916667" m_b="0.000000" m_c="0.000000" m_d="1.033333" m_tx="-1.833333" m_ty="3.306664"/>
  </frame>
 </anim>
 <anim name="turn_to_full_dirty" root="kettle_drink" numframes="700" framerate="40">
  <frame idx="0" w="125" h="178" x="7.200001" y="-40.800003">
   <element name="water_dirty_ice" layername="water" frame="0" z_index="7" m_a="1.000000" m_b="0.000000" m_c="0.000000" m_d="1.000000" m_tx="0.000000" m_ty="-0.000002"/>
  </frame>
  <frame idx="25" w="126" h="180" x="7.721310" y="-41.325882">
   <element name="water_dirty_ice" layername="water" frame="0" z_index="7" m_a="0.999962" m_b="-0.008727" m_c="0.008727" m_d="0.999962" m_tx="0.000000" m_ty="-0.000002"/>
  </frame>
  <frame idx="50" w="126" h="181" x="8.238010" y="-41.856285">
   <element name="water_dirty_ice" layername="water" frame="0" z_index="7" m_a="0.999848" m_b="-0.017452" m_c="0.017452" m_d="0.999848" m_tx="0.000000" m_ty="-0.000002"/>
  </frame>
  <frame idx="75" w="127" h="183" x="8.750057" y="-42.391182">
   <element name="water_dirty_ice" layername="water" frame="0" z_index="7" m_a="0.999657" m_b="-0.026177" m_c="0.026177" m_d="0.999657" m_tx="0.000000" m_ty="-0.000002"/>
  </frame>
  <frame idx="100" w="127" h="185" x="9.257427" y="-42.930523">
   <element name="water_dirty_ice" layername="water" frame="0" z_index="7" m_a="0.999391" m_b="-0.034899" m_c="0.034899" m_d="0.999391" m_tx="0.000000" m_ty="-0.000002"/>
  </frame>
  <frame idx="125" w="126" h="181" x="8.238010" y="-41.856285">
   <element name="water_dirty_ice" layername="water" frame="0" z_index="7" m_a="0.999848" m_b="-0.017452" m_c="0.017452" m_d="0.999848" m_tx="0.000000" m_ty="-0.000002"/>
  </frame>
  <frame idx="150" w="125" h="178" x="7.200001" y="-40.800003">
   <element name="water_dirty_ice" layername="water" frame="0" z_index="7" m_a="1.000000" m_b="0.000000" m_c="0.000000" m_d="1.000000" m_tx="0.000000" m_ty="-0.000002"/>
  </frame>
  <frame idx="175" w="128" h="179" x="6.143723" y="-39.761993">
   <element name="water_dirty_ice" layername="water" frame="0" z_index="7" m_a="0.999848" m_b="0.017452" m_c="-0.017452" m_d="0.999848" m_tx="0.000000" m_ty="-0.000002"/>
  </frame>
  <frame idx="200" w="132" h="180" x="5.069477" y="-38.742577">
   <element name="water_dirty_ice" layername="water" frame="0" z_index="7" m_a="0.999391" m_b="0.034900" m_c="-0.034900" m_d="0.999391" m_tx="0.000000" m_ty="-0.000002"/>
  </frame>
  <frame idx="225" w="128" h="179" x="6.143738" y="-39.762012">
   <element name="water_dirty_ice" layername="water" frame="0" z_index="7" m_a="0.999848" m_b="0.017452" m_c="-0.017452" m_d="0.999848" m_tx="0.000000" m_ty="-0.000002"/>
  </frame>
  <frame idx="250" w="125" h="178" x="7.200008" y="-40.800014">
   <element name="water_dirty_ice" layername="water" frame="0" z_index="7" m_a="1.000000" m_b="-0.000000" m_c="0.000000" m_d="1.000000" m_tx="0.000000" m_ty="-0.000002"/>
  </frame>
  <frame idx="275" w="126" h="181" x="8.238018" y="-41.856289">
   <element name="water_dirty_ice" layername="water" frame="0" z_index="7" m_a="0.999848" m_b="-0.017452" m_c="0.017452" m_d="0.999848" m_tx="0.000000" m_ty="-0.000002"/>
  </frame>
  <frame idx="300" w="127" h="185" x="9.257427" y="-42.930523">
   <element name="water_dirty_ice" layername="water" frame="0" z_index="7" m_a="0.999391" m_b="-0.034899" m_c="0.034899" m_d="0.999391" m_tx="0.000000" m_ty="-0.000002"/>
  </frame>
  <frame idx="325" w="126" h="181" x="8.238010" y="-41.856285">
   <element name="water_dirty_ice" layername="water" frame="0" z_index="7" m_a="0.999848" m_b="-0.017452" m_c="0.017452" m_d="0.999848" m_tx="0.000000" m_ty="-0.000002"/>
  </frame>
  <frame idx="350" w="125" h="178" x="7.200001" y="-40.800003">
   <element name="water_dirty_ice" layername="water" frame="0" z_index="7" m_a="1.000000" m_b="0.000000" m_c="0.000000" m_d="1.000000" m_tx="0.000000" m_ty="-0.000002"/>
  </frame>
  <frame idx="375" w="128" h="179" x="6.143723" y="-39.761993">
   <element name="water_dirty_ice" layername="water" frame="0" z_index="7" m_a="0.999848" m_b="0.017452" m_c="-0.017452" m_d="0.999848" m_tx="0.000000" m_ty="-0.000002"/>
  </frame>
  <frame idx="400" w="132" h="180" x="5.069477" y="-38.742577">
   <element name="water_dirty_ice" layername="water" frame="0" z_index="7" m_a="0.999391" m_b="0.034900" m_c="-0.034900" m_d="0.999391" m_tx="0.000000" m_ty="-0.000002"/>
  </frame>
  <frame idx="425" w="128" h="179" x="6.143738" y="-39.762012">
   <element name="water_dirty_ice" layername="water" frame="0" z_index="7" m_a="0.999848" m_b="0.017452" m_c="-0.017452" m_d="0.999848" m_tx="0.000000" m_ty="-0.000002"/>
  </frame>
  <frame idx="450" w="127" h="178" x="6.599998" y="-40.800003">
   <element name="water_dirty_ice" layername="water" frame="0" z_index="7" m_a="1.000000" m_b="0.000000" m_c="0.000000" m_d="1.000000" m_tx="0.000000" m_ty="-0.000002"/>
   <element name="water_dirty" layername="water_UN" frame="0" z_index="6" m_a="1.000000" m_b="0.000000" m_c="0.000000" m_d="1.000000" m_tx="0.000000" m_ty="0.000000"/>
  </frame>
  <frame idx="475" w="134" h="161" x="12.599998" y="-55.800003">
   <element name="water_dirty_ice" layername="water" frame="0" z_index="7" m_a="1.100000" m_b="0.000000" m_c="0.000000" m_d="0.750000" m_tx="0.000000" m_ty="-0.000002"/>
   <element name="water_dirty" layername="water_UN" frame="0" z_index="6" m_a="1.100000" m_b="0.000000" m_c="0.000000" m_d="0.750000" m_tx="0.000000" m_ty="0.000000"/>
  </frame>
  <frame idx="500" w="140" h="145" x="18.599998" y="-70.800003">
   <element name="water_dirty_ice" layername="water" frame="0" z_index="7" m_a="1.200000" m_b="0.000000" m_c="0.000000" m_d="0.500000" m_tx="0.000000" m_ty="-0.000002"/>
   <element name="water_dirty" layername="water_UN" frame="0" z_index="6" m_a="1.200000" m_b="0.000000" m_c="0.000000" m_d="0.500000" m_tx="0.000000" m_ty="0.000000"/>
  </frame>
  <frame idx="525" w="116" h="167" x="-0.369274" y="-51.259953">
   <element name="water_dirty_ice" layername="water" frame="0" z_index="7" m_a="0.865193" m_b="0.000000" m_c="0.000000" m_d="0.825668" m_tx="0.519116" m_ty="-0.000002"/>
  </frame>
  <frame idx="550" w="95" h="187" x="-21.540318" y="-31.719902">
   <element name="water_dirty" layername="water" frame="0" z_index="7" m_a="0.530387" m_b="0.000000" m_c="0.000000" m_d="1.151335" m_tx="0.636464" m_ty="-0.000002"/>
  </frame>
  <frame idx="575" w="99" h="186" x="-16.750267" y="-33.233253">
   <element name="water_dirty" layername="water" frame="0" z_index="7" m_a="0.608656" m_b="0.000000" m_c="0.000000" m_d="1.126112" m_tx="0.730386" m_ty="-0.000002"/>
  </frame>
  <frame idx="600" w="105" h="184" x="-11.960209" y="-34.746597">
   <element name="water_dirty" layername="water" frame="0" z_index="7" m_a="0.686925" m_b="0.000000" m_c="0.000000" m_d="1.100890" m_tx="0.824309" m_ty="-0.000002"/>
  </frame>
  <frame idx="625" w="109" h="183" x="-7.170162" y="-36.259956">
   <element name="water_dirty" layername="water" frame="0" z_index="7" m_a="0.765193" m_b="0.000000" m_c="0.000000" m_d="1.075668" m_tx="0.918231" m_ty="-0.000002"/>
  </frame>
  <frame idx="650" w="115" h="181" x="-2.380104" y="-37.773304">
   <element name="water_dirty" layername="water" frame="0" z_index="7" m_a="0.843462" m_b="0.000000" m_c="0.000000" m_d="1.050445" m_tx="1.012154" m_ty="-0.000002"/>
  </frame>
  <frame idx="675" w="120" h="180" x="2.409943" y="-39.286652">
   <element name="water_dirty" layername="water" frame="0" z_index="7" m_a="0.921731" m_b="0.000000" m_c="0.000000" m_d="1.025223" m_tx="1.106076" m_ty="-0.000002"/>
  </frame>
 </anim>
 <anim name="idle" root="kettle_drink" numframes="150" framerate="40">
  <frame idx="0" w="132" h="132" x="0.000000" y="0.000000">
   <element name="swap" layername="swap" frame="0" z_index="7" m_a="1.000000" m_b="0.000000" m_c="0.000000" m_d="1.000000" m_tx="0.000000" m_ty="0.000000"/>
  </frame>
  <frame idx="25" w="132" h="132" x="0.000000" y="0.000000">
   <element name="swap" layername="swap" frame="0" z_index="7" m_a="1.000000" m_b="0.000000" m_c="0.000000" m_d="1.000000" m_tx="0.000000" m_ty="0.000000"/>
  </frame>
  <frame idx="50" w="132" h="132" x="0.000000" y="0.000000">
   <element name="swap" layername="swap" frame="0" z_index="7" m_a="1.000000" m_b="0.000000" m_c="0.000000" m_d="1.000000" m_tx="0.000000" m_ty="0.000000"/>
  </frame>
  <frame idx="75" w="132" h="132" x="0.000000" y="0.000000">
   <element name="swap" layername="swap" frame="0" z_index="7" m_a="1.000000" m_b="0.000000" m_c="0.000000" m_d="1.000000" m_tx="0.000000" m_ty="0.000000"/>
  </frame>
  <frame idx="100" w="132" h="132" x="0.000000" y="0.000000">
   <element name="swap" layername="swap" frame="0" z_index="7" m_a="1.000000" m_b="0.000000" m_c="0.000000" m_d="1.000000" m_tx="0.000000" m_ty="0.000000"/>
  </frame>
  <frame idx="125" w="132" h="132" x="0.000000" y="0.000000">
   <element name="swap" layername="swap" frame="0" z_index="7" m_a="1.000000" m_b="0.000000" m_c="0.000000" m_d="1.000000" m_tx="0.000000" m_ty="0.000000"/>
  </frame>
 </anim>
</Anims>
