<Anims>
 <anim name="turn_to_ice" root="kettle_drink" numframes="700" framerate="40">
  <frame idx="0" w="127" h="165" x="5.200001" y="-30.000000">
   <element name="water_clean" layername="water" frame="0" z_index="7" m_a="1.000000" m_b="0.000000" m_c="0.000000" m_d="1.000000" m_tx="-0.799999" m_ty="0.000000"/>
  </frame>
  <frame idx="25" w="129" h="165" x="3.200001" y="-30.000000">
   <element name="water_clean" layername="water" frame="0" z_index="7" m_a="1.000000" m_b="0.000000" m_c="0.000000" m_d="1.000000" m_tx="-2.799999" m_ty="0.000000"/>
  </frame>
  <frame idx="50" w="125" h="165" x="7.200001" y="-30.000000">
   <element name="water_clean" layername="water" frame="0" z_index="7" m_a="1.000000" m_b="0.000000" m_c="0.000000" m_d="1.000000" m_tx="1.200000" m_ty="0.000000"/>
  </frame>
  <frame idx="75" w="129" h="165" x="3.200001" y="-30.000000">
   <element name="water_clean" layername="water" frame="0" z_index="7" m_a="1.000000" m_b="0.000000" m_c="0.000000" m_d="1.000000" m_tx="-2.800000" m_ty="0.000000"/>
  </frame>
  <frame idx="100" w="125" h="165" x="7.200001" y="-30.000000">
   <element name="water_clean" layername="water" frame="0" z_index="7" m_a="1.000000" m_b="0.000000" m_c="0.000000" m_d="1.000000" m_tx="1.200000" m_ty="0.000000"/>
  </frame>
  <frame idx="125" w="129" h="165" x="3.200001" y="-30.000000">
   <element name="water_clean" layername="water" frame="0" z_index="7" m_a="1.000000" m_b="0.000000" m_c="0.000000" m_d="1.000000" m_tx="-2.800000" m_ty="0.000000"/>
  </frame>
  <frame idx="150" w="125" h="165" x="7.200001" y="-30.000000">
   <element name="water_clean" layername="water" frame="0" z_index="7" m_a="1.000000" m_b="0.000000" m_c="0.000000" m_d="1.000000" m_tx="1.200000" m_ty="0.000000"/>
  </frame>
  <frame idx="175" w="129" h="165" x="3.200001" y="-30.000000">
   <element name="water_clean" layername="water" frame="0" z_index="7" m_a="1.000000" m_b="0.000000" m_c="0.000000" m_d="1.000000" m_tx="-2.800000" m_ty="0.000000"/>
  </frame>
  <frame idx="200" w="125" h="165" x="7.200001" y="-30.000000">
   <element name="water_clean" layername="water" frame="0" z_index="7" m_a="1.000000" m_b="0.000000" m_c="0.000000" m_d="1.000000" m_tx="1.200000" m_ty="0.000000"/>
  </frame>
  <frame idx="225" w="129" h="165" x="3.200001" y="-30.000000">
   <element name="water_clean" layername="water" frame="0" z_index="7" m_a="1.000000" m_b="0.000000" m_c="0.000000" m_d="1.000000" m_tx="-2.800000" m_ty="0.000000"/>
  </frame>
  <frame idx="250" w="125" h="165" x="7.200001" y="-30.000000">
   <element name="water_clean" layername="water" frame="0" z_index="7" m_a="1.000000" m_b="0.000000" m_c="0.000000" m_d="1.000000" m_tx="1.200000" m_ty="0.000000"/>
  </frame>
  <frame idx="275" w="129" h="165" x="3.200001" y="-30.000000">
   <element name="water_clean" layername="water" frame="0" z_index="7" m_a="1.000000" m_b="0.000000" m_c="0.000000" m_d="1.000000" m_tx="-2.800000" m_ty="0.000000"/>
  </frame>
  <frame idx="300" w="125" h="165" x="7.200001" y="-30.000000">
   <element name="water_clean" layername="water" frame="0" z_index="7" m_a="1.000000" m_b="0.000000" m_c="0.000000" m_d="1.000000" m_tx="1.200000" m_ty="0.000000"/>
  </frame>
  <frame idx="325" w="129" h="165" x="3.200001" y="-30.000000">
   <element name="water_clean" layername="water" frame="0" z_index="7" m_a="1.000000" m_b="0.000000" m_c="0.000000" m_d="1.000000" m_tx="-2.800000" m_ty="0.000000"/>
  </frame>
  <frame idx="350" w="125" h="165" x="7.200001" y="-30.000000">
   <element name="water_clean" layername="water" frame="0" z_index="7" m_a="1.000000" m_b="0.000000" m_c="0.000000" m_d="1.000000" m_tx="1.200000" m_ty="0.000000"/>
  </frame>
  <frame idx="375" w="129" h="165" x="3.200001" y="-30.000000">
   <element name="water_clean" layername="water" frame="0" z_index="7" m_a="1.000000" m_b="0.000000" m_c="0.000000" m_d="1.000000" m_tx="-2.800000" m_ty="0.000000"/>
  </frame>
  <frame idx="400" w="127" h="165" x="5.200001" y="-30.000000">
   <element name="water_clean" layername="water" frame="0" z_index="7" m_a="1.000000" m_b="0.000000" m_c="0.000000" m_d="1.000000" m_tx="-0.800000" m_ty="0.000000"/>
  </frame>
  <frame idx="425" w="127" h="165" x="5.200001" y="-30.000000">
   <element name="water_clean" layername="water" frame="0" z_index="7" m_a="1.000000" m_b="0.000000" m_c="0.000000" m_d="1.000000" m_tx="-0.800000" m_ty="0.000000"/>
  </frame>
  <frame idx="450" w="127" h="165" x="5.200001" y="-30.000000">
   <element name="water_clean" layername="water" frame="0" z_index="7" m_a="1.000000" m_b="0.000000" m_c="0.000000" m_d="1.000000" m_tx="-0.800000" m_ty="0.000000"/>
  </frame>
  <frame idx="475" w="110" h="173" x="-9.099998" y="-24.479996">
   <element name="water_clean" layername="water" frame="0" z_index="7" m_a="0.750000" m_b="0.000000" m_c="0.000000" m_d="1.100000" m_tx="-0.100000" m_ty="-0.480000"/>
  </frame>
  <frame idx="500" w="93" h="180" x="-23.400002" y="-18.959999">
   <element name="water_clean_ice" layername="water" frame="0" z_index="7" m_a="0.500000" m_b="0.000000" m_c="0.000000" m_d="1.200000" m_tx="0.600000" m_ty="-0.960000"/>
  </frame>
  <frame idx="525" w="118" h="161" x="0.623081" y="-49.698399">
   <element name="water_clean_ice" layername="water" frame="0" z_index="7" m_a="0.892534" m_b="0.000000" m_c="0.000000" m_d="0.798813" m_tx="1.071041" m_ty="-7.627180"/>
  </frame>
  <frame idx="550" w="143" h="142" x="24.646164" y="-80.436798">
   <element name="water_clean_ice" layername="water" frame="0" z_index="7" m_a="1.285068" m_b="0.000000" m_c="0.000000" m_d="0.397626" m_tx="1.542082" m_ty="-14.294360"/>
  </frame>
  <frame idx="575" w="140" h="146" x="21.738472" y="-72.030663">
   <element name="water_clean_ice" layername="water" frame="0" z_index="7" m_a="1.237557" m_b="0.000000" m_c="0.000000" m_d="0.498022" m_tx="1.485068" m_ty="-11.911966"/>
  </frame>
  <frame idx="600" w="137" h="150" x="18.830780" y="-63.624531">
   <element name="water_clean_ice" layername="water" frame="0" z_index="7" m_a="1.190045" m_b="0.000000" m_c="0.000000" m_d="0.598417" m_tx="1.428055" m_ty="-9.529573"/>
  </frame>
  <frame idx="625" w="135" h="154" x="15.923080" y="-55.218399">
   <element name="water_clean_ice" layername="water" frame="0" z_index="7" m_a="1.142534" m_b="0.000000" m_c="0.000000" m_d="0.698813" m_tx="1.371041" m_ty="-7.147180"/>
  </frame>
  <frame idx="650" w="131" h="158" x="13.015388" y="-46.812267">
   <element name="water_clean_ice" layername="water" frame="0" z_index="7" m_a="1.095023" m_b="0.000000" m_c="0.000000" m_d="0.799209" m_tx="1.314027" m_ty="-4.764787"/>
  </frame>
  <frame idx="675" w="128" h="162" x="10.107693" y="-38.406136">
   <element name="water_clean_ice" layername="water" frame="0" z_index="7" m_a="1.047511" m_b="0.000000" m_c="0.000000" m_d="0.899604" m_tx="1.257014" m_ty="-2.382394"/>
  </frame>
 </anim>
 <anim name="turn_to_ice_dirty" root="kettle_drink" numframes="700" framerate="40">
  <frame idx="0" w="127" h="165" x="5.200001" y="-30.000000">
   <element name="water_dirty" layername="water" frame="0" z_index="7" m_a="1.000000" m_b="0.000000" m_c="0.000000" m_d="1.000000" m_tx="-0.799999" m_ty="0.000000"/>
  </frame>
  <frame idx="25" w="129" h="165" x="3.200001" y="-30.000000">
   <element name="water_dirty" layername="water" frame="0" z_index="7" m_a="1.000000" m_b="0.000000" m_c="0.000000" m_d="1.000000" m_tx="-2.799999" m_ty="0.000000"/>
  </frame>
  <frame idx="50" w="125" h="165" x="7.200001" y="-30.000000">
   <element name="water_dirty" layername="water" frame="0" z_index="7" m_a="1.000000" m_b="0.000000" m_c="0.000000" m_d="1.000000" m_tx="1.200000" m_ty="0.000000"/>
  </frame>
  <frame idx="75" w="129" h="165" x="3.200001" y="-30.000000">
   <element name="water_dirty" layername="water" frame="0" z_index="7" m_a="1.000000" m_b="0.000000" m_c="0.000000" m_d="1.000000" m_tx="-2.800000" m_ty="0.000000"/>
  </frame>
  <frame idx="100" w="125" h="165" x="7.200001" y="-30.000000">
   <element name="water_dirty" layername="water" frame="0" z_index="7" m_a="1.000000" m_b="0.000000" m_c="0.000000" m_d="1.000000" m_tx="1.200000" m_ty="0.000000"/>
  </frame>
  <frame idx="125" w="129" h="165" x="3.200001" y="-30.000000">
   <element name="water_dirty" layername="water" frame="0" z_index="7" m_a="1.000000" m_b="0.000000" m_c="0.000000" m_d="1.000000" m_tx="-2.800000" m_ty="0.000000"/>
  </frame>
  <frame idx="150" w="125" h="165" x="7.200001" y="-30.000000">
   <element name="water_dirty" layername="water" frame="0" z_index="7" m_a="1.000000" m_b="0.000000" m_c="0.000000" m_d="1.000000" m_tx="1.200000" m_ty="0.000000"/>
  </frame>
  <frame idx="175" w="129" h="165" x="3.200001" y="-30.000000">
   <element name="water_dirty" layername="water" frame="0" z_index="7" m_a="1.000000" m_b="0.000000" m_c="0.000000" m_d="1.000000" m_tx="-2.800000" m_ty="0.000000"/>
  </frame>
  <frame idx="200" w="125" h="165" x="7.200001" y="-30.000000">
   <element name="water_dirty" layername="water" frame="0" z_index="7" m_a="1.000000" m_b="0.000000" m_c="0.000000" m_d="1.000000" m_tx="1.200000" m_ty="0.000000"/>
  </frame>
  <frame idx="225" w="129" h="165" x="3.200001" y="-30.000000">
   <element name="water_dirty" layername="water" frame="0" z_index="7" m_a="1.000000" m_b="0.000000" m_c="0.000000" m_d="1.000000" m_tx="-2.800000" m_ty="0.000000"/>
  </frame>
  <frame idx="250" w="125" h="165" x="7.200001" y="-30.000000">
   <element name="water_dirty" layername="water" frame="0" z_index="7" m_a="1.000000" m_b="0.000000" m_c="0.000000" m_d="1.000000" m_tx="1.200000" m_ty="0.000000"/>
  </frame>
  <frame idx="275" w="129" h="165" x="3.200001" y="-30.000000">
   <element name="water_dirty" layername="water" frame="0" z_index="7" m_a="1.000000" m_b="0.000000" m_c="0.000000" m_d="1.000000" m_tx="-2.800000" m_ty="0.000000"/>
  </frame>
  <frame idx="300" w="125" h="165" x="7.200001" y="-30.000000">
   <element name="water_dirty" layername="water" frame="0" z_index="7" m_a="1.000000" m_b="0.000000" m_c="0.000000" m_d="1.000000" m_tx="1.200000" m_ty="0.000000"/>
  </frame>
  <frame idx="325" w="129" h="165" x="3.200001" y="-30.000000">
   <element name="water_dirty" layername="water" frame="0" z_index="7" m_a="1.000000" m_b="0.000000" m_c="0.000000" m_d="1.000000" m_tx="-2.800000" m_ty="0.000000"/>
  </frame>
  <frame idx="350" w="125" h="165" x="7.200001" y="-30.000000">
   <element name="water_dirty" layername="water" frame="0" z_index="7" m_a="1.000000" m_b="0.000000" m_c="0.000000" m_d="1.000000" m_tx="1.200000" m_ty="0.000000"/>
  </frame>
  <frame idx="375" w="129" h="165" x="3.200001" y="-30.000000">
   <element name="water_dirty" layername="water" frame="0" z_index="7" m_a="1.000000" m_b="0.000000" m_c="0.000000" m_d="1.000000" m_tx="-2.800000" m_ty="0.000000"/>
  </frame>
  <frame idx="400" w="127" h="165" x="5.200001" y="-30.000000">
   <element name="water_dirty" layername="water" frame="0" z_index="7" m_a="1.000000" m_b="0.000000" m_c="0.000000" m_d="1.000000" m_tx="-0.800000" m_ty="0.000000"/>
  </frame>
  <frame idx="425" w="127" h="165" x="5.200001" y="-30.000000">
   <element name="water_dirty" layername="water" frame="0" z_index="7" m_a="1.000000" m_b="0.000000" m_c="0.000000" m_d="1.000000" m_tx="-0.800000" m_ty="0.000000"/>
  </frame>
  <frame idx="450" w="127" h="165" x="5.200001" y="-30.000000">
   <element name="water_dirty" layername="water" frame="0" z_index="7" m_a="1.000000" m_b="0.000000" m_c="0.000000" m_d="1.000000" m_tx="-0.800000" m_ty="0.000000"/>
  </frame>
  <frame idx="475" w="110" h="173" x="-9.099998" y="-24.479996">
   <element name="water_dirty" layername="water" frame="0" z_index="7" m_a="0.750000" m_b="0.000000" m_c="0.000000" m_d="1.100000" m_tx="-0.100000" m_ty="-0.480000"/>
  </frame>
  <frame idx="500" w="93" h="180" x="-23.400002" y="-18.959999">
   <element name="water_dirty_ice" layername="water" frame="0" z_index="7" m_a="0.500000" m_b="0.000000" m_c="0.000000" m_d="1.200000" m_tx="0.600000" m_ty="-0.960000"/>
  </frame>
  <frame idx="525" w="118" h="161" x="0.623081" y="-49.698399">
   <element name="water_dirty_ice" layername="water" frame="0" z_index="7" m_a="0.892534" m_b="0.000000" m_c="0.000000" m_d="0.798813" m_tx="1.071041" m_ty="-7.627180"/>
  </frame>
  <frame idx="550" w="143" h="142" x="24.646164" y="-80.436798">
   <element name="water_dirty_ice" layername="water" frame="0" z_index="7" m_a="1.285068" m_b="0.000000" m_c="0.000000" m_d="0.397626" m_tx="1.542082" m_ty="-14.294360"/>
  </frame>
  <frame idx="575" w="140" h="146" x="21.738472" y="-72.030663">
   <element name="water_dirty_ice" layername="water" frame="0" z_index="7" m_a="1.237557" m_b="0.000000" m_c="0.000000" m_d="0.498022" m_tx="1.485068" m_ty="-11.911966"/>
  </frame>
  <frame idx="600" w="137" h="150" x="18.830780" y="-63.624531">
   <element name="water_dirty_ice" layername="water" frame="0" z_index="7" m_a="1.190045" m_b="0.000000" m_c="0.000000" m_d="0.598417" m_tx="1.428055" m_ty="-9.529573"/>
  </frame>
  <frame idx="625" w="135" h="154" x="15.923080" y="-55.218399">
   <element name="water_dirty_ice" layername="water" frame="0" z_index="7" m_a="1.142534" m_b="0.000000" m_c="0.000000" m_d="0.698813" m_tx="1.371041" m_ty="-7.147180"/>
  </frame>
  <frame idx="650" w="131" h="158" x="13.015388" y="-46.812267">
   <element name="water_dirty_ice" layername="water" frame="0" z_index="7" m_a="1.095023" m_b="0.000000" m_c="0.000000" m_d="0.799209" m_tx="1.314027" m_ty="-4.764787"/>
  </frame>
  <frame idx="675" w="128" h="162" x="10.107693" y="-38.406136">
   <element name="water_dirty_ice" layername="water" frame="0" z_index="7" m_a="1.047511" m_b="0.000000" m_c="0.000000" m_d="0.899604" m_tx="1.257014" m_ty="-2.382394"/>
  </frame>
 </anim>
 <anim name="turn_to_full" root="kettle_drink" numframes="700" framerate="40">
  <frame idx="0" w="126" h="165" x="6.000000" y="-30.000000">
   <element name="water_clean_ice" layername="water" frame="0" z_index="7" m_a="1.000000" m_b="0.000000" m_c="0.000000" m_d="1.000000" m_tx="0.000000" m_ty="0.000000"/>
  </frame>
  <frame idx="25" w="127" h="168" x="6.521309" y="-30.525879">
   <element name="water_clean_ice" layername="water" frame="0" z_index="7" m_a="0.999962" m_b="-0.008727" m_c="0.008727" m_d="0.999962" m_tx="0.000000" m_ty="0.000000"/>
  </frame>
  <frame idx="50" w="128" h="170" x="7.038010" y="-31.056282">
   <element name="water_clean_ice" layername="water" frame="0" z_index="7" m_a="0.999848" m_b="-0.017452" m_c="0.017452" m_d="0.999848" m_tx="0.000000" m_ty="0.000000"/>
  </frame>
  <frame idx="75" w="128" h="171" x="7.550056" y="-31.591179">
   <element name="water_clean_ice" layername="water" frame="0" z_index="7" m_a="0.999657" m_b="-0.026177" m_c="0.026177" m_d="0.999657" m_tx="0.000000" m_ty="0.000000"/>
  </frame>
  <frame idx="100" w="129" h="173" x="8.057423" y="-32.130520">
   <element name="water_clean_ice" layername="water" frame="0" z_index="7" m_a="0.999391" m_b="-0.034899" m_c="0.034899" m_d="0.999391" m_tx="0.000000" m_ty="0.000000"/>
  </frame>
  <frame idx="125" w="128" h="170" x="7.038010" y="-31.056282">
   <element name="water_clean_ice" layername="water" frame="0" z_index="7" m_a="0.999848" m_b="-0.017452" m_c="0.017452" m_d="0.999848" m_tx="0.000000" m_ty="0.000000"/>
  </frame>
  <frame idx="150" w="126" h="165" x="6.000000" y="-30.000000">
   <element name="water_clean_ice" layername="water" frame="0" z_index="7" m_a="1.000000" m_b="0.000000" m_c="0.000000" m_d="1.000000" m_tx="0.000000" m_ty="0.000000"/>
  </frame>
  <frame idx="175" w="130" h="168" x="4.943722" y="-28.961990">
   <element name="water_clean_ice" layername="water" frame="0" z_index="7" m_a="0.999848" m_b="0.017452" m_c="-0.017452" m_d="0.999848" m_tx="0.000000" m_ty="0.000000"/>
  </frame>
  <frame idx="200" w="134" h="169" x="3.869476" y="-27.942574">
   <element name="water_clean_ice" layername="water" frame="0" z_index="7" m_a="0.999391" m_b="0.034900" m_c="-0.034900" m_d="0.999391" m_tx="0.000000" m_ty="0.000000"/>
  </frame>
  <frame idx="225" w="130" h="168" x="4.943737" y="-28.962009">
   <element name="water_clean_ice" layername="water" frame="0" z_index="7" m_a="0.999848" m_b="0.017452" m_c="-0.017452" m_d="0.999848" m_tx="0.000000" m_ty="0.000000"/>
  </frame>
  <frame idx="250" w="127" h="167" x="6.000011" y="-30.000011">
   <element name="water_clean_ice" layername="water" frame="0" z_index="7" m_a="1.000000" m_b="-0.000000" m_c="0.000000" m_d="1.000000" m_tx="0.000000" m_ty="0.000000"/>
  </frame>
  <frame idx="275" w="128" h="170" x="7.038013" y="-31.056286">
   <element name="water_clean_ice" layername="water" frame="0" z_index="7" m_a="0.999848" m_b="-0.017452" m_c="0.017452" m_d="0.999848" m_tx="0.000000" m_ty="0.000000"/>
  </frame>
  <frame idx="300" w="129" h="173" x="8.057423" y="-32.130520">
   <element name="water_clean_ice" layername="water" frame="0" z_index="7" m_a="0.999391" m_b="-0.034899" m_c="0.034899" m_d="0.999391" m_tx="0.000000" m_ty="0.000000"/>
  </frame>
  <frame idx="325" w="128" h="170" x="7.038010" y="-31.056282">
   <element name="water_clean_ice" layername="water" frame="0" z_index="7" m_a="0.999848" m_b="-0.017452" m_c="0.017452" m_d="0.999848" m_tx="0.000000" m_ty="0.000000"/>
  </frame>
  <frame idx="350" w="126" h="165" x="6.000000" y="-30.000000">
   <element name="water_clean_ice" layername="water" frame="0" z_index="7" m_a="1.000000" m_b="0.000000" m_c="0.000000" m_d="1.000000" m_tx="0.000000" m_ty="0.000000"/>
  </frame>
  <frame idx="375" w="130" h="168" x="4.943722" y="-28.961990">
   <element name="water_clean_ice" layername="water" frame="0" z_index="7" m_a="0.999848" m_b="0.017452" m_c="-0.017452" m_d="0.999848" m_tx="0.000000" m_ty="0.000000"/>
  </frame>
  <frame idx="400" w="134" h="169" x="3.869476" y="-27.942574">
   <element name="water_clean_ice" layername="water" frame="0" z_index="7" m_a="0.999391" m_b="0.034900" m_c="-0.034900" m_d="0.999391" m_tx="0.000000" m_ty="0.000000"/>
  </frame>
  <frame idx="425" w="130" h="168" x="4.943737" y="-28.962009">
   <element name="water_clean_ice" layername="water" frame="0" z_index="7" m_a="0.999848" m_b="0.017452" m_c="-0.017452" m_d="0.999848" m_tx="0.000000" m_ty="0.000000"/>
  </frame>
  <frame idx="450" w="126" h="165" x="6.000000" y="-30.000000">
   <element name="water_clean_ice" layername="water" frame="0" z_index="7" m_a="1.000000" m_b="0.000000" m_c="0.000000" m_d="1.000000" m_tx="0.000000" m_ty="0.000000"/>
   <element name="water_clean" layername="water_UN" frame="0" z_index="6" m_a="1.000000" m_b="0.000000" m_c="0.000000" m_d="1.000000" m_tx="0.000000" m_ty="0.000000"/>
  </frame>
  <frame idx="475" w="132" h="149" x="12.720001" y="-45.000000">
   <element name="water_clean_ice" layername="water" frame="0" z_index="7" m_a="1.100000" m_b="0.000000" m_c="0.000000" m_d="0.750000" m_tx="0.720000" m_ty="0.000000"/>
   <element name="water_clean" layername="water_UN" frame="0" z_index="6" m_a="1.100000" m_b="0.000000" m_c="0.000000" m_d="0.750000" m_tx="0.720000" m_ty="0.000000"/>
  </frame>
  <frame idx="500" w="138" h="132" x="19.439999" y="-60.000000">
   <element name="water_clean_ice" layername="water" frame="0" z_index="7" m_a="1.200000" m_b="0.000000" m_c="0.000000" m_d="0.500000" m_tx="1.440000" m_ty="0.000000"/>
   <element name="water_clean" layername="water_UN" frame="0" z_index="6" m_a="1.200000" m_b="0.000000" m_c="0.000000" m_d="0.500000" m_tx="1.440000" m_ty="0.000000"/>
  </frame>
  <frame idx="525" w="116" h="157" x="-2.480000" y="-40.000000">
   <element name="water_clean_ice" layername="water" frame="0" z_index="7" m_a="0.850000" m_b="0.000000" m_c="0.000000" m_d="0.850000" m_tx="0.520000" m_ty="-1.000000"/>
  </frame>
  <frame idx="550" w="94" h="181" x="-24.400002" y="-20.000000">
   <element name="water_clean" layername="water" frame="0" z_index="7" m_a="0.500000" m_b="0.000000" m_c="0.000000" m_d="1.200000" m_tx="-0.400000" m_ty="-2.000000"/>
  </frame>
  <frame idx="575" w="99" h="179" x="-19.333332" y="-21.666664">
   <element name="water_clean" layername="water" frame="0" z_index="7" m_a="0.583333" m_b="0.000000" m_c="0.000000" m_d="1.166667" m_tx="-0.333333" m_ty="-1.666667"/>
  </frame>
  <frame idx="600" w="105" h="176" x="-14.266666" y="-23.333328">
   <element name="water_clean" layername="water" frame="0" z_index="7" m_a="0.666667" m_b="0.000000" m_c="0.000000" m_d="1.133333" m_tx="-0.266667" m_ty="-1.333333"/>
  </frame>
  <frame idx="625" w="110" h="173" x="-9.200001" y="-25.000000">
   <element name="water_clean" layername="water" frame="0" z_index="7" m_a="0.750000" m_b="0.000000" m_c="0.000000" m_d="1.100000" m_tx="-0.200000" m_ty="-1.000000"/>
  </frame>
  <frame idx="650" w="116" h="171" x="-4.133331" y="-26.666672">
   <element name="water_clean" layername="water" frame="0" z_index="7" m_a="0.833333" m_b="0.000000" m_c="0.000000" m_d="1.066667" m_tx="-0.133333" m_ty="-0.666667"/>
  </frame>
  <frame idx="675" w="121" h="169" x="0.933331" y="-28.333328">
   <element name="water_clean" layername="water" frame="0" z_index="7" m_a="0.916667" m_b="0.000000" m_c="0.000000" m_d="1.033333" m_tx="-0.066667" m_ty="-0.333333"/>
  </frame>
 </anim>
 <anim name="turn_to_full_dirty" root="kettle_drink" numframes="700" framerate="40">
  <frame idx="0" w="126" h="165" x="6.000000" y="-30.000000">
   <element name="water_dirty_ice" layername="water" frame="0" z_index="7" m_a="1.000000" m_b="0.000000" m_c="0.000000" m_d="1.000000" m_tx="0.000000" m_ty="0.000000"/>
  </frame>
  <frame idx="25" w="127" h="168" x="6.521309" y="-30.525879">
   <element name="water_dirty_ice" layername="water" frame="0" z_index="7" m_a="0.999962" m_b="-0.008727" m_c="0.008727" m_d="0.999962" m_tx="0.000000" m_ty="0.000000"/>
  </frame>
  <frame idx="50" w="128" h="170" x="7.038010" y="-31.056282">
   <element name="water_dirty_ice" layername="water" frame="0" z_index="7" m_a="0.999848" m_b="-0.017452" m_c="0.017452" m_d="0.999848" m_tx="0.000000" m_ty="0.000000"/>
  </frame>
  <frame idx="75" w="128" h="171" x="7.550056" y="-31.591179">
   <element name="water_dirty_ice" layername="water" frame="0" z_index="7" m_a="0.999657" m_b="-0.026177" m_c="0.026177" m_d="0.999657" m_tx="0.000000" m_ty="0.000000"/>
  </frame>
  <frame idx="100" w="129" h="173" x="8.057423" y="-32.130520">
   <element name="water_dirty_ice" layername="water" frame="0" z_index="7" m_a="0.999391" m_b="-0.034899" m_c="0.034899" m_d="0.999391" m_tx="0.000000" m_ty="0.000000"/>
  </frame>
  <frame idx="125" w="128" h="170" x="7.038010" y="-31.056282">
   <element name="water_dirty_ice" layername="water" frame="0" z_index="7" m_a="0.999848" m_b="-0.017452" m_c="0.017452" m_d="0.999848" m_tx="0.000000" m_ty="0.000000"/>
  </frame>
  <frame idx="150" w="126" h="165" x="6.000000" y="-30.000000">
   <element name="water_dirty_ice" layername="water" frame="0" z_index="7" m_a="1.000000" m_b="0.000000" m_c="0.000000" m_d="1.000000" m_tx="0.000000" m_ty="0.000000"/>
  </frame>
  <frame idx="175" w="130" h="168" x="4.943722" y="-28.961990">
   <element name="water_dirty_ice" layername="water" frame="0" z_index="7" m_a="0.999848" m_b="0.017452" m_c="-0.017452" m_d="0.999848" m_tx="0.000000" m_ty="0.000000"/>
  </frame>
  <frame idx="200" w="134" h="169" x="3.869476" y="-27.942574">
   <element name="water_dirty_ice" layername="water" frame="0" z_index="7" m_a="0.999391" m_b="0.034900" m_c="-0.034900" m_d="0.999391" m_tx="0.000000" m_ty="0.000000"/>
  </frame>
  <frame idx="225" w="130" h="168" x="4.943737" y="-28.962009">
   <element name="water_dirty_ice" layername="water" frame="0" z_index="7" m_a="0.999848" m_b="0.017452" m_c="-0.017452" m_d="0.999848" m_tx="0.000000" m_ty="0.000000"/>
  </frame>
  <frame idx="250" w="127" h="167" x="6.000011" y="-30.000011">
   <element name="water_dirty_ice" layername="water" frame="0" z_index="7" m_a="1.000000" m_b="-0.000000" m_c="0.000000" m_d="1.000000" m_tx="0.000000" m_ty="0.000000"/>
  </frame>
  <frame idx="275" w="128" h="170" x="7.038013" y="-31.056286">
   <element name="water_dirty_ice" layername="water" frame="0" z_index="7" m_a="0.999848" m_b="-0.017452" m_c="0.017452" m_d="0.999848" m_tx="0.000000" m_ty="0.000000"/>
  </frame>
  <frame idx="300" w="129" h="173" x="8.057423" y="-32.130520">
   <element name="water_dirty_ice" layername="water" frame="0" z_index="7" m_a="0.999391" m_b="-0.034899" m_c="0.034899" m_d="0.999391" m_tx="0.000000" m_ty="0.000000"/>
  </frame>
  <frame idx="325" w="128" h="170" x="7.038010" y="-31.056282">
   <element name="water_dirty_ice" layername="water" frame="0" z_index="7" m_a="0.999848" m_b="-0.017452" m_c="0.017452" m_d="0.999848" m_tx="0.000000" m_ty="0.000000"/>
  </frame>
  <frame idx="350" w="126" h="165" x="6.000000" y="-30.000000">
   <element name="water_dirty_ice" layername="water" frame="0" z_index="7" m_a="1.000000" m_b="0.000000" m_c="0.000000" m_d="1.000000" m_tx="0.000000" m_ty="0.000000"/>
  </frame>
  <frame idx="375" w="130" h="168" x="4.943722" y="-28.961990">
   <element name="water_dirty_ice" layername="water" frame="0" z_index="7" m_a="0.999848" m_b="0.017452" m_c="-0.017452" m_d="0.999848" m_tx="0.000000" m_ty="0.000000"/>
  </frame>
  <frame idx="400" w="134" h="169" x="3.869476" y="-27.942574">
   <element name="water_dirty_ice" layername="water" frame="0" z_index="7" m_a="0.999391" m_b="0.034900" m_c="-0.034900" m_d="0.999391" m_tx="0.000000" m_ty="0.000000"/>
  </frame>
  <frame idx="425" w="130" h="168" x="4.943737" y="-28.962009">
   <element name="water_dirty_ice" layername="water" frame="0" z_index="7" m_a="0.999848" m_b="0.017452" m_c="-0.017452" m_d="0.999848" m_tx="0.000000" m_ty="0.000000"/>
  </frame>
  <frame idx="450" w="126" h="165" x="6.000000" y="-30.000000">
   <element name="water_dirty_ice" layername="water" frame="0" z_index="7" m_a="1.000000" m_b="0.000000" m_c="0.000000" m_d="1.000000" m_tx="0.000000" m_ty="0.000000"/>
   <element name="water_dirty" layername="water_UN" frame="0" z_index="6" m_a="1.000000" m_b="0.000000" m_c="0.000000" m_d="1.000000" m_tx="0.000000" m_ty="0.000000"/>
  </frame>
  <frame idx="475" w="132" h="149" x="12.720001" y="-45.000000">
   <element name="water_dirty_ice" layername="water" frame="0" z_index="7" m_a="1.100000" m_b="0.000000" m_c="0.000000" m_d="0.750000" m_tx="0.720000" m_ty="0.000000"/>
   <element name="water_dirty" layername="water_UN" frame="0" z_index="6" m_a="1.100000" m_b="0.000000" m_c="0.000000" m_d="0.750000" m_tx="0.720000" m_ty="0.000000"/>
  </frame>
  <frame idx="500" w="138" h="132" x="19.439999" y="-60.000000">
   <element name="water_dirty_ice" layername="water" frame="0" z_index="7" m_a="1.200000" m_b="0.000000" m_c="0.000000" m_d="0.500000" m_tx="1.440000" m_ty="0.000000"/>
   <element name="water_dirty" layername="water_UN" frame="0" z_index="6" m_a="1.200000" m_b="0.000000" m_c="0.000000" m_d="0.500000" m_tx="1.440000" m_ty="0.000000"/>
  </frame>
  <frame idx="525" w="116" h="157" x="-2.480000" y="-40.000000">
   <element name="water_dirty_ice" layername="water" frame="0" z_index="7" m_a="0.850000" m_b="0.000000" m_c="0.000000" m_d="0.850000" m_tx="0.520000" m_ty="-1.000000"/>
  </frame>
  <frame idx="550" w="94" h="181" x="-24.400002" y="-20.000000">
   <element name="water_dirty" layername="water" frame="0" z_index="7" m_a="0.500000" m_b="0.000000" m_c="0.000000" m_d="1.200000" m_tx="-0.400000" m_ty="-2.000000"/>
  </frame>
  <frame idx="575" w="99" h="179" x="-19.333332" y="-21.666664">
   <element name="water_dirty" layername="water" frame="0" z_index="7" m_a="0.583333" m_b="0.000000" m_c="0.000000" m_d="1.166667" m_tx="-0.333333" m_ty="-1.666667"/>
  </frame>
  <frame idx="600" w="105" h="176" x="-14.266666" y="-23.333328">
   <element name="water_dirty" layername="water" frame="0" z_index="7" m_a="0.666667" m_b="0.000000" m_c="0.000000" m_d="1.133333" m_tx="-0.266667" m_ty="-1.333333"/>
  </frame>
  <frame idx="625" w="110" h="173" x="-9.200001" y="-25.000000">
   <element name="water_dirty" layername="water" frame="0" z_index="7" m_a="0.750000" m_b="0.000000" m_c="0.000000" m_d="1.100000" m_tx="-0.200000" m_ty="-1.000000"/>
  </frame>
  <frame idx="650" w="116" h="171" x="-4.133331" y="-26.666672">
   <element name="water_dirty" layername="water" frame="0" z_index="7" m_a="0.833333" m_b="0.000000" m_c="0.000000" m_d="1.066667" m_tx="-0.133333" m_ty="-0.666667"/>
  </frame>
  <frame idx="675" w="121" h="169" x="0.933331" y="-28.333328">
   <element name="water_dirty" layername="water" frame="0" z_index="7" m_a="0.916667" m_b="0.000000" m_c="0.000000" m_d="1.033333" m_tx="-0.066667" m_ty="-0.333333"/>
  </frame>
 </anim>
 <anim name="idle" root="kettle_drink" numframes="150" framerate="40">
  <frame idx="0" w="132" h="132" x="0.000000" y="0.000000">
   <element name="swap" layername="swap" frame="0" z_index="7" m_a="1.000000" m_b="0.000000" m_c="0.000000" m_d="1.000000" m_tx="0.000000" m_ty="0.000000"/>
  </frame>
  <frame idx="25" w="132" h="132" x="0.000000" y="0.000000">
   <element name="swap" layername="swap" frame="0" z_index="7" m_a="1.000000" m_b="0.000000" m_c="0.000000" m_d="1.000000" m_tx="0.000000" m_ty="0.000000"/>
  </frame>
  <frame idx="50" w="132" h="132" x="0.000000" y="0.000000">
   <element name="swap" layername="swap" frame="0" z_index="7" m_a="1.000000" m_b="0.000000" m_c="0.000000" m_d="1.000000" m_tx="0.000000" m_ty="0.000000"/>
  </frame>
  <frame idx="75" w="132" h="132" x="0.000000" y="0.000000">
   <element name="swap" layername="swap" frame="0" z_index="7" m_a="1.000000" m_b="0.000000" m_c="0.000000" m_d="1.000000" m_tx="0.000000" m_ty="0.000000"/>
  </frame>
  <frame idx="100" w="132" h="132" x="0.000000" y="0.000000">
   <element name="swap" layername="swap" frame="0" z_index="7" m_a="1.000000" m_b="0.000000" m_c="0.000000" m_d="1.000000" m_tx="0.000000" m_ty="0.000000"/>
  </frame>
  <frame idx="125" w="132" h="132" x="0.000000" y="0.000000">
   <element name="swap" layername="swap" frame="0" z_index="7" m_a="1.000000" m_b="0.000000" m_c="0.000000" m_d="1.000000" m_tx="0.000000" m_ty="0.000000"/>
  </frame>
 </anim>
</Anims>
