<Anims>
 <anim name="turn_to_ice" root="kettle_drink" numframes="1000" framerate="40">
  <frame idx="0" w="140" h="228" x="1.349998" y="-48.979996">
   <element name="anim_ice_full" layername="cups" frame="0" z_index="11" m_a="1.000000" m_b="0.000000" m_c="0.000000" m_d="1.000000" m_tx="-0.799999" m_ty="0.000000"/>
   <element name="anim_ice_full" layername="bottles" frame="2" z_index="10" m_a="1.000000" m_b="0.000000" m_c="0.000000" m_d="1.000000" m_tx="0.000000" m_ty="0.000000"/>
  </frame>
  <frame idx="25" w="134" h="228" x="4.000000" y="-48.979996">
   <element name="anim_ice_full" layername="cups" frame="0" z_index="11" m_a="1.000000" m_b="0.000000" m_c="0.000000" m_d="1.000000" m_tx="-2.799999" m_ty="0.000000"/>
   <element name="anim_ice_full" layername="bottles" frame="2" z_index="10" m_a="1.000000" m_b="0.000000" m_c="0.000000" m_d="1.000000" m_tx="4.000000" m_ty="0.000000"/>
  </frame>
  <frame idx="50" w="148" h="228" x="0.349998" y="-48.979996">
   <element name="anim_ice_full" layername="cups" frame="0" z_index="11" m_a="1.000000" m_b="0.000000" m_c="0.000000" m_d="1.000000" m_tx="1.200000" m_ty="0.000000"/>
   <element name="anim_ice_full" layername="bottles" frame="2" z_index="10" m_a="1.000000" m_b="0.000000" m_c="0.000000" m_d="1.000000" m_tx="-4.000000" m_ty="0.000000"/>
  </frame>
  <frame idx="75" w="134" h="228" x="4.000000" y="-48.979996">
   <element name="anim_ice_full" layername="cups" frame="0" z_index="11" m_a="1.000000" m_b="0.000000" m_c="0.000000" m_d="1.000000" m_tx="-2.800000" m_ty="0.000000"/>
   <element name="anim_ice_full" layername="bottles" frame="2" z_index="10" m_a="1.000000" m_b="0.000000" m_c="0.000000" m_d="1.000000" m_tx="4.000000" m_ty="0.000000"/>
  </frame>
  <frame idx="100" w="148" h="228" x="0.349998" y="-48.979996">
   <element name="anim_ice_full" layername="cups" frame="0" z_index="11" m_a="1.000000" m_b="0.000000" m_c="0.000000" m_d="1.000000" m_tx="1.200000" m_ty="0.000000"/>
   <element name="anim_ice_full" layername="bottles" frame="2" z_index="10" m_a="1.000000" m_b="0.000000" m_c="0.000000" m_d="1.000000" m_tx="-4.000000" m_ty="0.000000"/>
  </frame>
  <frame idx="125" w="134" h="228" x="4.000000" y="-48.979996">
   <element name="anim_ice_full" layername="cups" frame="0" z_index="11" m_a="1.000000" m_b="0.000000" m_c="0.000000" m_d="1.000000" m_tx="-2.800000" m_ty="0.000000"/>
   <element name="anim_ice_full" layername="bottles" frame="2" z_index="10" m_a="1.000000" m_b="0.000000" m_c="0.000000" m_d="1.000000" m_tx="4.000000" m_ty="0.000000"/>
  </frame>
  <frame idx="150" w="148" h="228" x="0.349998" y="-48.979996">
   <element name="anim_ice_full" layername="cups" frame="0" z_index="11" m_a="1.000000" m_b="0.000000" m_c="0.000000" m_d="1.000000" m_tx="1.200000" m_ty="0.000000"/>
   <element name="anim_ice_full" layername="bottles" frame="2" z_index="10" m_a="1.000000" m_b="0.000000" m_c="0.000000" m_d="1.000000" m_tx="-4.000000" m_ty="0.000000"/>
  </frame>
  <frame idx="175" w="134" h="228" x="4.000000" y="-48.979996">
   <element name="anim_ice_full" layername="cups" frame="0" z_index="11" m_a="1.000000" m_b="0.000000" m_c="0.000000" m_d="1.000000" m_tx="-2.800000" m_ty="0.000000"/>
   <element name="anim_ice_full" layername="bottles" frame="2" z_index="10" m_a="1.000000" m_b="0.000000" m_c="0.000000" m_d="1.000000" m_tx="4.000000" m_ty="0.000000"/>
  </frame>
  <frame idx="200" w="148" h="228" x="0.349998" y="-48.979996">
   <element name="anim_ice_full" layername="cups" frame="0" z_index="11" m_a="1.000000" m_b="0.000000" m_c="0.000000" m_d="1.000000" m_tx="1.200000" m_ty="0.000000"/>
   <element name="anim_ice_full" layername="bottles" frame="2" z_index="10" m_a="1.000000" m_b="0.000000" m_c="0.000000" m_d="1.000000" m_tx="-4.000000" m_ty="0.000000"/>
  </frame>
  <frame idx="225" w="134" h="228" x="4.000000" y="-48.979996">
   <element name="anim_ice_full" layername="cups" frame="0" z_index="11" m_a="1.000000" m_b="0.000000" m_c="0.000000" m_d="1.000000" m_tx="-2.800000" m_ty="0.000000"/>
   <element name="anim_ice_full" layername="bottles" frame="2" z_index="10" m_a="1.000000" m_b="0.000000" m_c="0.000000" m_d="1.000000" m_tx="4.000000" m_ty="0.000000"/>
  </frame>
  <frame idx="250" w="148" h="228" x="0.349998" y="-48.979996">
   <element name="anim_ice_full" layername="cups" frame="0" z_index="11" m_a="1.000000" m_b="0.000000" m_c="0.000000" m_d="1.000000" m_tx="1.200000" m_ty="0.000000"/>
   <element name="anim_ice_full" layername="bottles" frame="2" z_index="10" m_a="1.000000" m_b="0.000000" m_c="0.000000" m_d="1.000000" m_tx="-4.000000" m_ty="0.000000"/>
  </frame>
  <frame idx="275" w="134" h="228" x="4.000000" y="-48.979996">
   <element name="anim_ice_full" layername="cups" frame="0" z_index="11" m_a="1.000000" m_b="0.000000" m_c="0.000000" m_d="1.000000" m_tx="-2.800000" m_ty="0.000000"/>
   <element name="anim_ice_full" layername="bottles" frame="2" z_index="10" m_a="1.000000" m_b="0.000000" m_c="0.000000" m_d="1.000000" m_tx="4.000000" m_ty="0.000000"/>
  </frame>
  <frame idx="300" w="148" h="228" x="0.349998" y="-48.979996">
   <element name="anim_ice_full" layername="cups" frame="0" z_index="11" m_a="1.000000" m_b="0.000000" m_c="0.000000" m_d="1.000000" m_tx="1.200000" m_ty="0.000000"/>
   <element name="anim_ice_full" layername="bottles" frame="2" z_index="10" m_a="1.000000" m_b="0.000000" m_c="0.000000" m_d="1.000000" m_tx="-4.000000" m_ty="0.000000"/>
  </frame>
  <frame idx="325" w="134" h="228" x="4.000000" y="-48.979996">
   <element name="anim_ice_full" layername="cups" frame="0" z_index="11" m_a="1.000000" m_b="0.000000" m_c="0.000000" m_d="1.000000" m_tx="-2.800000" m_ty="0.000000"/>
   <element name="anim_ice_full" layername="bottles" frame="2" z_index="10" m_a="1.000000" m_b="0.000000" m_c="0.000000" m_d="1.000000" m_tx="4.000000" m_ty="0.000000"/>
  </frame>
  <frame idx="350" w="148" h="228" x="0.349998" y="-48.979996">
   <element name="anim_ice_full" layername="cups" frame="0" z_index="11" m_a="1.000000" m_b="0.000000" m_c="0.000000" m_d="1.000000" m_tx="1.200000" m_ty="0.000000"/>
   <element name="anim_ice_full" layername="bottles" frame="2" z_index="10" m_a="1.000000" m_b="0.000000" m_c="0.000000" m_d="1.000000" m_tx="-4.000000" m_ty="0.000000"/>
  </frame>
  <frame idx="375" w="134" h="228" x="4.000000" y="-48.979996">
   <element name="anim_ice_full" layername="cups" frame="0" z_index="11" m_a="1.000000" m_b="0.000000" m_c="0.000000" m_d="1.000000" m_tx="-2.800000" m_ty="0.000000"/>
   <element name="anim_ice_full" layername="bottles" frame="2" z_index="10" m_a="1.000000" m_b="0.000000" m_c="0.000000" m_d="1.000000" m_tx="4.000000" m_ty="0.000000"/>
  </frame>
  <frame idx="400" w="147" h="228" x="-0.650002" y="-48.979996">
   <element name="anim_ice_full" layername="cups" frame="0" z_index="11" m_a="1.000000" m_b="0.000000" m_c="0.000000" m_d="1.000000" m_tx="-0.800000" m_ty="0.000000"/>
   <element name="anim_ice_full" layername="bottles" frame="2" z_index="10" m_a="1.000000" m_b="0.000000" m_c="0.000000" m_d="1.000000" m_tx="-4.000000" m_ty="0.000000"/>
  </frame>
  <frame idx="425" w="143" h="228" x="0.349998" y="-48.979996">
   <element name="anim_ice_full" layername="cups" frame="0" z_index="11" m_a="1.000000" m_b="0.000000" m_c="0.000000" m_d="1.000000" m_tx="-0.800000" m_ty="0.000000"/>
   <element name="anim_ice_full" layername="bottles" frame="2" z_index="10" m_a="1.000000" m_b="0.000000" m_c="0.000000" m_d="1.000000" m_tx="-2.000000" m_ty="0.000000"/>
  </frame>
  <frame idx="450" w="140" h="228" x="1.349998" y="-48.979996">
   <element name="anim_ice_full" layername="cups" frame="0" z_index="11" m_a="1.000000" m_b="0.000000" m_c="0.000000" m_d="1.000000" m_tx="-0.800000" m_ty="0.000000"/>
   <element name="anim_ice_full" layername="bottles" frame="2" z_index="10" m_a="1.000000" m_b="0.000000" m_c="0.000000" m_d="1.000000" m_tx="0.000000" m_ty="0.000000"/>
  </frame>
  <frame idx="475" w="125" h="246" x="-12.500000" y="-33.179993">
   <element name="anim_ice_full" layername="cups" frame="0" z_index="11" m_a="0.750000" m_b="0.000000" m_c="0.000000" m_d="1.100000" m_tx="-0.100000" m_ty="-0.480000"/>
   <element name="anim_ice_full" layername="bottles" frame="2" z_index="10" m_a="0.800000" m_b="0.000000" m_c="0.000000" m_d="1.200000" m_tx="0.000000" m_ty="0.000000"/>
  </frame>
  <frame idx="500" w="112" h="262" x="-25.199997" y="-17.269997">
   <element name="anim_ice_full" layername="cups" frame="1" z_index="11" m_a="0.500000" m_b="0.000000" m_c="0.000000" m_d="1.200000" m_tx="0.600000" m_ty="-0.960000"/>
   <element name="anim_ice_full" layername="bottles" frame="5" z_index="10" m_a="0.600000" m_b="0.000000" m_c="0.000000" m_d="1.400000" m_tx="0.000000" m_ty="0.000000"/>
  </frame>
  <frame idx="525" w="147" h="218" x="6.300003" y="-56.519997">
   <element name="anim_ice_full" layername="cups" frame="1" z_index="11" m_a="0.892534" m_b="0.000000" m_c="0.000000" m_d="0.798813" m_tx="1.071041" m_ty="-7.627180"/>
   <element name="anim_ice_full" layername="bottles" frame="5" z_index="10" m_a="1.100000" m_b="0.000000" m_c="0.000000" m_d="0.900000" m_tx="0.000000" m_ty="0.000000"/>
  </frame>
  <frame idx="550" w="181" h="180" x="37.800003" y="-91.874619">
   <element name="anim_ice_full" layername="cups" frame="1" z_index="11" m_a="1.285068" m_b="0.000000" m_c="0.000000" m_d="0.397626" m_tx="1.542082" m_ty="-14.294360"/>
   <element name="anim_ice_full" layername="bottles" frame="5" z_index="10" m_a="1.600000" m_b="0.000000" m_c="0.000000" m_d="0.400000" m_tx="0.000000" m_ty="0.000000"/>
  </frame>
  <frame idx="575" w="174" h="187" x="31.500000" y="-84.659683">
   <element name="anim_ice_full" layername="cups" frame="1" z_index="11" m_a="1.237557" m_b="0.000000" m_c="0.000000" m_d="0.498022" m_tx="1.485068" m_ty="-11.911966"/>
   <element name="anim_ice_full" layername="bottles" frame="5" z_index="10" m_a="1.500000" m_b="0.000000" m_c="0.000000" m_d="0.500000" m_tx="0.000000" m_ty="0.000000"/>
  </frame>
  <frame idx="600" w="168" h="195" x="25.199997" y="-77.444748">
   <element name="anim_ice_full" layername="cups" frame="1" z_index="11" m_a="1.190045" m_b="0.000000" m_c="0.000000" m_d="0.598417" m_tx="1.428055" m_ty="-9.529573"/>
   <element name="anim_ice_full" layername="bottles" frame="5" z_index="10" m_a="1.400000" m_b="0.000000" m_c="0.000000" m_d="0.600000" m_tx="0.000000" m_ty="0.000000"/>
  </frame>
  <frame idx="625" w="160" h="204" x="18.899994" y="-70.229813">
   <element name="anim_ice_full" layername="cups" frame="1" z_index="11" m_a="1.142534" m_b="0.000000" m_c="0.000000" m_d="0.698813" m_tx="1.371041" m_ty="-7.147180"/>
   <element name="anim_ice_full" layername="bottles" frame="5" z_index="10" m_a="1.300000" m_b="0.000000" m_c="0.000000" m_d="0.700000" m_tx="0.000000" m_ty="0.000000"/>
  </frame>
  <frame idx="650" w="153" h="212" x="12.600006" y="-63.014877">
   <element name="anim_ice_full" layername="cups" frame="1" z_index="11" m_a="1.095023" m_b="0.000000" m_c="0.000000" m_d="0.799209" m_tx="1.314027" m_ty="-4.764787"/>
   <element name="anim_ice_full" layername="bottles" frame="5" z_index="10" m_a="1.200000" m_b="0.000000" m_c="0.000000" m_d="0.800000" m_tx="0.000000" m_ty="0.000000"/>
  </frame>
  <frame idx="675" w="147" h="219" x="6.300003" y="-55.799942">
   <element name="anim_ice_full" layername="cups" frame="1" z_index="11" m_a="1.047511" m_b="0.000000" m_c="0.000000" m_d="0.899604" m_tx="1.257014" m_ty="-2.382394"/>
   <element name="anim_ice_full" layername="bottles" frame="5" z_index="10" m_a="1.100000" m_b="0.000000" m_c="0.000000" m_d="0.900000" m_tx="0.000000" m_ty="0.000000"/>
  </frame>
  <frame idx="700" w="142" h="227" x="2.099998" y="-48.584999">
   <element name="anim_ice_full" layername="cups" frame="1" z_index="11" m_a="1.000000" m_b="0.000000" m_c="0.000000" m_d="1.000000" m_tx="1.200000" m_ty="0.000000"/>
   <element name="anim_ice_full" layername="bottles" frame="5" z_index="10" m_a="1.000000" m_b="0.000000" m_c="0.000000" m_d="1.000000" m_tx="0.000000" m_ty="0.000000"/>
  </frame>
  <frame idx="725" w="142" h="227" x="2.099998" y="-48.584999">
   <element name="anim_ice_full" layername="cups" frame="1" z_index="11" m_a="1.000000" m_b="0.000000" m_c="0.000000" m_d="1.000000" m_tx="1.200000" m_ty="0.000000"/>
   <element name="anim_ice_full" layername="bottles" frame="5" z_index="10" m_a="1.000000" m_b="0.000000" m_c="0.000000" m_d="1.000000" m_tx="0.000000" m_ty="0.000000"/>
  </frame>
  <frame idx="750" w="142" h="227" x="2.099998" y="-48.584999">
   <element name="anim_ice_full" layername="cups" frame="1" z_index="11" m_a="1.000000" m_b="0.000000" m_c="0.000000" m_d="1.000000" m_tx="1.200000" m_ty="0.000000"/>
   <element name="anim_ice_full" layername="bottles" frame="5" z_index="10" m_a="1.000000" m_b="0.000000" m_c="0.000000" m_d="1.000000" m_tx="0.000000" m_ty="0.000000"/>
  </frame>
  <frame idx="775" w="142" h="227" x="2.099998" y="-48.584999">
   <element name="anim_ice_full" layername="cups" frame="1" z_index="11" m_a="1.000000" m_b="0.000000" m_c="0.000000" m_d="1.000000" m_tx="1.200000" m_ty="0.000000"/>
   <element name="anim_ice_full" layername="bottles" frame="5" z_index="10" m_a="1.000000" m_b="0.000000" m_c="0.000000" m_d="1.000000" m_tx="0.000000" m_ty="0.000000"/>
  </frame>
  <frame idx="800" w="142" h="227" x="2.099998" y="-48.584999">
   <element name="anim_ice_full" layername="cups" frame="1" z_index="11" m_a="1.000000" m_b="0.000000" m_c="0.000000" m_d="1.000000" m_tx="1.200000" m_ty="0.000000"/>
   <element name="anim_ice_full" layername="bottles" frame="5" z_index="10" m_a="1.000000" m_b="0.000000" m_c="0.000000" m_d="1.000000" m_tx="0.000000" m_ty="0.000000"/>
  </frame>
  <frame idx="825" w="142" h="227" x="2.099998" y="-48.584999">
   <element name="anim_ice_full" layername="cups" frame="1" z_index="11" m_a="1.000000" m_b="0.000000" m_c="0.000000" m_d="1.000000" m_tx="1.200000" m_ty="0.000000"/>
   <element name="anim_ice_full" layername="bottles" frame="5" z_index="10" m_a="1.000000" m_b="0.000000" m_c="0.000000" m_d="1.000000" m_tx="0.000000" m_ty="0.000000"/>
  </frame>
  <frame idx="850" w="142" h="227" x="2.099998" y="-48.584999">
   <element name="anim_ice_full" layername="cups" frame="1" z_index="11" m_a="1.000000" m_b="0.000000" m_c="0.000000" m_d="1.000000" m_tx="1.200000" m_ty="0.000000"/>
   <element name="anim_ice_full" layername="bottles" frame="5" z_index="10" m_a="1.000000" m_b="0.000000" m_c="0.000000" m_d="1.000000" m_tx="0.000000" m_ty="0.000000"/>
  </frame>
  <frame idx="875" w="142" h="227" x="2.099998" y="-48.584999">
   <element name="anim_ice_full" layername="cups" frame="1" z_index="11" m_a="1.000000" m_b="0.000000" m_c="0.000000" m_d="1.000000" m_tx="1.200000" m_ty="0.000000"/>
   <element name="anim_ice_full" layername="bottles" frame="5" z_index="10" m_a="1.000000" m_b="0.000000" m_c="0.000000" m_d="1.000000" m_tx="0.000000" m_ty="0.000000"/>
  </frame>
  <frame idx="900" w="142" h="227" x="2.099998" y="-48.584999">
   <element name="anim_ice_full" layername="cups" frame="1" z_index="11" m_a="1.000000" m_b="0.000000" m_c="0.000000" m_d="1.000000" m_tx="1.200000" m_ty="0.000000"/>
   <element name="anim_ice_full" layername="bottles" frame="5" z_index="10" m_a="1.000000" m_b="0.000000" m_c="0.000000" m_d="1.000000" m_tx="0.000000" m_ty="0.000000"/>
  </frame>
  <frame idx="925" w="142" h="227" x="2.099998" y="-48.584999">
   <element name="anim_ice_full" layername="cups" frame="1" z_index="11" m_a="1.000000" m_b="0.000000" m_c="0.000000" m_d="1.000000" m_tx="1.200000" m_ty="0.000000"/>
   <element name="anim_ice_full" layername="bottles" frame="5" z_index="10" m_a="1.000000" m_b="0.000000" m_c="0.000000" m_d="1.000000" m_tx="0.000000" m_ty="0.000000"/>
  </frame>
  <frame idx="950" w="142" h="227" x="2.099998" y="-48.584999">
   <element name="anim_ice_full" layername="cups" frame="1" z_index="11" m_a="1.000000" m_b="0.000000" m_c="0.000000" m_d="1.000000" m_tx="1.200000" m_ty="0.000000"/>
   <element name="anim_ice_full" layername="bottles" frame="5" z_index="10" m_a="1.000000" m_b="0.000000" m_c="0.000000" m_d="1.000000" m_tx="0.000000" m_ty="0.000000"/>
  </frame>
  <frame idx="975" w="142" h="227" x="2.099998" y="-48.584999">
   <element name="anim_ice_full" layername="cups" frame="1" z_index="11" m_a="1.000000" m_b="0.000000" m_c="0.000000" m_d="1.000000" m_tx="1.200000" m_ty="0.000000"/>
   <element name="anim_ice_full" layername="bottles" frame="5" z_index="10" m_a="1.000000" m_b="0.000000" m_c="0.000000" m_d="1.000000" m_tx="0.000000" m_ty="0.000000"/>
  </frame>
 </anim>
 <anim name="turn_to_ice_dirty" root="kettle_drink" numframes="1000" framerate="40">
  <frame idx="0" w="141" h="228" x="1.099998" y="-48.979996">
   <element name="anim_ice_full" layername="cups" frame="6" z_index="11" m_a="1.000000" m_b="0.000000" m_c="0.000000" m_d="1.000000" m_tx="-0.799999" m_ty="0.000000"/>
   <element name="anim_ice_full" layername="bottles" frame="3" z_index="10" m_a="1.000000" m_b="0.000000" m_c="0.000000" m_d="1.000000" m_tx="0.000000" m_ty="0.000000"/>
  </frame>
  <frame idx="25" w="135" h="228" x="4.000000" y="-48.979996">
   <element name="water_dirty" layername="cups" frame="0" z_index="11" m_a="1.000000" m_b="0.000000" m_c="0.000000" m_d="1.000000" m_tx="-2.799999" m_ty="0.000000"/>
   <element name="anim_ice_full" layername="bottles" frame="3" z_index="10" m_a="1.000000" m_b="0.000000" m_c="0.000000" m_d="1.000000" m_tx="4.000000" m_ty="0.000000"/>
  </frame>
  <frame idx="50" w="149" h="228" x="0.099998" y="-48.979996">
   <element name="anim_ice_full" layername="cups" frame="6" z_index="11" m_a="1.000000" m_b="0.000000" m_c="0.000000" m_d="1.000000" m_tx="1.200000" m_ty="0.000000"/>
   <element name="anim_ice_full" layername="bottles" frame="3" z_index="10" m_a="1.000000" m_b="0.000000" m_c="0.000000" m_d="1.000000" m_tx="-4.000000" m_ty="0.000000"/>
  </frame>
  <frame idx="75" w="135" h="228" x="4.000000" y="-48.979996">
   <element name="anim_ice_full" layername="cups" frame="6" z_index="11" m_a="1.000000" m_b="0.000000" m_c="0.000000" m_d="1.000000" m_tx="-2.800000" m_ty="0.000000"/>
   <element name="anim_ice_full" layername="bottles" frame="3" z_index="10" m_a="1.000000" m_b="0.000000" m_c="0.000000" m_d="1.000000" m_tx="4.000000" m_ty="0.000000"/>
  </frame>
  <frame idx="100" w="149" h="228" x="0.099998" y="-48.979996">
   <element name="anim_ice_full" layername="cups" frame="6" z_index="11" m_a="1.000000" m_b="0.000000" m_c="0.000000" m_d="1.000000" m_tx="1.200000" m_ty="0.000000"/>
   <element name="anim_ice_full" layername="bottles" frame="3" z_index="10" m_a="1.000000" m_b="0.000000" m_c="0.000000" m_d="1.000000" m_tx="-4.000000" m_ty="0.000000"/>
  </frame>
  <frame idx="125" w="135" h="228" x="4.000000" y="-48.979996">
   <element name="anim_ice_full" layername="cups" frame="6" z_index="11" m_a="1.000000" m_b="0.000000" m_c="0.000000" m_d="1.000000" m_tx="-2.800000" m_ty="0.000000"/>
   <element name="anim_ice_full" layername="bottles" frame="3" z_index="10" m_a="1.000000" m_b="0.000000" m_c="0.000000" m_d="1.000000" m_tx="4.000000" m_ty="0.000000"/>
  </frame>
  <frame idx="150" w="149" h="228" x="0.099998" y="-48.979996">
   <element name="anim_ice_full" layername="cups" frame="6" z_index="11" m_a="1.000000" m_b="0.000000" m_c="0.000000" m_d="1.000000" m_tx="1.200000" m_ty="0.000000"/>
   <element name="anim_ice_full" layername="bottles" frame="3" z_index="10" m_a="1.000000" m_b="0.000000" m_c="0.000000" m_d="1.000000" m_tx="-4.000000" m_ty="0.000000"/>
  </frame>
  <frame idx="175" w="135" h="228" x="4.000000" y="-48.979996">
   <element name="anim_ice_full" layername="cups" frame="6" z_index="11" m_a="1.000000" m_b="0.000000" m_c="0.000000" m_d="1.000000" m_tx="-2.800000" m_ty="0.000000"/>
   <element name="anim_ice_full" layername="bottles" frame="3" z_index="10" m_a="1.000000" m_b="0.000000" m_c="0.000000" m_d="1.000000" m_tx="4.000000" m_ty="0.000000"/>
  </frame>
  <frame idx="200" w="149" h="228" x="0.099998" y="-48.979996">
   <element name="anim_ice_full" layername="cups" frame="6" z_index="11" m_a="1.000000" m_b="0.000000" m_c="0.000000" m_d="1.000000" m_tx="1.200000" m_ty="0.000000"/>
   <element name="anim_ice_full" layername="bottles" frame="3" z_index="10" m_a="1.000000" m_b="0.000000" m_c="0.000000" m_d="1.000000" m_tx="-4.000000" m_ty="0.000000"/>
  </frame>
  <frame idx="225" w="135" h="228" x="4.000000" y="-48.979996">
   <element name="anim_ice_full" layername="cups" frame="6" z_index="11" m_a="1.000000" m_b="0.000000" m_c="0.000000" m_d="1.000000" m_tx="-2.800000" m_ty="0.000000"/>
   <element name="anim_ice_full" layername="bottles" frame="3" z_index="10" m_a="1.000000" m_b="0.000000" m_c="0.000000" m_d="1.000000" m_tx="4.000000" m_ty="0.000000"/>
  </frame>
  <frame idx="250" w="149" h="228" x="0.099998" y="-48.979996">
   <element name="anim_ice_full" layername="cups" frame="6" z_index="11" m_a="1.000000" m_b="0.000000" m_c="0.000000" m_d="1.000000" m_tx="1.200000" m_ty="0.000000"/>
   <element name="anim_ice_full" layername="bottles" frame="3" z_index="10" m_a="1.000000" m_b="0.000000" m_c="0.000000" m_d="1.000000" m_tx="-4.000000" m_ty="0.000000"/>
  </frame>
  <frame idx="275" w="135" h="228" x="4.000000" y="-48.979996">
   <element name="anim_ice_full" layername="cups" frame="6" z_index="11" m_a="1.000000" m_b="0.000000" m_c="0.000000" m_d="1.000000" m_tx="-2.800000" m_ty="0.000000"/>
   <element name="anim_ice_full" layername="bottles" frame="3" z_index="10" m_a="1.000000" m_b="0.000000" m_c="0.000000" m_d="1.000000" m_tx="4.000000" m_ty="0.000000"/>
  </frame>
  <frame idx="300" w="149" h="228" x="0.099998" y="-48.979996">
   <element name="anim_ice_full" layername="cups" frame="6" z_index="11" m_a="1.000000" m_b="0.000000" m_c="0.000000" m_d="1.000000" m_tx="1.200000" m_ty="0.000000"/>
   <element name="anim_ice_full" layername="bottles" frame="3" z_index="10" m_a="1.000000" m_b="0.000000" m_c="0.000000" m_d="1.000000" m_tx="-4.000000" m_ty="0.000000"/>
  </frame>
  <frame idx="325" w="135" h="228" x="4.000000" y="-48.979996">
   <element name="anim_ice_full" layername="cups" frame="6" z_index="11" m_a="1.000000" m_b="0.000000" m_c="0.000000" m_d="1.000000" m_tx="-2.800000" m_ty="0.000000"/>
   <element name="anim_ice_full" layername="bottles" frame="3" z_index="10" m_a="1.000000" m_b="0.000000" m_c="0.000000" m_d="1.000000" m_tx="4.000000" m_ty="0.000000"/>
  </frame>
  <frame idx="350" w="149" h="228" x="0.099998" y="-48.979996">
   <element name="anim_ice_full" layername="cups" frame="6" z_index="11" m_a="1.000000" m_b="0.000000" m_c="0.000000" m_d="1.000000" m_tx="1.200000" m_ty="0.000000"/>
   <element name="anim_ice_full" layername="bottles" frame="3" z_index="10" m_a="1.000000" m_b="0.000000" m_c="0.000000" m_d="1.000000" m_tx="-4.000000" m_ty="0.000000"/>
  </frame>
  <frame idx="375" w="135" h="228" x="4.000000" y="-48.979996">
   <element name="anim_ice_full" layername="cups" frame="6" z_index="11" m_a="1.000000" m_b="0.000000" m_c="0.000000" m_d="1.000000" m_tx="-2.800000" m_ty="0.000000"/>
   <element name="anim_ice_full" layername="bottles" frame="3" z_index="10" m_a="1.000000" m_b="0.000000" m_c="0.000000" m_d="1.000000" m_tx="4.000000" m_ty="0.000000"/>
  </frame>
  <frame idx="400" w="148" h="228" x="-0.900002" y="-48.979996">
   <element name="anim_ice_full" layername="cups" frame="6" z_index="11" m_a="1.000000" m_b="0.000000" m_c="0.000000" m_d="1.000000" m_tx="-0.800000" m_ty="0.000000"/>
   <element name="anim_ice_full" layername="bottles" frame="3" z_index="10" m_a="1.000000" m_b="0.000000" m_c="0.000000" m_d="1.000000" m_tx="-4.000000" m_ty="0.000000"/>
  </frame>
  <frame idx="425" w="145" h="228" x="0.099998" y="-48.979996">
   <element name="anim_ice_full" layername="cups" frame="6" z_index="11" m_a="1.000000" m_b="0.000000" m_c="0.000000" m_d="1.000000" m_tx="-0.800000" m_ty="0.000000"/>
   <element name="anim_ice_full" layername="bottles" frame="3" z_index="10" m_a="1.000000" m_b="0.000000" m_c="0.000000" m_d="1.000000" m_tx="-2.000000" m_ty="0.000000"/>
  </frame>
  <frame idx="450" w="141" h="228" x="1.099998" y="-48.979996">
   <element name="anim_ice_full" layername="cups" frame="6" z_index="11" m_a="1.000000" m_b="0.000000" m_c="0.000000" m_d="1.000000" m_tx="-0.800000" m_ty="0.000000"/>
   <element name="anim_ice_full" layername="bottles" frame="3" z_index="10" m_a="1.000000" m_b="0.000000" m_c="0.000000" m_d="1.000000" m_tx="0.000000" m_ty="0.000000"/>
  </frame>
  <frame idx="475" w="126" h="246" x="-12.599998" y="-33.179993">
   <element name="anim_ice_full" layername="cups" frame="6" z_index="11" m_a="0.750000" m_b="0.000000" m_c="0.000000" m_d="1.100000" m_tx="-0.100000" m_ty="-0.480000"/>
   <element name="anim_ice_full" layername="bottles" frame="3" z_index="10" m_a="0.800000" m_b="0.000000" m_c="0.000000" m_d="1.200000" m_tx="0.000000" m_ty="0.000000"/>
  </frame>
  <frame idx="500" w="110" h="260" x="-25.000000" y="-17.160004">
   <element name="anim_ice_full" layername="cups" frame="4" z_index="11" m_a="0.500000" m_b="0.000000" m_c="0.000000" m_d="1.200000" m_tx="0.600000" m_ty="-0.960000"/>
   <element name="anim_ice_full" layername="bottles" frame="7" z_index="10" m_a="0.600000" m_b="0.000000" m_c="0.000000" m_d="1.400000" m_tx="0.000000" m_ty="0.000000"/>
  </frame>
  <frame idx="525" w="139" h="225" x="0.510201" y="-48.996735">
   <element name="anim_ice_full" layername="cups" frame="4" z_index="11" m_a="0.892534" m_b="0.000000" m_c="0.000000" m_d="0.798813" m_tx="1.071041" m_ty="-7.627180"/>
   <element name="anim_ice_full" layername="bottles" frame="7" z_index="10" m_a="1.008163" m_b="0.000000" m_c="0.000000" m_d="0.991837" m_tx="0.000000" m_ty="0.000000"/>
  </frame>
  <frame idx="550" w="165" h="192" x="24.834442" y="-79.353378">
   <element name="anim_ice_full" layername="cups" frame="4" z_index="11" m_a="1.285068" m_b="0.000000" m_c="0.000000" m_d="0.397626" m_tx="1.542082" m_ty="-14.294360"/>
   <element name="anim_ice_full" layername="bottles" frame="7" z_index="10" m_a="1.397351" m_b="0.000000" m_c="0.000000" m_d="0.602649" m_tx="0.000000" m_ty="0.000000"/>
  </frame>
  <frame idx="575" w="161" h="197" x="20.695366" y="-74.187813">
   <element name="anim_ice_full" layername="cups" frame="4" z_index="11" m_a="1.237557" m_b="0.000000" m_c="0.000000" m_d="0.498022" m_tx="1.485068" m_ty="-11.911966"/>
   <element name="anim_ice_full" layername="bottles" frame="7" z_index="10" m_a="1.331126" m_b="0.000000" m_c="0.000000" m_d="0.668874" m_tx="0.000000" m_ty="0.000000"/>
  </frame>
  <frame idx="600" w="157" h="203" x="16.556290" y="-69.022247">
   <element name="anim_ice_full" layername="cups" frame="4" z_index="11" m_a="1.190045" m_b="0.000000" m_c="0.000000" m_d="0.598417" m_tx="1.428055" m_ty="-9.529573"/>
   <element name="anim_ice_full" layername="bottles" frame="7" z_index="10" m_a="1.264901" m_b="0.000000" m_c="0.000000" m_d="0.735099" m_tx="0.000000" m_ty="0.000000"/>
  </frame>
  <frame idx="625" w="152" h="208" x="12.417221" y="-63.856689">
   <element name="anim_ice_full" layername="cups" frame="4" z_index="11" m_a="1.142534" m_b="0.000000" m_c="0.000000" m_d="0.698813" m_tx="1.371041" m_ty="-7.147180"/>
   <element name="anim_ice_full" layername="bottles" frame="7" z_index="10" m_a="1.198676" m_b="0.000000" m_c="0.000000" m_d="0.801324" m_tx="0.000000" m_ty="0.000000"/>
  </frame>
  <frame idx="650" w="148" h="215" x="8.278145" y="-58.691124">
   <element name="anim_ice_full" layername="cups" frame="4" z_index="11" m_a="1.095023" m_b="0.000000" m_c="0.000000" m_d="0.799209" m_tx="1.314027" m_ty="-4.764787"/>
   <element name="anim_ice_full" layername="bottles" frame="7" z_index="10" m_a="1.132450" m_b="0.000000" m_c="0.000000" m_d="0.867550" m_tx="0.000000" m_ty="0.000000"/>
  </frame>
  <frame idx="675" w="145" h="220" x="5.229187" y="-53.525566">
   <element name="anim_ice_full" layername="cups" frame="4" z_index="11" m_a="1.047511" m_b="0.000000" m_c="0.000000" m_d="0.899604" m_tx="1.257014" m_ty="-2.382394"/>
   <element name="anim_ice_full" layername="bottles" frame="7" z_index="10" m_a="1.066225" m_b="0.000000" m_c="0.000000" m_d="0.933775" m_tx="0.000000" m_ty="0.000000"/>
  </frame>
  <frame idx="700" w="141" h="226" x="2.349998" y="-48.180000">
   <element name="anim_ice_full" layername="cups" frame="4" z_index="11" m_a="1.000000" m_b="0.000000" m_c="0.000000" m_d="1.000000" m_tx="1.200000" m_ty="0.000000"/>
   <element name="anim_ice_full" layername="bottles" frame="7" z_index="10" m_a="1.000000" m_b="0.000000" m_c="0.000000" m_d="1.000000" m_tx="0.000000" m_ty="0.000000"/>
  </frame>
  <frame idx="725" w="141" h="226" x="2.349998" y="-48.180000">
   <element name="anim_ice_full" layername="cups" frame="4" z_index="11" m_a="1.000000" m_b="0.000000" m_c="0.000000" m_d="1.000000" m_tx="1.200000" m_ty="0.000000"/>
   <element name="anim_ice_full" layername="bottles" frame="7" z_index="10" m_a="1.000000" m_b="0.000000" m_c="0.000000" m_d="1.000000" m_tx="0.000000" m_ty="0.000000"/>
  </frame>
  <frame idx="750" w="141" h="226" x="2.349998" y="-48.180000">
   <element name="anim_ice_full" layername="cups" frame="4" z_index="11" m_a="1.000000" m_b="0.000000" m_c="0.000000" m_d="1.000000" m_tx="1.200000" m_ty="0.000000"/>
   <element name="anim_ice_full" layername="bottles" frame="7" z_index="10" m_a="1.000000" m_b="0.000000" m_c="0.000000" m_d="1.000000" m_tx="0.000000" m_ty="0.000000"/>
  </frame>
  <frame idx="775" w="141" h="226" x="2.349998" y="-48.180000">
   <element name="anim_ice_full" layername="cups" frame="4" z_index="11" m_a="1.000000" m_b="0.000000" m_c="0.000000" m_d="1.000000" m_tx="1.200000" m_ty="0.000000"/>
   <element name="anim_ice_full" layername="bottles" frame="7" z_index="10" m_a="1.000000" m_b="0.000000" m_c="0.000000" m_d="1.000000" m_tx="0.000000" m_ty="0.000000"/>
  </frame>
  <frame idx="800" w="141" h="226" x="2.349998" y="-48.180000">
   <element name="anim_ice_full" layername="cups" frame="4" z_index="11" m_a="1.000000" m_b="0.000000" m_c="0.000000" m_d="1.000000" m_tx="1.200000" m_ty="0.000000"/>
   <element name="anim_ice_full" layername="bottles" frame="7" z_index="10" m_a="1.000000" m_b="0.000000" m_c="0.000000" m_d="1.000000" m_tx="0.000000" m_ty="0.000000"/>
  </frame>
  <frame idx="825" w="141" h="226" x="2.349998" y="-48.180000">
   <element name="anim_ice_full" layername="cups" frame="4" z_index="11" m_a="1.000000" m_b="0.000000" m_c="0.000000" m_d="1.000000" m_tx="1.200000" m_ty="0.000000"/>
   <element name="anim_ice_full" layername="bottles" frame="7" z_index="10" m_a="1.000000" m_b="0.000000" m_c="0.000000" m_d="1.000000" m_tx="0.000000" m_ty="0.000000"/>
  </frame>
  <frame idx="850" w="141" h="226" x="2.349998" y="-48.180000">
   <element name="anim_ice_full" layername="cups" frame="4" z_index="11" m_a="1.000000" m_b="0.000000" m_c="0.000000" m_d="1.000000" m_tx="1.200000" m_ty="0.000000"/>
   <element name="anim_ice_full" layername="bottles" frame="7" z_index="10" m_a="1.000000" m_b="0.000000" m_c="0.000000" m_d="1.000000" m_tx="0.000000" m_ty="0.000000"/>
  </frame>
  <frame idx="875" w="141" h="226" x="2.349998" y="-48.180000">
   <element name="anim_ice_full" layername="cups" frame="4" z_index="11" m_a="1.000000" m_b="0.000000" m_c="0.000000" m_d="1.000000" m_tx="1.200000" m_ty="0.000000"/>
   <element name="anim_ice_full" layername="bottles" frame="7" z_index="10" m_a="1.000000" m_b="0.000000" m_c="0.000000" m_d="1.000000" m_tx="0.000000" m_ty="0.000000"/>
  </frame>
  <frame idx="900" w="141" h="226" x="2.349998" y="-48.180000">
   <element name="anim_ice_full" layername="cups" frame="4" z_index="11" m_a="1.000000" m_b="0.000000" m_c="0.000000" m_d="1.000000" m_tx="1.200000" m_ty="0.000000"/>
   <element name="anim_ice_full" layername="bottles" frame="7" z_index="10" m_a="1.000000" m_b="0.000000" m_c="0.000000" m_d="1.000000" m_tx="0.000000" m_ty="0.000000"/>
  </frame>
  <frame idx="925" w="141" h="226" x="2.349998" y="-48.180000">
   <element name="anim_ice_full" layername="cups" frame="4" z_index="11" m_a="1.000000" m_b="0.000000" m_c="0.000000" m_d="1.000000" m_tx="1.200000" m_ty="0.000000"/>
   <element name="anim_ice_full" layername="bottles" frame="7" z_index="10" m_a="1.000000" m_b="0.000000" m_c="0.000000" m_d="1.000000" m_tx="0.000000" m_ty="0.000000"/>
  </frame>
  <frame idx="950" w="141" h="226" x="2.349998" y="-48.180000">
   <element name="anim_ice_full" layername="cups" frame="4" z_index="11" m_a="1.000000" m_b="0.000000" m_c="0.000000" m_d="1.000000" m_tx="1.200000" m_ty="0.000000"/>
   <element name="anim_ice_full" layername="bottles" frame="7" z_index="10" m_a="1.000000" m_b="0.000000" m_c="0.000000" m_d="1.000000" m_tx="0.000000" m_ty="0.000000"/>
  </frame>
  <frame idx="975" w="141" h="226" x="2.349998" y="-48.180000">
   <element name="anim_ice_full" layername="cups" frame="4" z_index="11" m_a="1.000000" m_b="0.000000" m_c="0.000000" m_d="1.000000" m_tx="1.200000" m_ty="0.000000"/>
   <element name="anim_ice_full" layername="bottles" frame="7" z_index="10" m_a="1.000000" m_b="0.000000" m_c="0.000000" m_d="1.000000" m_tx="0.000000" m_ty="0.000000"/>
  </frame>
 </anim>
 <anim name="turn_to_full" root="kettle_drink" numframes="1000" framerate="40">
  <frame idx="0" w="141" h="227" x="1.500000" y="-48.584999">
   <element name="anim_ice_full" layername="cups" frame="1" z_index="11" m_a="1.000000" m_b="0.000000" m_c="0.000000" m_d="1.000000" m_tx="0.000000" m_ty="0.000000"/>
   <element name="anim_ice_full" layername="bottles" frame="5" z_index="9" m_a="1.000000" m_b="0.000000" m_c="0.000000" m_d="1.000000" m_tx="0.000000" m_ty="0.000000"/>
  </frame>
  <frame idx="25" w="142" h="229" x="1.940041" y="-49.137054">
   <element name="anim_ice_full" layername="cups" frame="1" z_index="11" m_a="0.999962" m_b="-0.008727" m_c="0.008727" m_d="0.999962" m_tx="0.000000" m_ty="0.000000"/>
   <element name="anim_ice_full" layername="bottles" frame="5" z_index="9" m_a="0.999962" m_b="-0.008727" m_c="0.008727" m_d="0.999962" m_tx="-0.162545" m_ty="0.000000"/>
  </frame>
  <frame idx="50" w="143" h="231" x="2.375465" y="-49.693634">
   <element name="anim_ice_full" layername="cups" frame="1" z_index="11" m_a="0.999848" m_b="-0.017452" m_c="0.017452" m_d="0.999848" m_tx="0.000000" m_ty="0.000000"/>
   <element name="anim_ice_full" layername="bottles" frame="5" z_index="9" m_a="0.999848" m_b="-0.017452" m_c="0.017452" m_d="0.999848" m_tx="-0.325090" m_ty="0.000000"/>
  </frame>
  <frame idx="75" w="143" h="233" x="2.806240" y="-50.254707">
   <element name="anim_ice_full" layername="cups" frame="1" z_index="11" m_a="0.999657" m_b="-0.026177" m_c="0.026177" m_d="0.999657" m_tx="0.000000" m_ty="0.000000"/>
   <element name="anim_ice_full" layername="bottles" frame="5" z_index="9" m_a="0.999657" m_b="-0.026177" m_c="0.026177" m_d="0.999657" m_tx="-0.487635" m_ty="0.000000"/>
  </frame>
  <frame idx="100" w="145" h="235" x="3.232334" y="-50.820221">
   <element name="anim_ice_full" layername="cups" frame="1" z_index="11" m_a="0.999391" m_b="-0.034899" m_c="0.034899" m_d="0.999391" m_tx="0.000000" m_ty="0.000000"/>
   <element name="anim_ice_full" layername="bottles" frame="5" z_index="9" m_a="0.999391" m_b="-0.034899" m_c="0.034899" m_d="0.999391" m_tx="-0.650180" m_ty="0.000000"/>
  </frame>
  <frame idx="125" w="143" h="231" x="2.375465" y="-49.693634">
   <element name="anim_ice_full" layername="cups" frame="1" z_index="11" m_a="0.999848" m_b="-0.017452" m_c="0.017452" m_d="0.999848" m_tx="0.000000" m_ty="0.000000"/>
   <element name="anim_ice_full" layername="bottles" frame="5" z_index="9" m_a="0.999848" m_b="-0.017452" m_c="0.017452" m_d="0.999848" m_tx="-0.325090" m_ty="0.000000"/>
  </frame>
  <frame idx="150" w="141" h="227" x="1.500000" y="-48.584999">
   <element name="anim_ice_full" layername="cups" frame="1" z_index="11" m_a="1.000000" m_b="0.000000" m_c="0.000000" m_d="1.000000" m_tx="0.000000" m_ty="0.000000"/>
   <element name="anim_ice_full" layername="bottles" frame="5" z_index="9" m_a="1.000000" m_b="0.000000" m_c="0.000000" m_d="1.000000" m_tx="0.000000" m_ty="0.000000"/>
  </frame>
  <frame idx="175" w="146" h="228" x="0.283394" y="-47.546989">
   <element name="anim_ice_full" layername="cups" frame="1" z_index="11" m_a="0.999848" m_b="0.017452" m_c="-0.017452" m_d="0.999848" m_tx="0.000000" m_ty="0.000000"/>
   <element name="anim_ice_full" layername="bottles" frame="5" z_index="9" m_a="0.999848" m_b="0.017452" m_c="-0.017452" m_d="0.999848" m_tx="0.325090" m_ty="0.000000"/>
  </frame>
  <frame idx="200" w="149" h="229" x="-0.951080" y="-46.519150">
   <element name="anim_ice_full" layername="cups" frame="1" z_index="11" m_a="0.999391" m_b="0.034900" m_c="-0.034900" m_d="0.999391" m_tx="0.000000" m_ty="0.000000"/>
   <element name="anim_ice_full" layername="bottles" frame="5" z_index="9" m_a="0.999391" m_b="0.034900" m_c="-0.034900" m_d="0.999391" m_tx="0.650180" m_ty="0.000000"/>
  </frame>
  <frame idx="225" w="146" h="228" x="0.283424" y="-47.547012">
   <element name="anim_ice_full" layername="cups" frame="1" z_index="11" m_a="0.999848" m_b="0.017452" m_c="-0.017452" m_d="0.999848" m_tx="0.000000" m_ty="0.000000"/>
   <element name="anim_ice_full" layername="bottles" frame="5" z_index="9" m_a="0.999848" m_b="0.017452" m_c="-0.017452" m_d="0.999848" m_tx="0.325090" m_ty="0.000000"/>
  </frame>
  <frame idx="250" w="141" h="227" x="1.500015" y="-48.585014">
   <element name="anim_ice_full" layername="cups" frame="1" z_index="11" m_a="1.000000" m_b="-0.000000" m_c="0.000000" m_d="1.000000" m_tx="0.000000" m_ty="0.000000"/>
   <element name="anim_ice_full" layername="bottles" frame="5" z_index="9" m_a="1.000000" m_b="-0.000000" m_c="0.000000" m_d="1.000000" m_tx="0.000000" m_ty="0.000000"/>
  </frame>
  <frame idx="275" w="143" h="231" x="2.375473" y="-49.693649">
   <element name="anim_ice_full" layername="cups" frame="1" z_index="11" m_a="0.999848" m_b="-0.017452" m_c="0.017452" m_d="0.999848" m_tx="0.000000" m_ty="0.000000"/>
   <element name="anim_ice_full" layername="bottles" frame="5" z_index="9" m_a="0.999848" m_b="-0.017452" m_c="0.017452" m_d="0.999848" m_tx="-0.325090" m_ty="0.000000"/>
  </frame>
  <frame idx="300" w="145" h="235" x="3.232334" y="-50.820221">
   <element name="anim_ice_full" layername="cups" frame="1" z_index="11" m_a="0.999391" m_b="-0.034899" m_c="0.034899" m_d="0.999391" m_tx="0.000000" m_ty="0.000000"/>
   <element name="anim_ice_full" layername="bottles" frame="5" z_index="9" m_a="0.999391" m_b="-0.034899" m_c="0.034899" m_d="0.999391" m_tx="-0.650180" m_ty="0.000000"/>
  </frame>
  <frame idx="325" w="143" h="234" x="2.267097" y="-50.426468">
   <element name="anim_ice_full" layername="cups" frame="1" z_index="11" m_a="0.999848" m_b="-0.017452" m_c="0.017452" m_d="0.999848" m_tx="0.000000" m_ty="0.000000"/>
   <element name="anim_ice_full" layername="bottles" frame="5" z_index="9" m_a="0.999577" m_b="-0.029085" m_c="0.029085" m_d="0.999577" m_tx="-0.541817" m_ty="0.000000"/>
  </frame>
  <frame idx="350" w="142" h="233" x="1.376102" y="-50.050941">
   <element name="anim_ice_full" layername="cups" frame="1" z_index="11" m_a="1.000000" m_b="0.000000" m_c="0.000000" m_d="1.000000" m_tx="0.000000" m_ty="0.000000"/>
   <element name="anim_ice_full" layername="bottles" frame="5" z_index="9" m_a="0.999729" m_b="-0.023269" m_c="0.023269" m_d="0.999729" m_tx="-0.433453" m_ty="0.000000"/>
  </frame>
  <frame idx="375" w="141" h="233" x="1.328323" y="-48.646492">
   <element name="anim_ice_full" layername="cups" frame="1" z_index="11" m_a="0.999848" m_b="0.017452" m_c="-0.017452" m_d="0.999848" m_tx="0.000000" m_ty="0.000000"/>
   <element name="anim_ice_full" layername="bottles" frame="5" z_index="9" m_a="0.999848" m_b="-0.017452" m_c="0.017452" m_d="0.999848" m_tx="-0.325090" m_ty="0.000000"/>
  </frame>
  <frame idx="400" w="141" h="233" x="1.355087" y="-47.260597">
   <element name="anim_ice_full" layername="cups" frame="1" z_index="11" m_a="0.999391" m_b="0.034900" m_c="-0.034900" m_d="0.999391" m_tx="0.000000" m_ty="0.000000"/>
   <element name="anim_ice_full" layername="bottles" frame="5" z_index="9" m_a="0.999932" m_b="-0.011635" m_c="0.011635" m_d="0.999932" m_tx="-0.216727" m_ty="0.000000"/>
  </frame>
  <frame idx="425" w="141" h="229" x="1.436687" y="-47.913528">
   <element name="anim_ice_full" layername="cups" frame="1" z_index="11" m_a="0.999848" m_b="0.017452" m_c="-0.017452" m_d="0.999848" m_tx="0.000000" m_ty="0.000000"/>
   <element name="anim_ice_full" layername="bottles" frame="5" z_index="9" m_a="0.999983" m_b="-0.005818" m_c="0.005818" m_d="0.999983" m_tx="-0.108363" m_ty="0.000000"/>
  </frame>
  <frame idx="450" w="141" h="227" x="1.500000" y="-48.584999">
   <element name="anim_ice_full" layername="cups" frame="1" z_index="11" m_a="1.000000" m_b="0.000000" m_c="0.000000" m_d="1.000000" m_tx="0.000000" m_ty="0.000000"/>
   <element name="anim_ice_full" layername="cups_UN" frame="0" z_index="10" m_a="1.000000" m_b="0.000000" m_c="0.000000" m_d="1.000000" m_tx="0.000000" m_ty="0.000000"/>
   <element name="anim_ice_full" layername="bottles" frame="5" z_index="9" m_a="1.000000" m_b="0.000000" m_c="0.000000" m_d="1.000000" m_tx="0.000000" m_ty="0.000000"/>
  </frame>
  <frame idx="475" w="153" h="211" x="12.600006" y="-63.584999">
   <element name="anim_ice_full" layername="cups" frame="1" z_index="11" m_a="1.100000" m_b="0.000000" m_c="0.000000" m_d="0.750000" m_tx="0.720000" m_ty="0.000000"/>
   <element name="anim_ice_full" layername="cups_UN" frame="0" z_index="10" m_a="1.100000" m_b="0.000000" m_c="0.000000" m_d="0.750000" m_tx="0.720000" m_ty="0.000000"/>
   <element name="anim_ice_full" layername="bottles" frame="5" z_index="9" m_a="1.200000" m_b="0.000000" m_c="0.000000" m_d="0.800000" m_tx="0.000000" m_ty="0.000000"/>
  </frame>
  <frame idx="500" w="168" h="194" x="25.199997" y="-78.584999">
   <element name="anim_ice_full" layername="cups" frame="1" z_index="11" m_a="1.200000" m_b="0.000000" m_c="0.000000" m_d="0.500000" m_tx="1.440000" m_ty="0.000000"/>
   <element name="anim_ice_full" layername="cups_UN" frame="0" z_index="10" m_a="1.200000" m_b="0.000000" m_c="0.000000" m_d="0.500000" m_tx="1.440000" m_ty="0.000000"/>
   <element name="anim_ice_full" layername="bottles" frame="5" z_index="9" m_a="1.400000" m_b="0.000000" m_c="0.000000" m_d="0.600000" m_tx="0.000000" m_ty="0.000000"/>
  </frame>
  <frame idx="525" w="139" h="227" x="0.000000" y="-48.669998">
   <element name="anim_ice_full" layername="cups" frame="1" z_index="11" m_a="0.850000" m_b="0.000000" m_c="0.000000" m_d="0.850000" m_tx="0.520000" m_ty="-1.000000"/>
   <element name="anim_ice_full" layername="bottles" frame="5" z_index="9" m_a="1.000000" m_b="0.000000" m_c="0.000000" m_d="1.000000" m_tx="0.000000" m_ty="0.000000"/>
  </frame>
  <frame idx="550" w="110" h="263" x="-25.000000" y="-17.379997">
   <element name="anim_ice_full" layername="cups" frame="0" z_index="11" m_a="0.500000" m_b="0.000000" m_c="0.000000" m_d="1.200000" m_tx="-0.400000" m_ty="-2.000000"/>
   <element name="anim_ice_full" layername="bottles" frame="2" z_index="9" m_a="0.600000" m_b="0.000000" m_c="0.000000" m_d="1.400000" m_tx="0.000000" m_ty="0.000000"/>
  </frame>
  <frame idx="575" w="116" h="258" x="-20.833332" y="-22.646667">
   <element name="anim_ice_full" layername="cups" frame="0" z_index="11" m_a="0.583333" m_b="0.000000" m_c="0.000000" m_d="1.166667" m_tx="-0.333333" m_ty="-1.666667"/>
   <element name="anim_ice_full" layername="bottles" frame="2" z_index="9" m_a="0.666667" m_b="0.000000" m_c="0.000000" m_d="1.333333" m_tx="0.000000" m_ty="0.000000"/>
  </frame>
  <frame idx="600" w="120" h="252" x="-16.666664" y="-27.913330">
   <element name="anim_ice_full" layername="cups" frame="0" z_index="11" m_a="0.666667" m_b="0.000000" m_c="0.000000" m_d="1.133333" m_tx="-0.266667" m_ty="-1.333333"/>
   <element name="anim_ice_full" layername="bottles" frame="2" z_index="9" m_a="0.733333" m_b="0.000000" m_c="0.000000" m_d="1.266667" m_tx="0.000000" m_ty="0.000000"/>
  </frame>
  <frame idx="625" w="125" h="246" x="-12.500000" y="-33.179993">
   <element name="anim_ice_full" layername="cups" frame="0" z_index="11" m_a="0.750000" m_b="0.000000" m_c="0.000000" m_d="1.100000" m_tx="-0.200000" m_ty="-1.000000"/>
   <element name="anim_ice_full" layername="bottles" frame="2" z_index="9" m_a="0.800000" m_b="0.000000" m_c="0.000000" m_d="1.200000" m_tx="0.000000" m_ty="0.000000"/>
  </frame>
  <frame idx="650" w="129" h="240" x="-8.316666" y="-38.446663">
   <element name="anim_ice_full" layername="cups" frame="0" z_index="11" m_a="0.833333" m_b="0.000000" m_c="0.000000" m_d="1.066667" m_tx="-0.133333" m_ty="-0.666667"/>
   <element name="anim_ice_full" layername="bottles" frame="2" z_index="9" m_a="0.866667" m_b="0.000000" m_c="0.000000" m_d="1.133333" m_tx="0.000000" m_ty="0.000000"/>
  </frame>
  <frame idx="675" w="135" h="235" x="-3.283337" y="-43.713333">
   <element name="anim_ice_full" layername="cups" frame="0" z_index="11" m_a="0.916667" m_b="0.000000" m_c="0.000000" m_d="1.033333" m_tx="-0.066667" m_ty="-0.333333"/>
   <element name="anim_ice_full" layername="bottles" frame="2" z_index="9" m_a="0.933333" m_b="0.000000" m_c="0.000000" m_d="1.066667" m_tx="0.000000" m_ty="0.000000"/>
  </frame>
  <frame idx="700" w="140" h="228" x="1.750000" y="-48.979996">
   <element name="anim_ice_full" layername="cups" frame="0" z_index="11" m_a="1.000000" m_b="0.000000" m_c="0.000000" m_d="1.000000" m_tx="0.000000" m_ty="0.000000"/>
   <element name="anim_ice_full" layername="bottles" frame="2" z_index="9" m_a="1.000000" m_b="0.000000" m_c="0.000000" m_d="1.000000" m_tx="0.000000" m_ty="0.000000"/>
  </frame>
  <frame idx="725" w="140" h="228" x="1.750000" y="-48.979996">
   <element name="anim_ice_full" layername="cups" frame="0" z_index="11" m_a="1.000000" m_b="0.000000" m_c="0.000000" m_d="1.000000" m_tx="0.000000" m_ty="0.000000"/>
   <element name="anim_ice_full" layername="bottles" frame="2" z_index="9" m_a="1.000000" m_b="0.000000" m_c="0.000000" m_d="1.000000" m_tx="0.000000" m_ty="0.000000"/>
  </frame>
  <frame idx="750" w="140" h="228" x="1.750000" y="-48.979996">
   <element name="anim_ice_full" layername="cups" frame="0" z_index="11" m_a="1.000000" m_b="0.000000" m_c="0.000000" m_d="1.000000" m_tx="0.000000" m_ty="0.000000"/>
   <element name="anim_ice_full" layername="bottles" frame="2" z_index="9" m_a="1.000000" m_b="0.000000" m_c="0.000000" m_d="1.000000" m_tx="0.000000" m_ty="0.000000"/>
  </frame>
  <frame idx="775" w="140" h="228" x="1.750000" y="-48.979996">
   <element name="anim_ice_full" layername="cups" frame="0" z_index="11" m_a="1.000000" m_b="0.000000" m_c="0.000000" m_d="1.000000" m_tx="0.000000" m_ty="0.000000"/>
   <element name="anim_ice_full" layername="bottles" frame="2" z_index="9" m_a="1.000000" m_b="0.000000" m_c="0.000000" m_d="1.000000" m_tx="0.000000" m_ty="0.000000"/>
  </frame>
  <frame idx="800" w="140" h="228" x="1.750000" y="-48.979996">
   <element name="anim_ice_full" layername="cups" frame="0" z_index="11" m_a="1.000000" m_b="0.000000" m_c="0.000000" m_d="1.000000" m_tx="0.000000" m_ty="0.000000"/>
   <element name="anim_ice_full" layername="bottles" frame="2" z_index="9" m_a="1.000000" m_b="0.000000" m_c="0.000000" m_d="1.000000" m_tx="0.000000" m_ty="0.000000"/>
  </frame>
  <frame idx="825" w="140" h="228" x="1.750000" y="-48.979996">
   <element name="anim_ice_full" layername="cups" frame="0" z_index="11" m_a="1.000000" m_b="0.000000" m_c="0.000000" m_d="1.000000" m_tx="0.000000" m_ty="0.000000"/>
   <element name="anim_ice_full" layername="bottles" frame="2" z_index="9" m_a="1.000000" m_b="0.000000" m_c="0.000000" m_d="1.000000" m_tx="0.000000" m_ty="0.000000"/>
  </frame>
  <frame idx="850" w="140" h="228" x="1.750000" y="-48.979996">
   <element name="anim_ice_full" layername="cups" frame="0" z_index="11" m_a="1.000000" m_b="0.000000" m_c="0.000000" m_d="1.000000" m_tx="0.000000" m_ty="0.000000"/>
   <element name="anim_ice_full" layername="bottles" frame="2" z_index="9" m_a="1.000000" m_b="0.000000" m_c="0.000000" m_d="1.000000" m_tx="0.000000" m_ty="0.000000"/>
  </frame>
  <frame idx="875" w="140" h="228" x="1.750000" y="-48.979996">
   <element name="anim_ice_full" layername="cups" frame="0" z_index="11" m_a="1.000000" m_b="0.000000" m_c="0.000000" m_d="1.000000" m_tx="0.000000" m_ty="0.000000"/>
   <element name="anim_ice_full" layername="bottles" frame="2" z_index="9" m_a="1.000000" m_b="0.000000" m_c="0.000000" m_d="1.000000" m_tx="0.000000" m_ty="0.000000"/>
  </frame>
  <frame idx="900" w="140" h="228" x="1.750000" y="-48.979996">
   <element name="anim_ice_full" layername="cups" frame="0" z_index="11" m_a="1.000000" m_b="0.000000" m_c="0.000000" m_d="1.000000" m_tx="0.000000" m_ty="0.000000"/>
   <element name="anim_ice_full" layername="bottles" frame="2" z_index="9" m_a="1.000000" m_b="0.000000" m_c="0.000000" m_d="1.000000" m_tx="0.000000" m_ty="0.000000"/>
  </frame>
  <frame idx="925" w="140" h="228" x="1.750000" y="-48.979996">
   <element name="anim_ice_full" layername="cups" frame="0" z_index="11" m_a="1.000000" m_b="0.000000" m_c="0.000000" m_d="1.000000" m_tx="0.000000" m_ty="0.000000"/>
   <element name="anim_ice_full" layername="bottles" frame="2" z_index="9" m_a="1.000000" m_b="0.000000" m_c="0.000000" m_d="1.000000" m_tx="0.000000" m_ty="0.000000"/>
  </frame>
  <frame idx="950" w="140" h="228" x="1.750000" y="-48.979996">
   <element name="anim_ice_full" layername="cups" frame="0" z_index="11" m_a="1.000000" m_b="0.000000" m_c="0.000000" m_d="1.000000" m_tx="0.000000" m_ty="0.000000"/>
   <element name="anim_ice_full" layername="bottles" frame="2" z_index="9" m_a="1.000000" m_b="0.000000" m_c="0.000000" m_d="1.000000" m_tx="0.000000" m_ty="0.000000"/>
  </frame>
  <frame idx="975" w="140" h="228" x="1.750000" y="-48.979996">
   <element name="anim_ice_full" layername="cups" frame="0" z_index="11" m_a="1.000000" m_b="0.000000" m_c="0.000000" m_d="1.000000" m_tx="0.000000" m_ty="0.000000"/>
   <element name="anim_ice_full" layername="bottles" frame="2" z_index="9" m_a="1.000000" m_b="0.000000" m_c="0.000000" m_d="1.000000" m_tx="0.000000" m_ty="0.000000"/>
  </frame>
 </anim>
 <anim name="turn_to_full_dirty" root="kettle_drink" numframes="1000" framerate="40">
  <frame idx="0" w="140" h="226" x="1.750000" y="-48.180000">
   <element name="anim_ice_full" layername="cups" frame="4" z_index="11" m_a="1.000000" m_b="0.000000" m_c="0.000000" m_d="1.000000" m_tx="0.000000" m_ty="0.000000"/>
   <element name="anim_ice_full" layername="bottles" frame="7" z_index="9" m_a="1.000000" m_b="0.000000" m_c="0.000000" m_d="1.000000" m_tx="0.000000" m_ty="0.000000"/>
  </frame>
  <frame idx="25" w="141" h="228" x="2.189777" y="-48.727692">
   <element name="anim_ice_full" layername="cups" frame="4" z_index="11" m_a="0.999962" m_b="-0.008727" m_c="0.008727" m_d="0.999962" m_tx="0.000000" m_ty="0.000000"/>
   <element name="anim_ice_full" layername="bottles" frame="7" z_index="9" m_a="0.999962" m_b="-0.008727" m_c="0.008727" m_d="0.999962" m_tx="-0.163068" m_ty="0.000000"/>
  </frame>
  <frame idx="50" w="142" h="229" x="2.624947" y="-49.279907">
   <element name="anim_ice_full" layername="cups" frame="4" z_index="11" m_a="0.999848" m_b="-0.017452" m_c="0.017452" m_d="0.999848" m_tx="0.000000" m_ty="0.000000"/>
   <element name="anim_ice_full" layername="bottles" frame="7" z_index="9" m_a="0.999848" m_b="-0.017452" m_c="0.017452" m_d="0.999848" m_tx="-0.326135" m_ty="0.000000"/>
  </frame>
  <frame idx="75" w="143" h="231" x="3.055458" y="-49.836624">
   <element name="anim_ice_full" layername="cups" frame="4" z_index="11" m_a="0.999657" m_b="-0.026177" m_c="0.026177" m_d="0.999657" m_tx="0.000000" m_ty="0.000000"/>
   <element name="anim_ice_full" layername="bottles" frame="7" z_index="9" m_a="0.999657" m_b="-0.026177" m_c="0.026177" m_d="0.999657" m_tx="-0.489202" m_ty="0.000000"/>
  </frame>
  <frame idx="100" w="143" h="234" x="3.481289" y="-50.397766">
   <element name="anim_ice_full" layername="cups" frame="4" z_index="11" m_a="0.999391" m_b="-0.034899" m_c="0.034899" m_d="0.999391" m_tx="0.000000" m_ty="0.000000"/>
   <element name="anim_ice_full" layername="bottles" frame="7" z_index="9" m_a="0.999391" m_b="-0.034899" m_c="0.034899" m_d="0.999391" m_tx="-0.652270" m_ty="0.000000"/>
  </frame>
  <frame idx="125" w="142" h="229" x="2.624947" y="-49.279907">
   <element name="anim_ice_full" layername="cups" frame="4" z_index="11" m_a="0.999848" m_b="-0.017452" m_c="0.017452" m_d="0.999848" m_tx="0.000000" m_ty="0.000000"/>
   <element name="anim_ice_full" layername="bottles" frame="7" z_index="9" m_a="0.999848" m_b="-0.017452" m_c="0.017452" m_d="0.999848" m_tx="-0.326135" m_ty="0.000000"/>
  </frame>
  <frame idx="150" w="140" h="226" x="1.750000" y="-48.180000">
   <element name="anim_ice_full" layername="cups" frame="4" z_index="11" m_a="1.000000" m_b="0.000000" m_c="0.000000" m_d="1.000000" m_tx="0.000000" m_ty="0.000000"/>
   <element name="anim_ice_full" layername="bottles" frame="7" z_index="9" m_a="1.000000" m_b="0.000000" m_c="0.000000" m_d="1.000000" m_tx="0.000000" m_ty="0.000000"/>
  </frame>
  <frame idx="175" w="145" h="227" x="0.542648" y="-47.141991">
   <element name="anim_ice_full" layername="cups" frame="4" z_index="11" m_a="0.999848" m_b="0.017452" m_c="-0.017452" m_d="0.999848" m_tx="0.000000" m_ty="0.000000"/>
   <element name="anim_ice_full" layername="bottles" frame="7" z_index="9" m_a="0.999848" m_b="0.017452" m_c="-0.017452" m_d="0.999848" m_tx="0.326135" m_ty="0.000000"/>
  </frame>
  <frame idx="200" w="148" h="228" x="-0.682587" y="-46.122574">
   <element name="anim_ice_full" layername="cups" frame="4" z_index="11" m_a="0.999391" m_b="0.034900" m_c="-0.034900" m_d="0.999391" m_tx="0.000000" m_ty="0.000000"/>
   <element name="anim_ice_full" layername="bottles" frame="7" z_index="9" m_a="0.999391" m_b="0.034900" m_c="-0.034900" m_d="0.999391" m_tx="0.652270" m_ty="0.000000"/>
  </frame>
  <frame idx="225" w="145" h="227" x="0.542671" y="-47.142014">
   <element name="anim_ice_full" layername="cups" frame="4" z_index="11" m_a="0.999848" m_b="0.017452" m_c="-0.017452" m_d="0.999848" m_tx="0.000000" m_ty="0.000000"/>
   <element name="anim_ice_full" layername="bottles" frame="7" z_index="9" m_a="0.999848" m_b="0.017452" m_c="-0.017452" m_d="0.999848" m_tx="0.326135" m_ty="0.000000"/>
  </frame>
  <frame idx="250" w="140" h="226" x="1.750015" y="-48.180016">
   <element name="anim_ice_full" layername="cups" frame="4" z_index="11" m_a="1.000000" m_b="-0.000000" m_c="0.000000" m_d="1.000000" m_tx="0.000000" m_ty="0.000000"/>
   <element name="anim_ice_full" layername="bottles" frame="7" z_index="9" m_a="1.000000" m_b="-0.000000" m_c="0.000000" m_d="1.000000" m_tx="0.000000" m_ty="0.000000"/>
  </frame>
  <frame idx="275" w="142" h="229" x="2.624947" y="-49.279922">
   <element name="anim_ice_full" layername="cups" frame="4" z_index="11" m_a="0.999848" m_b="-0.017452" m_c="0.017452" m_d="0.999848" m_tx="0.000000" m_ty="0.000000"/>
   <element name="anim_ice_full" layername="bottles" frame="7" z_index="9" m_a="0.999848" m_b="-0.017452" m_c="0.017452" m_d="0.999848" m_tx="-0.326135" m_ty="0.000000"/>
  </frame>
  <frame idx="300" w="143" h="234" x="3.481289" y="-50.397766">
   <element name="anim_ice_full" layername="cups" frame="4" z_index="11" m_a="0.999391" m_b="-0.034899" m_c="0.034899" m_d="0.999391" m_tx="0.000000" m_ty="0.000000"/>
   <element name="anim_ice_full" layername="bottles" frame="7" z_index="9" m_a="0.999391" m_b="-0.034899" m_c="0.034899" m_d="0.999391" m_tx="-0.652270" m_ty="0.000000"/>
  </frame>
  <frame idx="325" w="142" h="229" x="2.624947" y="-49.279907">
   <element name="anim_ice_full" layername="cups" frame="4" z_index="11" m_a="0.999848" m_b="-0.017452" m_c="0.017452" m_d="0.999848" m_tx="0.000000" m_ty="0.000000"/>
   <element name="anim_ice_full" layername="bottles" frame="7" z_index="9" m_a="0.999848" m_b="-0.017452" m_c="0.017452" m_d="0.999848" m_tx="-0.326135" m_ty="0.000000"/>
  </frame>
  <frame idx="350" w="140" h="226" x="1.750000" y="-48.180000">
   <element name="anim_ice_full" layername="cups" frame="4" z_index="11" m_a="1.000000" m_b="0.000000" m_c="0.000000" m_d="1.000000" m_tx="0.000000" m_ty="0.000000"/>
   <element name="anim_ice_full" layername="bottles" frame="7" z_index="9" m_a="1.000000" m_b="0.000000" m_c="0.000000" m_d="1.000000" m_tx="0.000000" m_ty="0.000000"/>
  </frame>
  <frame idx="375" w="145" h="227" x="0.542648" y="-47.141991">
   <element name="anim_ice_full" layername="cups" frame="4" z_index="11" m_a="0.999848" m_b="0.017452" m_c="-0.017452" m_d="0.999848" m_tx="0.000000" m_ty="0.000000"/>
   <element name="anim_ice_full" layername="bottles" frame="7" z_index="9" m_a="0.999848" m_b="0.017452" m_c="-0.017452" m_d="0.999848" m_tx="0.326135" m_ty="0.000000"/>
  </frame>
  <frame idx="400" w="148" h="228" x="-0.682587" y="-46.122574">
   <element name="anim_ice_full" layername="cups" frame="4" z_index="11" m_a="0.999391" m_b="0.034900" m_c="-0.034900" m_d="0.999391" m_tx="0.000000" m_ty="0.000000"/>
   <element name="anim_ice_full" layername="bottles" frame="7" z_index="9" m_a="0.999391" m_b="0.034900" m_c="-0.034900" m_d="0.999391" m_tx="0.652270" m_ty="0.000000"/>
  </frame>
  <frame idx="425" w="145" h="227" x="0.542671" y="-47.142014">
   <element name="anim_ice_full" layername="cups" frame="4" z_index="11" m_a="0.999848" m_b="0.017452" m_c="-0.017452" m_d="0.999848" m_tx="0.000000" m_ty="0.000000"/>
   <element name="anim_ice_full" layername="bottles" frame="7" z_index="9" m_a="0.999848" m_b="0.017452" m_c="-0.017452" m_d="0.999848" m_tx="0.326135" m_ty="0.000000"/>
  </frame>
  <frame idx="450" w="140" h="226" x="1.750000" y="-48.180000">
   <element name="anim_ice_full" layername="cups" frame="4" z_index="11" m_a="1.000000" m_b="0.000000" m_c="0.000000" m_d="1.000000" m_tx="0.000000" m_ty="0.000000"/>
   <element name="anim_ice_full" layername="cups_UN" frame="6" z_index="10" m_a="1.000000" m_b="0.000000" m_c="0.000000" m_d="1.000000" m_tx="0.000000" m_ty="0.000000"/>
   <element name="anim_ice_full" layername="bottles" frame="7" z_index="9" m_a="1.000000" m_b="0.000000" m_c="0.000000" m_d="1.000000" m_tx="0.000000" m_ty="0.000000"/>
  </frame>
  <frame idx="475" w="152" h="209" x="12.500000" y="-63.180000">
   <element name="anim_ice_full" layername="cups" frame="4" z_index="11" m_a="1.100000" m_b="0.000000" m_c="0.000000" m_d="0.750000" m_tx="0.720000" m_ty="0.000000"/>
   <element name="anim_ice_full" layername="cups_UN" frame="6" z_index="10" m_a="1.100000" m_b="0.000000" m_c="0.000000" m_d="0.750000" m_tx="0.720000" m_ty="0.000000"/>
   <element name="anim_ice_full" layername="bottles" frame="7" z_index="9" m_a="1.200000" m_b="0.000000" m_c="0.000000" m_d="0.800000" m_tx="0.000000" m_ty="0.000000"/>
  </frame>
  <frame idx="500" w="165" h="193" x="25.000000" y="-78.180000">
   <element name="anim_ice_full" layername="cups" frame="4" z_index="11" m_a="1.200000" m_b="0.000000" m_c="0.000000" m_d="0.500000" m_tx="1.440000" m_ty="0.000000"/>
   <element name="anim_ice_full" layername="cups_UN" frame="6" z_index="10" m_a="1.200000" m_b="0.000000" m_c="0.000000" m_d="0.500000" m_tx="1.440000" m_ty="0.000000"/>
   <element name="anim_ice_full" layername="bottles" frame="7" z_index="9" m_a="1.400000" m_b="0.000000" m_c="0.000000" m_d="0.600000" m_tx="0.000000" m_ty="0.000000"/>
  </frame>
  <frame idx="525" w="138" h="226" x="0.000000" y="-48.360001">
   <element name="anim_ice_full" layername="cups" frame="4" z_index="11" m_a="0.850000" m_b="0.000000" m_c="0.000000" m_d="0.850000" m_tx="0.520000" m_ty="-1.000000"/>
   <element name="anim_ice_full" layername="bottles" frame="7" z_index="9" m_a="1.000000" m_b="0.000000" m_c="0.000000" m_d="1.000000" m_tx="0.000000" m_ty="0.000000"/>
  </frame>
  <frame idx="550" w="112" h="263" x="-25.199997" y="-17.379997">
   <element name="anim_ice_full" layername="cups" frame="6" z_index="11" m_a="0.500000" m_b="0.000000" m_c="0.000000" m_d="1.200000" m_tx="-0.400000" m_ty="-2.000000"/>
   <element name="anim_ice_full" layername="bottles" frame="3" z_index="9" m_a="0.600000" m_b="0.000000" m_c="0.000000" m_d="1.400000" m_tx="0.000000" m_ty="0.000000"/>
  </frame>
  <frame idx="575" w="116" h="258" x="-21.000000" y="-22.646667">
   <element name="anim_ice_full" layername="cups" frame="6" z_index="11" m_a="0.583333" m_b="0.000000" m_c="0.000000" m_d="1.166667" m_tx="-0.333333" m_ty="-1.666667"/>
   <element name="anim_ice_full" layername="bottles" frame="3" z_index="9" m_a="0.666667" m_b="0.000000" m_c="0.000000" m_d="1.333333" m_tx="0.000000" m_ty="0.000000"/>
  </frame>
  <frame idx="600" w="121" h="252" x="-16.799999" y="-27.913330">
   <element name="anim_ice_full" layername="cups" frame="6" z_index="11" m_a="0.666667" m_b="0.000000" m_c="0.000000" m_d="1.133333" m_tx="-0.266667" m_ty="-1.333333"/>
   <element name="anim_ice_full" layername="bottles" frame="3" z_index="9" m_a="0.733333" m_b="0.000000" m_c="0.000000" m_d="1.266667" m_tx="0.000000" m_ty="0.000000"/>
  </frame>
  <frame idx="625" w="126" h="246" x="-12.599998" y="-33.179993">
   <element name="anim_ice_full" layername="cups" frame="6" z_index="11" m_a="0.750000" m_b="0.000000" m_c="0.000000" m_d="1.100000" m_tx="-0.200000" m_ty="-1.000000"/>
   <element name="anim_ice_full" layername="bottles" frame="3" z_index="9" m_a="0.800000" m_b="0.000000" m_c="0.000000" m_d="1.200000" m_tx="0.000000" m_ty="0.000000"/>
  </frame>
  <frame idx="650" w="130" h="240" x="-8.399998" y="-38.446663">
   <element name="anim_ice_full" layername="cups" frame="6" z_index="11" m_a="0.833333" m_b="0.000000" m_c="0.000000" m_d="1.066667" m_tx="-0.133333" m_ty="-0.666667"/>
   <element name="anim_ice_full" layername="bottles" frame="3" z_index="9" m_a="0.866667" m_b="0.000000" m_c="0.000000" m_d="1.133333" m_tx="0.000000" m_ty="0.000000"/>
  </frame>
  <frame idx="675" w="136" h="235" x="-3.533337" y="-43.713333">
   <element name="anim_ice_full" layername="cups" frame="6" z_index="11" m_a="0.916667" m_b="0.000000" m_c="0.000000" m_d="1.033333" m_tx="-0.066667" m_ty="-0.333333"/>
   <element name="anim_ice_full" layername="bottles" frame="3" z_index="9" m_a="0.933333" m_b="0.000000" m_c="0.000000" m_d="1.066667" m_tx="0.000000" m_ty="0.000000"/>
  </frame>
  <frame idx="700" w="141" h="228" x="1.500000" y="-48.979996">
   <element name="anim_ice_full" layername="cups" frame="6" z_index="11" m_a="1.000000" m_b="0.000000" m_c="0.000000" m_d="1.000000" m_tx="0.000000" m_ty="0.000000"/>
   <element name="anim_ice_full" layername="bottles" frame="3" z_index="9" m_a="1.000000" m_b="0.000000" m_c="0.000000" m_d="1.000000" m_tx="0.000000" m_ty="0.000000"/>
  </frame>
  <frame idx="725" w="141" h="228" x="1.500000" y="-48.979996">
   <element name="anim_ice_full" layername="cups" frame="6" z_index="11" m_a="1.000000" m_b="0.000000" m_c="0.000000" m_d="1.000000" m_tx="0.000000" m_ty="0.000000"/>
   <element name="anim_ice_full" layername="bottles" frame="3" z_index="9" m_a="1.000000" m_b="0.000000" m_c="0.000000" m_d="1.000000" m_tx="0.000000" m_ty="0.000000"/>
  </frame>
  <frame idx="750" w="141" h="228" x="1.500000" y="-48.979996">
   <element name="anim_ice_full" layername="cups" frame="6" z_index="11" m_a="1.000000" m_b="0.000000" m_c="0.000000" m_d="1.000000" m_tx="0.000000" m_ty="0.000000"/>
   <element name="anim_ice_full" layername="bottles" frame="3" z_index="9" m_a="1.000000" m_b="0.000000" m_c="0.000000" m_d="1.000000" m_tx="0.000000" m_ty="0.000000"/>
  </frame>
  <frame idx="775" w="141" h="228" x="1.500000" y="-48.979996">
   <element name="anim_ice_full" layername="cups" frame="6" z_index="11" m_a="1.000000" m_b="0.000000" m_c="0.000000" m_d="1.000000" m_tx="0.000000" m_ty="0.000000"/>
   <element name="anim_ice_full" layername="bottles" frame="3" z_index="9" m_a="1.000000" m_b="0.000000" m_c="0.000000" m_d="1.000000" m_tx="0.000000" m_ty="0.000000"/>
  </frame>
  <frame idx="800" w="141" h="228" x="1.500000" y="-48.979996">
   <element name="anim_ice_full" layername="cups" frame="6" z_index="11" m_a="1.000000" m_b="0.000000" m_c="0.000000" m_d="1.000000" m_tx="0.000000" m_ty="0.000000"/>
   <element name="anim_ice_full" layername="bottles" frame="3" z_index="9" m_a="1.000000" m_b="0.000000" m_c="0.000000" m_d="1.000000" m_tx="0.000000" m_ty="0.000000"/>
  </frame>
  <frame idx="825" w="141" h="228" x="1.500000" y="-48.979996">
   <element name="anim_ice_full" layername="cups" frame="6" z_index="11" m_a="1.000000" m_b="0.000000" m_c="0.000000" m_d="1.000000" m_tx="0.000000" m_ty="0.000000"/>
   <element name="anim_ice_full" layername="bottles" frame="3" z_index="9" m_a="1.000000" m_b="0.000000" m_c="0.000000" m_d="1.000000" m_tx="0.000000" m_ty="0.000000"/>
  </frame>
  <frame idx="850" w="141" h="228" x="1.500000" y="-48.979996">
   <element name="anim_ice_full" layername="cups" frame="6" z_index="11" m_a="1.000000" m_b="0.000000" m_c="0.000000" m_d="1.000000" m_tx="0.000000" m_ty="0.000000"/>
   <element name="anim_ice_full" layername="bottles" frame="3" z_index="9" m_a="1.000000" m_b="0.000000" m_c="0.000000" m_d="1.000000" m_tx="0.000000" m_ty="0.000000"/>
  </frame>
  <frame idx="875" w="141" h="228" x="1.500000" y="-48.979996">
   <element name="anim_ice_full" layername="cups" frame="6" z_index="11" m_a="1.000000" m_b="0.000000" m_c="0.000000" m_d="1.000000" m_tx="0.000000" m_ty="0.000000"/>
   <element name="anim_ice_full" layername="bottles" frame="3" z_index="9" m_a="1.000000" m_b="0.000000" m_c="0.000000" m_d="1.000000" m_tx="0.000000" m_ty="0.000000"/>
  </frame>
  <frame idx="900" w="141" h="228" x="1.500000" y="-48.979996">
   <element name="anim_ice_full" layername="cups" frame="6" z_index="11" m_a="1.000000" m_b="0.000000" m_c="0.000000" m_d="1.000000" m_tx="0.000000" m_ty="0.000000"/>
   <element name="anim_ice_full" layername="bottles" frame="3" z_index="9" m_a="1.000000" m_b="0.000000" m_c="0.000000" m_d="1.000000" m_tx="0.000000" m_ty="0.000000"/>
  </frame>
  <frame idx="925" w="141" h="228" x="1.500000" y="-48.979996">
   <element name="anim_ice_full" layername="cups" frame="6" z_index="11" m_a="1.000000" m_b="0.000000" m_c="0.000000" m_d="1.000000" m_tx="0.000000" m_ty="0.000000"/>
   <element name="anim_ice_full" layername="bottles" frame="3" z_index="9" m_a="1.000000" m_b="0.000000" m_c="0.000000" m_d="1.000000" m_tx="0.000000" m_ty="0.000000"/>
  </frame>
  <frame idx="950" w="141" h="228" x="1.500000" y="-48.979996">
   <element name="anim_ice_full" layername="cups" frame="6" z_index="11" m_a="1.000000" m_b="0.000000" m_c="0.000000" m_d="1.000000" m_tx="0.000000" m_ty="0.000000"/>
   <element name="anim_ice_full" layername="bottles" frame="3" z_index="9" m_a="1.000000" m_b="0.000000" m_c="0.000000" m_d="1.000000" m_tx="0.000000" m_ty="0.000000"/>
  </frame>
  <frame idx="975" w="141" h="228" x="1.500000" y="-48.979996">
   <element name="anim_ice_full" layername="cups" frame="6" z_index="11" m_a="1.000000" m_b="0.000000" m_c="0.000000" m_d="1.000000" m_tx="0.000000" m_ty="0.000000"/>
   <element name="anim_ice_full" layername="bottles" frame="3" z_index="9" m_a="1.000000" m_b="0.000000" m_c="0.000000" m_d="1.000000" m_tx="0.000000" m_ty="0.000000"/>
  </frame>
 </anim>
 <anim name="idle" root="kettle_drink" numframes="150" framerate="40">
  <frame idx="0" w="132" h="132" x="0.000000" y="0.000000">
   <element name="swap" layername="swap" frame="0" z_index="11" m_a="1.000000" m_b="0.000000" m_c="0.000000" m_d="1.000000" m_tx="0.000000" m_ty="0.000000"/>
  </frame>
  <frame idx="25" w="132" h="132" x="0.000000" y="0.000000">
   <element name="swap" layername="swap" frame="0" z_index="11" m_a="1.000000" m_b="0.000000" m_c="0.000000" m_d="1.000000" m_tx="0.000000" m_ty="0.000000"/>
  </frame>
  <frame idx="50" w="132" h="132" x="0.000000" y="0.000000">
   <element name="swap" layername="swap" frame="0" z_index="11" m_a="1.000000" m_b="0.000000" m_c="0.000000" m_d="1.000000" m_tx="0.000000" m_ty="0.000000"/>
  </frame>
  <frame idx="75" w="132" h="132" x="0.000000" y="0.000000">
   <element name="swap" layername="swap" frame="0" z_index="11" m_a="1.000000" m_b="0.000000" m_c="0.000000" m_d="1.000000" m_tx="0.000000" m_ty="0.000000"/>
  </frame>
  <frame idx="100" w="132" h="132" x="0.000000" y="0.000000">
   <element name="swap" layername="swap" frame="0" z_index="11" m_a="1.000000" m_b="0.000000" m_c="0.000000" m_d="1.000000" m_tx="0.000000" m_ty="0.000000"/>
  </frame>
  <frame idx="125" w="132" h="132" x="0.000000" y="0.000000">
   <element name="swap" layername="swap" frame="0" z_index="11" m_a="1.000000" m_b="0.000000" m_c="0.000000" m_d="1.000000" m_tx="0.000000" m_ty="0.000000"/>
  </frame>
 </anim>
</Anims>
