<Anims>
 <anim name="BUILD_PLAYER" root="buckets" numframes="100" framerate="40">
  <frame idx="0" w="248" h="324" x="-21.116816" y="-91.384186">
   <element name="swap_hat" layername="swap_hat" frame="3" z_index="6" m_a="0.778275" m_b="0.000000" m_c="0.000000" m_d="0.778275" m_tx="-2.199000" m_ty="11.400000"/>
  </frame>
  <frame idx="25" w="248" h="324" x="-21.116816" y="-91.384186">
   <element name="swap_hat" layername="swap_hat" frame="3" z_index="6" m_a="0.778275" m_b="0.000000" m_c="0.000000" m_d="0.778275" m_tx="-2.199000" m_ty="11.400000"/>
  </frame>
  <frame idx="50" w="248" h="324" x="-21.116816" y="-91.384186">
   <element name="swap_hat" layername="swap_hat" frame="3" z_index="6" m_a="0.778275" m_b="0.000000" m_c="0.000000" m_d="0.778275" m_tx="-2.199000" m_ty="11.400000"/>
  </frame>
  <frame idx="75" w="248" h="324" x="-21.116816" y="-91.384186">
   <element name="swap_hat" layername="swap_hat" frame="3" z_index="6" m_a="0.778275" m_b="0.000000" m_c="0.000000" m_d="0.778275" m_tx="-2.199000" m_ty="11.400000"/>
  </frame>
 </anim>
 <anim name="empty" root="buckets" numframes="100" framerate="40">
  <frame idx="0" w="189" h="263" x="-10.616865" y="-79.184097">
   <element name="swap_hat" layername="swap_hat" frame="3" z_index="6" m_a="0.591367" m_b="0.000000" m_c="0.000000" m_d="0.591367" m_tx="3.801000" m_ty="0.400000"/>
  </frame>
  <frame idx="25" w="189" h="263" x="-10.616865" y="-79.184097">
   <element name="swap_hat" layername="swap_hat" frame="3" z_index="6" m_a="0.591367" m_b="0.000000" m_c="0.000000" m_d="0.591367" m_tx="3.801000" m_ty="0.400000"/>
  </frame>
  <frame idx="50" w="189" h="263" x="-10.616865" y="-79.184097">
   <element name="swap_hat" layername="swap_hat" frame="3" z_index="6" m_a="0.591367" m_b="0.000000" m_c="0.000000" m_d="0.591367" m_tx="3.801000" m_ty="0.400000"/>
  </frame>
  <frame idx="75" w="189" h="263" x="-10.616865" y="-79.184097">
   <element name="swap_hat" layername="swap_hat" frame="3" z_index="6" m_a="0.591367" m_b="0.000000" m_c="0.000000" m_d="0.591367" m_tx="3.801000" m_ty="0.400000"/>
  </frame>
 </anim>
 <anim name="full" root="buckets" numframes="100" framerate="40">
  <frame idx="0" w="192" h="256" x="-11.000000" y="-69.500000">
   <element name="buckets" layername="buckets" frame="0" z_index="6" m_a="0.800000" m_b="0.000000" m_c="0.000000" m_d="0.800000" m_tx="5.000000" m_ty="-48.000000"/>
  </frame>
  <frame idx="25" w="192" h="256" x="-11.000000" y="-69.500000">
   <element name="buckets" layername="buckets" frame="0" z_index="6" m_a="0.800000" m_b="0.000000" m_c="0.000000" m_d="0.800000" m_tx="5.000000" m_ty="-48.000000"/>
  </frame>
  <frame idx="50" w="192" h="256" x="-11.000000" y="-69.500000">
   <element name="buckets" layername="buckets" frame="0" z_index="6" m_a="0.800000" m_b="0.000000" m_c="0.000000" m_d="0.800000" m_tx="5.000000" m_ty="-48.000000"/>
  </frame>
  <frame idx="75" w="192" h="256" x="-11.000000" y="-69.500000">
   <element name="buckets" layername="buckets" frame="0" z_index="6" m_a="0.800000" m_b="0.000000" m_c="0.000000" m_d="0.800000" m_tx="5.000000" m_ty="-48.000000"/>
  </frame>
 </anim>
 <anim name="rain" root="buckets" numframes="100" framerate="40">
  <frame idx="0" w="192" h="257" x="-11.000022" y="-69.500092">
   <element name="buckets" layername="buckets" frame="2" z_index="6" m_a="0.800000" m_b="0.000000" m_c="0.000000" m_d="0.800000" m_tx="-75.000023" m_ty="-128.000092"/>
  </frame>
  <frame idx="25" w="192" h="261" x="-11.995045" y="-74.975204">
   <element name="buckets" layername="buckets" frame="0" z_index="6" m_a="0.800000" m_b="0.000000" m_c="0.000000" m_d="0.800000" m_tx="4.004955" m_ty="-52.975201"/>
  </frame>
  <frame idx="50" w="192" h="261" x="-11.995045" y="-74.975204">
   <element name="buckets" layername="buckets" frame="0" z_index="6" m_a="0.800000" m_b="0.000000" m_c="0.000000" m_d="0.800000" m_tx="4.004955" m_ty="-52.975201"/>
  </frame>
  <frame idx="75" w="192" h="261" x="-11.995045" y="-74.975204">
   <element name="buckets" layername="buckets" frame="0" z_index="6" m_a="0.800000" m_b="0.000000" m_c="0.000000" m_d="0.800000" m_tx="4.004955" m_ty="-52.975201"/>
  </frame>
 </anim>
 <anim name="dirty" root="buckets" numframes="100" framerate="40">
  <frame idx="0" w="192" h="257" x="-11.000022" y="-69.500092">
   <element name="buckets" layername="buckets" frame="3" z_index="6" m_a="0.800000" m_b="0.000000" m_c="0.000000" m_d="0.800000" m_tx="-75.000023" m_ty="-128.000092"/>
  </frame>
  <frame idx="25" w="192" h="261" x="-11.995045" y="-74.975204">
   <element name="buckets" layername="buckets" frame="0" z_index="6" m_a="0.800000" m_b="0.000000" m_c="0.000000" m_d="0.800000" m_tx="4.004955" m_ty="-52.975201"/>
  </frame>
  <frame idx="50" w="192" h="261" x="-11.995045" y="-74.975204">
   <element name="buckets" layername="buckets" frame="0" z_index="6" m_a="0.800000" m_b="0.000000" m_c="0.000000" m_d="0.800000" m_tx="4.004955" m_ty="-52.975201"/>
  </frame>
  <frame idx="75" w="192" h="261" x="-11.995045" y="-74.975204">
   <element name="buckets" layername="buckets" frame="0" z_index="6" m_a="0.800000" m_b="0.000000" m_c="0.000000" m_d="0.800000" m_tx="4.004955" m_ty="-52.975201"/>
  </frame>
 </anim>
 <anim name="ice" root="buckets" numframes="1000" framerate="40">
  <frame idx="0" w="197" h="338" x="-9.500000" y="-107.500000">
   <element name="buckets" layername="buckets" frame="1" z_index="6" m_a="0.815920" m_b="0.000000" m_c="0.000000" m_d="0.815920" m_tx="7.000000" m_ty="-79.000000"/>
  </frame>
  <frame idx="25" w="197" h="338" x="-9.500000" y="-107.500000">
   <element name="buckets" layername="buckets" frame="1" z_index="6" m_a="0.815920" m_b="0.000000" m_c="0.000000" m_d="0.815920" m_tx="7.000000" m_ty="-79.000000"/>
  </frame>
  <frame idx="50" w="197" h="338" x="-9.500000" y="-107.500000">
   <element name="buckets" layername="buckets" frame="1" z_index="6" m_a="0.815920" m_b="0.000000" m_c="0.000000" m_d="0.815920" m_tx="7.000000" m_ty="-79.000000"/>
  </frame>
  <frame idx="75" w="197" h="338" x="-9.500000" y="-107.500000">
   <element name="buckets" layername="buckets" frame="1" z_index="6" m_a="0.815920" m_b="0.000000" m_c="0.000000" m_d="0.815920" m_tx="7.000000" m_ty="-79.000000"/>
  </frame>
  <frame idx="100" w="197" h="338" x="-9.500000" y="-107.500000">
   <element name="buckets" layername="buckets" frame="1" z_index="6" m_a="0.815920" m_b="0.000000" m_c="0.000000" m_d="0.815920" m_tx="7.000000" m_ty="-79.000000"/>
  </frame>
  <frame idx="125" w="197" h="338" x="-9.500000" y="-107.500000">
   <element name="buckets" layername="buckets" frame="1" z_index="6" m_a="0.815920" m_b="0.000000" m_c="0.000000" m_d="0.815920" m_tx="7.000000" m_ty="-79.000000"/>
  </frame>
  <frame idx="150" w="197" h="338" x="-9.500000" y="-107.500000">
   <element name="buckets" layername="buckets" frame="1" z_index="6" m_a="0.815920" m_b="0.000000" m_c="0.000000" m_d="0.815920" m_tx="7.000000" m_ty="-79.000000"/>
  </frame>
  <frame idx="175" w="197" h="338" x="-9.500000" y="-107.500000">
   <element name="buckets" layername="buckets" frame="1" z_index="6" m_a="0.815920" m_b="0.000000" m_c="0.000000" m_d="0.815920" m_tx="7.000000" m_ty="-79.000000"/>
  </frame>
  <frame idx="200" w="197" h="338" x="-9.500000" y="-107.500000">
   <element name="buckets" layername="buckets" frame="1" z_index="6" m_a="0.815920" m_b="0.000000" m_c="0.000000" m_d="0.815920" m_tx="7.000000" m_ty="-79.000000"/>
  </frame>
  <frame idx="225" w="197" h="338" x="-9.500000" y="-107.500000">
   <element name="buckets" layername="buckets" frame="1" z_index="6" m_a="0.815920" m_b="0.000000" m_c="0.000000" m_d="0.815920" m_tx="7.000000" m_ty="-79.000000"/>
  </frame>
  <frame idx="250" w="197" h="338" x="-9.500000" y="-107.500000">
   <element name="buckets" layername="buckets" frame="1" z_index="6" m_a="0.815920" m_b="0.000000" m_c="0.000000" m_d="0.815920" m_tx="7.000000" m_ty="-79.000000"/>
  </frame>
  <frame idx="275" w="197" h="338" x="-9.500000" y="-107.500000">
   <element name="buckets" layername="buckets" frame="1" z_index="6" m_a="0.815920" m_b="0.000000" m_c="0.000000" m_d="0.815920" m_tx="7.000000" m_ty="-79.000000"/>
  </frame>
  <frame idx="300" w="197" h="338" x="-9.500000" y="-107.500000">
   <element name="buckets" layername="buckets" frame="1" z_index="6" m_a="0.815920" m_b="0.000000" m_c="0.000000" m_d="0.815920" m_tx="7.000000" m_ty="-79.000000"/>
  </frame>
  <frame idx="325" w="197" h="338" x="-9.500000" y="-107.500000">
   <element name="buckets" layername="buckets" frame="1" z_index="6" m_a="0.815920" m_b="0.000000" m_c="0.000000" m_d="0.815920" m_tx="7.000000" m_ty="-79.000000"/>
  </frame>
  <frame idx="350" w="197" h="338" x="-9.500000" y="-107.500000">
   <element name="buckets" layername="buckets" frame="1" z_index="6" m_a="0.815920" m_b="0.000000" m_c="0.000000" m_d="0.815920" m_tx="7.000000" m_ty="-79.000000"/>
  </frame>
  <frame idx="375" w="197" h="338" x="-9.500000" y="-107.500000">
   <element name="buckets" layername="buckets" frame="1" z_index="6" m_a="0.815920" m_b="0.000000" m_c="0.000000" m_d="0.815920" m_tx="7.000000" m_ty="-79.000000"/>
  </frame>
  <frame idx="400" w="197" h="338" x="-9.500000" y="-107.500000">
   <element name="buckets" layername="buckets" frame="1" z_index="6" m_a="0.815920" m_b="0.000000" m_c="0.000000" m_d="0.815920" m_tx="7.000000" m_ty="-79.000000"/>
  </frame>
  <frame idx="425" w="197" h="338" x="-9.500000" y="-107.500000">
   <element name="buckets" layername="buckets" frame="1" z_index="6" m_a="0.815920" m_b="0.000000" m_c="0.000000" m_d="0.815920" m_tx="7.000000" m_ty="-79.000000"/>
  </frame>
  <frame idx="450" w="197" h="338" x="-9.500000" y="-107.500000">
   <element name="buckets" layername="buckets" frame="1" z_index="6" m_a="0.815920" m_b="0.000000" m_c="0.000000" m_d="0.815920" m_tx="7.000000" m_ty="-79.000000"/>
  </frame>
  <frame idx="475" w="197" h="338" x="-9.500000" y="-107.500000">
   <element name="buckets" layername="buckets" frame="1" z_index="6" m_a="0.815920" m_b="0.000000" m_c="0.000000" m_d="0.815920" m_tx="7.000000" m_ty="-79.000000"/>
  </frame>
  <frame idx="500" w="197" h="338" x="-9.500000" y="-107.500000">
   <element name="buckets" layername="buckets" frame="1" z_index="6" m_a="0.815920" m_b="0.000000" m_c="0.000000" m_d="0.815920" m_tx="7.000000" m_ty="-79.000000"/>
  </frame>
  <frame idx="525" w="197" h="338" x="-9.500000" y="-107.500000">
   <element name="buckets" layername="buckets" frame="1" z_index="6" m_a="0.815920" m_b="0.000000" m_c="0.000000" m_d="0.815920" m_tx="7.000000" m_ty="-79.000000"/>
  </frame>
  <frame idx="550" w="197" h="338" x="-9.500000" y="-107.500000">
   <element name="buckets" layername="buckets" frame="1" z_index="6" m_a="0.815920" m_b="0.000000" m_c="0.000000" m_d="0.815920" m_tx="7.000000" m_ty="-79.000000"/>
  </frame>
  <frame idx="575" w="197" h="338" x="-9.500000" y="-107.500000">
   <element name="buckets" layername="buckets" frame="1" z_index="6" m_a="0.815920" m_b="0.000000" m_c="0.000000" m_d="0.815920" m_tx="7.000000" m_ty="-79.000000"/>
  </frame>
  <frame idx="600" w="197" h="338" x="-9.500000" y="-107.500000">
   <element name="buckets" layername="buckets" frame="1" z_index="6" m_a="0.815920" m_b="0.000000" m_c="0.000000" m_d="0.815920" m_tx="7.000000" m_ty="-79.000000"/>
  </frame>
  <frame idx="625" w="197" h="338" x="-9.500000" y="-107.500000">
   <element name="buckets" layername="buckets" frame="1" z_index="6" m_a="0.815920" m_b="0.000000" m_c="0.000000" m_d="0.815920" m_tx="7.000000" m_ty="-79.000000"/>
  </frame>
  <frame idx="650" w="197" h="338" x="-9.500000" y="-107.500000">
   <element name="buckets" layername="buckets" frame="1" z_index="6" m_a="0.815920" m_b="0.000000" m_c="0.000000" m_d="0.815920" m_tx="7.000000" m_ty="-79.000000"/>
  </frame>
  <frame idx="675" w="197" h="338" x="-9.500000" y="-107.500000">
   <element name="buckets" layername="buckets" frame="1" z_index="6" m_a="0.815920" m_b="0.000000" m_c="0.000000" m_d="0.815920" m_tx="7.000000" m_ty="-79.000000"/>
  </frame>
  <frame idx="700" w="197" h="338" x="-9.500000" y="-107.500000">
   <element name="buckets" layername="buckets" frame="1" z_index="6" m_a="0.815920" m_b="0.000000" m_c="0.000000" m_d="0.815920" m_tx="7.000000" m_ty="-79.000000"/>
  </frame>
  <frame idx="725" w="197" h="338" x="-9.500000" y="-107.500000">
   <element name="buckets" layername="buckets" frame="1" z_index="6" m_a="0.815920" m_b="0.000000" m_c="0.000000" m_d="0.815920" m_tx="7.000000" m_ty="-79.000000"/>
  </frame>
  <frame idx="750" w="197" h="338" x="-9.500000" y="-107.500000">
   <element name="buckets" layername="buckets" frame="1" z_index="6" m_a="0.815920" m_b="0.000000" m_c="0.000000" m_d="0.815920" m_tx="7.000000" m_ty="-79.000000"/>
  </frame>
  <frame idx="775" w="197" h="338" x="-9.500000" y="-107.500000">
   <element name="buckets" layername="buckets" frame="1" z_index="6" m_a="0.815920" m_b="0.000000" m_c="0.000000" m_d="0.815920" m_tx="7.000000" m_ty="-79.000000"/>
  </frame>
  <frame idx="800" w="197" h="338" x="-9.500000" y="-107.500000">
   <element name="buckets" layername="buckets" frame="1" z_index="6" m_a="0.815920" m_b="0.000000" m_c="0.000000" m_d="0.815920" m_tx="7.000000" m_ty="-79.000000"/>
  </frame>
  <frame idx="825" w="197" h="338" x="-9.500000" y="-107.500000">
   <element name="buckets" layername="buckets" frame="1" z_index="6" m_a="0.815920" m_b="0.000000" m_c="0.000000" m_d="0.815920" m_tx="7.000000" m_ty="-79.000000"/>
  </frame>
  <frame idx="850" w="197" h="338" x="-9.500000" y="-107.500000">
   <element name="buckets" layername="buckets" frame="1" z_index="6" m_a="0.815920" m_b="0.000000" m_c="0.000000" m_d="0.815920" m_tx="7.000000" m_ty="-79.000000"/>
  </frame>
  <frame idx="875" w="197" h="338" x="-9.500000" y="-107.500000">
   <element name="buckets" layername="buckets" frame="1" z_index="6" m_a="0.815920" m_b="0.000000" m_c="0.000000" m_d="0.815920" m_tx="7.000000" m_ty="-79.000000"/>
  </frame>
  <frame idx="900" w="197" h="338" x="-9.500000" y="-107.500000">
   <element name="buckets" layername="buckets" frame="1" z_index="6" m_a="0.815920" m_b="0.000000" m_c="0.000000" m_d="0.815920" m_tx="7.000000" m_ty="-79.000000"/>
  </frame>
  <frame idx="925" w="197" h="338" x="-9.500000" y="-107.500000">
   <element name="buckets" layername="buckets" frame="1" z_index="6" m_a="0.815920" m_b="0.000000" m_c="0.000000" m_d="0.815920" m_tx="7.000000" m_ty="-79.000000"/>
  </frame>
  <frame idx="950" w="197" h="338" x="-9.500000" y="-107.500000">
   <element name="buckets" layername="buckets" frame="1" z_index="6" m_a="0.815920" m_b="0.000000" m_c="0.000000" m_d="0.815920" m_tx="7.000000" m_ty="-79.000000"/>
  </frame>
  <frame idx="975" w="197" h="338" x="-9.500000" y="-107.500000">
   <element name="buckets" layername="buckets" frame="1" z_index="6" m_a="0.815920" m_b="0.000000" m_c="0.000000" m_d="0.815920" m_tx="7.000000" m_ty="-79.000000"/>
  </frame>
 </anim>
</Anims>
