<Anims>
 <anim name="empty" root="buckets" numframes="300" framerate="40">
  <frame idx="0" w="176" h="223" x="0.000000" y="-40.250000">
   <element name="buckets_empty" layername="bucket_empty" frame="0" z_index="14" m_a="1.000000" m_b="0.000000" m_c="0.000000" m_d="1.000000" m_tx="0.000000" m_ty="0.000000"/>
  </frame>
  <frame idx="25" w="176" h="223" x="0.000000" y="-40.250000">
   <element name="buckets_empty" layername="bucket_empty" frame="0" z_index="14" m_a="1.000000" m_b="0.000000" m_c="0.000000" m_d="1.000000" m_tx="0.000000" m_ty="0.000000"/>
  </frame>
  <frame idx="50" w="176" h="223" x="0.000000" y="-40.250000">
   <element name="buckets_empty" layername="bucket_empty" frame="0" z_index="14" m_a="1.000000" m_b="0.000000" m_c="0.000000" m_d="1.000000" m_tx="0.000000" m_ty="0.000000"/>
  </frame>
  <frame idx="75" w="176" h="223" x="0.000000" y="-40.250000">
   <element name="buckets_empty" layername="bucket_empty" frame="0" z_index="14" m_a="1.000000" m_b="0.000000" m_c="0.000000" m_d="1.000000" m_tx="0.000000" m_ty="0.000000"/>
  </frame>
  <frame idx="100" w="176" h="223" x="0.000000" y="-40.250000">
   <element name="buckets_empty" layername="bucket_empty" frame="0" z_index="14" m_a="1.000000" m_b="0.000000" m_c="0.000000" m_d="1.000000" m_tx="0.000000" m_ty="0.000000"/>
  </frame>
  <frame idx="125" w="176" h="223" x="0.000000" y="-40.250000">
   <element name="buckets_empty" layername="bucket_empty" frame="0" z_index="14" m_a="1.000000" m_b="0.000000" m_c="0.000000" m_d="1.000000" m_tx="0.000000" m_ty="0.000000"/>
  </frame>
  <frame idx="150" w="176" h="223" x="0.000000" y="-40.250000">
   <element name="buckets_empty" layername="bucket_empty" frame="0" z_index="14" m_a="1.000000" m_b="0.000000" m_c="0.000000" m_d="1.000000" m_tx="0.000000" m_ty="0.000000"/>
  </frame>
  <frame idx="175" w="176" h="223" x="0.000000" y="-40.250000">
   <element name="buckets_empty" layername="bucket_empty" frame="0" z_index="14" m_a="1.000000" m_b="0.000000" m_c="0.000000" m_d="1.000000" m_tx="0.000000" m_ty="0.000000"/>
  </frame>
  <frame idx="200" w="176" h="223" x="0.000000" y="-40.250000">
   <element name="buckets_empty" layername="bucket_empty" frame="0" z_index="14" m_a="1.000000" m_b="0.000000" m_c="0.000000" m_d="1.000000" m_tx="0.000000" m_ty="0.000000"/>
  </frame>
  <frame idx="225" w="176" h="223" x="0.000000" y="-40.250000">
   <element name="buckets_empty" layername="bucket_empty" frame="0" z_index="14" m_a="1.000000" m_b="0.000000" m_c="0.000000" m_d="1.000000" m_tx="0.000000" m_ty="0.000000"/>
  </frame>
  <frame idx="250" w="176" h="223" x="0.000000" y="-40.250000">
   <element name="buckets_empty" layername="bucket_empty" frame="0" z_index="14" m_a="1.000000" m_b="0.000000" m_c="0.000000" m_d="1.000000" m_tx="0.000000" m_ty="0.000000"/>
  </frame>
  <frame idx="275" w="176" h="223" x="0.000000" y="-40.250000">
   <element name="buckets_empty" layername="bucket_empty" frame="0" z_index="14" m_a="1.000000" m_b="0.000000" m_c="0.000000" m_d="1.000000" m_tx="0.000000" m_ty="0.000000"/>
  </frame>
 </anim>
 <anim name="dirty" root="buckets" numframes="300" framerate="40">
  <frame idx="0" w="176" h="223" x="0.000000" y="-40.250000">
   <element name="buckets_dirty" layername="buckets_dirty" frame="0" z_index="14" m_a="1.000000" m_b="0.000000" m_c="0.000000" m_d="1.000000" m_tx="0.000000" m_ty="0.000000"/>
  </frame>
  <frame idx="25" w="176" h="223" x="0.000000" y="-40.250000">
   <element name="buckets_dirty" layername="buckets_dirty" frame="0" z_index="14" m_a="1.000000" m_b="0.000000" m_c="0.000000" m_d="1.000000" m_tx="0.000000" m_ty="0.000000"/>
  </frame>
  <frame idx="50" w="176" h="223" x="0.000000" y="-40.250000">
   <element name="buckets_dirty" layername="buckets_dirty" frame="0" z_index="14" m_a="1.000000" m_b="0.000000" m_c="0.000000" m_d="1.000000" m_tx="0.000000" m_ty="0.000000"/>
  </frame>
  <frame idx="75" w="176" h="223" x="0.000000" y="-40.250000">
   <element name="buckets_dirty" layername="buckets_dirty" frame="0" z_index="14" m_a="1.000000" m_b="0.000000" m_c="0.000000" m_d="1.000000" m_tx="0.000000" m_ty="0.000000"/>
  </frame>
  <frame idx="100" w="176" h="223" x="0.000000" y="-40.250000">
   <element name="buckets_dirty" layername="buckets_dirty" frame="0" z_index="14" m_a="1.000000" m_b="0.000000" m_c="0.000000" m_d="1.000000" m_tx="0.000000" m_ty="0.000000"/>
  </frame>
  <frame idx="125" w="176" h="223" x="0.000000" y="-40.250000">
   <element name="buckets_dirty" layername="buckets_dirty" frame="0" z_index="14" m_a="1.000000" m_b="0.000000" m_c="0.000000" m_d="1.000000" m_tx="0.000000" m_ty="0.000000"/>
  </frame>
  <frame idx="150" w="176" h="223" x="0.000000" y="-40.250000">
   <element name="buckets_dirty" layername="buckets_dirty" frame="0" z_index="14" m_a="1.000000" m_b="0.000000" m_c="0.000000" m_d="1.000000" m_tx="0.000000" m_ty="0.000000"/>
  </frame>
  <frame idx="175" w="176" h="223" x="0.000000" y="-40.250000">
   <element name="buckets_dirty" layername="buckets_dirty" frame="0" z_index="14" m_a="1.000000" m_b="0.000000" m_c="0.000000" m_d="1.000000" m_tx="0.000000" m_ty="0.000000"/>
  </frame>
  <frame idx="200" w="176" h="223" x="0.000000" y="-40.250000">
   <element name="buckets_dirty" layername="buckets_dirty" frame="0" z_index="14" m_a="1.000000" m_b="0.000000" m_c="0.000000" m_d="1.000000" m_tx="0.000000" m_ty="0.000000"/>
  </frame>
  <frame idx="225" w="176" h="223" x="0.000000" y="-40.250000">
   <element name="buckets_dirty" layername="buckets_dirty" frame="0" z_index="14" m_a="1.000000" m_b="0.000000" m_c="0.000000" m_d="1.000000" m_tx="0.000000" m_ty="0.000000"/>
  </frame>
  <frame idx="250" w="176" h="223" x="0.000000" y="-40.250000">
   <element name="buckets_dirty" layername="buckets_dirty" frame="0" z_index="14" m_a="1.000000" m_b="0.000000" m_c="0.000000" m_d="1.000000" m_tx="0.000000" m_ty="0.000000"/>
  </frame>
  <frame idx="275" w="176" h="223" x="0.000000" y="-40.250000">
   <element name="buckets_dirty" layername="buckets_dirty" frame="0" z_index="14" m_a="1.000000" m_b="0.000000" m_c="0.000000" m_d="1.000000" m_tx="0.000000" m_ty="0.000000"/>
  </frame>
 </anim>
 <anim name="full" root="buckets" numframes="300" framerate="40">
  <frame idx="0" w="176" h="223" x="0.000000" y="-40.250000">
   <element name="buckets_full" layername="buckets_full" frame="0" z_index="14" m_a="1.000000" m_b="0.000000" m_c="0.000000" m_d="1.000000" m_tx="0.000000" m_ty="0.000000"/>
  </frame>
  <frame idx="25" w="176" h="223" x="0.000000" y="-40.250000">
   <element name="buckets_full" layername="buckets_full" frame="0" z_index="14" m_a="1.000000" m_b="0.000000" m_c="0.000000" m_d="1.000000" m_tx="0.000000" m_ty="0.000000"/>
  </frame>
  <frame idx="50" w="176" h="223" x="0.000000" y="-40.250000">
   <element name="buckets_full" layername="buckets_full" frame="0" z_index="14" m_a="1.000000" m_b="0.000000" m_c="0.000000" m_d="1.000000" m_tx="0.000000" m_ty="0.000000"/>
  </frame>
  <frame idx="75" w="176" h="223" x="0.000000" y="-40.250000">
   <element name="buckets_full" layername="buckets_full" frame="0" z_index="14" m_a="1.000000" m_b="0.000000" m_c="0.000000" m_d="1.000000" m_tx="0.000000" m_ty="0.000000"/>
  </frame>
  <frame idx="100" w="176" h="223" x="0.000000" y="-40.250000">
   <element name="buckets_full" layername="buckets_full" frame="0" z_index="14" m_a="1.000000" m_b="0.000000" m_c="0.000000" m_d="1.000000" m_tx="0.000000" m_ty="0.000000"/>
  </frame>
  <frame idx="125" w="176" h="223" x="0.000000" y="-40.250000">
   <element name="buckets_full" layername="buckets_full" frame="0" z_index="14" m_a="1.000000" m_b="0.000000" m_c="0.000000" m_d="1.000000" m_tx="0.000000" m_ty="0.000000"/>
  </frame>
  <frame idx="150" w="176" h="223" x="0.000000" y="-40.250000">
   <element name="buckets_full" layername="buckets_full" frame="0" z_index="14" m_a="1.000000" m_b="0.000000" m_c="0.000000" m_d="1.000000" m_tx="0.000000" m_ty="0.000000"/>
  </frame>
  <frame idx="175" w="176" h="223" x="0.000000" y="-40.250000">
   <element name="buckets_full" layername="buckets_full" frame="0" z_index="14" m_a="1.000000" m_b="0.000000" m_c="0.000000" m_d="1.000000" m_tx="0.000000" m_ty="0.000000"/>
  </frame>
  <frame idx="200" w="176" h="223" x="0.000000" y="-40.250000">
   <element name="buckets_full" layername="buckets_full" frame="0" z_index="14" m_a="1.000000" m_b="0.000000" m_c="0.000000" m_d="1.000000" m_tx="0.000000" m_ty="0.000000"/>
  </frame>
  <frame idx="225" w="176" h="223" x="0.000000" y="-40.250000">
   <element name="buckets_full" layername="buckets_full" frame="0" z_index="14" m_a="1.000000" m_b="0.000000" m_c="0.000000" m_d="1.000000" m_tx="0.000000" m_ty="0.000000"/>
  </frame>
  <frame idx="250" w="176" h="223" x="0.000000" y="-40.250000">
   <element name="buckets_full" layername="buckets_full" frame="0" z_index="14" m_a="1.000000" m_b="0.000000" m_c="0.000000" m_d="1.000000" m_tx="0.000000" m_ty="0.000000"/>
  </frame>
  <frame idx="275" w="176" h="223" x="0.000000" y="-40.250000">
   <element name="buckets_full" layername="buckets_full" frame="0" z_index="14" m_a="1.000000" m_b="0.000000" m_c="0.000000" m_d="1.000000" m_tx="0.000000" m_ty="0.000000"/>
  </frame>
 </anim>
 <anim name="salt" root="buckets" numframes="300" framerate="40">
  <frame idx="0" w="176" h="223" x="0.000000" y="-40.250000">
   <element name="buckets_salt" layername="buckets_salt" frame="0" z_index="14" m_a="1.000000" m_b="0.000000" m_c="0.000000" m_d="1.000000" m_tx="0.000000" m_ty="0.000000"/>
  </frame>
  <frame idx="25" w="176" h="223" x="0.000000" y="-40.250000">
   <element name="buckets_salt" layername="buckets_salt" frame="0" z_index="14" m_a="1.000000" m_b="0.000000" m_c="0.000000" m_d="1.000000" m_tx="0.000000" m_ty="0.000000"/>
  </frame>
  <frame idx="50" w="176" h="223" x="0.000000" y="-40.250000">
   <element name="buckets_salt" layername="buckets_salt" frame="0" z_index="14" m_a="1.000000" m_b="0.000000" m_c="0.000000" m_d="1.000000" m_tx="0.000000" m_ty="0.000000"/>
  </frame>
  <frame idx="75" w="176" h="223" x="0.000000" y="-40.250000">
   <element name="buckets_salt" layername="buckets_salt" frame="0" z_index="14" m_a="1.000000" m_b="0.000000" m_c="0.000000" m_d="1.000000" m_tx="0.000000" m_ty="0.000000"/>
  </frame>
  <frame idx="100" w="176" h="223" x="0.000000" y="-40.250000">
   <element name="buckets_salt" layername="buckets_salt" frame="0" z_index="14" m_a="1.000000" m_b="0.000000" m_c="0.000000" m_d="1.000000" m_tx="0.000000" m_ty="0.000000"/>
  </frame>
  <frame idx="125" w="176" h="223" x="0.000000" y="-40.250000">
   <element name="buckets_salt" layername="buckets_salt" frame="0" z_index="14" m_a="1.000000" m_b="0.000000" m_c="0.000000" m_d="1.000000" m_tx="0.000000" m_ty="0.000000"/>
  </frame>
  <frame idx="150" w="176" h="223" x="0.000000" y="-40.250000">
   <element name="buckets_salt" layername="buckets_salt" frame="0" z_index="14" m_a="1.000000" m_b="0.000000" m_c="0.000000" m_d="1.000000" m_tx="0.000000" m_ty="0.000000"/>
  </frame>
  <frame idx="175" w="176" h="223" x="0.000000" y="-40.250000">
   <element name="buckets_salt" layername="buckets_salt" frame="0" z_index="14" m_a="1.000000" m_b="0.000000" m_c="0.000000" m_d="1.000000" m_tx="0.000000" m_ty="0.000000"/>
  </frame>
  <frame idx="200" w="176" h="223" x="0.000000" y="-40.250000">
   <element name="buckets_salt" layername="buckets_salt" frame="0" z_index="14" m_a="1.000000" m_b="0.000000" m_c="0.000000" m_d="1.000000" m_tx="0.000000" m_ty="0.000000"/>
  </frame>
  <frame idx="225" w="176" h="223" x="0.000000" y="-40.250000">
   <element name="buckets_salt" layername="buckets_salt" frame="0" z_index="14" m_a="1.000000" m_b="0.000000" m_c="0.000000" m_d="1.000000" m_tx="0.000000" m_ty="0.000000"/>
  </frame>
  <frame idx="250" w="176" h="223" x="0.000000" y="-40.250000">
   <element name="buckets_salt" layername="buckets_salt" frame="0" z_index="14" m_a="1.000000" m_b="0.000000" m_c="0.000000" m_d="1.000000" m_tx="0.000000" m_ty="0.000000"/>
  </frame>
  <frame idx="275" w="176" h="223" x="0.000000" y="-40.250000">
   <element name="buckets_salt" layername="buckets_salt" frame="0" z_index="14" m_a="1.000000" m_b="0.000000" m_c="0.000000" m_d="1.000000" m_tx="0.000000" m_ty="0.000000"/>
  </frame>
 </anim>
 <anim name="ice" root="buckets" numframes="300" framerate="40">
  <frame idx="0" w="176" h="223" x="0.000000" y="-40.250000">
   <element name="buckets_ice" layername="buckets_ice" frame="0" z_index="14" m_a="1.000000" m_b="0.000000" m_c="0.000000" m_d="1.000000" m_tx="0.000000" m_ty="0.000000"/>
  </frame>
  <frame idx="25" w="176" h="223" x="0.000000" y="-40.250000">
   <element name="buckets_ice" layername="buckets_ice" frame="0" z_index="14" m_a="1.000000" m_b="0.000000" m_c="0.000000" m_d="1.000000" m_tx="0.000000" m_ty="0.000000"/>
  </frame>
  <frame idx="50" w="176" h="223" x="0.000000" y="-40.250000">
   <element name="buckets_ice" layername="buckets_ice" frame="0" z_index="14" m_a="1.000000" m_b="0.000000" m_c="0.000000" m_d="1.000000" m_tx="0.000000" m_ty="0.000000"/>
  </frame>
  <frame idx="75" w="176" h="223" x="0.000000" y="-40.250000">
   <element name="buckets_ice" layername="buckets_ice" frame="0" z_index="14" m_a="1.000000" m_b="0.000000" m_c="0.000000" m_d="1.000000" m_tx="0.000000" m_ty="0.000000"/>
  </frame>
  <frame idx="100" w="176" h="223" x="0.000000" y="-40.250000">
   <element name="buckets_ice" layername="buckets_ice" frame="0" z_index="14" m_a="1.000000" m_b="0.000000" m_c="0.000000" m_d="1.000000" m_tx="0.000000" m_ty="0.000000"/>
  </frame>
  <frame idx="125" w="176" h="223" x="0.000000" y="-40.250000">
   <element name="buckets_ice" layername="buckets_ice" frame="0" z_index="14" m_a="1.000000" m_b="0.000000" m_c="0.000000" m_d="1.000000" m_tx="0.000000" m_ty="0.000000"/>
  </frame>
  <frame idx="150" w="176" h="223" x="0.000000" y="-40.250000">
   <element name="buckets_ice" layername="buckets_ice" frame="0" z_index="14" m_a="1.000000" m_b="0.000000" m_c="0.000000" m_d="1.000000" m_tx="0.000000" m_ty="0.000000"/>
  </frame>
  <frame idx="175" w="176" h="223" x="0.000000" y="-40.250000">
   <element name="buckets_ice" layername="buckets_ice" frame="0" z_index="14" m_a="1.000000" m_b="0.000000" m_c="0.000000" m_d="1.000000" m_tx="0.000000" m_ty="0.000000"/>
  </frame>
  <frame idx="200" w="176" h="223" x="0.000000" y="-40.250000">
   <element name="buckets_ice" layername="buckets_ice" frame="0" z_index="14" m_a="1.000000" m_b="0.000000" m_c="0.000000" m_d="1.000000" m_tx="0.000000" m_ty="0.000000"/>
  </frame>
  <frame idx="225" w="176" h="223" x="0.000000" y="-40.250000">
   <element name="buckets_ice" layername="buckets_ice" frame="0" z_index="14" m_a="1.000000" m_b="0.000000" m_c="0.000000" m_d="1.000000" m_tx="0.000000" m_ty="0.000000"/>
  </frame>
  <frame idx="250" w="176" h="223" x="0.000000" y="-40.250000">
   <element name="buckets_ice" layername="buckets_ice" frame="0" z_index="14" m_a="1.000000" m_b="0.000000" m_c="0.000000" m_d="1.000000" m_tx="0.000000" m_ty="0.000000"/>
  </frame>
  <frame idx="275" w="176" h="223" x="0.000000" y="-40.250000">
   <element name="buckets_ice" layername="buckets_ice" frame="0" z_index="14" m_a="1.000000" m_b="0.000000" m_c="0.000000" m_d="1.000000" m_tx="0.000000" m_ty="0.000000"/>
  </frame>
 </anim>
 <anim name="ice_dirty" root="buckets" numframes="300" framerate="40">
  <frame idx="0" w="176" h="223" x="0.000000" y="-40.250000">
   <element name="buckets_ice_dirty" layername="buckets_ice_dirty" frame="0" z_index="14" m_a="1.000000" m_b="0.000000" m_c="0.000000" m_d="1.000000" m_tx="0.000000" m_ty="0.000000"/>
  </frame>
  <frame idx="25" w="176" h="223" x="0.000000" y="-40.250000">
   <element name="buckets_ice_dirty" layername="buckets_ice_dirty" frame="0" z_index="14" m_a="1.000000" m_b="0.000000" m_c="0.000000" m_d="1.000000" m_tx="0.000000" m_ty="0.000000"/>
  </frame>
  <frame idx="50" w="176" h="223" x="0.000000" y="-40.250000">
   <element name="buckets_ice_dirty" layername="buckets_ice_dirty" frame="0" z_index="14" m_a="1.000000" m_b="0.000000" m_c="0.000000" m_d="1.000000" m_tx="0.000000" m_ty="0.000000"/>
  </frame>
  <frame idx="75" w="176" h="223" x="0.000000" y="-40.250000">
   <element name="buckets_ice_dirty" layername="buckets_ice_dirty" frame="0" z_index="14" m_a="1.000000" m_b="0.000000" m_c="0.000000" m_d="1.000000" m_tx="0.000000" m_ty="0.000000"/>
  </frame>
  <frame idx="100" w="176" h="223" x="0.000000" y="-40.250000">
   <element name="buckets_ice_dirty" layername="buckets_ice_dirty" frame="0" z_index="14" m_a="1.000000" m_b="0.000000" m_c="0.000000" m_d="1.000000" m_tx="0.000000" m_ty="0.000000"/>
  </frame>
  <frame idx="125" w="176" h="223" x="0.000000" y="-40.250000">
   <element name="buckets_ice_dirty" layername="buckets_ice_dirty" frame="0" z_index="14" m_a="1.000000" m_b="0.000000" m_c="0.000000" m_d="1.000000" m_tx="0.000000" m_ty="0.000000"/>
  </frame>
  <frame idx="150" w="176" h="223" x="0.000000" y="-40.250000">
   <element name="buckets_ice_dirty" layername="buckets_ice_dirty" frame="0" z_index="14" m_a="1.000000" m_b="0.000000" m_c="0.000000" m_d="1.000000" m_tx="0.000000" m_ty="0.000000"/>
  </frame>
  <frame idx="175" w="176" h="223" x="0.000000" y="-40.250000">
   <element name="buckets_ice_dirty" layername="buckets_ice_dirty" frame="0" z_index="14" m_a="1.000000" m_b="0.000000" m_c="0.000000" m_d="1.000000" m_tx="0.000000" m_ty="0.000000"/>
  </frame>
  <frame idx="200" w="176" h="223" x="0.000000" y="-40.250000">
   <element name="buckets_ice_dirty" layername="buckets_ice_dirty" frame="0" z_index="14" m_a="1.000000" m_b="0.000000" m_c="0.000000" m_d="1.000000" m_tx="0.000000" m_ty="0.000000"/>
  </frame>
  <frame idx="225" w="176" h="223" x="0.000000" y="-40.250000">
   <element name="buckets_ice_dirty" layername="buckets_ice_dirty" frame="0" z_index="14" m_a="1.000000" m_b="0.000000" m_c="0.000000" m_d="1.000000" m_tx="0.000000" m_ty="0.000000"/>
  </frame>
  <frame idx="250" w="176" h="223" x="0.000000" y="-40.250000">
   <element name="buckets_ice_dirty" layername="buckets_ice_dirty" frame="0" z_index="14" m_a="1.000000" m_b="0.000000" m_c="0.000000" m_d="1.000000" m_tx="0.000000" m_ty="0.000000"/>
  </frame>
  <frame idx="275" w="176" h="223" x="0.000000" y="-40.250000">
   <element name="buckets_ice_dirty" layername="buckets_ice_dirty" frame="0" z_index="14" m_a="1.000000" m_b="0.000000" m_c="0.000000" m_d="1.000000" m_tx="0.000000" m_ty="0.000000"/>
  </frame>
 </anim>
 <anim name="turn_to_ice" root="buckets" numframes="825" framerate="40">
  <frame idx="0" w="176" h="223" x="0.000000" y="-40.250000">
   <element name="buckets_full" layername="buckets_full" frame="0" z_index="13" m_a="1.000000" m_b="0.000000" m_c="0.000000" m_d="1.000000" m_tx="0.000000" m_ty="0.000000"/>
   <element name="buckets_ice" layername="buckets_ice" frame="0" z_index="14" m_a="1.000000" m_b="0.000000" m_c="0.000000" m_d="1.000000" m_tx="0.000000" m_ty="0.000000"/>
  </frame>
  <frame idx="25" w="176" h="223" x="0.000000" y="-40.250000">
   <element name="buckets_full" layername="buckets_full" frame="0" z_index="13" m_a="1.000000" m_b="0.000000" m_c="0.000000" m_d="1.000000" m_tx="0.000000" m_ty="0.000000"/>
   <element name="buckets_ice" layername="buckets_ice" frame="0" z_index="14" m_a="1.000000" m_b="0.000000" m_c="0.000000" m_d="1.000000" m_tx="0.000000" m_ty="0.000000"/>
  </frame>
  <frame idx="50" w="176" h="223" x="0.000000" y="-40.250000">
   <element name="buckets_full" layername="buckets_full" frame="0" z_index="13" m_a="1.000000" m_b="0.000000" m_c="0.000000" m_d="1.000000" m_tx="0.000000" m_ty="0.000000"/>
   <element name="buckets_ice" layername="buckets_ice" frame="0" z_index="14" m_a="1.000000" m_b="0.000000" m_c="0.000000" m_d="1.000000" m_tx="0.000000" m_ty="0.000000"/>
  </frame>
  <frame idx="75" w="176" h="223" x="0.000000" y="-40.250000">
   <element name="buckets_full" layername="buckets_full" frame="0" z_index="13" m_a="1.000000" m_b="0.000000" m_c="0.000000" m_d="1.000000" m_tx="0.000000" m_ty="0.000000"/>
   <element name="buckets_ice" layername="buckets_ice" frame="0" z_index="14" m_a="1.000000" m_b="0.000000" m_c="0.000000" m_d="1.000000" m_tx="0.000000" m_ty="0.000000"/>
  </frame>
  <frame idx="100" w="176" h="223" x="0.000000" y="-40.250000">
   <element name="buckets_full" layername="buckets_full" frame="0" z_index="13" m_a="1.000000" m_b="0.000000" m_c="0.000000" m_d="1.000000" m_tx="0.000000" m_ty="0.000000"/>
   <element name="buckets_ice" layername="buckets_ice" frame="0" z_index="14" m_a="1.000000" m_b="0.000000" m_c="0.000000" m_d="1.000000" m_tx="0.000000" m_ty="0.000000"/>
  </frame>
  <frame idx="125" w="176" h="223" x="0.000000" y="-40.250000">
   <element name="buckets_full" layername="buckets_full" frame="0" z_index="13" m_a="1.000000" m_b="0.000000" m_c="0.000000" m_d="1.000000" m_tx="0.000000" m_ty="0.000000"/>
   <element name="buckets_ice" layername="buckets_ice" frame="0" z_index="14" m_a="1.000000" m_b="0.000000" m_c="0.000000" m_d="1.000000" m_tx="0.000000" m_ty="0.000000"/>
  </frame>
  <frame idx="150" w="176" h="223" x="0.000000" y="-40.250000">
   <element name="buckets_full" layername="buckets_full" frame="0" z_index="13" m_a="1.000000" m_b="0.000000" m_c="0.000000" m_d="1.000000" m_tx="0.000000" m_ty="0.000000"/>
   <element name="buckets_ice" layername="buckets_ice" frame="0" z_index="14" m_a="1.000000" m_b="0.000000" m_c="0.000000" m_d="1.000000" m_tx="0.000000" m_ty="0.000000"/>
  </frame>
  <frame idx="175" w="176" h="223" x="0.000000" y="-40.250000">
   <element name="buckets_full" layername="buckets_full" frame="0" z_index="13" m_a="1.000000" m_b="0.000000" m_c="0.000000" m_d="1.000000" m_tx="0.000000" m_ty="0.000000"/>
   <element name="buckets_ice" layername="buckets_ice" frame="0" z_index="14" m_a="1.000000" m_b="0.000000" m_c="0.000000" m_d="1.000000" m_tx="0.000000" m_ty="0.000000"/>
  </frame>
  <frame idx="200" w="176" h="223" x="0.000000" y="-40.250000">
   <element name="buckets_full" layername="buckets_full" frame="0" z_index="13" m_a="1.000000" m_b="0.000000" m_c="0.000000" m_d="1.000000" m_tx="0.000000" m_ty="0.000000"/>
   <element name="buckets_ice" layername="buckets_ice" frame="0" z_index="14" m_a="1.000000" m_b="0.000000" m_c="0.000000" m_d="1.000000" m_tx="0.000000" m_ty="0.000000"/>
  </frame>
  <frame idx="225" w="176" h="223" x="0.000000" y="-40.250000">
   <element name="buckets_full" layername="buckets_full" frame="0" z_index="13" m_a="1.000000" m_b="0.000000" m_c="0.000000" m_d="1.000000" m_tx="0.000000" m_ty="0.000000"/>
   <element name="buckets_ice" layername="buckets_ice" frame="0" z_index="14" m_a="1.000000" m_b="0.000000" m_c="0.000000" m_d="1.000000" m_tx="0.000000" m_ty="0.000000"/>
  </frame>
  <frame idx="250" w="176" h="223" x="0.000000" y="-40.250000">
   <element name="buckets_full" layername="buckets_full" frame="0" z_index="13" m_a="1.000000" m_b="0.000000" m_c="0.000000" m_d="1.000000" m_tx="0.000000" m_ty="0.000000"/>
   <element name="buckets_ice" layername="buckets_ice" frame="0" z_index="14" m_a="1.000000" m_b="0.000000" m_c="0.000000" m_d="1.000000" m_tx="0.000000" m_ty="0.000000"/>
  </frame>
  <frame idx="275" w="176" h="223" x="0.000000" y="-40.250000">
   <element name="buckets_full" layername="buckets_full" frame="0" z_index="13" m_a="1.000000" m_b="0.000000" m_c="0.000000" m_d="1.000000" m_tx="0.000000" m_ty="0.000000"/>
   <element name="buckets_ice" layername="buckets_ice" frame="0" z_index="14" m_a="1.000000" m_b="0.000000" m_c="0.000000" m_d="1.000000" m_tx="0.000000" m_ty="0.000000"/>
  </frame>
  <frame idx="300" w="176" h="223" x="0.000000" y="-40.250000">
   <element name="buckets_full" layername="buckets_full" frame="0" z_index="13" m_a="1.000000" m_b="0.000000" m_c="0.000000" m_d="1.000000" m_tx="0.000000" m_ty="0.000000"/>
   <element name="buckets_ice" layername="buckets_ice" frame="0" z_index="14" m_a="1.000000" m_b="0.000000" m_c="0.000000" m_d="1.000000" m_tx="0.000000" m_ty="0.000000"/>
  </frame>
  <frame idx="325" w="176" h="223" x="0.000000" y="-40.250000">
   <element name="buckets_full" layername="buckets_full" frame="0" z_index="13" m_a="1.000000" m_b="0.000000" m_c="0.000000" m_d="1.000000" m_tx="0.000000" m_ty="0.000000"/>
   <element name="buckets_ice" layername="buckets_ice" frame="0" z_index="14" m_a="1.000000" m_b="0.000000" m_c="0.000000" m_d="1.000000" m_tx="0.000000" m_ty="0.000000"/>
  </frame>
  <frame idx="350" w="176" h="223" x="0.000000" y="-40.250000">
   <element name="buckets_full" layername="buckets_full" frame="0" z_index="13" m_a="1.000000" m_b="0.000000" m_c="0.000000" m_d="1.000000" m_tx="0.000000" m_ty="0.000000"/>
   <element name="buckets_ice" layername="buckets_ice" frame="0" z_index="14" m_a="1.000000" m_b="0.000000" m_c="0.000000" m_d="1.000000" m_tx="0.000000" m_ty="0.000000"/>
  </frame>
  <frame idx="375" w="176" h="223" x="0.000000" y="-40.250000">
   <element name="buckets_full" layername="buckets_full" frame="0" z_index="13" m_a="1.000000" m_b="0.000000" m_c="0.000000" m_d="1.000000" m_tx="0.000000" m_ty="0.000000"/>
   <element name="buckets_ice" layername="buckets_ice" frame="0" z_index="14" m_a="1.000000" m_b="0.000000" m_c="0.000000" m_d="1.000000" m_tx="0.000000" m_ty="0.000000"/>
  </frame>
  <frame idx="400" w="176" h="223" x="0.000000" y="-40.250000">
   <element name="buckets_full" layername="buckets_full" frame="0" z_index="13" m_a="1.000000" m_b="0.000000" m_c="0.000000" m_d="1.000000" m_tx="0.000000" m_ty="0.000000"/>
   <element name="buckets_ice" layername="buckets_ice" frame="0" z_index="14" m_a="1.000000" m_b="0.000000" m_c="0.000000" m_d="1.000000" m_tx="0.000000" m_ty="0.000000"/>
  </frame>
  <frame idx="425" w="176" h="223" x="0.000000" y="-40.250000">
   <element name="buckets_full" layername="buckets_full" frame="0" z_index="13" m_a="1.000000" m_b="0.000000" m_c="0.000000" m_d="1.000000" m_tx="0.000000" m_ty="0.000000"/>
   <element name="buckets_ice" layername="buckets_ice" frame="0" z_index="14" m_a="1.000000" m_b="0.000000" m_c="0.000000" m_d="1.000000" m_tx="0.000000" m_ty="0.000000"/>
  </frame>
  <frame idx="450" w="176" h="223" x="0.000000" y="-40.250000">
   <element name="buckets_full" layername="buckets_full" frame="0" z_index="13" m_a="1.000000" m_b="0.000000" m_c="0.000000" m_d="1.000000" m_tx="0.000000" m_ty="0.000000"/>
   <element name="buckets_ice" layername="buckets_ice" frame="0" z_index="14" m_a="1.000000" m_b="0.000000" m_c="0.000000" m_d="1.000000" m_tx="0.000000" m_ty="0.000000"/>
  </frame>
  <frame idx="475" w="176" h="223" x="0.000000" y="-40.250000">
   <element name="buckets_full" layername="buckets_full" frame="0" z_index="13" m_a="1.000000" m_b="0.000000" m_c="0.000000" m_d="1.000000" m_tx="0.000000" m_ty="0.000000"/>
   <element name="buckets_ice" layername="buckets_ice" frame="0" z_index="14" m_a="1.000000" m_b="0.000000" m_c="0.000000" m_d="1.000000" m_tx="0.000000" m_ty="0.000000"/>
  </frame>
  <frame idx="500" w="176" h="223" x="0.000000" y="-40.250000">
   <element name="buckets_full" layername="buckets_full" frame="0" z_index="13" m_a="1.000000" m_b="0.000000" m_c="0.000000" m_d="1.000000" m_tx="0.000000" m_ty="0.000000"/>
   <element name="buckets_ice" layername="buckets_ice" frame="0" z_index="14" m_a="1.000000" m_b="0.000000" m_c="0.000000" m_d="1.000000" m_tx="0.000000" m_ty="0.000000"/>
  </frame>
  <frame idx="525" w="176" h="223" x="0.000000" y="-40.250000">
   <element name="buckets_full" layername="buckets_full" frame="0" z_index="13" m_a="1.000000" m_b="0.000000" m_c="0.000000" m_d="1.000000" m_tx="0.000000" m_ty="0.000000"/>
   <element name="buckets_ice" layername="buckets_ice" frame="0" z_index="14" m_a="1.000000" m_b="0.000000" m_c="0.000000" m_d="1.000000" m_tx="0.000000" m_ty="0.000000"/>
  </frame>
  <frame idx="550" w="176" h="223" x="0.000000" y="-40.250000">
   <element name="buckets_full" layername="buckets_full" frame="0" z_index="13" m_a="1.000000" m_b="0.000000" m_c="0.000000" m_d="1.000000" m_tx="0.000000" m_ty="0.000000"/>
   <element name="buckets_ice" layername="buckets_ice" frame="0" z_index="14" m_a="1.000000" m_b="0.000000" m_c="0.000000" m_d="1.000000" m_tx="0.000000" m_ty="0.000000"/>
  </frame>
  <frame idx="575" w="176" h="223" x="0.000000" y="-40.250000">
   <element name="buckets_full" layername="buckets_full" frame="0" z_index="13" m_a="1.000000" m_b="0.000000" m_c="0.000000" m_d="1.000000" m_tx="0.000000" m_ty="0.000000"/>
   <element name="buckets_ice" layername="buckets_ice" frame="0" z_index="14" m_a="1.000000" m_b="0.000000" m_c="0.000000" m_d="1.000000" m_tx="0.000000" m_ty="0.000000"/>
  </frame>
  <frame idx="600" w="176" h="223" x="0.000000" y="-40.250000">
   <element name="buckets_full" layername="buckets_full" frame="0" z_index="13" m_a="1.000000" m_b="0.000000" m_c="0.000000" m_d="1.000000" m_tx="0.000000" m_ty="0.000000"/>
   <element name="buckets_ice" layername="buckets_ice" frame="0" z_index="14" m_a="1.000000" m_b="0.000000" m_c="0.000000" m_d="1.000000" m_tx="0.000000" m_ty="0.000000"/>
  </frame>
  <frame idx="625" w="176" h="223" x="0.000000" y="-40.250000">
   <element name="buckets_full" layername="buckets_full" frame="0" z_index="13" m_a="1.000000" m_b="0.000000" m_c="0.000000" m_d="1.000000" m_tx="0.000000" m_ty="0.000000"/>
   <element name="buckets_ice" layername="buckets_ice" frame="0" z_index="14" m_a="1.000000" m_b="0.000000" m_c="0.000000" m_d="1.000000" m_tx="0.000000" m_ty="0.000000"/>
  </frame>
  <frame idx="650" w="176" h="223" x="0.000000" y="-40.250000">
   <element name="buckets_full" layername="buckets_full" frame="0" z_index="13" m_a="1.000000" m_b="0.000000" m_c="0.000000" m_d="1.000000" m_tx="0.000000" m_ty="0.000000"/>
   <element name="buckets_ice" layername="buckets_ice" frame="0" z_index="14" m_a="1.000000" m_b="0.000000" m_c="0.000000" m_d="1.000000" m_tx="0.000000" m_ty="0.000000"/>
  </frame>
  <frame idx="675" w="176" h="223" x="0.000000" y="-40.250000">
   <element name="buckets_full" layername="buckets_full" frame="0" z_index="13" m_a="1.000000" m_b="0.000000" m_c="0.000000" m_d="1.000000" m_tx="0.000000" m_ty="0.000000"/>
   <element name="buckets_ice" layername="buckets_ice" frame="0" z_index="14" m_a="1.000000" m_b="0.000000" m_c="0.000000" m_d="1.000000" m_tx="0.000000" m_ty="0.000000"/>
  </frame>
  <frame idx="700" w="176" h="223" x="0.000000" y="-40.250000">
   <element name="buckets_full" layername="buckets_full" frame="0" z_index="13" m_a="1.000000" m_b="0.000000" m_c="0.000000" m_d="1.000000" m_tx="0.000000" m_ty="0.000000"/>
   <element name="buckets_ice" layername="buckets_ice" frame="0" z_index="14" m_a="1.000000" m_b="0.000000" m_c="0.000000" m_d="1.000000" m_tx="0.000000" m_ty="0.000000"/>
  </frame>
  <frame idx="725" w="176" h="223" x="0.000000" y="-40.250000">
   <element name="buckets_full" layername="buckets_full" frame="0" z_index="13" m_a="1.000000" m_b="0.000000" m_c="0.000000" m_d="1.000000" m_tx="0.000000" m_ty="0.000000"/>
   <element name="buckets_ice" layername="buckets_ice" frame="0" z_index="14" m_a="1.000000" m_b="0.000000" m_c="0.000000" m_d="1.000000" m_tx="0.000000" m_ty="0.000000"/>
  </frame>
  <frame idx="750" w="176" h="223" x="0.000000" y="-40.250000">
   <element name="buckets_full" layername="buckets_full" frame="0" z_index="13" m_a="1.000000" m_b="0.000000" m_c="0.000000" m_d="1.000000" m_tx="0.000000" m_ty="0.000000"/>
   <element name="buckets_ice" layername="buckets_ice" frame="0" z_index="14" m_a="1.000000" m_b="0.000000" m_c="0.000000" m_d="1.000000" m_tx="0.000000" m_ty="0.000000"/>
  </frame>
  <frame idx="775" w="176" h="223" x="0.000000" y="-40.250000">
   <element name="buckets_full" layername="buckets_full" frame="0" z_index="13" m_a="1.000000" m_b="0.000000" m_c="0.000000" m_d="1.000000" m_tx="0.000000" m_ty="0.000000"/>
   <element name="buckets_ice" layername="buckets_ice" frame="0" z_index="14" m_a="1.000000" m_b="0.000000" m_c="0.000000" m_d="1.000000" m_tx="0.000000" m_ty="0.000000"/>
  </frame>
  <frame idx="800" w="176" h="223" x="0.000000" y="-40.250000">
   <element name="buckets_full" layername="buckets_full" frame="0" z_index="13" m_a="1.000000" m_b="0.000000" m_c="0.000000" m_d="1.000000" m_tx="0.000000" m_ty="0.000000"/>
   <element name="buckets_ice" layername="buckets_ice" frame="0" z_index="14" m_a="1.000000" m_b="0.000000" m_c="0.000000" m_d="1.000000" m_tx="0.000000" m_ty="0.000000"/>
  </frame>
 </anim>
 <anim name="turn_to_ice_dirty" root="buckets" numframes="825" framerate="40">
  <frame idx="0" w="176" h="223" x="0.000000" y="-40.250000">
   <element name="buckets_dirty" layername="buckets_dirty" frame="0" z_index="13" m_a="1.000000" m_b="0.000000" m_c="0.000000" m_d="1.000000" m_tx="0.000000" m_ty="0.000000"/>
   <element name="buckets_ice_dirty" layername="buckets_ice_dirty" frame="0" z_index="14" m_a="1.000000" m_b="0.000000" m_c="0.000000" m_d="1.000000" m_tx="0.000000" m_ty="0.000000"/>
  </frame>
  <frame idx="25" w="176" h="223" x="0.000000" y="-40.250000">
   <element name="buckets_dirty" layername="buckets_dirty" frame="0" z_index="13" m_a="1.000000" m_b="0.000000" m_c="0.000000" m_d="1.000000" m_tx="0.000000" m_ty="0.000000"/>
   <element name="buckets_ice_dirty" layername="buckets_ice_dirty" frame="0" z_index="14" m_a="1.000000" m_b="0.000000" m_c="0.000000" m_d="1.000000" m_tx="0.000000" m_ty="0.000000"/>
  </frame>
  <frame idx="50" w="176" h="223" x="0.000000" y="-40.250000">
   <element name="buckets_dirty" layername="buckets_dirty" frame="0" z_index="13" m_a="1.000000" m_b="0.000000" m_c="0.000000" m_d="1.000000" m_tx="0.000000" m_ty="0.000000"/>
   <element name="buckets_ice_dirty" layername="buckets_ice_dirty" frame="0" z_index="14" m_a="1.000000" m_b="0.000000" m_c="0.000000" m_d="1.000000" m_tx="0.000000" m_ty="0.000000"/>
  </frame>
  <frame idx="75" w="176" h="223" x="0.000000" y="-40.250000">
   <element name="buckets_dirty" layername="buckets_dirty" frame="0" z_index="13" m_a="1.000000" m_b="0.000000" m_c="0.000000" m_d="1.000000" m_tx="0.000000" m_ty="0.000000"/>
   <element name="buckets_ice_dirty" layername="buckets_ice_dirty" frame="0" z_index="14" m_a="1.000000" m_b="0.000000" m_c="0.000000" m_d="1.000000" m_tx="0.000000" m_ty="0.000000"/>
  </frame>
  <frame idx="100" w="176" h="223" x="0.000000" y="-40.250000">
   <element name="buckets_dirty" layername="buckets_dirty" frame="0" z_index="13" m_a="1.000000" m_b="0.000000" m_c="0.000000" m_d="1.000000" m_tx="0.000000" m_ty="0.000000"/>
   <element name="buckets_ice_dirty" layername="buckets_ice_dirty" frame="0" z_index="14" m_a="1.000000" m_b="0.000000" m_c="0.000000" m_d="1.000000" m_tx="0.000000" m_ty="0.000000"/>
  </frame>
  <frame idx="125" w="176" h="223" x="0.000000" y="-40.250000">
   <element name="buckets_dirty" layername="buckets_dirty" frame="0" z_index="13" m_a="1.000000" m_b="0.000000" m_c="0.000000" m_d="1.000000" m_tx="0.000000" m_ty="0.000000"/>
   <element name="buckets_ice_dirty" layername="buckets_ice_dirty" frame="0" z_index="14" m_a="1.000000" m_b="0.000000" m_c="0.000000" m_d="1.000000" m_tx="0.000000" m_ty="0.000000"/>
  </frame>
  <frame idx="150" w="176" h="223" x="0.000000" y="-40.250000">
   <element name="buckets_dirty" layername="buckets_dirty" frame="0" z_index="13" m_a="1.000000" m_b="0.000000" m_c="0.000000" m_d="1.000000" m_tx="0.000000" m_ty="0.000000"/>
   <element name="buckets_ice_dirty" layername="buckets_ice_dirty" frame="0" z_index="14" m_a="1.000000" m_b="0.000000" m_c="0.000000" m_d="1.000000" m_tx="0.000000" m_ty="0.000000"/>
  </frame>
  <frame idx="175" w="176" h="223" x="0.000000" y="-40.250000">
   <element name="buckets_dirty" layername="buckets_dirty" frame="0" z_index="13" m_a="1.000000" m_b="0.000000" m_c="0.000000" m_d="1.000000" m_tx="0.000000" m_ty="0.000000"/>
   <element name="buckets_ice_dirty" layername="buckets_ice_dirty" frame="0" z_index="14" m_a="1.000000" m_b="0.000000" m_c="0.000000" m_d="1.000000" m_tx="0.000000" m_ty="0.000000"/>
  </frame>
  <frame idx="200" w="176" h="223" x="0.000000" y="-40.250000">
   <element name="buckets_dirty" layername="buckets_dirty" frame="0" z_index="13" m_a="1.000000" m_b="0.000000" m_c="0.000000" m_d="1.000000" m_tx="0.000000" m_ty="0.000000"/>
   <element name="buckets_ice_dirty" layername="buckets_ice_dirty" frame="0" z_index="14" m_a="1.000000" m_b="0.000000" m_c="0.000000" m_d="1.000000" m_tx="0.000000" m_ty="0.000000"/>
  </frame>
  <frame idx="225" w="176" h="223" x="0.000000" y="-40.250000">
   <element name="buckets_dirty" layername="buckets_dirty" frame="0" z_index="13" m_a="1.000000" m_b="0.000000" m_c="0.000000" m_d="1.000000" m_tx="0.000000" m_ty="0.000000"/>
   <element name="buckets_ice_dirty" layername="buckets_ice_dirty" frame="0" z_index="14" m_a="1.000000" m_b="0.000000" m_c="0.000000" m_d="1.000000" m_tx="0.000000" m_ty="0.000000"/>
  </frame>
  <frame idx="250" w="176" h="223" x="0.000000" y="-40.250000">
   <element name="buckets_dirty" layername="buckets_dirty" frame="0" z_index="13" m_a="1.000000" m_b="0.000000" m_c="0.000000" m_d="1.000000" m_tx="0.000000" m_ty="0.000000"/>
   <element name="buckets_ice_dirty" layername="buckets_ice_dirty" frame="0" z_index="14" m_a="1.000000" m_b="0.000000" m_c="0.000000" m_d="1.000000" m_tx="0.000000" m_ty="0.000000"/>
  </frame>
  <frame idx="275" w="176" h="223" x="0.000000" y="-40.250000">
   <element name="buckets_dirty" layername="buckets_dirty" frame="0" z_index="13" m_a="1.000000" m_b="0.000000" m_c="0.000000" m_d="1.000000" m_tx="0.000000" m_ty="0.000000"/>
   <element name="buckets_ice_dirty" layername="buckets_ice_dirty" frame="0" z_index="14" m_a="1.000000" m_b="0.000000" m_c="0.000000" m_d="1.000000" m_tx="0.000000" m_ty="0.000000"/>
  </frame>
  <frame idx="300" w="176" h="223" x="0.000000" y="-40.250000">
   <element name="buckets_dirty" layername="buckets_dirty" frame="0" z_index="13" m_a="1.000000" m_b="0.000000" m_c="0.000000" m_d="1.000000" m_tx="0.000000" m_ty="0.000000"/>
   <element name="buckets_ice_dirty" layername="buckets_ice_dirty" frame="0" z_index="14" m_a="1.000000" m_b="0.000000" m_c="0.000000" m_d="1.000000" m_tx="0.000000" m_ty="0.000000"/>
  </frame>
  <frame idx="325" w="176" h="223" x="0.000000" y="-40.250000">
   <element name="buckets_dirty" layername="buckets_dirty" frame="0" z_index="13" m_a="1.000000" m_b="0.000000" m_c="0.000000" m_d="1.000000" m_tx="0.000000" m_ty="0.000000"/>
   <element name="buckets_ice_dirty" layername="buckets_ice_dirty" frame="0" z_index="14" m_a="1.000000" m_b="0.000000" m_c="0.000000" m_d="1.000000" m_tx="0.000000" m_ty="0.000000"/>
  </frame>
  <frame idx="350" w="176" h="223" x="0.000000" y="-40.250000">
   <element name="buckets_dirty" layername="buckets_dirty" frame="0" z_index="13" m_a="1.000000" m_b="0.000000" m_c="0.000000" m_d="1.000000" m_tx="0.000000" m_ty="0.000000"/>
   <element name="buckets_ice_dirty" layername="buckets_ice_dirty" frame="0" z_index="14" m_a="1.000000" m_b="0.000000" m_c="0.000000" m_d="1.000000" m_tx="0.000000" m_ty="0.000000"/>
  </frame>
  <frame idx="375" w="176" h="223" x="0.000000" y="-40.250000">
   <element name="buckets_dirty" layername="buckets_dirty" frame="0" z_index="13" m_a="1.000000" m_b="0.000000" m_c="0.000000" m_d="1.000000" m_tx="0.000000" m_ty="0.000000"/>
   <element name="buckets_ice_dirty" layername="buckets_ice_dirty" frame="0" z_index="14" m_a="1.000000" m_b="0.000000" m_c="0.000000" m_d="1.000000" m_tx="0.000000" m_ty="0.000000"/>
  </frame>
  <frame idx="400" w="176" h="223" x="0.000000" y="-40.250000">
   <element name="buckets_dirty" layername="buckets_dirty" frame="0" z_index="13" m_a="1.000000" m_b="0.000000" m_c="0.000000" m_d="1.000000" m_tx="0.000000" m_ty="0.000000"/>
   <element name="buckets_ice_dirty" layername="buckets_ice_dirty" frame="0" z_index="14" m_a="1.000000" m_b="0.000000" m_c="0.000000" m_d="1.000000" m_tx="0.000000" m_ty="0.000000"/>
  </frame>
  <frame idx="425" w="176" h="223" x="0.000000" y="-40.250000">
   <element name="buckets_dirty" layername="buckets_dirty" frame="0" z_index="13" m_a="1.000000" m_b="0.000000" m_c="0.000000" m_d="1.000000" m_tx="0.000000" m_ty="0.000000"/>
   <element name="buckets_ice_dirty" layername="buckets_ice_dirty" frame="0" z_index="14" m_a="1.000000" m_b="0.000000" m_c="0.000000" m_d="1.000000" m_tx="0.000000" m_ty="0.000000"/>
  </frame>
  <frame idx="450" w="176" h="223" x="0.000000" y="-40.250000">
   <element name="buckets_dirty" layername="buckets_dirty" frame="0" z_index="13" m_a="1.000000" m_b="0.000000" m_c="0.000000" m_d="1.000000" m_tx="0.000000" m_ty="0.000000"/>
   <element name="buckets_ice_dirty" layername="buckets_ice_dirty" frame="0" z_index="14" m_a="1.000000" m_b="0.000000" m_c="0.000000" m_d="1.000000" m_tx="0.000000" m_ty="0.000000"/>
  </frame>
  <frame idx="475" w="176" h="223" x="0.000000" y="-40.250000">
   <element name="buckets_dirty" layername="buckets_dirty" frame="0" z_index="13" m_a="1.000000" m_b="0.000000" m_c="0.000000" m_d="1.000000" m_tx="0.000000" m_ty="0.000000"/>
   <element name="buckets_ice_dirty" layername="buckets_ice_dirty" frame="0" z_index="14" m_a="1.000000" m_b="0.000000" m_c="0.000000" m_d="1.000000" m_tx="0.000000" m_ty="0.000000"/>
  </frame>
  <frame idx="500" w="176" h="223" x="0.000000" y="-40.250000">
   <element name="buckets_dirty" layername="buckets_dirty" frame="0" z_index="13" m_a="1.000000" m_b="0.000000" m_c="0.000000" m_d="1.000000" m_tx="0.000000" m_ty="0.000000"/>
   <element name="buckets_ice_dirty" layername="buckets_ice_dirty" frame="0" z_index="14" m_a="1.000000" m_b="0.000000" m_c="0.000000" m_d="1.000000" m_tx="0.000000" m_ty="0.000000"/>
  </frame>
  <frame idx="525" w="176" h="223" x="0.000000" y="-40.250000">
   <element name="buckets_dirty" layername="buckets_dirty" frame="0" z_index="13" m_a="1.000000" m_b="0.000000" m_c="0.000000" m_d="1.000000" m_tx="0.000000" m_ty="0.000000"/>
   <element name="buckets_ice_dirty" layername="buckets_ice_dirty" frame="0" z_index="14" m_a="1.000000" m_b="0.000000" m_c="0.000000" m_d="1.000000" m_tx="0.000000" m_ty="0.000000"/>
  </frame>
  <frame idx="550" w="176" h="223" x="0.000000" y="-40.250000">
   <element name="buckets_dirty" layername="buckets_dirty" frame="0" z_index="13" m_a="1.000000" m_b="0.000000" m_c="0.000000" m_d="1.000000" m_tx="0.000000" m_ty="0.000000"/>
   <element name="buckets_ice_dirty" layername="buckets_ice_dirty" frame="0" z_index="14" m_a="1.000000" m_b="0.000000" m_c="0.000000" m_d="1.000000" m_tx="0.000000" m_ty="0.000000"/>
  </frame>
  <frame idx="575" w="176" h="223" x="0.000000" y="-40.250000">
   <element name="buckets_dirty" layername="buckets_dirty" frame="0" z_index="13" m_a="1.000000" m_b="0.000000" m_c="0.000000" m_d="1.000000" m_tx="0.000000" m_ty="0.000000"/>
   <element name="buckets_ice_dirty" layername="buckets_ice_dirty" frame="0" z_index="14" m_a="1.000000" m_b="0.000000" m_c="0.000000" m_d="1.000000" m_tx="0.000000" m_ty="0.000000"/>
  </frame>
  <frame idx="600" w="176" h="223" x="0.000000" y="-40.250000">
   <element name="buckets_dirty" layername="buckets_dirty" frame="0" z_index="13" m_a="1.000000" m_b="0.000000" m_c="0.000000" m_d="1.000000" m_tx="0.000000" m_ty="0.000000"/>
   <element name="buckets_ice_dirty" layername="buckets_ice_dirty" frame="0" z_index="14" m_a="1.000000" m_b="0.000000" m_c="0.000000" m_d="1.000000" m_tx="0.000000" m_ty="0.000000"/>
  </frame>
  <frame idx="625" w="176" h="223" x="0.000000" y="-40.250000">
   <element name="buckets_dirty" layername="buckets_dirty" frame="0" z_index="13" m_a="1.000000" m_b="0.000000" m_c="0.000000" m_d="1.000000" m_tx="0.000000" m_ty="0.000000"/>
   <element name="buckets_ice_dirty" layername="buckets_ice_dirty" frame="0" z_index="14" m_a="1.000000" m_b="0.000000" m_c="0.000000" m_d="1.000000" m_tx="0.000000" m_ty="0.000000"/>
  </frame>
  <frame idx="650" w="176" h="223" x="0.000000" y="-40.250000">
   <element name="buckets_dirty" layername="buckets_dirty" frame="0" z_index="13" m_a="1.000000" m_b="0.000000" m_c="0.000000" m_d="1.000000" m_tx="0.000000" m_ty="0.000000"/>
   <element name="buckets_ice_dirty" layername="buckets_ice_dirty" frame="0" z_index="14" m_a="1.000000" m_b="0.000000" m_c="0.000000" m_d="1.000000" m_tx="0.000000" m_ty="0.000000"/>
  </frame>
  <frame idx="675" w="176" h="223" x="0.000000" y="-40.250000">
   <element name="buckets_dirty" layername="buckets_dirty" frame="0" z_index="13" m_a="1.000000" m_b="0.000000" m_c="0.000000" m_d="1.000000" m_tx="0.000000" m_ty="0.000000"/>
   <element name="buckets_ice_dirty" layername="buckets_ice_dirty" frame="0" z_index="14" m_a="1.000000" m_b="0.000000" m_c="0.000000" m_d="1.000000" m_tx="0.000000" m_ty="0.000000"/>
  </frame>
  <frame idx="700" w="176" h="223" x="0.000000" y="-40.250000">
   <element name="buckets_dirty" layername="buckets_dirty" frame="0" z_index="13" m_a="1.000000" m_b="0.000000" m_c="0.000000" m_d="1.000000" m_tx="0.000000" m_ty="0.000000"/>
   <element name="buckets_ice_dirty" layername="buckets_ice_dirty" frame="0" z_index="14" m_a="1.000000" m_b="0.000000" m_c="0.000000" m_d="1.000000" m_tx="0.000000" m_ty="0.000000"/>
  </frame>
  <frame idx="725" w="176" h="223" x="0.000000" y="-40.250000">
   <element name="buckets_dirty" layername="buckets_dirty" frame="0" z_index="13" m_a="1.000000" m_b="0.000000" m_c="0.000000" m_d="1.000000" m_tx="0.000000" m_ty="0.000000"/>
   <element name="buckets_ice_dirty" layername="buckets_ice_dirty" frame="0" z_index="14" m_a="1.000000" m_b="0.000000" m_c="0.000000" m_d="1.000000" m_tx="0.000000" m_ty="0.000000"/>
  </frame>
  <frame idx="750" w="176" h="223" x="0.000000" y="-40.250000">
   <element name="buckets_dirty" layername="buckets_dirty" frame="0" z_index="13" m_a="1.000000" m_b="0.000000" m_c="0.000000" m_d="1.000000" m_tx="0.000000" m_ty="0.000000"/>
   <element name="buckets_ice_dirty" layername="buckets_ice_dirty" frame="0" z_index="14" m_a="1.000000" m_b="0.000000" m_c="0.000000" m_d="1.000000" m_tx="0.000000" m_ty="0.000000"/>
  </frame>
  <frame idx="775" w="176" h="223" x="0.000000" y="-40.250000">
   <element name="buckets_dirty" layername="buckets_dirty" frame="0" z_index="13" m_a="1.000000" m_b="0.000000" m_c="0.000000" m_d="1.000000" m_tx="0.000000" m_ty="0.000000"/>
   <element name="buckets_ice_dirty" layername="buckets_ice_dirty" frame="0" z_index="14" m_a="1.000000" m_b="0.000000" m_c="0.000000" m_d="1.000000" m_tx="0.000000" m_ty="0.000000"/>
  </frame>
  <frame idx="800" w="176" h="223" x="0.000000" y="-40.250000">
   <element name="buckets_dirty" layername="buckets_dirty" frame="0" z_index="13" m_a="1.000000" m_b="0.000000" m_c="0.000000" m_d="1.000000" m_tx="0.000000" m_ty="0.000000"/>
   <element name="buckets_ice_dirty" layername="buckets_ice_dirty" frame="0" z_index="14" m_a="1.000000" m_b="0.000000" m_c="0.000000" m_d="1.000000" m_tx="0.000000" m_ty="0.000000"/>
  </frame>
 </anim>
 <anim name="turn_to_full" root="buckets" numframes="1325" framerate="40">
  <frame idx="0" w="176" h="223" x="0.000000" y="-40.250000">
   <element name="buckets_ice" layername="buckets_ice" frame="0" z_index="13" m_a="1.000000" m_b="0.000000" m_c="0.000000" m_d="1.000000" m_tx="0.000000" m_ty="0.000000"/>
   <element name="buckets_full" layername="buckets_full" frame="0" z_index="14" m_a="1.000000" m_b="0.000000" m_c="0.000000" m_d="1.000000" m_tx="0.000000" m_ty="0.000000"/>
  </frame>
  <frame idx="25" w="176" h="223" x="0.000000" y="-40.250000">
   <element name="buckets_ice" layername="buckets_ice" frame="0" z_index="13" m_a="1.000000" m_b="0.000000" m_c="0.000000" m_d="1.000000" m_tx="0.000000" m_ty="0.000000"/>
   <element name="buckets_full" layername="buckets_full" frame="0" z_index="14" m_a="1.000000" m_b="0.000000" m_c="0.000000" m_d="1.000000" m_tx="0.000000" m_ty="0.000000"/>
  </frame>
  <frame idx="50" w="176" h="223" x="0.000000" y="-40.250000">
   <element name="buckets_ice" layername="buckets_ice" frame="0" z_index="13" m_a="1.000000" m_b="0.000000" m_c="0.000000" m_d="1.000000" m_tx="0.000000" m_ty="0.000000"/>
   <element name="buckets_full" layername="buckets_full" frame="0" z_index="14" m_a="1.000000" m_b="0.000000" m_c="0.000000" m_d="1.000000" m_tx="0.000000" m_ty="0.000000"/>
  </frame>
  <frame idx="75" w="176" h="223" x="0.000000" y="-40.250000">
   <element name="buckets_ice" layername="buckets_ice" frame="0" z_index="13" m_a="1.000000" m_b="0.000000" m_c="0.000000" m_d="1.000000" m_tx="0.000000" m_ty="0.000000"/>
   <element name="buckets_full" layername="buckets_full" frame="0" z_index="14" m_a="1.000000" m_b="0.000000" m_c="0.000000" m_d="1.000000" m_tx="0.000000" m_ty="0.000000"/>
  </frame>
  <frame idx="100" w="176" h="223" x="0.000000" y="-40.250000">
   <element name="buckets_ice" layername="buckets_ice" frame="0" z_index="13" m_a="1.000000" m_b="0.000000" m_c="0.000000" m_d="1.000000" m_tx="0.000000" m_ty="0.000000"/>
   <element name="buckets_full" layername="buckets_full" frame="0" z_index="14" m_a="1.000000" m_b="0.000000" m_c="0.000000" m_d="1.000000" m_tx="0.000000" m_ty="0.000000"/>
  </frame>
  <frame idx="125" w="176" h="223" x="0.000000" y="-40.250000">
   <element name="buckets_ice" layername="buckets_ice" frame="0" z_index="13" m_a="1.000000" m_b="0.000000" m_c="0.000000" m_d="1.000000" m_tx="0.000000" m_ty="0.000000"/>
   <element name="buckets_full" layername="buckets_full" frame="0" z_index="14" m_a="1.000000" m_b="0.000000" m_c="0.000000" m_d="1.000000" m_tx="0.000000" m_ty="0.000000"/>
  </frame>
  <frame idx="150" w="176" h="223" x="0.000000" y="-40.250000">
   <element name="buckets_ice" layername="buckets_ice" frame="0" z_index="13" m_a="1.000000" m_b="0.000000" m_c="0.000000" m_d="1.000000" m_tx="0.000000" m_ty="0.000000"/>
   <element name="buckets_full" layername="buckets_full" frame="0" z_index="14" m_a="1.000000" m_b="0.000000" m_c="0.000000" m_d="1.000000" m_tx="0.000000" m_ty="0.000000"/>
  </frame>
  <frame idx="175" w="176" h="223" x="0.000000" y="-40.250000">
   <element name="buckets_ice" layername="buckets_ice" frame="0" z_index="13" m_a="1.000000" m_b="0.000000" m_c="0.000000" m_d="1.000000" m_tx="0.000000" m_ty="0.000000"/>
   <element name="buckets_full" layername="buckets_full" frame="0" z_index="14" m_a="1.000000" m_b="0.000000" m_c="0.000000" m_d="1.000000" m_tx="0.000000" m_ty="0.000000"/>
  </frame>
  <frame idx="200" w="176" h="223" x="0.000000" y="-40.250000">
   <element name="buckets_ice" layername="buckets_ice" frame="0" z_index="13" m_a="1.000000" m_b="0.000000" m_c="0.000000" m_d="1.000000" m_tx="0.000000" m_ty="0.000000"/>
   <element name="buckets_full" layername="buckets_full" frame="0" z_index="14" m_a="1.000000" m_b="0.000000" m_c="0.000000" m_d="1.000000" m_tx="0.000000" m_ty="0.000000"/>
  </frame>
  <frame idx="225" w="176" h="223" x="0.000000" y="-40.250000">
   <element name="buckets_ice" layername="buckets_ice" frame="0" z_index="13" m_a="1.000000" m_b="0.000000" m_c="0.000000" m_d="1.000000" m_tx="0.000000" m_ty="0.000000"/>
   <element name="buckets_full" layername="buckets_full" frame="0" z_index="14" m_a="1.000000" m_b="0.000000" m_c="0.000000" m_d="1.000000" m_tx="0.000000" m_ty="0.000000"/>
  </frame>
  <frame idx="250" w="176" h="223" x="0.000000" y="-40.250000">
   <element name="buckets_ice" layername="buckets_ice" frame="0" z_index="13" m_a="1.000000" m_b="0.000000" m_c="0.000000" m_d="1.000000" m_tx="0.000000" m_ty="0.000000"/>
   <element name="buckets_full" layername="buckets_full" frame="0" z_index="14" m_a="1.000000" m_b="0.000000" m_c="0.000000" m_d="1.000000" m_tx="0.000000" m_ty="0.000000"/>
  </frame>
  <frame idx="275" w="176" h="223" x="0.000000" y="-40.250000">
   <element name="buckets_ice" layername="buckets_ice" frame="0" z_index="13" m_a="1.000000" m_b="0.000000" m_c="0.000000" m_d="1.000000" m_tx="0.000000" m_ty="0.000000"/>
   <element name="buckets_full" layername="buckets_full" frame="0" z_index="14" m_a="1.000000" m_b="0.000000" m_c="0.000000" m_d="1.000000" m_tx="0.000000" m_ty="0.000000"/>
  </frame>
  <frame idx="300" w="176" h="223" x="0.000000" y="-40.250000">
   <element name="buckets_ice" layername="buckets_ice" frame="0" z_index="13" m_a="1.000000" m_b="0.000000" m_c="0.000000" m_d="1.000000" m_tx="0.000000" m_ty="0.000000"/>
   <element name="buckets_full" layername="buckets_full" frame="0" z_index="14" m_a="1.000000" m_b="0.000000" m_c="0.000000" m_d="1.000000" m_tx="0.000000" m_ty="0.000000"/>
  </frame>
  <frame idx="325" w="176" h="223" x="0.000000" y="-40.250000">
   <element name="buckets_ice" layername="buckets_ice" frame="0" z_index="13" m_a="1.000000" m_b="0.000000" m_c="0.000000" m_d="1.000000" m_tx="0.000000" m_ty="0.000000"/>
   <element name="buckets_full" layername="buckets_full" frame="0" z_index="14" m_a="1.000000" m_b="0.000000" m_c="0.000000" m_d="1.000000" m_tx="0.000000" m_ty="0.000000"/>
  </frame>
  <frame idx="350" w="176" h="223" x="0.000000" y="-40.250000">
   <element name="buckets_ice" layername="buckets_ice" frame="0" z_index="13" m_a="1.000000" m_b="0.000000" m_c="0.000000" m_d="1.000000" m_tx="0.000000" m_ty="0.000000"/>
   <element name="buckets_full" layername="buckets_full" frame="0" z_index="14" m_a="1.000000" m_b="0.000000" m_c="0.000000" m_d="1.000000" m_tx="0.000000" m_ty="0.000000"/>
  </frame>
  <frame idx="375" w="176" h="223" x="0.000000" y="-40.250000">
   <element name="buckets_ice" layername="buckets_ice" frame="0" z_index="13" m_a="1.000000" m_b="0.000000" m_c="0.000000" m_d="1.000000" m_tx="0.000000" m_ty="0.000000"/>
   <element name="buckets_full" layername="buckets_full" frame="0" z_index="14" m_a="1.000000" m_b="0.000000" m_c="0.000000" m_d="1.000000" m_tx="0.000000" m_ty="0.000000"/>
  </frame>
  <frame idx="400" w="176" h="223" x="0.000000" y="-40.250000">
   <element name="buckets_ice" layername="buckets_ice" frame="0" z_index="13" m_a="1.000000" m_b="0.000000" m_c="0.000000" m_d="1.000000" m_tx="0.000000" m_ty="0.000000"/>
   <element name="buckets_full" layername="buckets_full" frame="0" z_index="14" m_a="1.000000" m_b="0.000000" m_c="0.000000" m_d="1.000000" m_tx="0.000000" m_ty="0.000000"/>
  </frame>
  <frame idx="425" w="176" h="223" x="0.000000" y="-40.250000">
   <element name="buckets_ice" layername="buckets_ice" frame="0" z_index="13" m_a="1.000000" m_b="0.000000" m_c="0.000000" m_d="1.000000" m_tx="0.000000" m_ty="0.000000"/>
   <element name="buckets_full" layername="buckets_full" frame="0" z_index="14" m_a="1.000000" m_b="0.000000" m_c="0.000000" m_d="1.000000" m_tx="0.000000" m_ty="0.000000"/>
  </frame>
  <frame idx="450" w="176" h="223" x="0.000000" y="-40.250000">
   <element name="buckets_ice" layername="buckets_ice" frame="0" z_index="13" m_a="1.000000" m_b="0.000000" m_c="0.000000" m_d="1.000000" m_tx="0.000000" m_ty="0.000000"/>
   <element name="buckets_full" layername="buckets_full" frame="0" z_index="14" m_a="1.000000" m_b="0.000000" m_c="0.000000" m_d="1.000000" m_tx="0.000000" m_ty="0.000000"/>
  </frame>
  <frame idx="475" w="176" h="223" x="0.000000" y="-40.250000">
   <element name="buckets_ice" layername="buckets_ice" frame="0" z_index="13" m_a="1.000000" m_b="0.000000" m_c="0.000000" m_d="1.000000" m_tx="0.000000" m_ty="0.000000"/>
   <element name="buckets_full" layername="buckets_full" frame="0" z_index="14" m_a="1.000000" m_b="0.000000" m_c="0.000000" m_d="1.000000" m_tx="0.000000" m_ty="0.000000"/>
  </frame>
  <frame idx="500" w="176" h="223" x="0.000000" y="-40.250000">
   <element name="buckets_ice" layername="buckets_ice" frame="0" z_index="13" m_a="1.000000" m_b="0.000000" m_c="0.000000" m_d="1.000000" m_tx="0.000000" m_ty="0.000000"/>
   <element name="buckets_full" layername="buckets_full" frame="0" z_index="14" m_a="1.000000" m_b="0.000000" m_c="0.000000" m_d="1.000000" m_tx="0.000000" m_ty="0.000000"/>
  </frame>
  <frame idx="525" w="176" h="223" x="0.000000" y="-40.250000">
   <element name="buckets_ice" layername="buckets_ice" frame="0" z_index="13" m_a="1.000000" m_b="0.000000" m_c="0.000000" m_d="1.000000" m_tx="0.000000" m_ty="0.000000"/>
   <element name="buckets_full" layername="buckets_full" frame="0" z_index="14" m_a="1.000000" m_b="0.000000" m_c="0.000000" m_d="1.000000" m_tx="0.000000" m_ty="0.000000"/>
  </frame>
  <frame idx="550" w="176" h="223" x="0.000000" y="-40.250000">
   <element name="buckets_ice" layername="buckets_ice" frame="0" z_index="13" m_a="1.000000" m_b="0.000000" m_c="0.000000" m_d="1.000000" m_tx="0.000000" m_ty="0.000000"/>
   <element name="buckets_full" layername="buckets_full" frame="0" z_index="14" m_a="1.000000" m_b="0.000000" m_c="0.000000" m_d="1.000000" m_tx="0.000000" m_ty="0.000000"/>
  </frame>
  <frame idx="575" w="176" h="223" x="0.000000" y="-40.250000">
   <element name="buckets_ice" layername="buckets_ice" frame="0" z_index="13" m_a="1.000000" m_b="0.000000" m_c="0.000000" m_d="1.000000" m_tx="0.000000" m_ty="0.000000"/>
   <element name="buckets_full" layername="buckets_full" frame="0" z_index="14" m_a="1.000000" m_b="0.000000" m_c="0.000000" m_d="1.000000" m_tx="0.000000" m_ty="0.000000"/>
  </frame>
  <frame idx="600" w="176" h="223" x="0.000000" y="-40.250000">
   <element name="buckets_ice" layername="buckets_ice" frame="0" z_index="13" m_a="1.000000" m_b="0.000000" m_c="0.000000" m_d="1.000000" m_tx="0.000000" m_ty="0.000000"/>
   <element name="buckets_full" layername="buckets_full" frame="0" z_index="14" m_a="1.000000" m_b="0.000000" m_c="0.000000" m_d="1.000000" m_tx="0.000000" m_ty="0.000000"/>
  </frame>
  <frame idx="625" w="176" h="223" x="0.000000" y="-40.250000">
   <element name="buckets_ice" layername="buckets_ice" frame="0" z_index="13" m_a="1.000000" m_b="0.000000" m_c="0.000000" m_d="1.000000" m_tx="0.000000" m_ty="0.000000"/>
   <element name="buckets_full" layername="buckets_full" frame="0" z_index="14" m_a="1.000000" m_b="0.000000" m_c="0.000000" m_d="1.000000" m_tx="0.000000" m_ty="0.000000"/>
  </frame>
  <frame idx="650" w="176" h="223" x="0.000000" y="-40.250000">
   <element name="buckets_ice" layername="buckets_ice" frame="0" z_index="13" m_a="1.000000" m_b="0.000000" m_c="0.000000" m_d="1.000000" m_tx="0.000000" m_ty="0.000000"/>
   <element name="buckets_full" layername="buckets_full" frame="0" z_index="14" m_a="1.000000" m_b="0.000000" m_c="0.000000" m_d="1.000000" m_tx="0.000000" m_ty="0.000000"/>
  </frame>
  <frame idx="675" w="176" h="223" x="0.000000" y="-40.250000">
   <element name="buckets_ice" layername="buckets_ice" frame="0" z_index="13" m_a="1.000000" m_b="0.000000" m_c="0.000000" m_d="1.000000" m_tx="0.000000" m_ty="0.000000"/>
   <element name="buckets_full" layername="buckets_full" frame="0" z_index="14" m_a="1.000000" m_b="0.000000" m_c="0.000000" m_d="1.000000" m_tx="0.000000" m_ty="0.000000"/>
  </frame>
  <frame idx="700" w="176" h="223" x="0.000000" y="-40.250000">
   <element name="buckets_ice" layername="buckets_ice" frame="0" z_index="13" m_a="1.000000" m_b="0.000000" m_c="0.000000" m_d="1.000000" m_tx="0.000000" m_ty="0.000000"/>
   <element name="buckets_full" layername="buckets_full" frame="0" z_index="14" m_a="1.000000" m_b="0.000000" m_c="0.000000" m_d="1.000000" m_tx="0.000000" m_ty="0.000000"/>
  </frame>
  <frame idx="725" w="176" h="223" x="0.000000" y="-40.250000">
   <element name="buckets_ice" layername="buckets_ice" frame="0" z_index="13" m_a="1.000000" m_b="0.000000" m_c="0.000000" m_d="1.000000" m_tx="0.000000" m_ty="0.000000"/>
   <element name="buckets_full" layername="buckets_full" frame="0" z_index="14" m_a="1.000000" m_b="0.000000" m_c="0.000000" m_d="1.000000" m_tx="0.000000" m_ty="0.000000"/>
  </frame>
  <frame idx="750" w="176" h="223" x="0.000000" y="-40.250000">
   <element name="buckets_ice" layername="buckets_ice" frame="0" z_index="13" m_a="1.000000" m_b="0.000000" m_c="0.000000" m_d="1.000000" m_tx="0.000000" m_ty="0.000000"/>
   <element name="buckets_full" layername="buckets_full" frame="0" z_index="14" m_a="1.000000" m_b="0.000000" m_c="0.000000" m_d="1.000000" m_tx="0.000000" m_ty="0.000000"/>
  </frame>
  <frame idx="775" w="176" h="223" x="0.000000" y="-40.250000">
   <element name="buckets_ice" layername="buckets_ice" frame="0" z_index="13" m_a="1.000000" m_b="0.000000" m_c="0.000000" m_d="1.000000" m_tx="0.000000" m_ty="0.000000"/>
   <element name="buckets_full" layername="buckets_full" frame="0" z_index="14" m_a="1.000000" m_b="0.000000" m_c="0.000000" m_d="1.000000" m_tx="0.000000" m_ty="0.000000"/>
  </frame>
  <frame idx="800" w="176" h="223" x="0.000000" y="-40.250000">
   <element name="buckets_ice" layername="buckets_ice" frame="0" z_index="13" m_a="1.000000" m_b="0.000000" m_c="0.000000" m_d="1.000000" m_tx="0.000000" m_ty="0.000000"/>
   <element name="buckets_full" layername="buckets_full" frame="0" z_index="14" m_a="1.000000" m_b="0.000000" m_c="0.000000" m_d="1.000000" m_tx="0.000000" m_ty="0.000000"/>
  </frame>
  <frame idx="825" w="176" h="223" x="0.000000" y="-40.250000">
   <element name="buckets_ice" layername="buckets_ice" frame="0" z_index="13" m_a="1.000000" m_b="0.000000" m_c="0.000000" m_d="1.000000" m_tx="0.000000" m_ty="0.000000"/>
   <element name="buckets_full" layername="buckets_full" frame="0" z_index="14" m_a="1.000000" m_b="0.000000" m_c="0.000000" m_d="1.000000" m_tx="0.000000" m_ty="0.000000"/>
  </frame>
  <frame idx="850" w="176" h="223" x="0.000000" y="-40.250000">
   <element name="buckets_ice" layername="buckets_ice" frame="0" z_index="13" m_a="1.000000" m_b="0.000000" m_c="0.000000" m_d="1.000000" m_tx="0.000000" m_ty="0.000000"/>
   <element name="buckets_full" layername="buckets_full" frame="0" z_index="14" m_a="1.000000" m_b="0.000000" m_c="0.000000" m_d="1.000000" m_tx="0.000000" m_ty="0.000000"/>
  </frame>
  <frame idx="875" w="176" h="223" x="0.000000" y="-40.250000">
   <element name="buckets_ice" layername="buckets_ice" frame="0" z_index="13" m_a="1.000000" m_b="0.000000" m_c="0.000000" m_d="1.000000" m_tx="0.000000" m_ty="0.000000"/>
   <element name="buckets_full" layername="buckets_full" frame="0" z_index="14" m_a="1.000000" m_b="0.000000" m_c="0.000000" m_d="1.000000" m_tx="0.000000" m_ty="0.000000"/>
  </frame>
  <frame idx="900" w="176" h="223" x="0.000000" y="-40.250000">
   <element name="buckets_ice" layername="buckets_ice" frame="0" z_index="13" m_a="1.000000" m_b="0.000000" m_c="0.000000" m_d="1.000000" m_tx="0.000000" m_ty="0.000000"/>
   <element name="buckets_full" layername="buckets_full" frame="0" z_index="14" m_a="1.000000" m_b="0.000000" m_c="0.000000" m_d="1.000000" m_tx="0.000000" m_ty="0.000000"/>
  </frame>
  <frame idx="925" w="176" h="223" x="0.000000" y="-40.250000">
   <element name="buckets_ice" layername="buckets_ice" frame="0" z_index="13" m_a="1.000000" m_b="0.000000" m_c="0.000000" m_d="1.000000" m_tx="0.000000" m_ty="0.000000"/>
   <element name="buckets_full" layername="buckets_full" frame="0" z_index="14" m_a="1.000000" m_b="0.000000" m_c="0.000000" m_d="1.000000" m_tx="0.000000" m_ty="0.000000"/>
  </frame>
  <frame idx="950" w="176" h="223" x="0.000000" y="-40.250000">
   <element name="buckets_ice" layername="buckets_ice" frame="0" z_index="13" m_a="1.000000" m_b="0.000000" m_c="0.000000" m_d="1.000000" m_tx="0.000000" m_ty="0.000000"/>
   <element name="buckets_full" layername="buckets_full" frame="0" z_index="14" m_a="1.000000" m_b="0.000000" m_c="0.000000" m_d="1.000000" m_tx="0.000000" m_ty="0.000000"/>
  </frame>
  <frame idx="975" w="176" h="223" x="0.000000" y="-40.250000">
   <element name="buckets_ice" layername="buckets_ice" frame="0" z_index="13" m_a="1.000000" m_b="0.000000" m_c="0.000000" m_d="1.000000" m_tx="0.000000" m_ty="0.000000"/>
   <element name="buckets_full" layername="buckets_full" frame="0" z_index="14" m_a="1.000000" m_b="0.000000" m_c="0.000000" m_d="1.000000" m_tx="0.000000" m_ty="0.000000"/>
  </frame>
  <frame idx="1000" w="176" h="223" x="0.000000" y="-40.250000">
   <element name="buckets_ice" layername="buckets_ice" frame="0" z_index="13" m_a="1.000000" m_b="0.000000" m_c="0.000000" m_d="1.000000" m_tx="0.000000" m_ty="0.000000"/>
   <element name="buckets_full" layername="buckets_full" frame="0" z_index="14" m_a="1.000000" m_b="0.000000" m_c="0.000000" m_d="1.000000" m_tx="0.000000" m_ty="0.000000"/>
  </frame>
  <frame idx="1025" w="176" h="223" x="0.000000" y="-40.250000">
   <element name="buckets_ice" layername="buckets_ice" frame="0" z_index="13" m_a="1.000000" m_b="0.000000" m_c="0.000000" m_d="1.000000" m_tx="0.000000" m_ty="0.000000"/>
   <element name="buckets_full" layername="buckets_full" frame="0" z_index="14" m_a="1.000000" m_b="0.000000" m_c="0.000000" m_d="1.000000" m_tx="0.000000" m_ty="0.000000"/>
  </frame>
  <frame idx="1050" w="176" h="223" x="0.000000" y="-40.250000">
   <element name="buckets_ice" layername="buckets_ice" frame="0" z_index="13" m_a="1.000000" m_b="0.000000" m_c="0.000000" m_d="1.000000" m_tx="0.000000" m_ty="0.000000"/>
   <element name="buckets_full" layername="buckets_full" frame="0" z_index="14" m_a="1.000000" m_b="0.000000" m_c="0.000000" m_d="1.000000" m_tx="0.000000" m_ty="0.000000"/>
  </frame>
  <frame idx="1075" w="176" h="223" x="0.000000" y="-40.250000">
   <element name="buckets_ice" layername="buckets_ice" frame="0" z_index="13" m_a="1.000000" m_b="0.000000" m_c="0.000000" m_d="1.000000" m_tx="0.000000" m_ty="0.000000"/>
   <element name="buckets_full" layername="buckets_full" frame="0" z_index="14" m_a="1.000000" m_b="0.000000" m_c="0.000000" m_d="1.000000" m_tx="0.000000" m_ty="0.000000"/>
  </frame>
  <frame idx="1100" w="176" h="223" x="0.000000" y="-40.250000">
   <element name="buckets_ice" layername="buckets_ice" frame="0" z_index="13" m_a="1.000000" m_b="0.000000" m_c="0.000000" m_d="1.000000" m_tx="0.000000" m_ty="0.000000"/>
   <element name="buckets_full" layername="buckets_full" frame="0" z_index="14" m_a="1.000000" m_b="0.000000" m_c="0.000000" m_d="1.000000" m_tx="0.000000" m_ty="0.000000"/>
  </frame>
  <frame idx="1125" w="176" h="223" x="0.000000" y="-40.250000">
   <element name="buckets_ice" layername="buckets_ice" frame="0" z_index="13" m_a="1.000000" m_b="0.000000" m_c="0.000000" m_d="1.000000" m_tx="0.000000" m_ty="0.000000"/>
   <element name="buckets_full" layername="buckets_full" frame="0" z_index="14" m_a="1.000000" m_b="0.000000" m_c="0.000000" m_d="1.000000" m_tx="0.000000" m_ty="0.000000"/>
  </frame>
  <frame idx="1150" w="176" h="223" x="0.000000" y="-40.250000">
   <element name="buckets_ice" layername="buckets_ice" frame="0" z_index="13" m_a="1.000000" m_b="0.000000" m_c="0.000000" m_d="1.000000" m_tx="0.000000" m_ty="0.000000"/>
   <element name="buckets_full" layername="buckets_full" frame="0" z_index="14" m_a="1.000000" m_b="0.000000" m_c="0.000000" m_d="1.000000" m_tx="0.000000" m_ty="0.000000"/>
  </frame>
  <frame idx="1175" w="176" h="223" x="0.000000" y="-40.250000">
   <element name="buckets_ice" layername="buckets_ice" frame="0" z_index="13" m_a="1.000000" m_b="0.000000" m_c="0.000000" m_d="1.000000" m_tx="0.000000" m_ty="0.000000"/>
   <element name="buckets_full" layername="buckets_full" frame="0" z_index="14" m_a="1.000000" m_b="0.000000" m_c="0.000000" m_d="1.000000" m_tx="0.000000" m_ty="0.000000"/>
  </frame>
  <frame idx="1200" w="176" h="223" x="0.000000" y="-40.250000">
   <element name="buckets_ice" layername="buckets_ice" frame="0" z_index="13" m_a="1.000000" m_b="0.000000" m_c="0.000000" m_d="1.000000" m_tx="0.000000" m_ty="0.000000"/>
   <element name="buckets_full" layername="buckets_full" frame="0" z_index="14" m_a="1.000000" m_b="0.000000" m_c="0.000000" m_d="1.000000" m_tx="0.000000" m_ty="0.000000"/>
  </frame>
  <frame idx="1225" w="176" h="223" x="0.000000" y="-40.250000">
   <element name="buckets_ice" layername="buckets_ice" frame="0" z_index="13" m_a="1.000000" m_b="0.000000" m_c="0.000000" m_d="1.000000" m_tx="0.000000" m_ty="0.000000"/>
   <element name="buckets_full" layername="buckets_full" frame="0" z_index="14" m_a="1.000000" m_b="0.000000" m_c="0.000000" m_d="1.000000" m_tx="0.000000" m_ty="0.000000"/>
  </frame>
  <frame idx="1250" w="176" h="223" x="0.000000" y="-40.250000">
   <element name="buckets_ice" layername="buckets_ice" frame="0" z_index="13" m_a="1.000000" m_b="0.000000" m_c="0.000000" m_d="1.000000" m_tx="0.000000" m_ty="0.000000"/>
   <element name="buckets_full" layername="buckets_full" frame="0" z_index="14" m_a="1.000000" m_b="0.000000" m_c="0.000000" m_d="1.000000" m_tx="0.000000" m_ty="0.000000"/>
  </frame>
  <frame idx="1275" w="176" h="223" x="0.000000" y="-40.250000">
   <element name="buckets_ice" layername="buckets_ice" frame="0" z_index="13" m_a="1.000000" m_b="0.000000" m_c="0.000000" m_d="1.000000" m_tx="0.000000" m_ty="0.000000"/>
   <element name="buckets_full" layername="buckets_full" frame="0" z_index="14" m_a="1.000000" m_b="0.000000" m_c="0.000000" m_d="1.000000" m_tx="0.000000" m_ty="0.000000"/>
  </frame>
  <frame idx="1300" w="176" h="223" x="0.000000" y="-40.250000">
   <element name="buckets_ice" layername="buckets_ice" frame="0" z_index="13" m_a="1.000000" m_b="0.000000" m_c="0.000000" m_d="1.000000" m_tx="0.000000" m_ty="0.000000"/>
   <element name="buckets_full" layername="buckets_full" frame="0" z_index="14" m_a="1.000000" m_b="0.000000" m_c="0.000000" m_d="1.000000" m_tx="0.000000" m_ty="0.000000"/>
  </frame>
 </anim>
 <anim name="turn_to_full_dirty" root="buckets" numframes="1275" framerate="40">
  <frame idx="0" w="176" h="223" x="0.000000" y="-40.250000">
   <element name="buckets_ice_dirty" layername="buckets_ice_dirty" frame="0" z_index="13" m_a="1.000000" m_b="0.000000" m_c="0.000000" m_d="1.000000" m_tx="0.000000" m_ty="0.000000"/>
   <element name="buckets_dirty" layername="buckets_dirty" frame="0" z_index="14" m_a="1.000000" m_b="0.000000" m_c="0.000000" m_d="1.000000" m_tx="0.000000" m_ty="0.000000"/>
  </frame>
  <frame idx="25" w="176" h="223" x="0.000000" y="-40.250000">
   <element name="buckets_ice_dirty" layername="buckets_ice_dirty" frame="0" z_index="13" m_a="1.000000" m_b="0.000000" m_c="0.000000" m_d="1.000000" m_tx="0.000000" m_ty="0.000000"/>
   <element name="buckets_dirty" layername="buckets_dirty" frame="0" z_index="14" m_a="1.000000" m_b="0.000000" m_c="0.000000" m_d="1.000000" m_tx="0.000000" m_ty="0.000000"/>
  </frame>
  <frame idx="50" w="176" h="223" x="0.000000" y="-40.250000">
   <element name="buckets_ice_dirty" layername="buckets_ice_dirty" frame="0" z_index="13" m_a="1.000000" m_b="0.000000" m_c="0.000000" m_d="1.000000" m_tx="0.000000" m_ty="0.000000"/>
   <element name="buckets_dirty" layername="buckets_dirty" frame="0" z_index="14" m_a="1.000000" m_b="0.000000" m_c="0.000000" m_d="1.000000" m_tx="0.000000" m_ty="0.000000"/>
  </frame>
  <frame idx="75" w="176" h="223" x="0.000000" y="-40.250000">
   <element name="buckets_ice_dirty" layername="buckets_ice_dirty" frame="0" z_index="13" m_a="1.000000" m_b="0.000000" m_c="0.000000" m_d="1.000000" m_tx="0.000000" m_ty="0.000000"/>
   <element name="buckets_dirty" layername="buckets_dirty" frame="0" z_index="14" m_a="1.000000" m_b="0.000000" m_c="0.000000" m_d="1.000000" m_tx="0.000000" m_ty="0.000000"/>
  </frame>
  <frame idx="100" w="176" h="223" x="0.000000" y="-40.250000">
   <element name="buckets_ice_dirty" layername="buckets_ice_dirty" frame="0" z_index="13" m_a="1.000000" m_b="0.000000" m_c="0.000000" m_d="1.000000" m_tx="0.000000" m_ty="0.000000"/>
   <element name="buckets_dirty" layername="buckets_dirty" frame="0" z_index="14" m_a="1.000000" m_b="0.000000" m_c="0.000000" m_d="1.000000" m_tx="0.000000" m_ty="0.000000"/>
  </frame>
  <frame idx="125" w="176" h="223" x="0.000000" y="-40.250000">
   <element name="buckets_ice_dirty" layername="buckets_ice_dirty" frame="0" z_index="13" m_a="1.000000" m_b="0.000000" m_c="0.000000" m_d="1.000000" m_tx="0.000000" m_ty="0.000000"/>
   <element name="buckets_dirty" layername="buckets_dirty" frame="0" z_index="14" m_a="1.000000" m_b="0.000000" m_c="0.000000" m_d="1.000000" m_tx="0.000000" m_ty="0.000000"/>
  </frame>
  <frame idx="150" w="176" h="223" x="0.000000" y="-40.250000">
   <element name="buckets_ice_dirty" layername="buckets_ice_dirty" frame="0" z_index="13" m_a="1.000000" m_b="0.000000" m_c="0.000000" m_d="1.000000" m_tx="0.000000" m_ty="0.000000"/>
   <element name="buckets_dirty" layername="buckets_dirty" frame="0" z_index="14" m_a="1.000000" m_b="0.000000" m_c="0.000000" m_d="1.000000" m_tx="0.000000" m_ty="0.000000"/>
  </frame>
  <frame idx="175" w="176" h="223" x="0.000000" y="-40.250000">
   <element name="buckets_ice_dirty" layername="buckets_ice_dirty" frame="0" z_index="13" m_a="1.000000" m_b="0.000000" m_c="0.000000" m_d="1.000000" m_tx="0.000000" m_ty="0.000000"/>
   <element name="buckets_dirty" layername="buckets_dirty" frame="0" z_index="14" m_a="1.000000" m_b="0.000000" m_c="0.000000" m_d="1.000000" m_tx="0.000000" m_ty="0.000000"/>
  </frame>
  <frame idx="200" w="176" h="223" x="0.000000" y="-40.250000">
   <element name="buckets_ice_dirty" layername="buckets_ice_dirty" frame="0" z_index="13" m_a="1.000000" m_b="0.000000" m_c="0.000000" m_d="1.000000" m_tx="0.000000" m_ty="0.000000"/>
   <element name="buckets_dirty" layername="buckets_dirty" frame="0" z_index="14" m_a="1.000000" m_b="0.000000" m_c="0.000000" m_d="1.000000" m_tx="0.000000" m_ty="0.000000"/>
  </frame>
  <frame idx="225" w="176" h="223" x="0.000000" y="-40.250000">
   <element name="buckets_ice_dirty" layername="buckets_ice_dirty" frame="0" z_index="13" m_a="1.000000" m_b="0.000000" m_c="0.000000" m_d="1.000000" m_tx="0.000000" m_ty="0.000000"/>
   <element name="buckets_dirty" layername="buckets_dirty" frame="0" z_index="14" m_a="1.000000" m_b="0.000000" m_c="0.000000" m_d="1.000000" m_tx="0.000000" m_ty="0.000000"/>
  </frame>
  <frame idx="250" w="176" h="223" x="0.000000" y="-40.250000">
   <element name="buckets_ice_dirty" layername="buckets_ice_dirty" frame="0" z_index="13" m_a="1.000000" m_b="0.000000" m_c="0.000000" m_d="1.000000" m_tx="0.000000" m_ty="0.000000"/>
   <element name="buckets_dirty" layername="buckets_dirty" frame="0" z_index="14" m_a="1.000000" m_b="0.000000" m_c="0.000000" m_d="1.000000" m_tx="0.000000" m_ty="0.000000"/>
  </frame>
  <frame idx="275" w="176" h="223" x="0.000000" y="-40.250000">
   <element name="buckets_ice_dirty" layername="buckets_ice_dirty" frame="0" z_index="13" m_a="1.000000" m_b="0.000000" m_c="0.000000" m_d="1.000000" m_tx="0.000000" m_ty="0.000000"/>
   <element name="buckets_dirty" layername="buckets_dirty" frame="0" z_index="14" m_a="1.000000" m_b="0.000000" m_c="0.000000" m_d="1.000000" m_tx="0.000000" m_ty="0.000000"/>
  </frame>
  <frame idx="300" w="176" h="223" x="0.000000" y="-40.250000">
   <element name="buckets_ice_dirty" layername="buckets_ice_dirty" frame="0" z_index="13" m_a="1.000000" m_b="0.000000" m_c="0.000000" m_d="1.000000" m_tx="0.000000" m_ty="0.000000"/>
   <element name="buckets_dirty" layername="buckets_dirty" frame="0" z_index="14" m_a="1.000000" m_b="0.000000" m_c="0.000000" m_d="1.000000" m_tx="0.000000" m_ty="0.000000"/>
  </frame>
  <frame idx="325" w="176" h="223" x="0.000000" y="-40.250000">
   <element name="buckets_ice_dirty" layername="buckets_ice_dirty" frame="0" z_index="13" m_a="1.000000" m_b="0.000000" m_c="0.000000" m_d="1.000000" m_tx="0.000000" m_ty="0.000000"/>
   <element name="buckets_dirty" layername="buckets_dirty" frame="0" z_index="14" m_a="1.000000" m_b="0.000000" m_c="0.000000" m_d="1.000000" m_tx="0.000000" m_ty="0.000000"/>
  </frame>
  <frame idx="350" w="176" h="223" x="0.000000" y="-40.250000">
   <element name="buckets_ice_dirty" layername="buckets_ice_dirty" frame="0" z_index="13" m_a="1.000000" m_b="0.000000" m_c="0.000000" m_d="1.000000" m_tx="0.000000" m_ty="0.000000"/>
   <element name="buckets_dirty" layername="buckets_dirty" frame="0" z_index="14" m_a="1.000000" m_b="0.000000" m_c="0.000000" m_d="1.000000" m_tx="0.000000" m_ty="0.000000"/>
  </frame>
  <frame idx="375" w="176" h="223" x="0.000000" y="-40.250000">
   <element name="buckets_ice_dirty" layername="buckets_ice_dirty" frame="0" z_index="13" m_a="1.000000" m_b="0.000000" m_c="0.000000" m_d="1.000000" m_tx="0.000000" m_ty="0.000000"/>
   <element name="buckets_dirty" layername="buckets_dirty" frame="0" z_index="14" m_a="1.000000" m_b="0.000000" m_c="0.000000" m_d="1.000000" m_tx="0.000000" m_ty="0.000000"/>
  </frame>
  <frame idx="400" w="176" h="223" x="0.000000" y="-40.250000">
   <element name="buckets_ice_dirty" layername="buckets_ice_dirty" frame="0" z_index="13" m_a="1.000000" m_b="0.000000" m_c="0.000000" m_d="1.000000" m_tx="0.000000" m_ty="0.000000"/>
   <element name="buckets_dirty" layername="buckets_dirty" frame="0" z_index="14" m_a="1.000000" m_b="0.000000" m_c="0.000000" m_d="1.000000" m_tx="0.000000" m_ty="0.000000"/>
  </frame>
  <frame idx="425" w="176" h="223" x="0.000000" y="-40.250000">
   <element name="buckets_ice_dirty" layername="buckets_ice_dirty" frame="0" z_index="13" m_a="1.000000" m_b="0.000000" m_c="0.000000" m_d="1.000000" m_tx="0.000000" m_ty="0.000000"/>
   <element name="buckets_dirty" layername="buckets_dirty" frame="0" z_index="14" m_a="1.000000" m_b="0.000000" m_c="0.000000" m_d="1.000000" m_tx="0.000000" m_ty="0.000000"/>
  </frame>
  <frame idx="450" w="176" h="223" x="0.000000" y="-40.250000">
   <element name="buckets_ice_dirty" layername="buckets_ice_dirty" frame="0" z_index="13" m_a="1.000000" m_b="0.000000" m_c="0.000000" m_d="1.000000" m_tx="0.000000" m_ty="0.000000"/>
   <element name="buckets_dirty" layername="buckets_dirty" frame="0" z_index="14" m_a="1.000000" m_b="0.000000" m_c="0.000000" m_d="1.000000" m_tx="0.000000" m_ty="0.000000"/>
  </frame>
  <frame idx="475" w="176" h="223" x="0.000000" y="-40.250000">
   <element name="buckets_ice_dirty" layername="buckets_ice_dirty" frame="0" z_index="13" m_a="1.000000" m_b="0.000000" m_c="0.000000" m_d="1.000000" m_tx="0.000000" m_ty="0.000000"/>
   <element name="buckets_dirty" layername="buckets_dirty" frame="0" z_index="14" m_a="1.000000" m_b="0.000000" m_c="0.000000" m_d="1.000000" m_tx="0.000000" m_ty="0.000000"/>
  </frame>
  <frame idx="500" w="176" h="223" x="0.000000" y="-40.250000">
   <element name="buckets_ice_dirty" layername="buckets_ice_dirty" frame="0" z_index="13" m_a="1.000000" m_b="0.000000" m_c="0.000000" m_d="1.000000" m_tx="0.000000" m_ty="0.000000"/>
   <element name="buckets_dirty" layername="buckets_dirty" frame="0" z_index="14" m_a="1.000000" m_b="0.000000" m_c="0.000000" m_d="1.000000" m_tx="0.000000" m_ty="0.000000"/>
  </frame>
  <frame idx="525" w="176" h="223" x="0.000000" y="-40.250000">
   <element name="buckets_ice_dirty" layername="buckets_ice_dirty" frame="0" z_index="13" m_a="1.000000" m_b="0.000000" m_c="0.000000" m_d="1.000000" m_tx="0.000000" m_ty="0.000000"/>
   <element name="buckets_dirty" layername="buckets_dirty" frame="0" z_index="14" m_a="1.000000" m_b="0.000000" m_c="0.000000" m_d="1.000000" m_tx="0.000000" m_ty="0.000000"/>
  </frame>
  <frame idx="550" w="176" h="223" x="0.000000" y="-40.250000">
   <element name="buckets_ice_dirty" layername="buckets_ice_dirty" frame="0" z_index="13" m_a="1.000000" m_b="0.000000" m_c="0.000000" m_d="1.000000" m_tx="0.000000" m_ty="0.000000"/>
   <element name="buckets_dirty" layername="buckets_dirty" frame="0" z_index="14" m_a="1.000000" m_b="0.000000" m_c="0.000000" m_d="1.000000" m_tx="0.000000" m_ty="0.000000"/>
  </frame>
  <frame idx="575" w="176" h="223" x="0.000000" y="-40.250000">
   <element name="buckets_ice_dirty" layername="buckets_ice_dirty" frame="0" z_index="13" m_a="1.000000" m_b="0.000000" m_c="0.000000" m_d="1.000000" m_tx="0.000000" m_ty="0.000000"/>
   <element name="buckets_dirty" layername="buckets_dirty" frame="0" z_index="14" m_a="1.000000" m_b="0.000000" m_c="0.000000" m_d="1.000000" m_tx="0.000000" m_ty="0.000000"/>
  </frame>
  <frame idx="600" w="176" h="223" x="0.000000" y="-40.250000">
   <element name="buckets_ice_dirty" layername="buckets_ice_dirty" frame="0" z_index="13" m_a="1.000000" m_b="0.000000" m_c="0.000000" m_d="1.000000" m_tx="0.000000" m_ty="0.000000"/>
   <element name="buckets_dirty" layername="buckets_dirty" frame="0" z_index="14" m_a="1.000000" m_b="0.000000" m_c="0.000000" m_d="1.000000" m_tx="0.000000" m_ty="0.000000"/>
  </frame>
  <frame idx="625" w="176" h="223" x="0.000000" y="-40.250000">
   <element name="buckets_ice_dirty" layername="buckets_ice_dirty" frame="0" z_index="13" m_a="1.000000" m_b="0.000000" m_c="0.000000" m_d="1.000000" m_tx="0.000000" m_ty="0.000000"/>
   <element name="buckets_dirty" layername="buckets_dirty" frame="0" z_index="14" m_a="1.000000" m_b="0.000000" m_c="0.000000" m_d="1.000000" m_tx="0.000000" m_ty="0.000000"/>
  </frame>
  <frame idx="650" w="176" h="223" x="0.000000" y="-40.250000">
   <element name="buckets_ice_dirty" layername="buckets_ice_dirty" frame="0" z_index="13" m_a="1.000000" m_b="0.000000" m_c="0.000000" m_d="1.000000" m_tx="0.000000" m_ty="0.000000"/>
   <element name="buckets_dirty" layername="buckets_dirty" frame="0" z_index="14" m_a="1.000000" m_b="0.000000" m_c="0.000000" m_d="1.000000" m_tx="0.000000" m_ty="0.000000"/>
  </frame>
  <frame idx="675" w="176" h="223" x="0.000000" y="-40.250000">
   <element name="buckets_ice_dirty" layername="buckets_ice_dirty" frame="0" z_index="13" m_a="1.000000" m_b="0.000000" m_c="0.000000" m_d="1.000000" m_tx="0.000000" m_ty="0.000000"/>
   <element name="buckets_dirty" layername="buckets_dirty" frame="0" z_index="14" m_a="1.000000" m_b="0.000000" m_c="0.000000" m_d="1.000000" m_tx="0.000000" m_ty="0.000000"/>
  </frame>
  <frame idx="700" w="176" h="223" x="0.000000" y="-40.250000">
   <element name="buckets_ice_dirty" layername="buckets_ice_dirty" frame="0" z_index="13" m_a="1.000000" m_b="0.000000" m_c="0.000000" m_d="1.000000" m_tx="0.000000" m_ty="0.000000"/>
   <element name="buckets_dirty" layername="buckets_dirty" frame="0" z_index="14" m_a="1.000000" m_b="0.000000" m_c="0.000000" m_d="1.000000" m_tx="0.000000" m_ty="0.000000"/>
  </frame>
  <frame idx="725" w="176" h="223" x="0.000000" y="-40.250000">
   <element name="buckets_ice_dirty" layername="buckets_ice_dirty" frame="0" z_index="13" m_a="1.000000" m_b="0.000000" m_c="0.000000" m_d="1.000000" m_tx="0.000000" m_ty="0.000000"/>
   <element name="buckets_dirty" layername="buckets_dirty" frame="0" z_index="14" m_a="1.000000" m_b="0.000000" m_c="0.000000" m_d="1.000000" m_tx="0.000000" m_ty="0.000000"/>
  </frame>
  <frame idx="750" w="176" h="223" x="0.000000" y="-40.250000">
   <element name="buckets_ice_dirty" layername="buckets_ice_dirty" frame="0" z_index="13" m_a="1.000000" m_b="0.000000" m_c="0.000000" m_d="1.000000" m_tx="0.000000" m_ty="0.000000"/>
   <element name="buckets_dirty" layername="buckets_dirty" frame="0" z_index="14" m_a="1.000000" m_b="0.000000" m_c="0.000000" m_d="1.000000" m_tx="0.000000" m_ty="0.000000"/>
  </frame>
  <frame idx="775" w="176" h="223" x="0.000000" y="-40.250000">
   <element name="buckets_ice_dirty" layername="buckets_ice_dirty" frame="0" z_index="13" m_a="1.000000" m_b="0.000000" m_c="0.000000" m_d="1.000000" m_tx="0.000000" m_ty="0.000000"/>
   <element name="buckets_dirty" layername="buckets_dirty" frame="0" z_index="14" m_a="1.000000" m_b="0.000000" m_c="0.000000" m_d="1.000000" m_tx="0.000000" m_ty="0.000000"/>
  </frame>
  <frame idx="800" w="176" h="223" x="0.000000" y="-40.250000">
   <element name="buckets_ice_dirty" layername="buckets_ice_dirty" frame="0" z_index="13" m_a="1.000000" m_b="0.000000" m_c="0.000000" m_d="1.000000" m_tx="0.000000" m_ty="0.000000"/>
   <element name="buckets_dirty" layername="buckets_dirty" frame="0" z_index="14" m_a="1.000000" m_b="0.000000" m_c="0.000000" m_d="1.000000" m_tx="0.000000" m_ty="0.000000"/>
  </frame>
  <frame idx="825" w="176" h="223" x="0.000000" y="-40.250000">
   <element name="buckets_ice_dirty" layername="buckets_ice_dirty" frame="0" z_index="13" m_a="1.000000" m_b="0.000000" m_c="0.000000" m_d="1.000000" m_tx="0.000000" m_ty="0.000000"/>
   <element name="buckets_dirty" layername="buckets_dirty" frame="0" z_index="14" m_a="1.000000" m_b="0.000000" m_c="0.000000" m_d="1.000000" m_tx="0.000000" m_ty="0.000000"/>
  </frame>
  <frame idx="850" w="176" h="223" x="0.000000" y="-40.250000">
   <element name="buckets_ice_dirty" layername="buckets_ice_dirty" frame="0" z_index="13" m_a="1.000000" m_b="0.000000" m_c="0.000000" m_d="1.000000" m_tx="0.000000" m_ty="0.000000"/>
   <element name="buckets_dirty" layername="buckets_dirty" frame="0" z_index="14" m_a="1.000000" m_b="0.000000" m_c="0.000000" m_d="1.000000" m_tx="0.000000" m_ty="0.000000"/>
  </frame>
  <frame idx="875" w="176" h="223" x="0.000000" y="-40.250000">
   <element name="buckets_ice_dirty" layername="buckets_ice_dirty" frame="0" z_index="13" m_a="1.000000" m_b="0.000000" m_c="0.000000" m_d="1.000000" m_tx="0.000000" m_ty="0.000000"/>
   <element name="buckets_dirty" layername="buckets_dirty" frame="0" z_index="14" m_a="1.000000" m_b="0.000000" m_c="0.000000" m_d="1.000000" m_tx="0.000000" m_ty="0.000000"/>
  </frame>
  <frame idx="900" w="176" h="223" x="0.000000" y="-40.250000">
   <element name="buckets_ice_dirty" layername="buckets_ice_dirty" frame="0" z_index="13" m_a="1.000000" m_b="0.000000" m_c="0.000000" m_d="1.000000" m_tx="0.000000" m_ty="0.000000"/>
   <element name="buckets_dirty" layername="buckets_dirty" frame="0" z_index="14" m_a="1.000000" m_b="0.000000" m_c="0.000000" m_d="1.000000" m_tx="0.000000" m_ty="0.000000"/>
  </frame>
  <frame idx="925" w="176" h="223" x="0.000000" y="-40.250000">
   <element name="buckets_ice_dirty" layername="buckets_ice_dirty" frame="0" z_index="13" m_a="1.000000" m_b="0.000000" m_c="0.000000" m_d="1.000000" m_tx="0.000000" m_ty="0.000000"/>
   <element name="buckets_dirty" layername="buckets_dirty" frame="0" z_index="14" m_a="1.000000" m_b="0.000000" m_c="0.000000" m_d="1.000000" m_tx="0.000000" m_ty="0.000000"/>
  </frame>
  <frame idx="950" w="176" h="223" x="0.000000" y="-40.250000">
   <element name="buckets_ice_dirty" layername="buckets_ice_dirty" frame="0" z_index="13" m_a="1.000000" m_b="0.000000" m_c="0.000000" m_d="1.000000" m_tx="0.000000" m_ty="0.000000"/>
   <element name="buckets_dirty" layername="buckets_dirty" frame="0" z_index="14" m_a="1.000000" m_b="0.000000" m_c="0.000000" m_d="1.000000" m_tx="0.000000" m_ty="0.000000"/>
  </frame>
  <frame idx="975" w="176" h="223" x="0.000000" y="-40.250000">
   <element name="buckets_ice_dirty" layername="buckets_ice_dirty" frame="0" z_index="13" m_a="1.000000" m_b="0.000000" m_c="0.000000" m_d="1.000000" m_tx="0.000000" m_ty="0.000000"/>
   <element name="buckets_dirty" layername="buckets_dirty" frame="0" z_index="14" m_a="1.000000" m_b="0.000000" m_c="0.000000" m_d="1.000000" m_tx="0.000000" m_ty="0.000000"/>
  </frame>
  <frame idx="1000" w="176" h="223" x="0.000000" y="-40.250000">
   <element name="buckets_ice_dirty" layername="buckets_ice_dirty" frame="0" z_index="13" m_a="1.000000" m_b="0.000000" m_c="0.000000" m_d="1.000000" m_tx="0.000000" m_ty="0.000000"/>
   <element name="buckets_dirty" layername="buckets_dirty" frame="0" z_index="14" m_a="1.000000" m_b="0.000000" m_c="0.000000" m_d="1.000000" m_tx="0.000000" m_ty="0.000000"/>
  </frame>
  <frame idx="1025" w="176" h="223" x="0.000000" y="-40.250000">
   <element name="buckets_ice_dirty" layername="buckets_ice_dirty" frame="0" z_index="13" m_a="1.000000" m_b="0.000000" m_c="0.000000" m_d="1.000000" m_tx="0.000000" m_ty="0.000000"/>
   <element name="buckets_dirty" layername="buckets_dirty" frame="0" z_index="14" m_a="1.000000" m_b="0.000000" m_c="0.000000" m_d="1.000000" m_tx="0.000000" m_ty="0.000000"/>
  </frame>
  <frame idx="1050" w="176" h="223" x="0.000000" y="-40.250000">
   <element name="buckets_ice_dirty" layername="buckets_ice_dirty" frame="0" z_index="13" m_a="1.000000" m_b="0.000000" m_c="0.000000" m_d="1.000000" m_tx="0.000000" m_ty="0.000000"/>
   <element name="buckets_dirty" layername="buckets_dirty" frame="0" z_index="14" m_a="1.000000" m_b="0.000000" m_c="0.000000" m_d="1.000000" m_tx="0.000000" m_ty="0.000000"/>
  </frame>
  <frame idx="1075" w="176" h="223" x="0.000000" y="-40.250000">
   <element name="buckets_ice_dirty" layername="buckets_ice_dirty" frame="0" z_index="13" m_a="1.000000" m_b="0.000000" m_c="0.000000" m_d="1.000000" m_tx="0.000000" m_ty="0.000000"/>
   <element name="buckets_dirty" layername="buckets_dirty" frame="0" z_index="14" m_a="1.000000" m_b="0.000000" m_c="0.000000" m_d="1.000000" m_tx="0.000000" m_ty="0.000000"/>
  </frame>
  <frame idx="1100" w="176" h="223" x="0.000000" y="-40.250000">
   <element name="buckets_ice_dirty" layername="buckets_ice_dirty" frame="0" z_index="13" m_a="1.000000" m_b="0.000000" m_c="0.000000" m_d="1.000000" m_tx="0.000000" m_ty="0.000000"/>
   <element name="buckets_dirty" layername="buckets_dirty" frame="0" z_index="14" m_a="1.000000" m_b="0.000000" m_c="0.000000" m_d="1.000000" m_tx="0.000000" m_ty="0.000000"/>
  </frame>
  <frame idx="1125" w="176" h="223" x="0.000000" y="-40.250000">
   <element name="buckets_ice_dirty" layername="buckets_ice_dirty" frame="0" z_index="13" m_a="1.000000" m_b="0.000000" m_c="0.000000" m_d="1.000000" m_tx="0.000000" m_ty="0.000000"/>
   <element name="buckets_dirty" layername="buckets_dirty" frame="0" z_index="14" m_a="1.000000" m_b="0.000000" m_c="0.000000" m_d="1.000000" m_tx="0.000000" m_ty="0.000000"/>
  </frame>
  <frame idx="1150" w="176" h="223" x="0.000000" y="-40.250000">
   <element name="buckets_ice_dirty" layername="buckets_ice_dirty" frame="0" z_index="13" m_a="1.000000" m_b="0.000000" m_c="0.000000" m_d="1.000000" m_tx="0.000000" m_ty="0.000000"/>
   <element name="buckets_dirty" layername="buckets_dirty" frame="0" z_index="14" m_a="1.000000" m_b="0.000000" m_c="0.000000" m_d="1.000000" m_tx="0.000000" m_ty="0.000000"/>
  </frame>
  <frame idx="1175" w="176" h="223" x="0.000000" y="-40.250000">
   <element name="buckets_ice_dirty" layername="buckets_ice_dirty" frame="0" z_index="13" m_a="1.000000" m_b="0.000000" m_c="0.000000" m_d="1.000000" m_tx="0.000000" m_ty="0.000000"/>
   <element name="buckets_dirty" layername="buckets_dirty" frame="0" z_index="14" m_a="1.000000" m_b="0.000000" m_c="0.000000" m_d="1.000000" m_tx="0.000000" m_ty="0.000000"/>
  </frame>
  <frame idx="1200" w="176" h="223" x="0.000000" y="-40.250000">
   <element name="buckets_ice_dirty" layername="buckets_ice_dirty" frame="0" z_index="13" m_a="1.000000" m_b="0.000000" m_c="0.000000" m_d="1.000000" m_tx="0.000000" m_ty="0.000000"/>
   <element name="buckets_dirty" layername="buckets_dirty" frame="0" z_index="14" m_a="1.000000" m_b="0.000000" m_c="0.000000" m_d="1.000000" m_tx="0.000000" m_ty="0.000000"/>
  </frame>
  <frame idx="1225" w="176" h="223" x="0.000000" y="-40.250000">
   <element name="buckets_ice_dirty" layername="buckets_ice_dirty" frame="0" z_index="13" m_a="1.000000" m_b="0.000000" m_c="0.000000" m_d="1.000000" m_tx="0.000000" m_ty="0.000000"/>
   <element name="buckets_dirty" layername="buckets_dirty" frame="0" z_index="14" m_a="1.000000" m_b="0.000000" m_c="0.000000" m_d="1.000000" m_tx="0.000000" m_ty="0.000000"/>
  </frame>
  <frame idx="1250" w="176" h="223" x="0.000000" y="-40.250000">
   <element name="buckets_ice_dirty" layername="buckets_ice_dirty" frame="0" z_index="13" m_a="1.000000" m_b="0.000000" m_c="0.000000" m_d="1.000000" m_tx="0.000000" m_ty="0.000000"/>
   <element name="buckets_dirty" layername="buckets_dirty" frame="0" z_index="14" m_a="1.000000" m_b="0.000000" m_c="0.000000" m_d="1.000000" m_tx="0.000000" m_ty="0.000000"/>
  </frame>
 </anim>
</Anims>
