<Anims>
 <anim name="idle" root="well_sprinkler_pipes" numframes="225" framerate="40">
  <frame idx="0" w="205" h="541" x="-2.979996" y="-218.336319">
   <element name="joint_1" layername="joint" frame="0" z_index="15" m_a="1.000000" m_b="0.000000" m_c="0.000000" m_d="1.000000" m_tx="2.445545" m_ty="-305.110107"/>
   <element name="joint_2" layername="joint_2" frame="0" z_index="14" m_a="1.000000" m_b="0.000000" m_c="0.000000" m_d="1.000000" m_tx="1.600000" m_ty="-305.084351"/>
   <element name="joint_3" layername="joint_3" frame="0" z_index="13" m_a="1.000000" m_b="0.000000" m_c="0.000000" m_d="1.000000" m_tx="0.000000" m_ty="-307.617920"/>
   <element name="pipe_1" layername="pipe" frame="0" z_index="18" m_a="1.000000" m_b="0.000000" m_c="0.000000" m_d="0.774546" m_tx="-1.000000" m_ty="-34.255421"/>
   <element name="pipe_2" layername="pipe_2" frame="0" z_index="17" m_a="0.810490" m_b="0.000000" m_c="0.000000" m_d="0.810490" m_tx="2.000000" m_ty="-36.255421"/>
   <element name="pipe_3" layername="pipe_3" frame="0" z_index="16" m_a="1.000000" m_b="0.000000" m_c="0.000000" m_d="0.803221" m_tx="1.000000" m_ty="-36.255421"/>
  </frame>
  <frame idx="25" w="205" h="541" x="-2.979996" y="-218.336319">
   <element name="joint_1" layername="joint" frame="0" z_index="15" m_a="1.000000" m_b="0.000000" m_c="0.000000" m_d="1.000000" m_tx="2.445545" m_ty="-305.110107"/>
   <element name="joint_2" layername="joint_2" frame="0" z_index="14" m_a="1.000000" m_b="0.000000" m_c="0.000000" m_d="1.000000" m_tx="1.600000" m_ty="-305.084351"/>
   <element name="joint_3" layername="joint_3" frame="0" z_index="13" m_a="1.000000" m_b="0.000000" m_c="0.000000" m_d="1.000000" m_tx="0.000000" m_ty="-307.617920"/>
   <element name="pipe_1" layername="pipe" frame="0" z_index="18" m_a="1.000000" m_b="0.000000" m_c="0.000000" m_d="0.774546" m_tx="-1.000000" m_ty="-34.255421"/>
   <element name="pipe_2" layername="pipe_2" frame="0" z_index="17" m_a="0.810490" m_b="0.000000" m_c="0.000000" m_d="0.810490" m_tx="2.000000" m_ty="-36.255421"/>
   <element name="pipe_3" layername="pipe_3" frame="0" z_index="16" m_a="1.000000" m_b="0.000000" m_c="0.000000" m_d="0.803221" m_tx="1.000000" m_ty="-36.255421"/>
  </frame>
  <frame idx="50" w="205" h="541" x="-2.979996" y="-218.336319">
   <element name="joint_1" layername="joint" frame="0" z_index="15" m_a="1.000000" m_b="0.000000" m_c="0.000000" m_d="1.000000" m_tx="2.445545" m_ty="-305.110107"/>
   <element name="joint_2" layername="joint_2" frame="0" z_index="14" m_a="1.000000" m_b="0.000000" m_c="0.000000" m_d="1.000000" m_tx="1.600000" m_ty="-305.084351"/>
   <element name="joint_3" layername="joint_3" frame="0" z_index="13" m_a="1.000000" m_b="0.000000" m_c="0.000000" m_d="1.000000" m_tx="0.000000" m_ty="-307.617920"/>
   <element name="pipe_1" layername="pipe" frame="0" z_index="18" m_a="1.000000" m_b="0.000000" m_c="0.000000" m_d="0.774546" m_tx="-1.000000" m_ty="-34.255421"/>
   <element name="pipe_2" layername="pipe_2" frame="0" z_index="17" m_a="0.810490" m_b="0.000000" m_c="0.000000" m_d="0.810490" m_tx="2.000000" m_ty="-36.255421"/>
   <element name="pipe_3" layername="pipe_3" frame="0" z_index="16" m_a="1.000000" m_b="0.000000" m_c="0.000000" m_d="0.803221" m_tx="1.000000" m_ty="-36.255421"/>
  </frame>
  <frame idx="75" w="205" h="541" x="-2.979996" y="-218.336319">
   <element name="joint_1" layername="joint" frame="0" z_index="15" m_a="1.000000" m_b="0.000000" m_c="0.000000" m_d="1.000000" m_tx="2.445545" m_ty="-305.110107"/>
   <element name="joint_2" layername="joint_2" frame="0" z_index="14" m_a="1.000000" m_b="0.000000" m_c="0.000000" m_d="1.000000" m_tx="1.600000" m_ty="-305.084351"/>
   <element name="joint_3" layername="joint_3" frame="0" z_index="13" m_a="1.000000" m_b="0.000000" m_c="0.000000" m_d="1.000000" m_tx="0.000000" m_ty="-307.617920"/>
   <element name="pipe_1" layername="pipe" frame="0" z_index="18" m_a="1.000000" m_b="0.000000" m_c="0.000000" m_d="0.774546" m_tx="-1.000000" m_ty="-34.255421"/>
   <element name="pipe_2" layername="pipe_2" frame="0" z_index="17" m_a="0.810490" m_b="0.000000" m_c="0.000000" m_d="0.810490" m_tx="2.000000" m_ty="-36.255421"/>
   <element name="pipe_3" layername="pipe_3" frame="0" z_index="16" m_a="1.000000" m_b="0.000000" m_c="0.000000" m_d="0.803221" m_tx="1.000000" m_ty="-36.255421"/>
  </frame>
  <frame idx="100" w="205" h="541" x="-2.979996" y="-218.336319">
   <element name="joint_1" layername="joint" frame="0" z_index="15" m_a="1.000000" m_b="0.000000" m_c="0.000000" m_d="1.000000" m_tx="2.445545" m_ty="-305.110107"/>
   <element name="joint_2" layername="joint_2" frame="0" z_index="14" m_a="1.000000" m_b="0.000000" m_c="0.000000" m_d="1.000000" m_tx="1.600000" m_ty="-305.084351"/>
   <element name="joint_3" layername="joint_3" frame="0" z_index="13" m_a="1.000000" m_b="0.000000" m_c="0.000000" m_d="1.000000" m_tx="0.000000" m_ty="-307.617920"/>
   <element name="pipe_1" layername="pipe" frame="0" z_index="18" m_a="1.000000" m_b="0.000000" m_c="0.000000" m_d="0.774546" m_tx="-1.000000" m_ty="-34.255421"/>
   <element name="pipe_2" layername="pipe_2" frame="0" z_index="17" m_a="0.810490" m_b="0.000000" m_c="0.000000" m_d="0.810490" m_tx="2.000000" m_ty="-36.255421"/>
   <element name="pipe_3" layername="pipe_3" frame="0" z_index="16" m_a="1.000000" m_b="0.000000" m_c="0.000000" m_d="0.803221" m_tx="1.000000" m_ty="-36.255421"/>
  </frame>
  <frame idx="125" w="205" h="541" x="-2.979996" y="-218.336319">
   <element name="joint_1" layername="joint" frame="0" z_index="15" m_a="1.000000" m_b="0.000000" m_c="0.000000" m_d="1.000000" m_tx="2.445545" m_ty="-305.110107"/>
   <element name="joint_2" layername="joint_2" frame="0" z_index="14" m_a="1.000000" m_b="0.000000" m_c="0.000000" m_d="1.000000" m_tx="1.600000" m_ty="-305.084351"/>
   <element name="joint_3" layername="joint_3" frame="0" z_index="13" m_a="1.000000" m_b="0.000000" m_c="0.000000" m_d="1.000000" m_tx="0.000000" m_ty="-307.617920"/>
   <element name="pipe_1" layername="pipe" frame="0" z_index="18" m_a="1.000000" m_b="0.000000" m_c="0.000000" m_d="0.774546" m_tx="-1.000000" m_ty="-34.255421"/>
   <element name="pipe_2" layername="pipe_2" frame="0" z_index="17" m_a="0.810490" m_b="0.000000" m_c="0.000000" m_d="0.810490" m_tx="2.000000" m_ty="-36.255421"/>
   <element name="pipe_3" layername="pipe_3" frame="0" z_index="16" m_a="1.000000" m_b="0.000000" m_c="0.000000" m_d="0.803221" m_tx="1.000000" m_ty="-36.255421"/>
  </frame>
  <frame idx="150" w="205" h="541" x="-2.979996" y="-218.336319">
   <element name="joint_1" layername="joint" frame="0" z_index="15" m_a="1.000000" m_b="0.000000" m_c="0.000000" m_d="1.000000" m_tx="2.445545" m_ty="-305.110107"/>
   <element name="joint_2" layername="joint_2" frame="0" z_index="14" m_a="1.000000" m_b="0.000000" m_c="0.000000" m_d="1.000000" m_tx="1.600000" m_ty="-305.084351"/>
   <element name="joint_3" layername="joint_3" frame="0" z_index="13" m_a="1.000000" m_b="0.000000" m_c="0.000000" m_d="1.000000" m_tx="0.000000" m_ty="-307.617920"/>
   <element name="pipe_1" layername="pipe" frame="0" z_index="18" m_a="1.000000" m_b="0.000000" m_c="0.000000" m_d="0.774546" m_tx="-1.000000" m_ty="-34.255421"/>
   <element name="pipe_2" layername="pipe_2" frame="0" z_index="17" m_a="0.810490" m_b="0.000000" m_c="0.000000" m_d="0.810490" m_tx="2.000000" m_ty="-36.255421"/>
   <element name="pipe_3" layername="pipe_3" frame="0" z_index="16" m_a="1.000000" m_b="0.000000" m_c="0.000000" m_d="0.803221" m_tx="1.000000" m_ty="-36.255421"/>
  </frame>
  <frame idx="175" w="205" h="541" x="-2.979996" y="-218.336319">
   <element name="joint_1" layername="joint" frame="0" z_index="15" m_a="1.000000" m_b="0.000000" m_c="0.000000" m_d="1.000000" m_tx="2.445545" m_ty="-305.110107"/>
   <element name="joint_2" layername="joint_2" frame="0" z_index="14" m_a="1.000000" m_b="0.000000" m_c="0.000000" m_d="1.000000" m_tx="1.600000" m_ty="-305.084351"/>
   <element name="joint_3" layername="joint_3" frame="0" z_index="13" m_a="1.000000" m_b="0.000000" m_c="0.000000" m_d="1.000000" m_tx="0.000000" m_ty="-307.617920"/>
   <element name="pipe_1" layername="pipe" frame="0" z_index="18" m_a="1.000000" m_b="0.000000" m_c="0.000000" m_d="0.774546" m_tx="-1.000000" m_ty="-34.255421"/>
   <element name="pipe_2" layername="pipe_2" frame="0" z_index="17" m_a="0.810490" m_b="0.000000" m_c="0.000000" m_d="0.810490" m_tx="2.000000" m_ty="-36.255421"/>
   <element name="pipe_3" layername="pipe_3" frame="0" z_index="16" m_a="1.000000" m_b="0.000000" m_c="0.000000" m_d="0.803221" m_tx="1.000000" m_ty="-36.255421"/>
  </frame>
  <frame idx="200" w="205" h="541" x="-2.979996" y="-218.336319">
   <element name="joint_1" layername="joint" frame="0" z_index="15" m_a="1.000000" m_b="0.000000" m_c="0.000000" m_d="1.000000" m_tx="2.445545" m_ty="-305.110107"/>
   <element name="joint_2" layername="joint_2" frame="0" z_index="14" m_a="1.000000" m_b="0.000000" m_c="0.000000" m_d="1.000000" m_tx="1.600000" m_ty="-305.084351"/>
   <element name="joint_3" layername="joint_3" frame="0" z_index="13" m_a="1.000000" m_b="0.000000" m_c="0.000000" m_d="1.000000" m_tx="0.000000" m_ty="-307.617920"/>
   <element name="pipe_1" layername="pipe" frame="0" z_index="18" m_a="1.000000" m_b="0.000000" m_c="0.000000" m_d="0.774546" m_tx="-1.000000" m_ty="-34.255421"/>
   <element name="pipe_2" layername="pipe_2" frame="0" z_index="17" m_a="0.810490" m_b="0.000000" m_c="0.000000" m_d="0.810490" m_tx="2.000000" m_ty="-36.255421"/>
   <element name="pipe_3" layername="pipe_3" frame="0" z_index="16" m_a="1.000000" m_b="0.000000" m_c="0.000000" m_d="0.803221" m_tx="1.000000" m_ty="-36.255421"/>
  </frame>
 </anim>
 <anim name="place" root="well_sprinkler_pipes" numframes="425" framerate="40">
  <frame idx="0" w="2" h="-2147483648" x="0.000000" y="257955736343278000948038214877184.000000"/>
  <frame idx="25" w="2" h="-2147483648" x="0.000000" y="257955736343278000948038214877184.000000"/>
  <frame idx="50" w="205" h="528" x="-2.979996" y="-223.071777">
   <element name="joint_1" layername="joint" frame="0" z_index="14" m_a="1.000000" m_b="0.000000" m_c="0.000000" m_d="0.065511" m_tx="2.445545" m_ty="-53.868248"/>
   <element name="joint_2" layername="joint_2" frame="0" z_index="13" m_a="1.000000" m_b="0.000000" m_c="0.000000" m_d="0.065511" m_tx="1.600000" m_ty="-53.866554"/>
   <element name="joint_3" layername="joint_3" frame="0" z_index="15" m_a="1.000000" m_b="0.000000" m_c="0.000000" m_d="0.065511" m_tx="0.000000" m_ty="-54.032532"/>
   <element name="pipe_1" layername="pipe" frame="0" z_index="16" m_a="1.000000" m_b="0.000000" m_c="0.000000" m_d="0.050741" m_tx="-1.000000" m_ty="-36.124397"/>
   <element name="pipe_2" layername="pipe_2" frame="0" z_index="17" m_a="0.810490" m_b="0.000000" m_c="0.000000" m_d="0.053096" m_tx="2.000000" m_ty="-36.255421"/>
   <element name="pipe_3" layername="pipe_3" frame="0" z_index="18" m_a="1.000000" m_b="0.000000" m_c="0.000000" m_d="0.052620" m_tx="1.000000" m_ty="-36.255421"/>
  </frame>
  <frame idx="75" w="205" h="520" x="-2.979996" y="-231.093170">
   <element name="joint_1" layername="joint" frame="0" z_index="14" m_a="1.000000" m_b="0.000000" m_c="0.000000" m_d="0.159408" m_tx="2.445545" m_ty="-79.112885"/>
   <element name="joint_2" layername="joint_2" frame="0" z_index="13" m_a="1.000000" m_b="0.000000" m_c="0.000000" m_d="0.159408" m_tx="1.600000" m_ty="-79.108780"/>
   <element name="joint_3" layername="joint_3" frame="0" z_index="15" m_a="1.000000" m_b="0.000000" m_c="0.000000" m_d="0.159408" m_tx="0.000000" m_ty="-79.512650"/>
   <element name="pipe_1" layername="pipe" frame="0" z_index="16" m_a="1.000000" m_b="0.000000" m_c="0.000000" m_d="0.123468" m_tx="-1.000000" m_ty="-35.936604"/>
   <element name="pipe_2" layername="pipe_2" frame="0" z_index="17" m_a="0.810490" m_b="0.000000" m_c="0.000000" m_d="0.129198" m_tx="2.000000" m_ty="-36.255421"/>
   <element name="pipe_3" layername="pipe_3" frame="0" z_index="18" m_a="1.000000" m_b="0.000000" m_c="0.000000" m_d="0.128040" m_tx="1.000000" m_ty="-36.255421"/>
  </frame>
  <frame idx="100" w="205" h="511" x="-2.979996" y="-239.114532">
   <element name="joint_1" layername="joint" frame="0" z_index="14" m_a="1.000000" m_b="0.000000" m_c="0.000000" m_d="0.253305" m_tx="2.445545" m_ty="-104.357529"/>
   <element name="joint_2" layername="joint_2" frame="0" z_index="13" m_a="1.000000" m_b="0.000000" m_c="0.000000" m_d="0.253305" m_tx="1.600000" m_ty="-104.350998"/>
   <element name="joint_3" layername="joint_3" frame="0" z_index="15" m_a="1.000000" m_b="0.000000" m_c="0.000000" m_d="0.253305" m_tx="0.000000" m_ty="-104.992767"/>
   <element name="pipe_1" layername="pipe" frame="0" z_index="16" m_a="1.000000" m_b="0.000000" m_c="0.000000" m_d="0.196196" m_tx="-1.000000" m_ty="-35.748810"/>
   <element name="pipe_2" layername="pipe_2" frame="0" z_index="17" m_a="0.810490" m_b="0.000000" m_c="0.000000" m_d="0.205301" m_tx="2.000000" m_ty="-36.255421"/>
   <element name="pipe_3" layername="pipe_3" frame="0" z_index="18" m_a="1.000000" m_b="0.000000" m_c="0.000000" m_d="0.203460" m_tx="1.000000" m_ty="-36.255421"/>
  </frame>
  <frame idx="125" w="205" h="501" x="-2.979996" y="-247.135910">
   <element name="joint_1" layername="joint" frame="0" z_index="14" m_a="1.000000" m_b="0.000000" m_c="0.000000" m_d="0.347202" m_tx="2.445545" m_ty="-129.602173"/>
   <element name="joint_2" layername="joint_2" frame="0" z_index="13" m_a="1.000000" m_b="0.000000" m_c="0.000000" m_d="0.347202" m_tx="1.600000" m_ty="-129.593231"/>
   <element name="joint_3" layername="joint_3" frame="0" z_index="15" m_a="1.000000" m_b="0.000000" m_c="0.000000" m_d="0.347202" m_tx="0.000000" m_ty="-130.472885"/>
   <element name="pipe_1" layername="pipe" frame="0" z_index="16" m_a="1.000000" m_b="0.000000" m_c="0.000000" m_d="0.268923" m_tx="-1.000000" m_ty="-35.561016"/>
   <element name="pipe_2" layername="pipe_2" frame="0" z_index="17" m_a="0.810490" m_b="0.000000" m_c="0.000000" m_d="0.281403" m_tx="2.000000" m_ty="-36.255421"/>
   <element name="pipe_3" layername="pipe_3" frame="0" z_index="18" m_a="1.000000" m_b="0.000000" m_c="0.000000" m_d="0.278880" m_tx="1.000000" m_ty="-36.255421"/>
  </frame>
  <frame idx="150" w="205" h="492" x="-2.979996" y="-255.157288">
   <element name="joint_1" layername="joint" frame="0" z_index="14" m_a="1.000000" m_b="0.000000" m_c="0.000000" m_d="0.441099" m_tx="2.445545" m_ty="-154.846817"/>
   <element name="joint_2" layername="joint_2" frame="0" z_index="13" m_a="1.000000" m_b="0.000000" m_c="0.000000" m_d="0.441099" m_tx="1.600000" m_ty="-154.835449"/>
   <element name="joint_3" layername="joint_3" frame="0" z_index="15" m_a="1.000000" m_b="0.000000" m_c="0.000000" m_d="0.441099" m_tx="0.000000" m_ty="-155.953003"/>
   <element name="pipe_1" layername="pipe" frame="0" z_index="16" m_a="1.000000" m_b="0.000000" m_c="0.000000" m_d="0.341651" m_tx="-1.000000" m_ty="-35.373222"/>
   <element name="pipe_2" layername="pipe_2" frame="0" z_index="17" m_a="0.810490" m_b="0.000000" m_c="0.000000" m_d="0.357506" m_tx="2.000000" m_ty="-36.255421"/>
   <element name="pipe_3" layername="pipe_3" frame="0" z_index="18" m_a="1.000000" m_b="0.000000" m_c="0.000000" m_d="0.354299" m_tx="1.000000" m_ty="-36.255421"/>
  </frame>
  <frame idx="175" w="205" h="482" x="-2.979996" y="-263.178650">
   <element name="joint_1" layername="joint" frame="0" z_index="14" m_a="1.000000" m_b="0.000000" m_c="0.000000" m_d="0.534996" m_tx="2.445545" m_ty="-180.091461"/>
   <element name="joint_2" layername="joint_2" frame="0" z_index="13" m_a="1.000000" m_b="0.000000" m_c="0.000000" m_d="0.534996" m_tx="1.600000" m_ty="-180.077682"/>
   <element name="joint_3" layername="joint_3" frame="0" z_index="15" m_a="1.000000" m_b="0.000000" m_c="0.000000" m_d="0.534996" m_tx="0.000000" m_ty="-181.433121"/>
   <element name="pipe_1" layername="pipe" frame="0" z_index="16" m_a="1.000000" m_b="0.000000" m_c="0.000000" m_d="0.414378" m_tx="-1.000000" m_ty="-35.185429"/>
   <element name="pipe_2" layername="pipe_2" frame="0" z_index="17" m_a="0.810490" m_b="0.000000" m_c="0.000000" m_d="0.433608" m_tx="2.000000" m_ty="-36.255421"/>
   <element name="pipe_3" layername="pipe_3" frame="0" z_index="18" m_a="1.000000" m_b="0.000000" m_c="0.000000" m_d="0.429719" m_tx="1.000000" m_ty="-36.255421"/>
  </frame>
  <frame idx="200" w="205" h="480" x="-2.979996" y="-265.533936">
   <element name="joint_1" layername="joint" frame="0" z_index="14" m_a="1.000000" m_b="0.000000" m_c="0.000000" m_d="0.628893" m_tx="2.445545" m_ty="-205.336105"/>
   <element name="joint_2" layername="joint_2" frame="0" z_index="13" m_a="1.000000" m_b="0.000000" m_c="0.000000" m_d="0.628893" m_tx="1.600000" m_ty="-205.319901"/>
   <element name="joint_3" layername="joint_3" frame="0" z_index="15" m_a="1.000000" m_b="0.000000" m_c="0.000000" m_d="0.628893" m_tx="0.000000" m_ty="-206.913239"/>
   <element name="pipe_1" layername="pipe" frame="0" z_index="16" m_a="1.000000" m_b="0.000000" m_c="0.000000" m_d="0.487106" m_tx="-1.000000" m_ty="-34.997635"/>
   <element name="pipe_2" layername="pipe_2" frame="0" z_index="17" m_a="0.810490" m_b="0.000000" m_c="0.000000" m_d="0.509711" m_tx="2.000000" m_ty="-36.255421"/>
   <element name="pipe_3" layername="pipe_3" frame="0" z_index="18" m_a="1.000000" m_b="0.000000" m_c="0.000000" m_d="0.505139" m_tx="1.000000" m_ty="-36.255421"/>
  </frame>
  <frame idx="225" w="205" h="493" x="-2.979996" y="-252.959229">
   <element name="joint_1" layername="joint" frame="0" z_index="14" m_a="1.000000" m_b="0.000000" m_c="0.000000" m_d="0.722789" m_tx="2.445545" m_ty="-230.580734"/>
   <element name="joint_2" layername="joint_2" frame="0" z_index="13" m_a="1.000000" m_b="0.000000" m_c="0.000000" m_d="0.722789" m_tx="1.600000" m_ty="-230.562119"/>
   <element name="joint_3" layername="joint_3" frame="0" z_index="15" m_a="1.000000" m_b="0.000000" m_c="0.000000" m_d="0.722789" m_tx="0.000000" m_ty="-232.393356"/>
   <element name="pipe_1" layername="pipe" frame="0" z_index="16" m_a="1.000000" m_b="0.000000" m_c="0.000000" m_d="0.559833" m_tx="-1.000000" m_ty="-34.809841"/>
   <element name="pipe_2" layername="pipe_2" frame="0" z_index="17" m_a="0.810490" m_b="0.000000" m_c="0.000000" m_d="0.585813" m_tx="2.000000" m_ty="-36.255421"/>
   <element name="pipe_3" layername="pipe_3" frame="0" z_index="18" m_a="1.000000" m_b="0.000000" m_c="0.000000" m_d="0.580559" m_tx="1.000000" m_ty="-36.255421"/>
  </frame>
  <frame idx="250" w="205" h="506" x="-2.979996" y="-240.384521">
   <element name="joint_1" layername="joint" frame="0" z_index="14" m_a="1.000000" m_b="0.000000" m_c="0.000000" m_d="0.816686" m_tx="2.445545" m_ty="-255.825378"/>
   <element name="joint_2" layername="joint_2" frame="0" z_index="13" m_a="1.000000" m_b="0.000000" m_c="0.000000" m_d="0.816686" m_tx="1.600000" m_ty="-255.804337"/>
   <element name="joint_3" layername="joint_3" frame="0" z_index="15" m_a="1.000000" m_b="0.000000" m_c="0.000000" m_d="0.816686" m_tx="0.000000" m_ty="-257.873474"/>
   <element name="pipe_1" layername="pipe" frame="0" z_index="16" m_a="1.000000" m_b="0.000000" m_c="0.000000" m_d="0.632561" m_tx="-1.000000" m_ty="-34.622047"/>
   <element name="pipe_2" layername="pipe_2" frame="0" z_index="17" m_a="0.810490" m_b="0.000000" m_c="0.000000" m_d="0.661916" m_tx="2.000000" m_ty="-36.255421"/>
   <element name="pipe_3" layername="pipe_3" frame="0" z_index="18" m_a="1.000000" m_b="0.000000" m_c="0.000000" m_d="0.655979" m_tx="1.000000" m_ty="-36.255421"/>
  </frame>
  <frame idx="275" w="205" h="520" x="-2.979996" y="-227.809799">
   <element name="joint_1" layername="joint" frame="0" z_index="14" m_a="1.000000" m_b="0.000000" m_c="0.000000" m_d="0.910583" m_tx="2.445545" m_ty="-281.070038"/>
   <element name="joint_2" layername="joint_2" frame="0" z_index="13" m_a="1.000000" m_b="0.000000" m_c="0.000000" m_d="0.910583" m_tx="1.600000" m_ty="-281.046570"/>
   <element name="joint_3" layername="joint_3" frame="0" z_index="15" m_a="1.000000" m_b="0.000000" m_c="0.000000" m_d="0.910583" m_tx="0.000000" m_ty="-283.353607"/>
   <element name="pipe_1" layername="pipe" frame="0" z_index="16" m_a="1.000000" m_b="0.000000" m_c="0.000000" m_d="0.705288" m_tx="-1.000000" m_ty="-34.434254"/>
   <element name="pipe_2" layername="pipe_2" frame="0" z_index="17" m_a="0.810490" m_b="0.000000" m_c="0.000000" m_d="0.738018" m_tx="2.000000" m_ty="-36.255421"/>
   <element name="pipe_3" layername="pipe_3" frame="0" z_index="18" m_a="1.000000" m_b="0.000000" m_c="0.000000" m_d="0.731399" m_tx="1.000000" m_ty="-36.255421"/>
  </frame>
  <frame idx="300" w="205" h="544" x="-2.979996" y="-218.348724">
   <element name="joint_1" layername="joint" frame="0" z_index="14" m_a="1.000000" m_b="0.000000" m_c="0.000000" m_d="1.004480" m_tx="2.445545" m_ty="-306.314667"/>
   <element name="joint_2" layername="joint_2" frame="0" z_index="13" m_a="1.000000" m_b="0.000000" m_c="0.000000" m_d="1.004480" m_tx="1.600000" m_ty="-306.288757"/>
   <element name="joint_3" layername="joint_3" frame="0" z_index="15" m_a="1.000000" m_b="0.000000" m_c="0.000000" m_d="1.004480" m_tx="0.000000" m_ty="-308.833710"/>
   <element name="pipe_1" layername="pipe" frame="0" z_index="16" m_a="1.000000" m_b="0.000000" m_c="0.000000" m_d="0.778016" m_tx="-1.000000" m_ty="-34.246460"/>
   <element name="pipe_2" layername="pipe_2" frame="0" z_index="17" m_a="0.810490" m_b="0.000000" m_c="0.000000" m_d="0.814121" m_tx="2.000000" m_ty="-36.255421"/>
   <element name="pipe_3" layername="pipe_3" frame="0" z_index="18" m_a="1.000000" m_b="0.000000" m_c="0.000000" m_d="0.806819" m_tx="1.000000" m_ty="-36.255421"/>
  </frame>
  <frame idx="325" w="205" h="600" x="-2.979996" y="-218.607986">
   <element name="joint_1" layername="joint" frame="0" z_index="14" m_a="1.000000" m_b="0.000000" m_c="0.000000" m_d="1.098377" m_tx="2.445545" m_ty="-331.559326"/>
   <element name="joint_2" layername="joint_2" frame="0" z_index="13" m_a="1.000000" m_b="0.000000" m_c="0.000000" m_d="1.098377" m_tx="1.600000" m_ty="-331.531006"/>
   <element name="joint_3" layername="joint_3" frame="0" z_index="15" m_a="1.000000" m_b="0.000000" m_c="0.000000" m_d="1.098377" m_tx="0.000000" m_ty="-334.313843"/>
   <element name="pipe_1" layername="pipe" frame="0" z_index="16" m_a="1.000000" m_b="0.000000" m_c="0.000000" m_d="0.850743" m_tx="-1.000000" m_ty="-34.058666"/>
   <element name="pipe_2" layername="pipe_2" frame="0" z_index="17" m_a="0.810490" m_b="0.000000" m_c="0.000000" m_d="0.890224" m_tx="2.000000" m_ty="-36.255421"/>
   <element name="pipe_3" layername="pipe_3" frame="0" z_index="18" m_a="1.000000" m_b="0.000000" m_c="0.000000" m_d="0.882239" m_tx="1.000000" m_ty="-36.255421"/>
  </frame>
  <frame idx="350" w="205" h="655" x="-2.979996" y="-218.867203">
   <element name="joint_1" layername="joint" frame="0" z_index="14" m_a="1.000000" m_b="0.000000" m_c="0.000000" m_d="1.192274" m_tx="2.445545" m_ty="-356.803955"/>
   <element name="joint_2" layername="joint_2" frame="0" z_index="13" m_a="1.000000" m_b="0.000000" m_c="0.000000" m_d="1.192274" m_tx="1.600000" m_ty="-356.773224"/>
   <element name="joint_3" layername="joint_3" frame="0" z_index="15" m_a="1.000000" m_b="0.000000" m_c="0.000000" m_d="1.192274" m_tx="0.000000" m_ty="-359.793945"/>
   <element name="pipe_1" layername="pipe" frame="0" z_index="16" m_a="1.000000" m_b="0.000000" m_c="0.000000" m_d="0.923471" m_tx="-1.000000" m_ty="-33.870872"/>
   <element name="pipe_2" layername="pipe_2" frame="0" z_index="17" m_a="0.810490" m_b="0.000000" m_c="0.000000" m_d="0.966326" m_tx="2.000000" m_ty="-36.255421"/>
   <element name="pipe_3" layername="pipe_3" frame="0" z_index="18" m_a="1.000000" m_b="0.000000" m_c="0.000000" m_d="0.957659" m_tx="1.000000" m_ty="-36.255421"/>
  </frame>
  <frame idx="375" w="205" h="621" x="-2.979996" y="-218.709229">
   <element name="joint_1" layername="joint" frame="0" z_index="14" m_a="1.000000" m_b="0.000000" m_c="0.000000" m_d="1.135050" m_tx="2.445545" m_ty="-341.418884"/>
   <element name="joint_2" layername="joint_2" frame="0" z_index="13" m_a="1.000000" m_b="0.000000" m_c="0.000000" m_d="1.135050" m_tx="1.600000" m_ty="-341.389618"/>
   <element name="joint_3" layername="joint_3" frame="0" z_index="15" m_a="1.000000" m_b="0.000000" m_c="0.000000" m_d="1.135050" m_tx="0.000000" m_ty="-344.265381"/>
   <element name="pipe_1" layername="pipe" frame="0" z_index="16" m_a="1.000000" m_b="0.000000" m_c="0.000000" m_d="0.879148" m_tx="-1.000000" m_ty="-33.985321"/>
   <element name="pipe_2" layername="pipe_2" frame="0" z_index="17" m_a="0.810490" m_b="0.000000" m_c="0.000000" m_d="0.919946" m_tx="2.000000" m_ty="-36.255421"/>
   <element name="pipe_3" layername="pipe_3" frame="0" z_index="18" m_a="1.000000" m_b="0.000000" m_c="0.000000" m_d="0.911695" m_tx="1.000000" m_ty="-36.255421"/>
  </frame>
  <frame idx="400" w="205" h="588" x="-2.979996" y="-218.551193">
   <element name="joint_1" layername="joint" frame="0" z_index="14" m_a="1.000000" m_b="0.000000" m_c="0.000000" m_d="1.077825" m_tx="2.445545" m_ty="-326.033813"/>
   <element name="joint_2" layername="joint_2" frame="0" z_index="13" m_a="1.000000" m_b="0.000000" m_c="0.000000" m_d="1.077825" m_tx="1.600000" m_ty="-326.006042"/>
   <element name="joint_3" layername="joint_3" frame="0" z_index="15" m_a="1.000000" m_b="0.000000" m_c="0.000000" m_d="1.077825" m_tx="0.000000" m_ty="-328.736786"/>
   <element name="pipe_1" layername="pipe" frame="0" z_index="16" m_a="1.000000" m_b="0.000000" m_c="0.000000" m_d="0.834825" m_tx="-1.000000" m_ty="-34.099770"/>
   <element name="pipe_2" layername="pipe_2" frame="0" z_index="17" m_a="0.810490" m_b="0.000000" m_c="0.000000" m_d="0.873567" m_tx="2.000000" m_ty="-36.255421"/>
   <element name="pipe_3" layername="pipe_3" frame="0" z_index="18" m_a="1.000000" m_b="0.000000" m_c="0.000000" m_d="0.865732" m_tx="1.000000" m_ty="-36.255421"/>
  </frame>
 </anim>
 <anim name="retract" root="well_sprinkler_pipes" numframes="425" framerate="40">
  <frame idx="0" w="205" h="541" x="-2.979996" y="-218.336319">
   <element name="joint_1" layername="joint" frame="0" z_index="14" m_a="1.000000" m_b="0.000000" m_c="0.000000" m_d="1.000000" m_tx="2.445545" m_ty="-305.110107"/>
   <element name="joint_2" layername="joint_2" frame="0" z_index="13" m_a="1.000000" m_b="0.000000" m_c="0.000000" m_d="1.000000" m_tx="1.600000" m_ty="-305.084351"/>
   <element name="joint_3" layername="joint_3" frame="0" z_index="15" m_a="1.000000" m_b="0.000000" m_c="0.000000" m_d="1.000000" m_tx="0.000000" m_ty="-307.617920"/>
   <element name="pipe_1" layername="pipe" frame="0" z_index="16" m_a="1.000000" m_b="0.000000" m_c="0.000000" m_d="0.774546" m_tx="-1.000000" m_ty="-34.255421"/>
   <element name="pipe_2" layername="pipe_2" frame="0" z_index="17" m_a="0.810490" m_b="0.000000" m_c="0.000000" m_d="0.810490" m_tx="2.000000" m_ty="-36.255421"/>
   <element name="pipe_3" layername="pipe_3" frame="0" z_index="18" m_a="1.000000" m_b="0.000000" m_c="0.000000" m_d="0.803221" m_tx="1.000000" m_ty="-36.255421"/>
  </frame>
  <frame idx="25" w="205" h="570" x="-2.979996" y="-218.469788">
   <element name="joint_1" layername="joint" frame="0" z_index="14" m_a="1.000000" m_b="0.000000" m_c="0.000000" m_d="1.048340" m_tx="2.445545" m_ty="-318.106598"/>
   <element name="joint_2" layername="joint_2" frame="0" z_index="13" m_a="1.000000" m_b="0.000000" m_c="0.000000" m_d="1.048340" m_tx="1.600000" m_ty="-318.079590"/>
   <element name="joint_3" layername="joint_3" frame="0" z_index="15" m_a="1.000000" m_b="0.000000" m_c="0.000000" m_d="1.048340" m_tx="0.000000" m_ty="-320.735657"/>
   <element name="pipe_1" layername="pipe" frame="0" z_index="16" m_a="1.000000" m_b="0.000000" m_c="0.000000" m_d="0.811988" m_tx="-1.000000" m_ty="-34.158741"/>
   <element name="pipe_2" layername="pipe_2" frame="0" z_index="17" m_a="0.810490" m_b="0.000000" m_c="0.000000" m_d="0.849669" m_tx="2.000000" m_ty="-36.255421"/>
   <element name="pipe_3" layername="pipe_3" frame="0" z_index="18" m_a="1.000000" m_b="0.000000" m_c="0.000000" m_d="0.842049" m_tx="1.000000" m_ty="-36.255421"/>
  </frame>
  <frame idx="50" w="205" h="599" x="-2.979996" y="-218.603226">
   <element name="joint_1" layername="joint" frame="0" z_index="14" m_a="1.000000" m_b="0.000000" m_c="0.000000" m_d="1.096681" m_tx="2.445545" m_ty="-331.103088"/>
   <element name="joint_2" layername="joint_2" frame="0" z_index="13" m_a="1.000000" m_b="0.000000" m_c="0.000000" m_d="1.096681" m_tx="1.600000" m_ty="-331.074829"/>
   <element name="joint_3" layername="joint_3" frame="0" z_index="15" m_a="1.000000" m_b="0.000000" m_c="0.000000" m_d="1.096681" m_tx="0.000000" m_ty="-333.853394"/>
   <element name="pipe_1" layername="pipe" frame="0" z_index="16" m_a="1.000000" m_b="0.000000" m_c="0.000000" m_d="0.849429" m_tx="-1.000000" m_ty="-34.062057"/>
   <element name="pipe_2" layername="pipe_2" frame="0" z_index="17" m_a="0.810490" m_b="0.000000" m_c="0.000000" m_d="0.888849" m_tx="2.000000" m_ty="-36.255421"/>
   <element name="pipe_3" layername="pipe_3" frame="0" z_index="18" m_a="1.000000" m_b="0.000000" m_c="0.000000" m_d="0.880876" m_tx="1.000000" m_ty="-36.255421"/>
  </frame>
  <frame idx="75" w="205" h="627" x="-2.979996" y="-218.736710">
   <element name="joint_1" layername="joint" frame="0" z_index="14" m_a="1.000000" m_b="0.000000" m_c="0.000000" m_d="1.145021" m_tx="2.445545" m_ty="-344.099609"/>
   <element name="joint_2" layername="joint_2" frame="0" z_index="13" m_a="1.000000" m_b="0.000000" m_c="0.000000" m_d="1.145021" m_tx="1.600000" m_ty="-344.070099"/>
   <element name="joint_3" layername="joint_3" frame="0" z_index="15" m_a="1.000000" m_b="0.000000" m_c="0.000000" m_d="1.145021" m_tx="0.000000" m_ty="-346.971100"/>
   <element name="pipe_1" layername="pipe" frame="0" z_index="16" m_a="1.000000" m_b="0.000000" m_c="0.000000" m_d="0.886871" m_tx="-1.000000" m_ty="-33.965378"/>
   <element name="pipe_2" layername="pipe_2" frame="0" z_index="17" m_a="0.810490" m_b="0.000000" m_c="0.000000" m_d="0.928028" m_tx="2.000000" m_ty="-36.255421"/>
   <element name="pipe_3" layername="pipe_3" frame="0" z_index="18" m_a="1.000000" m_b="0.000000" m_c="0.000000" m_d="0.919704" m_tx="1.000000" m_ty="-36.255421"/>
  </frame>
  <frame idx="100" w="205" h="656" x="-2.979996" y="-218.870178">
   <element name="joint_1" layername="joint" frame="0" z_index="14" m_a="1.000000" m_b="0.000000" m_c="0.000000" m_d="1.193361" m_tx="2.445545" m_ty="-357.096100"/>
   <element name="joint_2" layername="joint_2" frame="0" z_index="13" m_a="1.000000" m_b="0.000000" m_c="0.000000" m_d="1.193361" m_tx="1.600000" m_ty="-357.065338"/>
   <element name="joint_3" layername="joint_3" frame="0" z_index="15" m_a="1.000000" m_b="0.000000" m_c="0.000000" m_d="1.193361" m_tx="0.000000" m_ty="-360.088837"/>
   <element name="pipe_1" layername="pipe" frame="0" z_index="16" m_a="1.000000" m_b="0.000000" m_c="0.000000" m_d="0.924313" m_tx="-1.000000" m_ty="-33.868698"/>
   <element name="pipe_2" layername="pipe_2" frame="0" z_index="17" m_a="0.810490" m_b="0.000000" m_c="0.000000" m_d="0.967207" m_tx="2.000000" m_ty="-36.255421"/>
   <element name="pipe_3" layername="pipe_3" frame="0" z_index="18" m_a="1.000000" m_b="0.000000" m_c="0.000000" m_d="0.958532" m_tx="1.000000" m_ty="-36.255421"/>
  </frame>
  <frame idx="125" w="205" h="590" x="-2.979996" y="-218.563065">
   <element name="joint_1" layername="joint" frame="0" z_index="14" m_a="1.000000" m_b="0.000000" m_c="0.000000" m_d="1.082130" m_tx="2.445545" m_ty="-327.191193"/>
   <element name="joint_2" layername="joint_2" frame="0" z_index="13" m_a="1.000000" m_b="0.000000" m_c="0.000000" m_d="1.082130" m_tx="1.600000" m_ty="-327.163300"/>
   <element name="joint_3" layername="joint_3" frame="0" z_index="15" m_a="1.000000" m_b="0.000000" m_c="0.000000" m_d="1.082130" m_tx="0.000000" m_ty="-329.904968"/>
   <element name="pipe_1" layername="pipe" frame="0" z_index="16" m_a="1.000000" m_b="0.000000" m_c="0.000000" m_d="0.838160" m_tx="-1.000000" m_ty="-34.091160"/>
   <element name="pipe_2" layername="pipe_2" frame="0" z_index="17" m_a="0.810490" m_b="0.000000" m_c="0.000000" m_d="0.877056" m_tx="2.000000" m_ty="-36.255421"/>
   <element name="pipe_3" layername="pipe_3" frame="0" z_index="18" m_a="1.000000" m_b="0.000000" m_c="0.000000" m_d="0.869189" m_tx="1.000000" m_ty="-36.255421"/>
  </frame>
  <frame idx="150" w="205" h="528" x="-2.979996" y="-219.732224">
   <element name="joint_1" layername="joint" frame="0" z_index="14" m_a="1.000000" m_b="0.000000" m_c="0.000000" m_d="0.970900" m_tx="2.445545" m_ty="-297.286285"/>
   <element name="joint_2" layername="joint_2" frame="0" z_index="13" m_a="1.000000" m_b="0.000000" m_c="0.000000" m_d="0.970900" m_tx="1.600000" m_ty="-297.261261"/>
   <element name="joint_3" layername="joint_3" frame="0" z_index="15" m_a="1.000000" m_b="0.000000" m_c="0.000000" m_d="0.970900" m_tx="0.000000" m_ty="-299.721130"/>
   <element name="pipe_1" layername="pipe" frame="0" z_index="16" m_a="1.000000" m_b="0.000000" m_c="0.000000" m_d="0.752006" m_tx="-1.000000" m_ty="-34.313622"/>
   <element name="pipe_2" layername="pipe_2" frame="0" z_index="17" m_a="0.810490" m_b="0.000000" m_c="0.000000" m_d="0.786904" m_tx="2.000000" m_ty="-36.255421"/>
   <element name="pipe_3" layername="pipe_3" frame="0" z_index="18" m_a="1.000000" m_b="0.000000" m_c="0.000000" m_d="0.779846" m_tx="1.000000" m_ty="-36.255421"/>
  </frame>
  <frame idx="175" w="205" h="513" x="-2.979996" y="-234.628296">
   <element name="joint_1" layername="joint" frame="0" z_index="14" m_a="1.000000" m_b="0.000000" m_c="0.000000" m_d="0.859669" m_tx="2.445545" m_ty="-267.381378"/>
   <element name="joint_2" layername="joint_2" frame="0" z_index="13" m_a="1.000000" m_b="0.000000" m_c="0.000000" m_d="0.859669" m_tx="1.600000" m_ty="-267.359222"/>
   <element name="joint_3" layername="joint_3" frame="0" z_index="15" m_a="1.000000" m_b="0.000000" m_c="0.000000" m_d="0.859669" m_tx="0.000000" m_ty="-269.537262"/>
   <element name="pipe_1" layername="pipe" frame="0" z_index="16" m_a="1.000000" m_b="0.000000" m_c="0.000000" m_d="0.665853" m_tx="-1.000000" m_ty="-34.536083"/>
   <element name="pipe_2" layername="pipe_2" frame="0" z_index="17" m_a="0.810490" m_b="0.000000" m_c="0.000000" m_d="0.696753" m_tx="2.000000" m_ty="-36.255421"/>
   <element name="pipe_3" layername="pipe_3" frame="0" z_index="18" m_a="1.000000" m_b="0.000000" m_c="0.000000" m_d="0.690504" m_tx="1.000000" m_ty="-36.255421"/>
  </frame>
  <frame idx="200" w="205" h="497" x="-2.979996" y="-249.524353">
   <element name="joint_1" layername="joint" frame="0" z_index="14" m_a="1.000000" m_b="0.000000" m_c="0.000000" m_d="0.748438" m_tx="2.445545" m_ty="-237.476471"/>
   <element name="joint_2" layername="joint_2" frame="0" z_index="13" m_a="1.000000" m_b="0.000000" m_c="0.000000" m_d="0.748438" m_tx="1.600000" m_ty="-237.457169"/>
   <element name="joint_3" layername="joint_3" frame="0" z_index="15" m_a="1.000000" m_b="0.000000" m_c="0.000000" m_d="0.748438" m_tx="0.000000" m_ty="-239.353409"/>
   <element name="pipe_1" layername="pipe" frame="0" z_index="16" m_a="1.000000" m_b="0.000000" m_c="0.000000" m_d="0.579700" m_tx="-1.000000" m_ty="-34.758545"/>
   <element name="pipe_2" layername="pipe_2" frame="0" z_index="17" m_a="0.810490" m_b="0.000000" m_c="0.000000" m_d="0.606601" m_tx="2.000000" m_ty="-36.255421"/>
   <element name="pipe_3" layername="pipe_3" frame="0" z_index="18" m_a="1.000000" m_b="0.000000" m_c="0.000000" m_d="0.601161" m_tx="1.000000" m_ty="-36.255421"/>
  </frame>
  <frame idx="225" w="205" h="481" x="-2.979996" y="-264.420410">
   <element name="joint_1" layername="joint" frame="0" z_index="14" m_a="1.000000" m_b="0.000000" m_c="0.000000" m_d="0.637207" m_tx="2.445545" m_ty="-207.571548"/>
   <element name="joint_2" layername="joint_2" frame="0" z_index="13" m_a="1.000000" m_b="0.000000" m_c="0.000000" m_d="0.637207" m_tx="1.600000" m_ty="-207.555115"/>
   <element name="joint_3" layername="joint_3" frame="0" z_index="15" m_a="1.000000" m_b="0.000000" m_c="0.000000" m_d="0.637207" m_tx="0.000000" m_ty="-209.169556"/>
   <element name="pipe_1" layername="pipe" frame="0" z_index="16" m_a="1.000000" m_b="0.000000" m_c="0.000000" m_d="0.493546" m_tx="-1.000000" m_ty="-34.981007"/>
   <element name="pipe_2" layername="pipe_2" frame="0" z_index="17" m_a="0.810490" m_b="0.000000" m_c="0.000000" m_d="0.516450" m_tx="2.000000" m_ty="-36.255421"/>
   <element name="pipe_3" layername="pipe_3" frame="0" z_index="18" m_a="1.000000" m_b="0.000000" m_c="0.000000" m_d="0.511818" m_tx="1.000000" m_ty="-36.255421"/>
  </frame>
  <frame idx="250" w="205" h="483" x="-2.979996" y="-262.408173">
   <element name="joint_1" layername="joint" frame="0" z_index="14" m_a="1.000000" m_b="0.000000" m_c="0.000000" m_d="0.525977" m_tx="2.445545" m_ty="-177.666656"/>
   <element name="joint_2" layername="joint_2" frame="0" z_index="13" m_a="1.000000" m_b="0.000000" m_c="0.000000" m_d="0.525977" m_tx="1.600000" m_ty="-177.653091"/>
   <element name="joint_3" layername="joint_3" frame="0" z_index="15" m_a="1.000000" m_b="0.000000" m_c="0.000000" m_d="0.525977" m_tx="0.000000" m_ty="-178.985703"/>
   <element name="pipe_1" layername="pipe" frame="0" z_index="16" m_a="1.000000" m_b="0.000000" m_c="0.000000" m_d="0.407393" m_tx="-1.000000" m_ty="-35.203468"/>
   <element name="pipe_2" layername="pipe_2" frame="0" z_index="17" m_a="0.810490" m_b="0.000000" m_c="0.000000" m_d="0.426299" m_tx="2.000000" m_ty="-36.255421"/>
   <element name="pipe_3" layername="pipe_3" frame="0" z_index="18" m_a="1.000000" m_b="0.000000" m_c="0.000000" m_d="0.422475" m_tx="1.000000" m_ty="-36.255421"/>
  </frame>
  <frame idx="275" w="205" h="494" x="-2.979996" y="-252.906021">
   <element name="joint_1" layername="joint" frame="0" z_index="14" m_a="1.000000" m_b="0.000000" m_c="0.000000" m_d="0.414746" m_tx="2.445545" m_ty="-147.761734"/>
   <element name="joint_2" layername="joint_2" frame="0" z_index="13" m_a="1.000000" m_b="0.000000" m_c="0.000000" m_d="0.414746" m_tx="1.600000" m_ty="-147.751022"/>
   <element name="joint_3" layername="joint_3" frame="0" z_index="15" m_a="1.000000" m_b="0.000000" m_c="0.000000" m_d="0.414746" m_tx="0.000000" m_ty="-148.801834"/>
   <element name="pipe_1" layername="pipe" frame="0" z_index="16" m_a="1.000000" m_b="0.000000" m_c="0.000000" m_d="0.321239" m_tx="-1.000000" m_ty="-35.425930"/>
   <element name="pipe_2" layername="pipe_2" frame="0" z_index="17" m_a="0.810490" m_b="0.000000" m_c="0.000000" m_d="0.336147" m_tx="2.000000" m_ty="-36.255421"/>
   <element name="pipe_3" layername="pipe_3" frame="0" z_index="18" m_a="1.000000" m_b="0.000000" m_c="0.000000" m_d="0.333132" m_tx="1.000000" m_ty="-36.255421"/>
  </frame>
  <frame idx="300" w="205" h="505" x="-2.979996" y="-243.403885">
   <element name="joint_1" layername="joint" frame="0" z_index="14" m_a="1.000000" m_b="0.000000" m_c="0.000000" m_d="0.303515" m_tx="2.445545" m_ty="-117.856827"/>
   <element name="joint_2" layername="joint_2" frame="0" z_index="13" m_a="1.000000" m_b="0.000000" m_c="0.000000" m_d="0.303515" m_tx="1.600000" m_ty="-117.848999"/>
   <element name="joint_3" layername="joint_3" frame="0" z_index="15" m_a="1.000000" m_b="0.000000" m_c="0.000000" m_d="0.303515" m_tx="0.000000" m_ty="-118.617981"/>
   <element name="pipe_1" layername="pipe" frame="0" z_index="16" m_a="1.000000" m_b="0.000000" m_c="0.000000" m_d="0.235086" m_tx="-1.000000" m_ty="-35.648392"/>
   <element name="pipe_2" layername="pipe_2" frame="0" z_index="17" m_a="0.810490" m_b="0.000000" m_c="0.000000" m_d="0.245996" m_tx="2.000000" m_ty="-36.255421"/>
   <element name="pipe_3" layername="pipe_3" frame="0" z_index="18" m_a="1.000000" m_b="0.000000" m_c="0.000000" m_d="0.243790" m_tx="1.000000" m_ty="-36.255421"/>
  </frame>
  <frame idx="325" w="205" h="516" x="-2.979996" y="-233.901733">
   <element name="joint_1" layername="joint" frame="0" z_index="14" m_a="1.000000" m_b="0.000000" m_c="0.000000" m_d="0.192285" m_tx="2.445545" m_ty="-87.951935"/>
   <element name="joint_2" layername="joint_2" frame="0" z_index="13" m_a="1.000000" m_b="0.000000" m_c="0.000000" m_d="0.192285" m_tx="1.600000" m_ty="-87.946960"/>
   <element name="joint_3" layername="joint_3" frame="0" z_index="15" m_a="1.000000" m_b="0.000000" m_c="0.000000" m_d="0.192285" m_tx="0.000000" m_ty="-88.434143"/>
   <element name="pipe_1" layername="pipe" frame="0" z_index="16" m_a="1.000000" m_b="0.000000" m_c="0.000000" m_d="0.148933" m_tx="-1.000000" m_ty="-35.870850"/>
   <element name="pipe_2" layername="pipe_2" frame="0" z_index="17" m_a="0.810490" m_b="0.000000" m_c="0.000000" m_d="0.155844" m_tx="2.000000" m_ty="-36.255421"/>
   <element name="pipe_3" layername="pipe_3" frame="0" z_index="18" m_a="1.000000" m_b="0.000000" m_c="0.000000" m_d="0.154447" m_tx="1.000000" m_ty="-36.255421"/>
  </frame>
  <frame idx="350" w="205" h="527" x="-2.979996" y="-224.399567">
   <element name="joint_1" layername="joint" frame="0" z_index="14" m_a="1.000000" m_b="0.000000" m_c="0.000000" m_d="0.081054" m_tx="2.445545" m_ty="-58.046997"/>
   <element name="joint_2" layername="joint_2" frame="0" z_index="13" m_a="1.000000" m_b="0.000000" m_c="0.000000" m_d="0.081054" m_tx="1.600000" m_ty="-58.044891"/>
   <element name="joint_3" layername="joint_3" frame="0" z_index="15" m_a="1.000000" m_b="0.000000" m_c="0.000000" m_d="0.081054" m_tx="0.000000" m_ty="-58.250275"/>
   <element name="pipe_1" layername="pipe" frame="0" z_index="16" m_a="1.000000" m_b="0.000000" m_c="0.000000" m_d="0.062779" m_tx="-1.000000" m_ty="-36.093315"/>
   <element name="pipe_2" layername="pipe_2" frame="0" z_index="17" m_a="0.810490" m_b="0.000000" m_c="0.000000" m_d="0.065693" m_tx="2.000000" m_ty="-36.255421"/>
   <element name="pipe_3" layername="pipe_3" frame="0" z_index="18" m_a="1.000000" m_b="0.000000" m_c="0.000000" m_d="0.065104" m_tx="1.000000" m_ty="-36.255421"/>
  </frame>
  <frame idx="375" w="205" h="523" x="-2.979996" y="-228.083160">
   <element name="joint_1" layername="joint" frame="0" z_index="14" m_a="1.000000" m_b="0.000000" m_c="0.000000" m_d="0.124173" m_tx="2.445545" m_ty="-69.639847"/>
   <element name="joint_2" layername="joint_2" frame="0" z_index="13" m_a="1.000000" m_b="0.000000" m_c="0.000000" m_d="0.124173" m_tx="1.600000" m_ty="-69.636642"/>
   <element name="joint_3" layername="joint_3" frame="0" z_index="15" m_a="1.000000" m_b="0.000000" m_c="0.000000" m_d="0.124173" m_tx="0.000000" m_ty="-69.951248"/>
   <element name="pipe_1" layername="pipe" frame="0" z_index="16" m_a="1.000000" m_b="0.000000" m_c="0.000000" m_d="0.096177" m_tx="-1.000000" m_ty="-36.007076"/>
   <element name="pipe_2" layername="pipe_2" frame="0" z_index="17" m_a="0.810490" m_b="0.000000" m_c="0.000000" m_d="0.100641" m_tx="2.000000" m_ty="-36.255421"/>
   <element name="pipe_3" layername="pipe_3" frame="0" z_index="18" m_a="1.000000" m_b="0.000000" m_c="0.000000" m_d="0.099738" m_tx="1.000000" m_ty="-36.255421"/>
  </frame>
  <frame idx="400" w="205" h="487" x="-2.979996" y="-259.786377">
   <element name="joint_1" layername="joint" frame="0" z_index="14" m_a="1.000000" m_b="0.000000" m_c="0.000000" m_d="0.495286" m_tx="2.445545" m_ty="-169.415375"/>
   <element name="joint_2" layername="joint_2" frame="0" z_index="13" m_a="1.000000" m_b="0.000000" m_c="0.000000" m_d="0.495286" m_tx="1.600000" m_ty="-169.402618"/>
   <element name="joint_3" layername="joint_3" frame="0" z_index="15" m_a="1.000000" m_b="0.000000" m_c="0.000000" m_d="0.495286" m_tx="0.000000" m_ty="-170.657455"/>
   <element name="pipe_1" layername="pipe" frame="0" z_index="16" m_a="1.000000" m_b="0.000000" m_c="0.000000" m_d="0.383622" m_tx="-1.000000" m_ty="-35.264847"/>
   <element name="pipe_2" layername="pipe_2" frame="0" z_index="17" m_a="0.810490" m_b="0.000000" m_c="0.000000" m_d="0.401424" m_tx="2.000000" m_ty="-36.255421"/>
   <element name="pipe_3" layername="pipe_3" frame="0" z_index="18" m_a="1.000000" m_b="0.000000" m_c="0.000000" m_d="0.397824" m_tx="1.000000" m_ty="-36.255421"/>
  </frame>
 </anim>
</Anims>
