<Anims>
 <anim name="0" root="barrle_meter_dirty" numframes="25" framerate="40">
  <frame idx="0" w="-38" h="432" x="89.219521" y="-157.130249">
   <element name="dirty/0" layername="0" frame="0" z_index="42" m_a="1.000000" m_b="0.000000" m_c="0.000000" m_d="1.000000" m_tx="89.219521" m_ty="-157.130249"/>
  </frame>
 </anim>
 <anim name="1" root="barrle_meter_dirty" numframes="25" framerate="40">
  <frame idx="0" w="-38" h="432" x="89.219521" y="-157.130249">
   <element name="dirty/1" layername="1" frame="0" z_index="42" m_a="1.000000" m_b="0.000000" m_c="0.000000" m_d="1.000000" m_tx="89.219521" m_ty="-157.130249"/>
  </frame>
 </anim>
 <anim name="2" root="barrle_meter_dirty" numframes="25" framerate="40">
  <frame idx="0" w="-38" h="432" x="89.219521" y="-157.130249">
   <element name="dirty/2" layername="2" frame="0" z_index="42" m_a="1.000000" m_b="0.000000" m_c="0.000000" m_d="1.000000" m_tx="89.219521" m_ty="-157.130249"/>
  </frame>
 </anim>
 <anim name="3" root="barrle_meter_dirty" numframes="25" framerate="40">
  <frame idx="0" w="-38" h="432" x="89.219521" y="-157.130249">
   <element name="dirty/3" layername="3" frame="0" z_index="42" m_a="1.000000" m_b="0.000000" m_c="0.000000" m_d="1.000000" m_tx="89.219521" m_ty="-157.130249"/>
  </frame>
 </anim>
 <anim name="4" root="barrle_meter_dirty" numframes="25" framerate="40">
  <frame idx="0" w="-38" h="432" x="89.219521" y="-157.130249">
   <element name="dirty/4" layername="4" frame="0" z_index="42" m_a="1.000000" m_b="0.000000" m_c="0.000000" m_d="1.000000" m_tx="89.219521" m_ty="-157.130249"/>
  </frame>
 </anim>
 <anim name="5" root="barrle_meter_dirty" numframes="25" framerate="40">
  <frame idx="0" w="-38" h="432" x="89.219521" y="-157.130249">
   <element name="dirty/5" layername="5" frame="0" z_index="42" m_a="1.000000" m_b="0.000000" m_c="0.000000" m_d="1.000000" m_tx="89.219521" m_ty="-157.130249"/>
  </frame>
 </anim>
 <anim name="6" root="barrle_meter_dirty" numframes="25" framerate="40">
  <frame idx="0" w="-38" h="432" x="89.219521" y="-157.130249">
   <element name="dirty/6" layername="6" frame="0" z_index="42" m_a="1.000000" m_b="0.000000" m_c="0.000000" m_d="1.000000" m_tx="89.219521" m_ty="-157.130249"/>
  </frame>
 </anim>
 <anim name="7" root="barrle_meter_dirty" numframes="25" framerate="40">
  <frame idx="0" w="-38" h="432" x="89.219521" y="-157.130249">
   <element name="dirty/7" layername="7" frame="0" z_index="42" m_a="1.000000" m_b="0.000000" m_c="0.000000" m_d="1.000000" m_tx="89.219521" m_ty="-157.130249"/>
  </frame>
 </anim>
 <anim name="8" root="barrle_meter_dirty" numframes="25" framerate="40">
  <frame idx="0" w="-38" h="432" x="89.219521" y="-157.130249">
   <element name="dirty/8" layername="8" frame="0" z_index="42" m_a="1.000000" m_b="0.000000" m_c="0.000000" m_d="1.000000" m_tx="89.219521" m_ty="-157.130249"/>
  </frame>
 </anim>
 <anim name="9" root="barrle_meter_dirty" numframes="25" framerate="40">
  <frame idx="0" w="-38" h="432" x="89.219521" y="-157.130249">
   <element name="dirty/9" layername="9" frame="0" z_index="42" m_a="1.000000" m_b="0.000000" m_c="0.000000" m_d="1.000000" m_tx="89.219521" m_ty="-157.130249"/>
  </frame>
 </anim>
 <anim name="10" root="barrle_meter_dirty" numframes="25" framerate="40">
  <frame idx="0" w="-38" h="432" x="89.219521" y="-157.130249">
   <element name="dirty/10" layername="" frame="0" z_index="42" m_a="1.000000" m_b="0.000000" m_c="0.000000" m_d="1.000000" m_tx="89.219521" m_ty="-157.130249"/>
  </frame>
 </anim>
 <anim name="11" root="barrle_meter_dirty" numframes="25" framerate="40">
  <frame idx="0" w="-38" h="432" x="89.219521" y="-157.130249">
   <element name="dirty/11" layername="11" frame="0" z_index="42" m_a="1.000000" m_b="0.000000" m_c="0.000000" m_d="1.000000" m_tx="89.219521" m_ty="-157.130249"/>
  </frame>
 </anim>
 <anim name="12" root="barrle_meter_dirty" numframes="25" framerate="40">
  <frame idx="0" w="-38" h="432" x="89.219521" y="-157.130249">
   <element name="dirty/12" layername="12" frame="0" z_index="42" m_a="1.000000" m_b="0.000000" m_c="0.000000" m_d="1.000000" m_tx="89.219521" m_ty="-157.130249"/>
  </frame>
 </anim>
 <anim name="13" root="barrle_meter_dirty" numframes="25" framerate="40">
  <frame idx="0" w="-38" h="432" x="89.219521" y="-157.130249">
   <element name="dirty/13" layername="13" frame="0" z_index="42" m_a="1.000000" m_b="0.000000" m_c="0.000000" m_d="1.000000" m_tx="89.219521" m_ty="-157.130249"/>
  </frame>
 </anim>
 <anim name="14" root="barrle_meter_dirty" numframes="25" framerate="40">
  <frame idx="0" w="-38" h="432" x="89.219521" y="-157.130249">
   <element name="dirty/14" layername="14" frame="0" z_index="42" m_a="1.000000" m_b="0.000000" m_c="0.000000" m_d="1.000000" m_tx="89.219521" m_ty="-157.130249"/>
  </frame>
 </anim>
 <anim name="15" root="barrle_meter_dirty" numframes="25" framerate="40">
  <frame idx="0" w="-38" h="432" x="89.219521" y="-157.130249">
   <element name="dirty/15" layername="15" frame="0" z_index="42" m_a="1.000000" m_b="0.000000" m_c="0.000000" m_d="1.000000" m_tx="89.219521" m_ty="-157.130249"/>
  </frame>
 </anim>
 <anim name="16" root="barrle_meter_dirty" numframes="25" framerate="40">
  <frame idx="0" w="-38" h="432" x="89.219521" y="-157.130249">
   <element name="dirty/16" layername="16" frame="0" z_index="42" m_a="1.000000" m_b="0.000000" m_c="0.000000" m_d="1.000000" m_tx="89.219521" m_ty="-157.130249"/>
  </frame>
 </anim>
 <anim name="17" root="barrle_meter_dirty" numframes="25" framerate="40">
  <frame idx="0" w="-38" h="432" x="89.219521" y="-157.130249">
   <element name="dirty/17" layername="17" frame="0" z_index="42" m_a="1.000000" m_b="0.000000" m_c="0.000000" m_d="1.000000" m_tx="89.219521" m_ty="-157.130249"/>
  </frame>
 </anim>
 <anim name="18" root="barrle_meter_dirty" numframes="25" framerate="40">
  <frame idx="0" w="-38" h="432" x="89.219521" y="-157.130249">
   <element name="dirty/18" layername="18" frame="0" z_index="42" m_a="1.000000" m_b="0.000000" m_c="0.000000" m_d="1.000000" m_tx="89.219521" m_ty="-157.130249"/>
  </frame>
 </anim>
 <anim name="19" root="barrle_meter_dirty" numframes="25" framerate="40">
  <frame idx="0" w="-38" h="432" x="89.219521" y="-157.130249">
   <element name="dirty/19" layername="19" frame="0" z_index="42" m_a="1.000000" m_b="0.000000" m_c="0.000000" m_d="1.000000" m_tx="89.219521" m_ty="-157.130249"/>
  </frame>
 </anim>
 <anim name="20" root="barrle_meter_dirty" numframes="25" framerate="40">
  <frame idx="0" w="-38" h="432" x="89.219521" y="-157.130249">
   <element name="dirty/20" layername="" frame="0" z_index="42" m_a="1.000000" m_b="0.000000" m_c="0.000000" m_d="1.000000" m_tx="89.219521" m_ty="-157.130249"/>
  </frame>
 </anim>
 <anim name="0" root="barrle_meter_water" numframes="25" framerate="40">
  <frame idx="0" w="-38" h="432" x="89.219521" y="-157.130249">
   <element name="water/0" layername="0" frame="0" z_index="42" m_a="1.000000" m_b="0.000000" m_c="0.000000" m_d="1.000000" m_tx="89.219521" m_ty="-157.130249"/>
  </frame>
 </anim>
 <anim name="1" root="barrle_meter_water" numframes="25" framerate="40">
  <frame idx="0" w="-38" h="432" x="89.219521" y="-157.130249">
   <element name="water/1" layername="1" frame="0" z_index="42" m_a="1.000000" m_b="0.000000" m_c="0.000000" m_d="1.000000" m_tx="89.219521" m_ty="-157.130249"/>
  </frame>
 </anim>
 <anim name="2" root="barrle_meter_water" numframes="25" framerate="40">
  <frame idx="0" w="-38" h="432" x="89.219521" y="-157.130249">
   <element name="water/2" layername="2" frame="0" z_index="42" m_a="1.000000" m_b="0.000000" m_c="0.000000" m_d="1.000000" m_tx="89.219521" m_ty="-157.130249"/>
  </frame>
 </anim>
 <anim name="3" root="barrle_meter_water" numframes="25" framerate="40">
  <frame idx="0" w="-38" h="432" x="89.219521" y="-157.130249">
   <element name="water/3" layername="3" frame="0" z_index="42" m_a="1.000000" m_b="0.000000" m_c="0.000000" m_d="1.000000" m_tx="89.219521" m_ty="-157.130249"/>
  </frame>
 </anim>
 <anim name="4" root="barrle_meter_water" numframes="25" framerate="40">
  <frame idx="0" w="-38" h="432" x="89.219521" y="-157.130249">
   <element name="water/4" layername="4" frame="0" z_index="42" m_a="1.000000" m_b="0.000000" m_c="0.000000" m_d="1.000000" m_tx="89.219521" m_ty="-157.130249"/>
  </frame>
 </anim>
 <anim name="5" root="barrle_meter_water" numframes="25" framerate="40">
  <frame idx="0" w="-38" h="432" x="89.219521" y="-157.130249">
   <element name="water/5" layername="5" frame="0" z_index="42" m_a="1.000000" m_b="0.000000" m_c="0.000000" m_d="1.000000" m_tx="89.219521" m_ty="-157.130249"/>
  </frame>
 </anim>
 <anim name="6" root="barrle_meter_water" numframes="25" framerate="40">
  <frame idx="0" w="-38" h="432" x="89.219521" y="-157.130249">
   <element name="water/6" layername="6" frame="0" z_index="42" m_a="1.000000" m_b="0.000000" m_c="0.000000" m_d="1.000000" m_tx="89.219521" m_ty="-157.130249"/>
  </frame>
 </anim>
 <anim name="7" root="barrle_meter_water" numframes="25" framerate="40">
  <frame idx="0" w="-38" h="432" x="89.219521" y="-157.130249">
   <element name="water/7" layername="7" frame="0" z_index="42" m_a="1.000000" m_b="0.000000" m_c="0.000000" m_d="1.000000" m_tx="89.219521" m_ty="-157.130249"/>
  </frame>
 </anim>
 <anim name="8" root="barrle_meter_water" numframes="25" framerate="40">
  <frame idx="0" w="-38" h="432" x="89.219521" y="-157.130249">
   <element name="water/8" layername="8" frame="0" z_index="42" m_a="1.000000" m_b="0.000000" m_c="0.000000" m_d="1.000000" m_tx="89.219521" m_ty="-157.130249"/>
  </frame>
 </anim>
 <anim name="9" root="barrle_meter_water" numframes="25" framerate="40">
  <frame idx="0" w="-38" h="432" x="89.219521" y="-157.130249">
   <element name="water/9" layername="9" frame="0" z_index="42" m_a="1.000000" m_b="0.000000" m_c="0.000000" m_d="1.000000" m_tx="89.219521" m_ty="-157.130249"/>
  </frame>
 </anim>
 <anim name="10" root="barrle_meter_water" numframes="25" framerate="40">
  <frame idx="0" w="-38" h="432" x="89.219521" y="-157.130249">
   <element name="water/10" layername="" frame="0" z_index="42" m_a="1.000000" m_b="0.000000" m_c="0.000000" m_d="1.000000" m_tx="89.219521" m_ty="-157.130249"/>
  </frame>
 </anim>
 <anim name="11" root="barrle_meter_water" numframes="25" framerate="40">
  <frame idx="0" w="-38" h="432" x="89.219521" y="-157.130249">
   <element name="water/11" layername="11" frame="0" z_index="42" m_a="1.000000" m_b="0.000000" m_c="0.000000" m_d="1.000000" m_tx="89.219521" m_ty="-157.130249"/>
  </frame>
 </anim>
 <anim name="12" root="barrle_meter_water" numframes="25" framerate="40">
  <frame idx="0" w="-38" h="432" x="89.219521" y="-157.130249">
   <element name="water/12" layername="12" frame="0" z_index="42" m_a="1.000000" m_b="0.000000" m_c="0.000000" m_d="1.000000" m_tx="89.219521" m_ty="-157.130249"/>
  </frame>
 </anim>
 <anim name="13" root="barrle_meter_water" numframes="25" framerate="40">
  <frame idx="0" w="-38" h="432" x="89.219521" y="-157.130249">
   <element name="water/13" layername="13" frame="0" z_index="42" m_a="1.000000" m_b="0.000000" m_c="0.000000" m_d="1.000000" m_tx="89.219521" m_ty="-157.130249"/>
  </frame>
 </anim>
 <anim name="14" root="barrle_meter_water" numframes="25" framerate="40">
  <frame idx="0" w="-38" h="432" x="89.219521" y="-157.130249">
   <element name="water/14" layername="14" frame="0" z_index="42" m_a="1.000000" m_b="0.000000" m_c="0.000000" m_d="1.000000" m_tx="89.219521" m_ty="-157.130249"/>
  </frame>
 </anim>
 <anim name="15" root="barrle_meter_water" numframes="25" framerate="40">
  <frame idx="0" w="-38" h="432" x="89.219521" y="-157.130249">
   <element name="water/15" layername="15" frame="0" z_index="42" m_a="1.000000" m_b="0.000000" m_c="0.000000" m_d="1.000000" m_tx="89.219521" m_ty="-157.130249"/>
  </frame>
 </anim>
 <anim name="16" root="barrle_meter_water" numframes="25" framerate="40">
  <frame idx="0" w="-38" h="432" x="89.219521" y="-157.130249">
   <element name="water/16" layername="16" frame="0" z_index="42" m_a="1.000000" m_b="0.000000" m_c="0.000000" m_d="1.000000" m_tx="89.219521" m_ty="-157.130249"/>
  </frame>
 </anim>
 <anim name="17" root="barrle_meter_water" numframes="25" framerate="40">
  <frame idx="0" w="-38" h="432" x="89.219521" y="-157.130249">
   <element name="water/17" layername="17" frame="0" z_index="42" m_a="1.000000" m_b="0.000000" m_c="0.000000" m_d="1.000000" m_tx="89.219521" m_ty="-157.130249"/>
  </frame>
 </anim>
 <anim name="18" root="barrle_meter_water" numframes="25" framerate="40">
  <frame idx="0" w="-38" h="432" x="89.219521" y="-157.130249">
   <element name="water/18" layername="18" frame="0" z_index="42" m_a="1.000000" m_b="0.000000" m_c="0.000000" m_d="1.000000" m_tx="89.219521" m_ty="-157.130249"/>
  </frame>
 </anim>
 <anim name="19" root="barrle_meter_water" numframes="25" framerate="40">
  <frame idx="0" w="-38" h="432" x="89.219521" y="-157.130249">
   <element name="water/19" layername="19" frame="0" z_index="42" m_a="1.000000" m_b="0.000000" m_c="0.000000" m_d="1.000000" m_tx="89.219521" m_ty="-157.130249"/>
  </frame>
 </anim>
 <anim name="20" root="barrle_meter_water" numframes="25" framerate="40">
  <frame idx="0" w="-38" h="432" x="89.219521" y="-157.130249">
   <element name="water/20" layername="" frame="0" z_index="42" m_a="1.000000" m_b="0.000000" m_c="0.000000" m_d="1.000000" m_tx="89.219521" m_ty="-157.130249"/>
  </frame>
 </anim>
</Anims>
