<Anims>
 <anim name="close" root="thermos_bottle_big" numframes="625" framerate="40">
  <frame idx="0" w="643" h="311" x="-128.851227" y="-74.214134">
   <element name="ground" layername="ground" frame="0" z_index="22" m_a="1.154909" m_b="0.000000" m_c="0.000000" m_d="1.299123" m_tx="0.958678" m_ty="7.719008"/>
   <element name="body" layername="Body" frame="0" z_index="20" m_a="1.000000" m_b="0.000000" m_c="0.000000" m_d="1.000000" m_tx="0.483597" m_ty="-3.807596"/>
   <element name="body" layername="Lid" frame="2" z_index="19" m_a="-1.000000" m_b="0.000000" m_c="-0.000000" m_d="-1.000000" m_tx="-65.040337" m_ty="11.232821"/>
   <element name="ground" layername="ground" frame="1" z_index="23" m_a="-0.523973" m_b="0.000000" m_c="-0.000000" m_d="-0.575399" m_tx="-68.553795" m_ty="41.402115"/>
   <element name="ground" layername="ground_B" frame="0" z_index="24" m_a="-0.658364" m_b="0.000000" m_c="0.000000" m_d="0.631832" m_tx="88.903610" m_ty="-4.019854"/>
   <element name="stopper" layername="Stoper_A" frame="2" z_index="21" m_a="-0.992939" m_b="0.118629" m_c="-0.118629" m_d="-0.992939" m_tx="92.225967" m_ty="-24.880510"/>
  </frame>
  <frame idx="25" w="631" h="311" x="-125.042801" y="-74.214134">
   <element name="ground" layername="ground" frame="0" z_index="22" m_a="1.154909" m_b="0.000000" m_c="0.000000" m_d="1.299123" m_tx="0.958678" m_ty="7.719008"/>
   <element name="body" layername="Body" frame="0" z_index="20" m_a="1.000000" m_b="0.000000" m_c="0.000000" m_d="1.000000" m_tx="0.483597" m_ty="-3.807596"/>
   <element name="body" layername="Lid" frame="2" z_index="19" m_a="-0.969288" m_b="0.000000" m_c="-0.000000" m_d="-0.943190" m_tx="-65.040337" m_ty="11.232821"/>
   <element name="ground" layername="ground" frame="1" z_index="23" m_a="-0.500425" m_b="0.000000" m_c="-0.000000" m_d="-0.525667" m_tx="-67.553795" m_ty="41.043488"/>
   <element name="ground" layername="ground_B" frame="0" z_index="24" m_a="-0.533113" m_b="0.000000" m_c="0.000000" m_d="0.541538" m_tx="60.467934" m_ty="-2.158152"/>
   <element name="stopper" layername="Stoper_A" frame="2" z_index="21" m_a="-0.699657" m_b="0.714479" m_c="-0.714479" m_d="-0.699657" m_tx="89.033577" m_ty="-83.179169"/>
  </frame>
  <frame idx="50" w="618" h="311" x="-121.234390" y="-74.214134">
   <element name="ground" layername="ground" frame="0" z_index="22" m_a="1.154909" m_b="0.000000" m_c="0.000000" m_d="1.299123" m_tx="0.958678" m_ty="7.719008"/>
   <element name="body" layername="Body" frame="0" z_index="20" m_a="1.000000" m_b="0.000000" m_c="0.000000" m_d="1.000000" m_tx="0.483597" m_ty="-3.807596"/>
   <element name="body" layername="Lid" frame="2" z_index="19" m_a="-0.938576" m_b="0.000000" m_c="-0.000000" m_d="-0.886381" m_tx="-65.040337" m_ty="11.232821"/>
   <element name="ground" layername="ground" frame="1" z_index="23" m_a="-0.476878" m_b="0.000000" m_c="-0.000000" m_d="-0.475935" m_tx="-66.553795" m_ty="40.684856"/>
   <element name="ground" layername="ground_B" frame="0" z_index="24" m_a="-0.407861" m_b="0.000000" m_c="0.000000" m_d="0.451244" m_tx="32.032261" m_ty="-0.296449"/>
   <element name="stopper" layername="Stoper_A" frame="2" z_index="21" m_a="-0.097791" m_b="0.995207" m_c="-0.995207" m_d="-0.097791" m_tx="85.841187" m_ty="-141.477829"/>
  </frame>
  <frame idx="75" w="605" h="394" x="-117.426025" y="-99.568222">
   <element name="ground" layername="ground" frame="0" z_index="22" m_a="1.154909" m_b="0.000000" m_c="0.000000" m_d="1.299123" m_tx="0.958678" m_ty="7.719008"/>
   <element name="body" layername="Body" frame="0" z_index="20" m_a="1.000000" m_b="0.000000" m_c="0.000000" m_d="1.000000" m_tx="0.483597" m_ty="-3.807596"/>
   <element name="body" layername="Lid" frame="2" z_index="19" m_a="-0.907864" m_b="0.000000" m_c="-0.000000" m_d="-0.829571" m_tx="-65.040337" m_ty="11.232821"/>
   <element name="ground" layername="ground" frame="1" z_index="23" m_a="-0.453331" m_b="0.000000" m_c="-0.000000" m_d="-0.426203" m_tx="-65.553795" m_ty="40.326225"/>
   <element name="ground" layername="ground_B" frame="0" z_index="24" m_a="-0.282610" m_b="0.000000" m_c="0.000000" m_d="0.360950" m_tx="13.415239" m_ty="1.565253"/>
   <element name="stopper" layername="Stoper_A" frame="2" z_index="21" m_a="0.547206" m_b="0.836998" m_c="-0.836998" m_d="0.547206" m_tx="51.540268" m_ty="-201.326874"/>
  </frame>
  <frame idx="100" w="593" h="493" x="-113.617676" y="-129.492737">
   <element name="ground" layername="ground" frame="0" z_index="22" m_a="1.154909" m_b="0.000000" m_c="0.000000" m_d="1.299123" m_tx="0.958678" m_ty="7.719008"/>
   <element name="body" layername="Body" frame="0" z_index="20" m_a="1.000000" m_b="0.000000" m_c="0.000000" m_d="1.000000" m_tx="0.483597" m_ty="-3.807596"/>
   <element name="body" layername="Lid" frame="2" z_index="19" m_a="-0.877152" m_b="0.000000" m_c="-0.000000" m_d="-0.772762" m_tx="-65.040337" m_ty="11.232821"/>
   <element name="ground" layername="ground" frame="1" z_index="23" m_a="-0.429784" m_b="0.000000" m_c="-0.000000" m_d="-0.376472" m_tx="-64.553795" m_ty="39.967598"/>
   <element name="ground" layername="ground_B" frame="0" z_index="24" m_a="-0.157359" m_b="0.000000" m_c="0.000000" m_d="0.270657" m_tx="-5.201782" m_ty="3.426955"/>
   <element name="stopper" layername="Stoper_A" frame="2" z_index="21" m_a="0.950857" m_b="0.309631" m_c="-0.309631" m_d="0.950857" m_tx="17.239349" m_ty="-261.175934"/>
  </frame>
  <frame idx="125" w="531" h="498" x="-94.892593" y="-130.830841">
   <element name="ground" layername="ground" frame="0" z_index="22" m_a="1.154909" m_b="0.000000" m_c="0.000000" m_d="1.299123" m_tx="0.958678" m_ty="7.719008"/>
   <element name="body" layername="Body" frame="0" z_index="20" m_a="1.000000" m_b="0.000000" m_c="0.000000" m_d="1.000000" m_tx="0.483597" m_ty="-3.807596"/>
   <element name="body" layername="Lid" frame="2" z_index="19" m_a="-0.853694" m_b="-0.277382" m_c="0.250500" m_d="-0.770960" m_tx="-65.886055" m_ty="-17.927185"/>
   <element name="ground" layername="ground" frame="1" z_index="23" m_a="-0.325237" m_b="0.000000" m_c="-0.000000" m_d="-0.284249" m_tx="-56.481297" m_ty="35.301914"/>
   <element name="ground" layername="ground_B" frame="0" z_index="24" m_a="-0.157359" m_b="0.000000" m_c="0.000000" m_d="0.270657" m_tx="-5.201782" m_ty="3.426955"/>
   <element name="stopper" layername="Stoper_A" frame="2" z_index="21" m_a="1.055052" m_b="0.167452" m_c="-0.142716" m_d="0.899197" m_tx="8.619673" m_ty="-263.852142"/>
  </frame>
  <frame idx="150" w="499" h="502" x="-85.161850" y="-132.168945">
   <element name="ground" layername="ground" frame="0" z_index="22" m_a="1.154909" m_b="0.000000" m_c="0.000000" m_d="1.299123" m_tx="0.958678" m_ty="7.719008"/>
   <element name="body" layername="Body" frame="0" z_index="21" m_a="1.000000" m_b="0.000000" m_c="0.000000" m_d="1.000000" m_tx="0.483597" m_ty="-3.807596"/>
   <element name="body" layername="Lid" frame="2" z_index="19" m_a="-0.742759" m_b="-0.539646" m_c="0.498740" m_d="-0.686457" m_tx="-66.731773" m_ty="-47.087193"/>
   <element name="ground" layername="ground" frame="1" z_index="23" m_a="-0.284707" m_b="0.000000" m_c="-0.000000" m_d="-0.250304" m_tx="-48.408798" m_ty="30.636230"/>
   <element name="ground" layername="ground_B" frame="0" z_index="24" m_a="-0.157359" m_b="0.000000" m_c="0.000000" m_d="0.270657" m_tx="-5.201782" m_ty="3.426955"/>
   <element name="stopper" layername="Stoper_A" frame="0" z_index="20" m_a="1.136520" m_b="0.000000" m_c="0.000000" m_d="0.820900" m_tx="0.000000" m_ty="-266.528351"/>
  </frame>
  <frame idx="175" w="476" h="502" x="-78.271347" y="-132.168961">
   <element name="ground" layername="ground" frame="0" z_index="22" m_a="1.154909" m_b="0.000000" m_c="0.000000" m_d="1.299123" m_tx="0.958678" m_ty="7.719008"/>
   <element name="body" layername="Body" frame="0" z_index="21" m_a="1.000000" m_b="0.000000" m_c="0.000000" m_d="1.000000" m_tx="0.483597" m_ty="-3.807596"/>
   <element name="body" layername="Lid" frame="2" z_index="19" m_a="-0.551681" m_b="-0.759324" m_c="0.717097" m_d="-0.521002" m_tx="-67.577484" m_ty="-76.247200"/>
   <element name="ground" layername="ground" frame="1" z_index="23" m_a="-0.264392" m_b="0.000000" m_c="-0.000000" m_d="-0.234762" m_tx="-40.336304" m_ty="25.970547"/>
   <element name="ground" layername="ground_B" frame="0" z_index="24" m_a="-0.157359" m_b="0.000000" m_c="0.000000" m_d="0.270657" m_tx="-5.201782" m_ty="3.426955"/>
   <element name="stopper" layername="Stoper_A" frame="0" z_index="20" m_a="1.000000" m_b="0.000000" m_c="0.000000" m_d="1.000000" m_tx="0.000000" m_ty="-266.528351"/>
  </frame>
  <frame idx="200" w="454" h="506" x="-71.380707" y="-133.747559">
   <element name="ground" layername="ground" frame="0" z_index="22" m_a="1.154909" m_b="0.000000" m_c="0.000000" m_d="1.299123" m_tx="0.958678" m_ty="7.719008"/>
   <element name="body" layername="Body" frame="0" z_index="21" m_a="1.000000" m_b="0.000000" m_c="0.000000" m_d="1.000000" m_tx="0.483597" m_ty="-3.807596"/>
   <element name="body" layername="Lid" frame="2" z_index="19" m_a="-0.296363" m_b="-0.912112" m_c="0.879018" m_d="-0.285610" m_tx="-68.423203" m_ty="-105.407204"/>
   <element name="ground" layername="ground" frame="1" z_index="23" m_a="-0.244076" m_b="0.000000" m_c="-0.000000" m_d="-0.219221" m_tx="-32.263805" m_ty="21.304861"/>
   <element name="ground" layername="ground_B" frame="0" z_index="24" m_a="-0.157359" m_b="0.000000" m_c="0.000000" m_d="0.270657" m_tx="-5.201782" m_ty="3.426955"/>
   <element name="stopper" layername="Stoper_A" frame="0" z_index="20" m_a="0.839965" m_b="0.000000" m_c="0.000000" m_d="1.210980" m_tx="0.000000" m_ty="-266.528351"/>
  </frame>
  <frame idx="225" w="431" h="524" x="-64.490204" y="-139.075562">
   <element name="ground" layername="ground" frame="0" z_index="22" m_a="1.154909" m_b="0.000000" m_c="0.000000" m_d="1.299123" m_tx="0.958678" m_ty="7.719008"/>
   <element name="body" layername="Body" frame="0" z_index="21" m_a="1.000000" m_b="0.000000" m_c="0.000000" m_d="1.000000" m_tx="0.483597" m_ty="-3.807596"/>
   <element name="body" layername="Lid" frame="2" z_index="19" m_a="-0.000000" m_b="-0.979526" m_c="0.962127" m_d="-0.000000" m_tx="-69.268921" m_ty="-134.567215"/>
   <element name="ground" layername="ground" frame="1" z_index="23" m_a="-0.223761" m_b="0.000000" m_c="-0.000000" m_d="-0.203679" m_tx="-24.191311" m_ty="16.639177"/>
   <element name="ground" layername="ground_B" frame="0" z_index="24" m_a="-0.157359" m_b="0.000000" m_c="0.000000" m_d="0.270657" m_tx="-5.201782" m_ty="3.426955"/>
   <element name="stopper" layername="Stoper_A" frame="0" z_index="20" m_a="0.866637" m_b="0.000000" m_c="0.000000" m_d="1.175817" m_tx="0.076805" m_ty="-249.474091"/>
  </frame>
  <frame idx="250" w="407" h="567" x="-57.599701" y="-151.833557">
   <element name="ground" layername="ground" frame="0" z_index="22" m_a="1.154909" m_b="0.000000" m_c="0.000000" m_d="1.299123" m_tx="0.958678" m_ty="7.719008"/>
   <element name="body" layername="Body" frame="0" z_index="21" m_a="1.000000" m_b="0.000000" m_c="0.000000" m_d="1.000000" m_tx="0.483597" m_ty="-3.807596"/>
   <element name="body" layername="Lid" frame="2" z_index="19" m_a="0.309017" m_b="-0.951057" m_c="0.951057" m_d="0.309017" m_tx="-70.114639" m_ty="-163.727219"/>
   <element name="ground" layername="ground" frame="1" z_index="23" m_a="-0.203446" m_b="0.000000" m_c="-0.000000" m_d="-0.188137" m_tx="-16.118814" m_ty="11.973495"/>
   <element name="ground" layername="ground_B" frame="0" z_index="24" m_a="-0.157359" m_b="0.000000" m_c="0.000000" m_d="0.270657" m_tx="-5.201782" m_ty="3.426955"/>
   <element name="stopper" layername="Stoper_A" frame="0" z_index="20" m_a="0.893310" m_b="0.000000" m_c="0.000000" m_d="1.140653" m_tx="0.153610" m_ty="-232.419815"/>
  </frame>
  <frame idx="275" w="385" h="579" x="-50.709198" y="-155.500488">
   <element name="ground" layername="ground" frame="0" z_index="22" m_a="1.154909" m_b="0.000000" m_c="0.000000" m_d="1.299123" m_tx="0.958678" m_ty="7.719008"/>
   <element name="body" layername="Body" frame="0" z_index="21" m_a="1.000000" m_b="0.000000" m_c="0.000000" m_d="1.000000" m_tx="0.483597" m_ty="-3.807596"/>
   <element name="body" layername="Lid" frame="2" z_index="19" m_a="0.895176" m_b="-0.650383" m_c="0.518029" m_d="0.713006" m_tx="-34.826904" m_ty="-209.547241"/>
   <element name="ground" layername="ground" frame="1" z_index="23" m_a="-0.183131" m_b="0.000000" m_c="-0.000000" m_d="-0.172596" m_tx="-8.046318" m_ty="7.307811"/>
   <element name="ground" layername="ground_B" frame="0" z_index="24" m_a="-0.157359" m_b="0.000000" m_c="0.000000" m_d="0.270657" m_tx="-5.201782" m_ty="3.426955"/>
   <element name="stopper" layername="Stoper_A" frame="0" z_index="20" m_a="0.919982" m_b="0.000000" m_c="0.000000" m_d="1.105489" m_tx="0.230415" m_ty="-215.365555"/>
  </frame>
  <frame idx="300" w="362" h="516" x="-43.818680" y="-136.785950">
   <element name="ground" layername="ground" frame="0" z_index="22" m_a="1.154909" m_b="0.000000" m_c="0.000000" m_d="1.299123" m_tx="0.958678" m_ty="7.719008"/>
   <element name="body" layername="Body" frame="0" z_index="20" m_a="1.000000" m_b="0.000000" m_c="0.000000" m_d="1.000000" m_tx="0.483597" m_ty="-3.807596"/>
   <element name="body" layername="Lid" frame="1" z_index="19" m_a="1.212997" m_b="0.000000" m_c="0.000000" m_d="0.762647" m_tx="0.460829" m_ty="-255.367249"/>
   <element name="ground" layername="ground" frame="1" z_index="23" m_a="-0.162816" m_b="0.000000" m_c="-0.000000" m_d="-0.157054" m_tx="0.026178" m_ty="2.642127"/>
   <element name="ground" layername="ground_B" frame="0" z_index="24" m_a="-0.157359" m_b="0.000000" m_c="0.000000" m_d="0.270657" m_tx="-5.201782" m_ty="3.426955"/>
   <element name="stopper" layername="Stoper_A" frame="0" z_index="21" m_a="0.946655" m_b="0.000000" m_c="0.000000" m_d="1.070326" m_tx="0.307220" m_ty="-198.311295"/>
  </frame>
  <frame idx="325" w="352" h="516" x="-40.786804" y="-136.785950">
   <element name="ground" layername="ground" frame="0" z_index="22" m_a="1.154909" m_b="0.000000" m_c="0.000000" m_d="1.299123" m_tx="0.958678" m_ty="7.719008"/>
   <element name="body" layername="Body" frame="0" z_index="20" m_a="1.000000" m_b="0.000000" m_c="0.000000" m_d="1.000000" m_tx="0.483597" m_ty="-3.807596"/>
   <element name="body" layername="Lid" frame="1" z_index="18" m_a="1.000000" m_b="0.000000" m_c="0.000000" m_d="1.000000" m_tx="0.460829" m_ty="-255.367249"/>
   <element name="ground" layername="ground" frame="1" z_index="23" m_a="-0.153877" m_b="0.000000" m_c="-0.000000" m_d="-0.150216" m_tx="3.578076" m_ty="0.589226"/>
   <element name="ground" layername="ground_B" frame="0" z_index="24" m_a="-0.157359" m_b="0.000000" m_c="0.000000" m_d="0.270657" m_tx="-5.201782" m_ty="3.426955"/>
   <element name="stopper" layername="Stoper_B" frame="1" z_index="19" m_a="1.000000" m_b="0.000000" m_c="0.000000" m_d="1.000000" m_tx="-0.858369" m_ty="-177.969955"/>
  </frame>
  <frame idx="350" w="363" h="539" x="-30.600266" y="-143.785950">
   <element name="ground" layername="ground" frame="0" z_index="22" m_a="1.154909" m_b="0.000000" m_c="0.000000" m_d="1.299123" m_tx="0.958678" m_ty="7.719008"/>
   <element name="body" layername="Body" frame="0" z_index="21" m_a="1.118448" m_b="0.000000" m_c="0.000000" m_d="0.939103" m_tx="0.483597" m_ty="-3.807596"/>
   <element name="body" layername="Lid" frame="1" z_index="18" m_a="0.830770" m_b="0.000000" m_c="0.000000" m_d="1.220313" m_tx="0.460829" m_ty="-269.367249"/>
   <element name="ground" layername="ground" frame="1" z_index="23" m_a="-0.153877" m_b="0.000000" m_c="-0.000000" m_d="-0.150216" m_tx="3.578076" m_ty="0.589226"/>
   <element name="ground" layername="ground_B" frame="0" z_index="24" m_a="-0.157359" m_b="0.000000" m_c="0.000000" m_d="0.270657" m_tx="-5.201782" m_ty="3.426955"/>
   <element name="stopper" layername="Stoper_B" frame="1" z_index="20" m_a="1.123665" m_b="0.000000" m_c="0.000000" m_d="0.964974" m_tx="-0.858369" m_ty="-167.969955"/>
  </frame>
  <frame idx="375" w="374" h="502" x="-20.413666" y="-132.223450">
   <element name="ground" layername="ground" frame="0" z_index="22" m_a="1.154909" m_b="0.000000" m_c="0.000000" m_d="1.299123" m_tx="0.958678" m_ty="7.719008"/>
   <element name="body" layername="Body" frame="0" z_index="21" m_a="1.236897" m_b="0.000000" m_c="0.000000" m_d="0.878206" m_tx="0.483597" m_ty="-3.807596"/>
   <element name="body" layername="Lid" frame="1" z_index="18" m_a="0.873077" m_b="0.000000" m_c="0.000000" m_d="1.165235" m_tx="-0.058402" m_ty="-246.242249"/>
   <element name="ground" layername="ground" frame="1" z_index="23" m_a="-0.153877" m_b="0.000000" m_c="-0.000000" m_d="-0.150216" m_tx="3.578076" m_ty="0.589226"/>
   <element name="ground" layername="ground_B" frame="0" z_index="24" m_a="-0.157359" m_b="0.000000" m_c="0.000000" m_d="0.270657" m_tx="-5.201782" m_ty="3.426955"/>
   <element name="stopper" layername="Stoper_B" frame="1" z_index="20" m_a="1.247330" m_b="0.000000" m_c="0.000000" m_d="0.929949" m_tx="-0.858369" m_ty="-157.969955"/>
  </frame>
  <frame idx="400" w="387" h="464" x="-10.227127" y="-120.660950">
   <element name="ground" layername="ground" frame="0" z_index="22" m_a="1.154909" m_b="0.000000" m_c="0.000000" m_d="1.299123" m_tx="0.958678" m_ty="7.719008"/>
   <element name="body" layername="Body" frame="0" z_index="21" m_a="1.355345" m_b="0.000000" m_c="0.000000" m_d="0.817309" m_tx="0.483597" m_ty="-3.807596"/>
   <element name="body" layername="Lid" frame="1" z_index="18" m_a="0.915385" m_b="0.000000" m_c="0.000000" m_d="1.110156" m_tx="-0.577632" m_ty="-223.117249"/>
   <element name="ground" layername="ground" frame="1" z_index="23" m_a="-0.153877" m_b="0.000000" m_c="-0.000000" m_d="-0.150216" m_tx="3.578076" m_ty="0.589226"/>
   <element name="ground" layername="ground_B" frame="0" z_index="24" m_a="-0.157359" m_b="0.000000" m_c="0.000000" m_d="0.270657" m_tx="-5.201782" m_ty="3.426955"/>
   <element name="stopper" layername="Stoper_B" frame="1" z_index="20" m_a="1.370995" m_b="0.000000" m_c="0.000000" m_d="0.894923" m_tx="-0.858369" m_ty="-147.969955"/>
  </frame>
  <frame idx="425" w="367" h="425" x="-27.669739" y="-109.098450">
   <element name="ground" layername="ground" frame="0" z_index="22" m_a="1.154909" m_b="0.000000" m_c="0.000000" m_d="1.299123" m_tx="0.958678" m_ty="7.719008"/>
   <element name="body" layername="Body" frame="0" z_index="21" m_a="1.152524" m_b="0.000000" m_c="0.000000" m_d="0.953853" m_tx="0.483597" m_ty="-3.807596"/>
   <element name="body" layername="Lid" frame="1" z_index="18" m_a="0.957693" m_b="0.000000" m_c="0.000000" m_d="1.055078" m_tx="-1.096863" m_ty="-199.992249"/>
   <element name="ground" layername="ground" frame="1" z_index="23" m_a="-0.153877" m_b="0.000000" m_c="-0.000000" m_d="-0.150216" m_tx="3.578076" m_ty="0.589226"/>
   <element name="ground" layername="ground_B" frame="0" z_index="24" m_a="-0.157359" m_b="0.000000" m_c="0.000000" m_d="0.270657" m_tx="-5.201782" m_ty="3.426955"/>
   <element name="stopper" layername="Stoper_B" frame="1" z_index="20" m_a="1.000000" m_b="0.000000" m_c="0.000000" m_d="1.000000" m_tx="-0.858369" m_ty="-177.969955"/>
  </frame>
  <frame idx="450" w="348" h="393" x="-45.112259" y="-92.005630">
   <element name="ground" layername="ground" frame="0" z_index="22" m_a="1.154909" m_b="0.000000" m_c="0.000000" m_d="1.299123" m_tx="0.958678" m_ty="7.719008"/>
   <element name="body" layername="Body" frame="0" z_index="21" m_a="0.949704" m_b="0.000000" m_c="0.000000" m_d="1.090398" m_tx="0.483597" m_ty="-3.807596"/>
   <element name="body" layername="Lid" frame="1" z_index="18" m_a="1.000000" m_b="0.000000" m_c="0.000000" m_d="1.000000" m_tx="-1.616094" m_ty="-176.867249"/>
   <element name="ground" layername="ground" frame="1" z_index="23" m_a="-0.153877" m_b="0.000000" m_c="-0.000000" m_d="-0.150216" m_tx="3.578076" m_ty="0.589226"/>
   <element name="ground" layername="ground_B" frame="0" z_index="24" m_a="-0.157359" m_b="0.000000" m_c="0.000000" m_d="0.270657" m_tx="-5.201782" m_ty="3.426955"/>
   <element name="stopper" layername="Stoper_B" frame="1" z_index="20" m_a="0.961125" m_b="0.000000" m_c="0.000000" m_d="1.125087" m_tx="-0.858369" m_ty="-196.685226"/>
  </frame>
  <frame idx="475" w="372" h="365" x="-22.858902" y="-90.512321">
   <element name="ground" layername="ground" frame="0" z_index="22" m_a="1.154909" m_b="0.000000" m_c="0.000000" m_d="1.299123" m_tx="0.958678" m_ty="7.719008"/>
   <element name="body" layername="Body" frame="0" z_index="21" m_a="1.208464" m_b="0.000000" m_c="0.000000" m_d="0.996023" m_tx="0.483597" m_ty="-3.807596"/>
   <element name="body" layername="Lid" frame="1" z_index="18" m_a="1.252537" m_b="0.000000" m_c="0.000000" m_d="0.931329" m_tx="-1.859789" m_ty="-162.819977"/>
   <element name="ground" layername="ground" frame="1" z_index="23" m_a="-0.153877" m_b="0.000000" m_c="-0.000000" m_d="-0.150216" m_tx="3.578076" m_ty="0.589226"/>
   <element name="ground" layername="ground_B" frame="0" z_index="24" m_a="-0.157359" m_b="0.000000" m_c="0.000000" m_d="0.270657" m_tx="-5.201782" m_ty="3.426955"/>
   <element name="stopper" layername="Stoper_B" frame="1" z_index="20" m_a="1.203381" m_b="0.000000" m_c="0.000000" m_d="0.966061" m_tx="-0.858369" m_ty="-177.827591"/>
  </frame>
  <frame idx="500" w="396" h="341" x="-0.605545" y="-83.488693">
   <element name="ground" layername="ground" frame="0" z_index="22" m_a="1.154909" m_b="0.000000" m_c="0.000000" m_d="1.299123" m_tx="0.958678" m_ty="7.719008"/>
   <element name="body" layername="Body" frame="0" z_index="21" m_a="1.467224" m_b="0.000000" m_c="0.000000" m_d="0.901649" m_tx="0.483597" m_ty="-3.807596"/>
   <element name="body" layername="Lid" frame="1" z_index="18" m_a="1.505074" m_b="0.000000" m_c="0.000000" m_d="0.862657" m_tx="-2.103484" m_ty="-148.772720"/>
   <element name="ground" layername="ground" frame="1" z_index="23" m_a="-0.153877" m_b="0.000000" m_c="-0.000000" m_d="-0.150216" m_tx="3.578076" m_ty="0.589226"/>
   <element name="ground" layername="ground_B" frame="0" z_index="24" m_a="-0.157359" m_b="0.000000" m_c="0.000000" m_d="0.270657" m_tx="-5.201782" m_ty="3.426955"/>
   <element name="stopper" layername="Stoper_B" frame="1" z_index="20" m_a="1.445637" m_b="0.000000" m_c="0.000000" m_d="0.807036" m_tx="-0.858369" m_ty="-158.969955"/>
  </frame>
  <frame idx="525" w="372" h="387" x="-22.851120" y="-94.308243">
   <element name="ground" layername="ground" frame="0" z_index="22" m_a="1.154909" m_b="0.000000" m_c="0.000000" m_d="1.299123" m_tx="0.958678" m_ty="7.719008"/>
   <element name="body" layername="Body" frame="0" z_index="21" m_a="1.208555" m_b="0.000000" m_c="0.000000" m_d="1.057746" m_tx="0.483597" m_ty="-3.807596"/>
   <element name="body" layername="Lid" frame="1" z_index="18" m_a="1.227479" m_b="0.000000" m_c="0.000000" m_d="1.038250" m_tx="-0.820757" m_ty="-174.942169"/>
   <element name="ground" layername="ground" frame="1" z_index="23" m_a="-0.153877" m_b="0.000000" m_c="-0.000000" m_d="-0.150216" m_tx="3.578076" m_ty="0.589226"/>
   <element name="ground" layername="ground_B" frame="0" z_index="24" m_a="-0.157359" m_b="0.000000" m_c="0.000000" m_d="0.270657" m_tx="-5.201782" m_ty="3.426955"/>
   <element name="stopper" layername="Stoper_B" frame="1" z_index="20" m_a="1.190014" m_b="0.000000" m_c="0.000000" m_d="0.954589" m_tx="-0.858369" m_ty="-186.971802"/>
  </frame>
  <frame idx="550" w="348" h="447" x="-45.096695" y="-91.783234">
   <element name="ground" layername="ground" frame="0" z_index="22" m_a="1.154909" m_b="0.000000" m_c="0.000000" m_d="1.299123" m_tx="0.958678" m_ty="7.719008"/>
   <element name="body" layername="Body" frame="0" z_index="21" m_a="0.949885" m_b="0.000000" m_c="0.000000" m_d="1.213844" m_tx="0.483597" m_ty="-3.807596"/>
   <element name="body" layername="Lid" frame="1" z_index="18" m_a="0.949885" m_b="0.000000" m_c="0.000000" m_d="1.213844" m_tx="0.461970" m_ty="-201.111633"/>
   <element name="ground" layername="ground" frame="1" z_index="23" m_a="-0.153877" m_b="0.000000" m_c="-0.000000" m_d="-0.150216" m_tx="3.578076" m_ty="0.589226"/>
   <element name="ground" layername="ground_B" frame="0" z_index="24" m_a="-0.157359" m_b="0.000000" m_c="0.000000" m_d="0.270657" m_tx="-5.201782" m_ty="3.426955"/>
   <element name="stopper" layername="Stoper_B" frame="1" z_index="20" m_a="0.934390" m_b="0.000000" m_c="0.000000" m_d="1.102143" m_tx="-0.858369" m_ty="-214.973648"/>
  </frame>
  <frame idx="575" w="350" h="406" x="-42.941757" y="-93.770111">
   <element name="ground" layername="ground" frame="0" z_index="22" m_a="1.154909" m_b="0.000000" m_c="0.000000" m_d="1.299123" m_tx="0.958678" m_ty="7.719008"/>
   <element name="body" layername="Body" frame="0" z_index="21" m_a="0.974943" m_b="0.000000" m_c="0.000000" m_d="1.106922" m_tx="0.483597" m_ty="-3.807596"/>
   <element name="body" layername="Lid" frame="1" z_index="18" m_a="0.974943" m_b="0.000000" m_c="0.000000" m_d="1.106922" m_tx="-0.538601" m_ty="-183.700989"/>
   <element name="ground" layername="ground" frame="1" z_index="23" m_a="-0.153877" m_b="0.000000" m_c="-0.000000" m_d="-0.150216" m_tx="3.578076" m_ty="0.589226"/>
   <element name="ground" layername="ground_B" frame="0" z_index="24" m_a="-0.157359" m_b="0.000000" m_c="0.000000" m_d="0.270657" m_tx="-5.201782" m_ty="3.426955"/>
   <element name="stopper" layername="Stoper_B" frame="1" z_index="20" m_a="0.967195" m_b="0.000000" m_c="0.000000" m_d="1.051072" m_tx="-0.858369" m_ty="-196.471802"/>
  </frame>
  <frame idx="600" w="352" h="370" x="-40.786804" y="-92.247498">
   <element name="ground" layername="ground" frame="0" z_index="22" m_a="1.154909" m_b="0.000000" m_c="0.000000" m_d="1.299123" m_tx="0.958678" m_ty="7.719008"/>
   <element name="body" layername="Body" frame="0" z_index="21" m_a="1.000000" m_b="0.000000" m_c="0.000000" m_d="1.000000" m_tx="0.483597" m_ty="-3.807596"/>
   <element name="body" layername="Lid" frame="1" z_index="18" m_a="1.000000" m_b="0.000000" m_c="0.000000" m_d="1.000000" m_tx="-1.539171" m_ty="-166.290329"/>
   <element name="ground" layername="ground" frame="1" z_index="23" m_a="-0.153877" m_b="0.000000" m_c="-0.000000" m_d="-0.150216" m_tx="3.578076" m_ty="0.589226"/>
   <element name="ground" layername="ground_B" frame="0" z_index="24" m_a="-0.157359" m_b="0.000000" m_c="0.000000" m_d="0.270657" m_tx="-5.201782" m_ty="3.426955"/>
   <element name="stopper" layername="Stoper_B" frame="1" z_index="20" m_a="1.000000" m_b="0.000000" m_c="0.000000" m_d="1.000000" m_tx="-0.858369" m_ty="-177.969955"/>
  </frame>
 </anim>
 <anim name="closed" root="thermos_bottle_big" numframes="25" framerate="40">
  <frame idx="0" w="176" h="370" x="12.587753" y="-92.247498">
   <element name="ground" layername="ground" frame="0" z_index="24" m_a="1.154909" m_b="0.000000" m_c="0.000000" m_d="1.299123" m_tx="0.958678" m_ty="7.719008"/>
   <element name="body" layername="Body" frame="0" z_index="23" m_a="1.000000" m_b="0.000000" m_c="0.000000" m_d="1.000000" m_tx="0.483597" m_ty="-3.807596"/>
   <element name="body" layername="Lid" frame="1" z_index="21" m_a="1.000000" m_b="0.000000" m_c="0.000000" m_d="1.000000" m_tx="-1.539171" m_ty="-166.290329"/>
   <element name="stopper" layername="Stoper_B" frame="1" z_index="22" m_a="1.000000" m_b="0.000000" m_c="0.000000" m_d="1.000000" m_tx="-0.858369" m_ty="-177.969955"/>
  </frame>
 </anim>
 <anim name="open" root="thermos_bottle_big" numframes="1175" framerate="40">
  <frame idx="0" w="176" h="370" x="12.587753" y="-92.247498">
   <element name="ground" layername="ground" frame="0" z_index="24" m_a="1.154909" m_b="0.000000" m_c="0.000000" m_d="1.299123" m_tx="0.958678" m_ty="7.719008"/>
   <element name="body" layername="Body" frame="0" z_index="23" m_a="1.000000" m_b="0.000000" m_c="0.000000" m_d="1.000000" m_tx="0.483597" m_ty="-3.807596"/>
   <element name="body" layername="Lid" frame="1" z_index="21" m_a="1.000000" m_b="0.000000" m_c="0.000000" m_d="1.000000" m_tx="-1.539171" m_ty="-166.290329"/>
   <element name="stopper" layername="Stoper_B" frame="1" z_index="22" m_a="1.000000" m_b="0.000000" m_c="0.000000" m_d="1.000000" m_tx="-0.858369" m_ty="-177.969955"/>
  </frame>
  <frame idx="25" w="179" h="366" x="15.062607" y="-91.686745">
   <element name="ground" layername="ground" frame="0" z_index="24" m_a="1.134845" m_b="0.000000" m_c="0.000000" m_d="1.266205" m_tx="0.958678" m_ty="7.719008"/>
   <element name="body" layername="Body" frame="0" z_index="23" m_a="1.028777" m_b="0.000000" m_c="0.000000" m_d="0.986902" m_tx="0.483597" m_ty="-3.807596"/>
   <element name="body" layername="Lid" frame="1" z_index="21" m_a="1.028777" m_b="0.000000" m_c="0.000000" m_d="0.986902" m_tx="-1.524442" m_ty="-164.280045"/>
   <element name="stopper" layername="Stoper_B" frame="1" z_index="22" m_a="1.032178" m_b="0.000000" m_c="0.000000" m_d="0.978718" m_tx="-0.858369" m_ty="-175.569962"/>
  </frame>
  <frame idx="50" w="182" h="362" x="17.537468" y="-91.125999">
   <element name="ground" layername="ground" frame="0" z_index="24" m_a="1.114781" m_b="0.000000" m_c="0.000000" m_d="1.233287" m_tx="0.958678" m_ty="7.719008"/>
   <element name="body" layername="Body" frame="0" z_index="23" m_a="1.057555" m_b="0.000000" m_c="0.000000" m_d="0.973804" m_tx="0.483597" m_ty="-3.807596"/>
   <element name="body" layername="Lid" frame="1" z_index="21" m_a="1.057555" m_b="0.000000" m_c="0.000000" m_d="0.973804" m_tx="-1.509712" m_ty="-162.269760"/>
   <element name="stopper" layername="Stoper_B" frame="1" z_index="22" m_a="1.064355" m_b="0.000000" m_c="0.000000" m_d="0.957436" m_tx="-0.858369" m_ty="-173.169952"/>
  </frame>
  <frame idx="75" w="184" h="358" x="20.012321" y="-90.565254">
   <element name="ground" layername="ground" frame="0" z_index="24" m_a="1.094718" m_b="0.000000" m_c="0.000000" m_d="1.200370" m_tx="0.958678" m_ty="7.719008"/>
   <element name="body" layername="Body" frame="0" z_index="23" m_a="1.086332" m_b="0.000000" m_c="0.000000" m_d="0.960707" m_tx="0.483597" m_ty="-3.807596"/>
   <element name="body" layername="Lid" frame="1" z_index="21" m_a="1.086332" m_b="0.000000" m_c="0.000000" m_d="0.960707" m_tx="-1.494983" m_ty="-160.259491"/>
   <element name="stopper" layername="Stoper_B" frame="1" z_index="22" m_a="1.096533" m_b="0.000000" m_c="0.000000" m_d="0.936155" m_tx="-0.858369" m_ty="-170.769958"/>
  </frame>
  <frame idx="100" w="187" h="355" x="22.487183" y="-90.004501">
   <element name="ground" layername="ground" frame="0" z_index="24" m_a="1.074654" m_b="0.000000" m_c="0.000000" m_d="1.167452" m_tx="0.958678" m_ty="7.719008"/>
   <element name="body" layername="Body" frame="0" z_index="23" m_a="1.115110" m_b="0.000000" m_c="0.000000" m_d="0.947609" m_tx="0.483597" m_ty="-3.807596"/>
   <element name="body" layername="Lid" frame="1" z_index="21" m_a="1.115110" m_b="0.000000" m_c="0.000000" m_d="0.947609" m_tx="-1.480253" m_ty="-158.249207"/>
   <element name="stopper" layername="Stoper_B" frame="1" z_index="22" m_a="1.128710" m_b="0.000000" m_c="0.000000" m_d="0.914873" m_tx="-0.858369" m_ty="-168.369949"/>
  </frame>
  <frame idx="125" w="190" h="351" x="24.962036" y="-89.443748">
   <element name="ground" layername="ground" frame="0" z_index="24" m_a="1.054590" m_b="0.000000" m_c="0.000000" m_d="1.134534" m_tx="0.958678" m_ty="7.719008"/>
   <element name="body" layername="Body" frame="0" z_index="23" m_a="1.143887" m_b="0.000000" m_c="0.000000" m_d="0.934511" m_tx="0.483597" m_ty="-3.807596"/>
   <element name="body" layername="Lid" frame="1" z_index="21" m_a="1.143887" m_b="0.000000" m_c="0.000000" m_d="0.934511" m_tx="-1.465524" m_ty="-156.238922"/>
   <element name="stopper" layername="Stoper_B" frame="1" z_index="22" m_a="1.160888" m_b="0.000000" m_c="0.000000" m_d="0.893591" m_tx="-0.858369" m_ty="-165.969955"/>
  </frame>
  <frame idx="150" w="186" h="362" x="21.402763" y="-90.997765">
   <element name="ground" layername="ground" frame="0" z_index="24" m_a="1.093112" m_b="0.000000" m_c="0.000000" m_d="1.239727" m_tx="0.958678" m_ty="7.719008"/>
   <element name="body" layername="Body" frame="0" z_index="23" m_a="1.102500" m_b="0.000000" m_c="0.000000" m_d="0.970660" m_tx="0.483597" m_ty="-3.807596"/>
   <element name="body" layername="Lid" frame="1" z_index="21" m_a="1.102500" m_b="0.000000" m_c="0.000000" m_d="0.970660" m_tx="-1.479966" m_ty="-162.187149"/>
   <element name="stopper" layername="Stoper_B" frame="1" z_index="22" m_a="1.116210" m_b="0.000000" m_c="0.000000" m_d="0.957662" m_tx="-0.658369" m_ty="-172.969955"/>
  </frame>
  <frame idx="175" w="182" h="373" x="17.843468" y="-92.551781">
   <element name="ground" layername="ground" frame="0" z_index="24" m_a="1.131634" m_b="0.000000" m_c="0.000000" m_d="1.344919" m_tx="0.958678" m_ty="7.719008"/>
   <element name="body" layername="Body" frame="0" z_index="23" m_a="1.061113" m_b="0.000000" m_c="0.000000" m_d="1.006809" m_tx="0.483597" m_ty="-3.807596"/>
   <element name="body" layername="Lid" frame="1" z_index="21" m_a="1.061113" m_b="0.000000" m_c="0.000000" m_d="1.006809" m_tx="-1.494409" m_ty="-168.135391"/>
   <element name="stopper" layername="Stoper_B" frame="1" z_index="22" m_a="1.071533" m_b="0.000000" m_c="0.000000" m_d="1.021733" m_tx="-0.458369" m_ty="-179.969955"/>
  </frame>
  <frame idx="200" w="179" h="385" x="14.284195" y="-94.105797">
   <element name="ground" layername="ground" frame="0" z_index="24" m_a="1.170156" m_b="0.000000" m_c="0.000000" m_d="1.450112" m_tx="0.958678" m_ty="7.719008"/>
   <element name="body" layername="Body" frame="0" z_index="23" m_a="1.019726" m_b="0.000000" m_c="0.000000" m_d="1.042958" m_tx="0.483597" m_ty="-3.807596"/>
   <element name="body" layername="Lid" frame="1" z_index="21" m_a="1.019726" m_b="0.000000" m_c="0.000000" m_d="1.042958" m_tx="-1.508851" m_ty="-174.083618"/>
   <element name="stopper" layername="Stoper_B" frame="1" z_index="22" m_a="1.026855" m_b="0.000000" m_c="0.000000" m_d="1.085803" m_tx="-0.258369" m_ty="-186.969955"/>
  </frame>
  <frame idx="225" w="175" h="398" x="11.608978" y="-94.717041">
   <element name="ground" layername="ground" frame="0" z_index="24" m_a="1.208678" m_b="0.000000" m_c="0.000000" m_d="1.555304" m_tx="0.958678" m_ty="7.719008"/>
   <element name="body" layername="Body" frame="0" z_index="23" m_a="0.978339" m_b="0.000000" m_c="0.000000" m_d="1.079107" m_tx="0.483597" m_ty="-3.807596"/>
   <element name="body" layername="Lid" frame="1" z_index="21" m_a="0.978339" m_b="0.000000" m_c="0.000000" m_d="1.079107" m_tx="-1.523294" m_ty="-180.031860"/>
   <element name="stopper" layername="Stoper_B" frame="1" z_index="22" m_a="0.982178" m_b="0.000000" m_c="0.000000" m_d="1.149874" m_tx="-0.058369" m_ty="-193.969955"/>
  </frame>
  <frame idx="250" w="179" h="411" x="14.209221" y="-94.076248">
   <element name="ground" layername="ground" frame="0" z_index="24" m_a="1.247200" m_b="0.000000" m_c="0.000000" m_d="1.660497" m_tx="0.958678" m_ty="7.719008"/>
   <element name="body" layername="Body" frame="0" z_index="23" m_a="0.936952" m_b="0.000000" m_c="0.000000" m_d="1.115256" m_tx="0.483597" m_ty="-3.807596"/>
   <element name="body" layername="Lid" frame="1" z_index="21" m_a="0.936952" m_b="0.000000" m_c="0.000000" m_d="1.115256" m_tx="-1.537736" m_ty="-185.980087"/>
   <element name="stopper" layername="Stoper_B" frame="1" z_index="22" m_a="0.937500" m_b="0.000000" m_c="0.000000" m_d="1.213945" m_tx="0.141631" m_ty="-200.969955"/>
  </frame>
  <frame idx="275" w="174" h="502" x="11.094398" y="-128.968506">
   <element name="ground" layername="ground" frame="0" z_index="24" m_a="1.201055" m_b="0.000000" m_c="0.000000" m_d="1.479810" m_tx="0.958678" m_ty="7.719008"/>
   <element name="body" layername="Body" frame="0" z_index="23" m_a="0.968476" m_b="0.000000" m_c="0.000000" m_d="1.057628" m_tx="0.483597" m_ty="-3.807596"/>
   <element name="body" layername="Lid" frame="1" z_index="21" m_a="0.933972" m_b="-0.104659" m_c="0.123613" m_d="1.103113" m_tx="-8.999340" m_ty="-231.214478"/>
   <element name="stopper" layername="Stoper_B" frame="1" z_index="22" m_a="0.968750" m_b="0.000000" m_c="0.000000" m_d="1.106972" m_tx="-0.358369" m_ty="-189.469955"/>
  </frame>
  <frame idx="300" w="372" h="596" x="-46.653442" y="-160.680420">
   <element name="ground" layername="ground" frame="0" z_index="23" m_a="1.154909" m_b="0.000000" m_c="0.000000" m_d="1.299123" m_tx="0.958678" m_ty="7.719008"/>
   <element name="body" layername="Body" frame="0" z_index="22" m_a="1.000000" m_b="0.000000" m_c="0.000000" m_d="1.000000" m_tx="0.483597" m_ty="-3.807596"/>
   <element name="body" layername="Lid" frame="2" z_index="20" m_a="0.919302" m_b="-0.208651" m_c="0.244529" m_d="1.077376" m_tx="-16.460943" m_ty="-276.448853"/>
   <element name="ground" layername="ground" frame="1" z_index="24" m_a="-0.187482" m_b="0.000000" m_c="-0.000000" m_d="-0.129719" m_tx="1.287792" m_ty="4.758552"/>
   <element name="stopper" layername="Stoper_B" frame="1" z_index="21" m_a="1.000000" m_b="0.000000" m_c="0.000000" m_d="1.000000" m_tx="-0.858369" m_ty="-177.969955"/>
  </frame>
  <frame idx="325" w="409" h="634" x="-49.349152" y="-172.308960">
   <element name="ground" layername="ground" frame="0" z_index="23" m_a="1.231079" m_b="0.000000" m_c="0.000000" m_d="1.299123" m_tx="0.958678" m_ty="7.719008"/>
   <element name="body" layername="Body" frame="0" z_index="22" m_a="1.074854" m_b="0.009324" m_c="-0.008396" m_d="0.967836" m_tx="0.483597" m_ty="-3.807596"/>
   <element name="body" layername="Lid" frame="2" z_index="20" m_a="0.722396" m_b="-0.620401" m_c="0.708408" m_d="0.824871" m_tx="-31.057510" m_ty="-247.001907"/>
   <element name="ground" layername="ground" frame="1" z_index="24" m_a="-0.224870" m_b="0.000000" m_c="-0.000000" m_d="-0.179239" m_tx="-6.472384" m_ty="8.830059"/>
   <element name="stopper" layername="Stoper_B" frame="1" z_index="21" m_a="1.051242" m_b="0.009119" m_c="-0.008285" m_d="0.955098" m_tx="1.469377" m_ty="-172.476471"/>
  </frame>
  <frame idx="350" w="446" h="644" x="-52.052765" y="-175.161072">
   <element name="ground" layername="ground" frame="0" z_index="23" m_a="1.307248" m_b="0.000000" m_c="0.000000" m_d="1.299123" m_tx="0.958678" m_ty="7.719008"/>
   <element name="body" layername="Body" frame="0" z_index="22" m_a="1.149615" m_b="0.019946" m_c="-0.016233" m_d="0.935603" m_tx="0.483597" m_ty="-3.807596"/>
   <element name="body" layername="Lid" frame="2" z_index="20" m_a="0.352105" m_b="-0.895020" m_c="0.995581" m_d="0.391666" m_tx="-45.654076" m_ty="-217.554962"/>
   <element name="ground" layername="ground" frame="1" z_index="24" m_a="-0.262258" m_b="0.000000" m_c="-0.000000" m_d="-0.228759" m_tx="-14.232560" m_ty="12.901566"/>
   <element name="stopper" layername="Stoper_B" frame="1" z_index="21" m_a="1.102398" m_b="0.019126" m_c="-0.015791" m_d="0.910130" m_tx="3.797124" m_ty="-166.982986"/>
  </frame>
  <frame idx="375" w="483" h="604" x="-54.765778" y="-163.446594">
   <element name="ground" layername="ground" frame="0" z_index="23" m_a="1.383417" m_b="0.000000" m_c="0.000000" m_d="1.299123" m_tx="0.958678" m_ty="7.719008"/>
   <element name="body" layername="Body" frame="0" z_index="22" m_a="1.224267" m_b="0.031867" m_c="-0.023512" m_d="0.903310" m_tx="0.483597" m_ty="-3.807596"/>
   <element name="body" layername="Lid" frame="2" z_index="20" m_a="0.069698" m_b="-0.964734" m_c="1.057118" m_d="0.076372" m_tx="-48.474560" m_ty="-185.202621"/>
   <element name="ground" layername="ground" frame="1" z_index="24" m_a="-0.299646" m_b="0.000000" m_c="-0.000000" m_d="-0.278279" m_tx="-21.992737" m_ty="16.973072"/>
   <element name="stopper" layername="Stoper_B" frame="1" z_index="21" m_a="1.153455" m_b="0.030022" m_c="-0.022517" m_d="0.865107" m_tx="6.124871" m_ty="-161.489517"/>
  </frame>
  <frame idx="400" w="491" h="594" x="-84.202087" y="-149.641190">
   <element name="ground" layername="ground" frame="0" z_index="23" m_a="1.154909" m_b="0.000000" m_c="0.000000" m_d="1.045803" m_tx="0.958678" m_ty="7.719008"/>
   <element name="body" layername="Body" frame="0" z_index="22" m_a="0.933481" m_b="0.080572" m_c="-0.095905" m_d="1.111125" m_tx="9.892370" m_ty="-17.094309"/>
   <element name="body" layername="Lid" frame="2" z_index="19" m_a="-0.222292" m_b="-0.946965" m_c="1.022111" m_d="-0.239932" m_tx="-51.295048" m_ty="-152.850281"/>
   <element name="ground" layername="ground" frame="1" z_index="24" m_a="-0.337034" m_b="0.000000" m_c="-0.000000" m_d="-0.327799" m_tx="-29.752913" m_ty="21.044580"/>
   <element name="stopper" layername="Stoper_A" frame="2" z_index="20" m_a="0.829477" m_b="0.236267" m_c="-0.395545" m_d="1.388665" m_tx="62.225971" m_ty="-270.880524"/>
  </frame>
  <frame idx="425" w="522" h="561" x="-92.877075" y="-142.544556">
   <element name="ground" layername="ground" frame="0" z_index="23" m_a="1.154909" m_b="0.000000" m_c="0.000000" m_d="1.096467" m_tx="0.958678" m_ty="7.719008"/>
   <element name="body" layername="Body" frame="0" z_index="22" m_a="0.943214" m_b="0.055293" m_c="-0.064423" m_d="1.098962" m_tx="8.010615" m_ty="-14.436966"/>
   <element name="body" layername="Lid" frame="2" z_index="19" m_a="-0.497239" m_b="-0.842354" m_c="0.895530" m_d="-0.528629" m_tx="-54.115532" m_ty="-120.497948"/>
   <element name="ground" layername="ground" frame="1" z_index="24" m_a="-0.374421" m_b="0.000000" m_c="-0.000000" m_d="-0.377319" m_tx="-37.513088" m_ty="25.116089"/>
   <element name="stopper" layername="Stoper_A" frame="2" z_index="20" m_a="0.957731" m_b="0.272798" m_c="-0.313865" m_d="1.101906" m_tx="62.225971" m_ty="-270.880524"/>
  </frame>
  <frame idx="450" w="557" h="513" x="-97.072418" y="-130.708313">
   <element name="ground" layername="ground" frame="0" z_index="23" m_a="1.154909" m_b="0.000000" m_c="0.000000" m_d="1.147131" m_tx="0.958678" m_ty="7.719008"/>
   <element name="body" layername="Body" frame="0" z_index="21" m_a="0.952256" m_b="0.029538" m_c="-0.033684" m_d="1.085920" m_tx="6.128861" m_ty="-11.779624"/>
   <element name="body" layername="Lid" frame="2" z_index="19" m_a="-0.729779" m_b="-0.659499" m_c="0.690551" m_d="-0.764140" m_tx="-56.936020" m_ty="-88.145615"/>
   <element name="ground" layername="ground" frame="1" z_index="24" m_a="-0.411809" m_b="0.000000" m_c="-0.000000" m_d="-0.426839" m_tx="-45.273266" m_ty="29.187595"/>
   <element name="stopper" layername="Stoper_A" frame="2" z_index="22" m_a="1.085985" m_b="0.309330" m_c="-0.232185" m_d="0.815147" m_tx="62.225971" m_ty="-270.880524"/>
  </frame>
  <frame idx="475" w="581" h="489" x="-112.092606" y="-126.570557">
   <element name="ground" layername="ground" frame="0" z_index="23" m_a="1.154909" m_b="0.000000" m_c="0.000000" m_d="1.197795" m_tx="0.958678" m_ty="7.719008"/>
   <element name="body" layername="Body" frame="0" z_index="22" m_a="0.960589" m_b="0.003326" m_c="-0.003712" m_d="1.072029" m_tx="4.247106" m_ty="-9.122281"/>
   <element name="body" layername="Lid" frame="2" z_index="19" m_a="-0.898147" m_b="-0.414266" m_c="0.427198" m_d="-0.926184" m_tx="-59.756508" m_ty="-55.793282"/>
   <element name="ground" layername="ground" frame="1" z_index="24" m_a="-0.449197" m_b="0.000000" m_c="-0.000000" m_d="-0.476359" m_tx="-53.033440" m_ty="33.259102"/>
   <element name="stopper" layername="Stoper_A" frame="2" z_index="20" m_a="0.889934" m_b="0.456089" m_c="-0.456089" m_d="0.889934" m_tx="62.225971" m_ty="-257.975739"/>
  </frame>
  <frame idx="500" w="614" h="434" x="-118.965530" y="-110.592682">
   <element name="ground" layername="ground" frame="0" z_index="23" m_a="1.154909" m_b="0.000000" m_c="0.000000" m_d="1.248459" m_tx="0.958678" m_ty="7.719008"/>
   <element name="body" layername="Body" frame="0" z_index="22" m_a="0.968195" m_b="-0.023322" m_c="0.025469" m_d="1.057321" m_tx="2.365352" m_ty="-6.464939"/>
   <element name="body" layername="Lid" frame="2" z_index="19" m_a="-0.986217" m_b="-0.128412" m_c="0.130406" m_d="-1.001525" m_tx="-62.576992" m_ty="-23.440945"/>
   <element name="ground" layername="ground" frame="1" z_index="24" m_a="-0.486585" m_b="0.000000" m_c="-0.000000" m_d="-0.525879" m_tx="-60.793617" m_ty="37.330608"/>
   <element name="stopper" layername="Stoper_A" frame="2" z_index="20" m_a="0.565798" m_b="0.824544" m_c="-0.824544" m_d="0.565798" m_tx="66.747437" m_ty="-225.163757"/>
  </frame>
  <frame idx="525" w="646" h="380" x="-125.612747" y="-94.407051">
   <element name="ground" layername="ground" frame="0" z_index="23" m_a="1.154909" m_b="0.000000" m_c="0.000000" m_d="1.299123" m_tx="0.958678" m_ty="7.719008"/>
   <element name="body" layername="Body" frame="0" z_index="22" m_a="0.975056" m_b="-0.050386" m_c="0.053837" m_d="1.041831" m_tx="0.483597" m_ty="-3.807596"/>
   <element name="body" layername="Lid" frame="2" z_index="19" m_a="-0.985037" m_b="0.172344" m_c="-0.172344" m_d="-0.985037" m_tx="-65.397476" m_ty="8.911392"/>
   <element name="ground" layername="ground" frame="1" z_index="24" m_a="-0.523973" m_b="0.000000" m_c="-0.000000" m_d="-0.575399" m_tx="-68.553795" m_ty="41.402115"/>
   <element name="stopper" layername="Stoper_A" frame="2" z_index="20" m_a="0.105404" m_b="0.994430" m_c="-0.994430" m_d="0.105404" m_tx="71.268906" m_ty="-192.351776"/>
  </frame>
  <frame idx="550" w="645" h="359" x="-126.716476" y="-88.913704">
   <element name="ground" layername="ground" frame="0" z_index="23" m_a="1.154909" m_b="0.000000" m_c="0.000000" m_d="1.299123" m_tx="0.958678" m_ty="7.719008"/>
   <element name="body" layername="Body" frame="0" z_index="21" m_a="0.983655" m_b="-0.033870" m_c="0.035404" m_d="1.028205" m_tx="0.483597" m_ty="-3.807596"/>
   <element name="body" layername="Lid" frame="2" z_index="19" m_a="-1.105971" m_b="0.193503" m_c="-0.134217" m_d="-0.767122" m_tx="-65.397476" m_ty="15.911392"/>
   <element name="ground" layername="ground" frame="1" z_index="24" m_a="-0.523973" m_b="0.000000" m_c="-0.000000" m_d="-0.575399" m_tx="-68.553795" m_ty="41.402115"/>
   <element name="stopper" layername="Stoper_A" frame="2" z_index="22" m_a="-0.292831" m_b="0.956164" m_c="-0.956164" m_d="-0.292831" m_tx="80.515511" m_ty="-158.641174"/>
  </frame>
  <frame idx="575" w="644" h="346" x="-127.795959" y="-84.883224">
   <element name="ground" layername="ground" frame="0" z_index="23" m_a="1.154909" m_b="0.000000" m_c="0.000000" m_d="1.299123" m_tx="0.958678" m_ty="7.719008"/>
   <element name="body" layername="Body" frame="0" z_index="21" m_a="0.991972" m_b="-0.017073" m_c="0.017457" m_d="1.014257" m_tx="0.483597" m_ty="-3.807596"/>
   <element name="body" layername="Lid" frame="2" z_index="19" m_a="-0.992130" m_b="0.125215" m_c="-0.125215" m_d="-0.992130" m_tx="-65.352837" m_ty="8.630142"/>
   <element name="ground" layername="ground" frame="1" z_index="24" m_a="-0.523973" m_b="0.000000" m_c="-0.000000" m_d="-0.575399" m_tx="-68.553795" m_ty="41.402115"/>
   <element name="stopper" layername="Stoper_A" frame="2" z_index="22" m_a="-0.644196" m_b="0.764860" m_c="-0.764860" m_d="-0.644196" m_tx="89.762115" m_ty="-124.930580"/>
  </frame>
  <frame idx="600" w="643" h="319" x="-128.851227" y="-77.089363">
   <element name="ground" layername="ground" frame="0" z_index="23" m_a="1.154909" m_b="0.000000" m_c="0.000000" m_d="1.299123" m_tx="0.958678" m_ty="7.719008"/>
   <element name="body" layername="Body" frame="0" z_index="21" m_a="1.000000" m_b="0.000000" m_c="0.000000" m_d="1.000000" m_tx="0.483597" m_ty="-3.807596"/>
   <element name="body" layername="Lid" frame="2" z_index="19" m_a="-0.996969" m_b="0.077801" m_c="-0.077801" m_d="-0.996969" m_tx="-65.308189" m_ty="5.682225"/>
   <element name="ground" layername="ground" frame="1" z_index="24" m_a="-0.523973" m_b="0.000000" m_c="-0.000000" m_d="-0.575399" m_tx="-68.553795" m_ty="41.402115"/>
   <element name="ground" layername="ground_B" frame="0" z_index="18" m_a="-0.216825" m_b="0.000000" m_c="0.000000" m_d="0.223726" m_tx="87.394958" m_ty="-4.019850"/>
   <element name="stopper" layername="Stoper_A" frame="2" z_index="22" m_a="-0.892455" m_b="0.451137" m_c="-0.451137" m_d="-0.892455" m_tx="99.008728" m_ty="-91.219986"/>
  </frame>
  <frame idx="625" w="643" h="311" x="-128.851227" y="-74.214134">
   <element name="ground" layername="ground" frame="0" z_index="22" m_a="1.154909" m_b="0.000000" m_c="0.000000" m_d="1.299123" m_tx="0.958678" m_ty="7.719008"/>
   <element name="body" layername="Body" frame="0" z_index="20" m_a="1.000000" m_b="0.000000" m_c="0.000000" m_d="1.000000" m_tx="0.483597" m_ty="-3.807596"/>
   <element name="body" layername="Lid" frame="2" z_index="18" m_a="-0.999544" m_b="0.030211" m_c="-0.030211" m_d="-0.999544" m_tx="-65.263550" m_ty="2.734309"/>
   <element name="ground" layername="ground" frame="1" z_index="23" m_a="-0.523973" m_b="0.000000" m_c="-0.000000" m_d="-0.575399" m_tx="-68.553795" m_ty="41.402115"/>
   <element name="ground" layername="ground_B" frame="0" z_index="24" m_a="-0.437594" m_b="0.000000" m_c="0.000000" m_d="0.427779" m_tx="85.817261" m_ty="-4.019850"/>
   <element name="stopper" layername="Stoper_A" frame="2" z_index="21" m_a="-0.997872" m_b="0.065208" m_c="-0.065208" m_d="-0.997872" m_tx="108.255333" m_ty="-57.509384"/>
  </frame>
  <frame idx="650" w="646" h="311" x="-126.556824" y="-74.214134">
   <element name="ground" layername="ground" frame="0" z_index="22" m_a="1.154909" m_b="0.000000" m_c="0.000000" m_d="1.299123" m_tx="0.958678" m_ty="7.719008"/>
   <element name="body" layername="Body" frame="0" z_index="20" m_a="1.000000" m_b="0.000000" m_c="0.000000" m_d="1.000000" m_tx="0.483597" m_ty="-3.807596"/>
   <element name="body" layername="Lid" frame="2" z_index="18" m_a="-0.999848" m_b="-0.017448" m_c="0.017448" m_d="-0.999848" m_tx="-65.218910" m_ty="-0.213608"/>
   <element name="ground" layername="ground" frame="1" z_index="23" m_a="-0.523973" m_b="0.000000" m_c="-0.000000" m_d="-0.575399" m_tx="-68.553795" m_ty="41.402115"/>
   <element name="ground" layername="ground_B" frame="0" z_index="24" m_a="-0.658364" m_b="0.000000" m_c="0.000000" m_d="0.631832" m_tx="103.903610" m_ty="-4.019854"/>
   <element name="stopper" layername="Stoper_A" frame="2" z_index="21" m_a="-0.943575" m_b="-0.331160" m_c="0.331160" m_d="-0.943575" m_tx="117.501938" m_ty="-23.798788"/>
  </frame>
  <frame idx="675" w="643" h="311" x="-128.851227" y="-74.214134">
   <element name="ground" layername="ground" frame="0" z_index="22" m_a="1.154909" m_b="0.000000" m_c="0.000000" m_d="1.299123" m_tx="0.958678" m_ty="7.719008"/>
   <element name="body" layername="Body" frame="0" z_index="20" m_a="1.000000" m_b="0.000000" m_c="0.000000" m_d="1.000000" m_tx="0.483597" m_ty="-3.807596"/>
   <element name="body" layername="Lid" frame="2" z_index="18" m_a="-0.997881" m_b="-0.065068" m_c="0.065068" m_d="-0.997881" m_tx="-65.174271" m_ty="1.755142"/>
   <element name="ground" layername="ground" frame="1" z_index="23" m_a="-0.523973" m_b="0.000000" m_c="-0.000000" m_d="-0.575399" m_tx="-68.553795" m_ty="41.402115"/>
   <element name="ground" layername="ground_B" frame="0" z_index="24" m_a="-0.637951" m_b="0.000000" m_c="0.000000" m_d="0.605677" m_tx="100.778610" m_ty="-4.019854"/>
   <element name="stopper" layername="Stoper_A" frame="2" z_index="21" m_a="-0.963407" m_b="-0.268042" m_c="0.268042" m_d="-0.963407" m_tx="114.137375" m_ty="-29.139545"/>
  </frame>
  <frame idx="700" w="643" h="311" x="-128.851227" y="-74.214134">
   <element name="ground" layername="ground" frame="0" z_index="22" m_a="1.154909" m_b="0.000000" m_c="0.000000" m_d="1.299123" m_tx="0.958678" m_ty="7.719008"/>
   <element name="body" layername="Body" frame="0" z_index="20" m_a="1.000000" m_b="0.000000" m_c="0.000000" m_d="1.000000" m_tx="0.483597" m_ty="-3.807596"/>
   <element name="body" layername="Lid" frame="2" z_index="18" m_a="-0.993647" m_b="-0.112540" m_c="0.112540" m_d="-0.993647" m_tx="-65.129623" m_ty="3.723892"/>
   <element name="ground" layername="ground" frame="1" z_index="23" m_a="-0.523973" m_b="0.000000" m_c="-0.000000" m_d="-0.575399" m_tx="-68.553795" m_ty="41.402115"/>
   <element name="ground" layername="ground_B" frame="0" z_index="24" m_a="-0.617537" m_b="0.000000" m_c="0.000000" m_d="0.579522" m_tx="97.653610" m_ty="-4.019854"/>
   <element name="stopper" layername="Stoper_A" frame="2" z_index="21" m_a="-0.979023" m_b="-0.203752" m_c="0.203752" m_d="-0.979023" m_tx="110.772820" m_ty="-34.480301"/>
  </frame>
  <frame idx="725" w="643" h="311" x="-128.851227" y="-74.214134">
   <element name="ground" layername="ground" frame="0" z_index="22" m_a="1.154909" m_b="0.000000" m_c="0.000000" m_d="1.299123" m_tx="0.958678" m_ty="7.719008"/>
   <element name="body" layername="Body" frame="0" z_index="20" m_a="1.000000" m_b="0.000000" m_c="0.000000" m_d="1.000000" m_tx="0.483597" m_ty="-3.807596"/>
   <element name="body" layername="Lid" frame="2" z_index="18" m_a="-0.987157" m_b="-0.159756" m_c="0.159756" m_d="-0.987157" m_tx="-65.084976" m_ty="5.692642"/>
   <element name="ground" layername="ground" frame="1" z_index="23" m_a="-0.523973" m_b="0.000000" m_c="-0.000000" m_d="-0.575399" m_tx="-68.553795" m_ty="41.402115"/>
   <element name="ground" layername="ground_B" frame="0" z_index="24" m_a="-0.597124" m_b="0.000000" m_c="0.000000" m_d="0.553366" m_tx="94.528610" m_ty="-4.019854"/>
   <element name="stopper" layername="Stoper_A" frame="2" z_index="21" m_a="-0.990353" m_b="-0.138570" m_c="0.138570" m_d="-0.990353" m_tx="107.408257" m_ty="-36.821056"/>
  </frame>
  <frame idx="750" w="643" h="311" x="-128.851227" y="-74.214134">
   <element name="ground" layername="ground" frame="0" z_index="22" m_a="1.154909" m_b="0.000000" m_c="0.000000" m_d="1.299123" m_tx="0.958678" m_ty="7.719008"/>
   <element name="body" layername="Body" frame="0" z_index="20" m_a="1.000000" m_b="0.000000" m_c="0.000000" m_d="1.000000" m_tx="0.483597" m_ty="-3.807596"/>
   <element name="body" layername="Lid" frame="2" z_index="18" m_a="-0.978424" m_b="-0.206609" m_c="0.206609" m_d="-0.978424" m_tx="-65.040337" m_ty="7.661392"/>
   <element name="ground" layername="ground" frame="1" z_index="23" m_a="-0.523973" m_b="0.000000" m_c="-0.000000" m_d="-0.575399" m_tx="-68.553795" m_ty="41.402115"/>
   <element name="ground" layername="ground_B" frame="0" z_index="24" m_a="-0.576711" m_b="0.000000" m_c="0.000000" m_d="0.527211" m_tx="91.403610" m_ty="-4.019854"/>
   <element name="stopper" layername="Stoper_A" frame="2" z_index="21" m_a="-0.997348" m_b="-0.072781" m_c="0.072781" m_d="-0.997348" m_tx="104.043694" m_ty="-39.161816"/>
  </frame>
  <frame idx="775" w="643" h="311" x="-128.851242" y="-74.214134">
   <element name="ground" layername="ground" frame="0" z_index="22" m_a="1.154909" m_b="0.000000" m_c="0.000000" m_d="1.299123" m_tx="0.958678" m_ty="7.719008"/>
   <element name="body" layername="Body" frame="0" z_index="20" m_a="1.000000" m_b="0.000000" m_c="0.000000" m_d="1.000000" m_tx="0.483597" m_ty="-3.807596"/>
   <element name="body" layername="Lid" frame="2" z_index="18" m_a="-0.986714" m_b="-0.162465" m_c="0.162465" m_d="-0.986714" m_tx="-65.587326" m_ty="6.453783"/>
   <element name="ground" layername="ground" frame="1" z_index="23" m_a="-0.523973" m_b="0.000000" m_c="-0.000000" m_d="-0.575399" m_tx="-68.553795" m_ty="41.402115"/>
   <element name="ground" layername="ground_B" frame="0" z_index="24" m_a="-0.597124" m_b="0.000000" m_c="0.000000" m_d="0.553367" m_tx="90.778610" m_ty="-4.019854"/>
   <element name="stopper" layername="Stoper_A" frame="2" z_index="21" m_a="-0.999978" m_b="-0.006674" m_c="0.006674" m_d="-0.999978" m_tx="100.679131" m_ty="-37.002571"/>
  </frame>
  <frame idx="800" w="643" h="311" x="-128.851242" y="-74.214134">
   <element name="ground" layername="ground" frame="0" z_index="22" m_a="1.154909" m_b="0.000000" m_c="0.000000" m_d="1.299123" m_tx="0.958678" m_ty="7.719008"/>
   <element name="body" layername="Body" frame="0" z_index="20" m_a="1.000000" m_b="0.000000" m_c="0.000000" m_d="1.000000" m_tx="0.483597" m_ty="-3.807596"/>
   <element name="body" layername="Lid" frame="2" z_index="18" m_a="-0.993014" m_b="-0.117994" m_c="0.117994" m_d="-0.993014" m_tx="-66.134308" m_ty="5.246174"/>
   <element name="ground" layername="ground" frame="1" z_index="23" m_a="-0.523973" m_b="0.000000" m_c="-0.000000" m_d="-0.575399" m_tx="-68.553795" m_ty="41.402115"/>
   <element name="ground" layername="ground_B" frame="0" z_index="24" m_a="-0.617537" m_b="0.000000" m_c="0.000000" m_d="0.579522" m_tx="90.153610" m_ty="-4.019854"/>
   <element name="stopper" layername="Stoper_A" frame="2" z_index="21" m_a="-0.998231" m_b="0.059463" m_c="-0.059463" m_d="-0.998231" m_tx="97.314568" m_ty="-34.843327"/>
  </frame>
  <frame idx="825" w="643" h="311" x="-128.851242" y="-74.214134">
   <element name="ground" layername="ground" frame="0" z_index="22" m_a="1.154909" m_b="0.000000" m_c="0.000000" m_d="1.299123" m_tx="0.958678" m_ty="7.719008"/>
   <element name="body" layername="Body" frame="0" z_index="20" m_a="1.000000" m_b="0.000000" m_c="0.000000" m_d="1.000000" m_tx="0.483597" m_ty="-3.807596"/>
   <element name="body" layername="Lid" frame="2" z_index="18" m_a="-0.997311" m_b="-0.073284" m_c="0.073284" m_d="-0.997311" m_tx="-66.681297" m_ty="4.038565"/>
   <element name="ground" layername="ground" frame="1" z_index="23" m_a="-0.523973" m_b="0.000000" m_c="-0.000000" m_d="-0.575399" m_tx="-68.553795" m_ty="41.402115"/>
   <element name="ground" layername="ground_B" frame="0" z_index="24" m_a="-0.637951" m_b="0.000000" m_c="0.000000" m_d="0.605677" m_tx="89.528610" m_ty="-4.019854"/>
   <element name="stopper" layername="Stoper_A" frame="2" z_index="21" m_a="-0.992114" m_b="0.125339" m_c="-0.125339" m_d="-0.992114" m_tx="93.950012" m_ty="-29.684082"/>
  </frame>
  <frame idx="850" w="643" h="311" x="-128.851227" y="-74.214134">
   <element name="ground" layername="ground" frame="0" z_index="22" m_a="1.154909" m_b="0.000000" m_c="0.000000" m_d="1.299123" m_tx="0.958678" m_ty="7.719008"/>
   <element name="body" layername="Body" frame="0" z_index="20" m_a="1.000000" m_b="0.000000" m_c="0.000000" m_d="1.000000" m_tx="0.483597" m_ty="-3.807596"/>
   <element name="body" layername="Lid" frame="2" z_index="18" m_a="-0.999596" m_b="-0.028427" m_c="0.028427" m_d="-0.999596" m_tx="-67.228287" m_ty="2.830956"/>
   <element name="ground" layername="ground" frame="1" z_index="23" m_a="-0.523973" m_b="0.000000" m_c="-0.000000" m_d="-0.575399" m_tx="-68.553795" m_ty="41.402115"/>
   <element name="ground" layername="ground_B" frame="0" z_index="24" m_a="-0.658364" m_b="0.000000" m_c="0.000000" m_d="0.631832" m_tx="88.903610" m_ty="-4.019854"/>
   <element name="stopper" layername="Stoper_A" frame="2" z_index="21" m_a="-0.981655" m_b="0.190666" m_c="-0.190666" m_d="-0.981655" m_tx="90.585449" m_ty="-24.524839"/>
  </frame>
  <frame idx="875" w="643" h="311" x="-128.851242" y="-74.214134">
   <element name="ground" layername="ground" frame="0" z_index="22" m_a="1.154909" m_b="0.000000" m_c="0.000000" m_d="1.299123" m_tx="0.958678" m_ty="7.719008"/>
   <element name="body" layername="Body" frame="0" z_index="20" m_a="1.000000" m_b="0.000000" m_c="0.000000" m_d="1.000000" m_tx="0.483597" m_ty="-3.807596"/>
   <element name="body" layername="Lid" frame="2" z_index="18" m_a="-0.999864" m_b="0.016488" m_c="-0.016488" m_d="-0.999864" m_tx="-67.775269" m_ty="3.873347"/>
   <element name="ground" layername="ground" frame="1" z_index="23" m_a="-0.523973" m_b="0.000000" m_c="-0.000000" m_d="-0.575399" m_tx="-68.553795" m_ty="41.402115"/>
   <element name="ground" layername="ground_B" frame="0" z_index="24" m_a="-0.658364" m_b="0.000000" m_c="0.000000" m_d="0.631832" m_tx="89.736938" m_ty="-4.019854"/>
   <element name="stopper" layername="Stoper_A" frame="2" z_index="21" m_a="-0.992637" m_b="0.121130" m_c="-0.121130" m_d="-0.992637" m_tx="91.309998" m_ty="-25.697836"/>
  </frame>
  <frame idx="900" w="643" h="311" x="-128.851227" y="-74.214134">
   <element name="ground" layername="ground" frame="0" z_index="22" m_a="1.154909" m_b="0.000000" m_c="0.000000" m_d="1.299123" m_tx="0.958678" m_ty="7.719008"/>
   <element name="body" layername="Body" frame="0" z_index="20" m_a="1.000000" m_b="0.000000" m_c="0.000000" m_d="1.000000" m_tx="0.483597" m_ty="-3.807596"/>
   <element name="body" layername="Lid" frame="2" z_index="18" m_a="-0.998115" m_b="0.061369" m_c="-0.061369" m_d="-0.998115" m_tx="-68.322258" m_ty="4.915738"/>
   <element name="ground" layername="ground" frame="1" z_index="23" m_a="-0.523973" m_b="0.000000" m_c="-0.000000" m_d="-0.575399" m_tx="-68.553795" m_ty="41.402115"/>
   <element name="ground" layername="ground_B" frame="0" z_index="24" m_a="-0.658364" m_b="0.000000" m_c="0.000000" m_d="0.631832" m_tx="90.570274" m_ty="-4.019854"/>
   <element name="stopper" layername="Stoper_A" frame="2" z_index="21" m_a="-0.998699" m_b="0.050994" m_c="-0.050994" m_d="-0.998699" m_tx="92.034546" m_ty="-26.870831"/>
  </frame>
  <frame idx="925" w="643" h="311" x="-128.851242" y="-74.214134">
   <element name="ground" layername="ground" frame="0" z_index="22" m_a="1.154909" m_b="0.000000" m_c="0.000000" m_d="1.299123" m_tx="0.958678" m_ty="7.719008"/>
   <element name="body" layername="Body" frame="0" z_index="20" m_a="1.000000" m_b="0.000000" m_c="0.000000" m_d="1.000000" m_tx="0.483597" m_ty="-3.807596"/>
   <element name="body" layername="Lid" frame="2" z_index="18" m_a="-0.994353" m_b="0.106127" m_c="-0.106127" m_d="-0.994353" m_tx="-68.869247" m_ty="5.958129"/>
   <element name="ground" layername="ground" frame="1" z_index="23" m_a="-0.523973" m_b="0.000000" m_c="-0.000000" m_d="-0.575399" m_tx="-68.553795" m_ty="41.402115"/>
   <element name="ground" layername="ground_B" frame="0" z_index="24" m_a="-0.658364" m_b="0.000000" m_c="0.000000" m_d="0.631832" m_tx="91.403610" m_ty="-4.019854"/>
   <element name="stopper" layername="Stoper_A" frame="2" z_index="21" m_a="-0.999812" m_b="-0.019396" m_c="0.019396" m_d="-0.999812" m_tx="92.759094" m_ty="-28.043827"/>
  </frame>
  <frame idx="950" w="643" h="311" x="-128.851242" y="-74.214134">
   <element name="ground" layername="ground" frame="0" z_index="22" m_a="1.154909" m_b="0.000000" m_c="0.000000" m_d="1.299123" m_tx="0.958678" m_ty="7.719008"/>
   <element name="body" layername="Body" frame="0" z_index="20" m_a="1.000000" m_b="0.000000" m_c="0.000000" m_d="1.000000" m_tx="0.483597" m_ty="-3.807596"/>
   <element name="body" layername="Lid" frame="2" z_index="18" m_a="-0.988584" m_b="0.150670" m_c="-0.150670" m_d="-0.988584" m_tx="-69.416229" m_ty="7.000520"/>
   <element name="ground" layername="ground" frame="1" z_index="23" m_a="-0.523973" m_b="0.000000" m_c="-0.000000" m_d="-0.575399" m_tx="-68.553795" m_ty="41.402115"/>
   <element name="ground" layername="ground_B" frame="0" z_index="24" m_a="-0.658364" m_b="0.000000" m_c="0.000000" m_d="0.631832" m_tx="92.236938" m_ty="-4.019854"/>
   <element name="stopper" layername="Stoper_A" frame="2" z_index="21" m_a="-0.995970" m_b="-0.089689" m_c="0.089689" m_d="-0.995970" m_tx="96.816978" m_ty="-27.216824"/>
  </frame>
  <frame idx="975" w="643" h="311" x="-128.851242" y="-74.214134">
   <element name="ground" layername="ground" frame="0" z_index="22" m_a="1.154909" m_b="0.000000" m_c="0.000000" m_d="1.299123" m_tx="0.958678" m_ty="7.719008"/>
   <element name="body" layername="Body" frame="0" z_index="20" m_a="1.000000" m_b="0.000000" m_c="0.000000" m_d="1.000000" m_tx="0.483597" m_ty="-3.807596"/>
   <element name="body" layername="Lid" frame="2" z_index="18" m_a="-0.991256" m_b="0.131955" m_c="-0.131955" m_d="-0.991256" m_tx="-68.869247" m_ty="7.529557"/>
   <element name="ground" layername="ground" frame="1" z_index="23" m_a="-0.523973" m_b="0.000000" m_c="-0.000000" m_d="-0.575399" m_tx="-68.553795" m_ty="41.402115"/>
   <element name="ground" layername="ground_B" frame="0" z_index="24" m_a="-0.658364" m_b="0.000000" m_c="0.000000" m_d="0.631832" m_tx="93.070274" m_ty="-4.019854"/>
   <element name="stopper" layername="Stoper_A" frame="2" z_index="21" m_a="-0.987192" m_b="-0.159539" m_c="0.159539" m_d="-0.987192" m_tx="100.874863" m_ty="-26.389820"/>
  </frame>
  <frame idx="1000" w="643" h="311" x="-128.851242" y="-74.214134">
   <element name="ground" layername="ground" frame="0" z_index="22" m_a="1.154909" m_b="0.000000" m_c="0.000000" m_d="1.299123" m_tx="0.958678" m_ty="7.719008"/>
   <element name="body" layername="Body" frame="0" z_index="20" m_a="1.000000" m_b="0.000000" m_c="0.000000" m_d="1.000000" m_tx="0.483597" m_ty="-3.807596"/>
   <element name="body" layername="Lid" frame="2" z_index="18" m_a="-0.993573" m_b="0.113192" m_c="-0.113192" m_d="-0.993573" m_tx="-68.322258" m_ty="8.058595"/>
   <element name="ground" layername="ground" frame="1" z_index="23" m_a="-0.523973" m_b="0.000000" m_c="-0.000000" m_d="-0.575399" m_tx="-68.553795" m_ty="41.402115"/>
   <element name="ground" layername="ground_B" frame="0" z_index="24" m_a="-0.658364" m_b="0.000000" m_c="0.000000" m_d="0.631832" m_tx="93.903610" m_ty="-4.019854"/>
   <element name="stopper" layername="Stoper_A" frame="2" z_index="21" m_a="-0.973521" m_b="-0.228597" m_c="0.228597" m_d="-0.973521" m_tx="104.932747" m_ty="-25.562815"/>
  </frame>
  <frame idx="1025" w="643" h="311" x="-128.851242" y="-74.214134">
   <element name="ground" layername="ground" frame="0" z_index="22" m_a="1.154909" m_b="0.000000" m_c="0.000000" m_d="1.299123" m_tx="0.958678" m_ty="7.719008"/>
   <element name="body" layername="Body" frame="0" z_index="20" m_a="1.000000" m_b="0.000000" m_c="0.000000" m_d="1.000000" m_tx="0.483597" m_ty="-3.807596"/>
   <element name="body" layername="Lid" frame="2" z_index="18" m_a="-0.995535" m_b="0.094388" m_c="-0.094388" m_d="-0.995535" m_tx="-67.775269" m_ty="8.587632"/>
   <element name="ground" layername="ground" frame="1" z_index="23" m_a="-0.523973" m_b="0.000000" m_c="-0.000000" m_d="-0.575399" m_tx="-68.553795" m_ty="41.402115"/>
   <element name="ground" layername="ground_B" frame="0" z_index="24" m_a="-0.658364" m_b="0.000000" m_c="0.000000" m_d="0.631832" m_tx="93.070274" m_ty="-4.019854"/>
   <element name="stopper" layername="Stoper_A" frame="2" z_index="21" m_a="-0.985180" m_b="-0.171526" m_c="0.171526" m_d="-0.985180" m_tx="102.814957" m_ty="-25.449097"/>
  </frame>
  <frame idx="1050" w="643" h="311" x="-128.851242" y="-74.214134">
   <element name="ground" layername="ground" frame="0" z_index="22" m_a="1.154909" m_b="0.000000" m_c="0.000000" m_d="1.299123" m_tx="0.958678" m_ty="7.719008"/>
   <element name="body" layername="Body" frame="0" z_index="20" m_a="1.000000" m_b="0.000000" m_c="0.000000" m_d="1.000000" m_tx="0.483597" m_ty="-3.807596"/>
   <element name="body" layername="Lid" frame="2" z_index="18" m_a="-0.997142" m_b="0.075551" m_c="-0.075551" m_d="-0.997142" m_tx="-67.228287" m_ty="9.116670"/>
   <element name="ground" layername="ground" frame="1" z_index="23" m_a="-0.523973" m_b="0.000000" m_c="-0.000000" m_d="-0.575399" m_tx="-68.553795" m_ty="41.402115"/>
   <element name="ground" layername="ground_B" frame="0" z_index="24" m_a="-0.658364" m_b="0.000000" m_c="0.000000" m_d="0.631832" m_tx="92.236938" m_ty="-4.019854"/>
   <element name="stopper" layername="Stoper_A" frame="2" z_index="21" m_a="-0.993495" m_b="-0.113873" m_c="0.113873" m_d="-0.993495" m_tx="100.697159" m_ty="-25.335379"/>
  </frame>
  <frame idx="1075" w="643" h="311" x="-128.851227" y="-74.214134">
   <element name="ground" layername="ground" frame="0" z_index="22" m_a="1.154909" m_b="0.000000" m_c="0.000000" m_d="1.299123" m_tx="0.958678" m_ty="7.719008"/>
   <element name="body" layername="Body" frame="0" z_index="20" m_a="1.000000" m_b="0.000000" m_c="0.000000" m_d="1.000000" m_tx="0.483597" m_ty="-3.807596"/>
   <element name="body" layername="Lid" frame="2" z_index="18" m_a="-0.998392" m_b="0.056687" m_c="-0.056687" m_d="-0.998392" m_tx="-66.681297" m_ty="9.645708"/>
   <element name="ground" layername="ground" frame="1" z_index="23" m_a="-0.523973" m_b="0.000000" m_c="-0.000000" m_d="-0.575399" m_tx="-68.553795" m_ty="41.402115"/>
   <element name="ground" layername="ground_B" frame="0" z_index="24" m_a="-0.658364" m_b="0.000000" m_c="0.000000" m_d="0.631832" m_tx="91.403610" m_ty="-4.019854"/>
   <element name="stopper" layername="Stoper_A" frame="2" z_index="21" m_a="-0.998440" m_b="-0.055834" m_c="0.055834" m_d="-0.998440" m_tx="98.579361" m_ty="-25.221661"/>
  </frame>
  <frame idx="1100" w="643" h="311" x="-128.851242" y="-74.214134">
   <element name="ground" layername="ground" frame="0" z_index="22" m_a="1.154909" m_b="0.000000" m_c="0.000000" m_d="1.299123" m_tx="0.958678" m_ty="7.719008"/>
   <element name="body" layername="Body" frame="0" z_index="20" m_a="1.000000" m_b="0.000000" m_c="0.000000" m_d="1.000000" m_tx="0.483597" m_ty="-3.807596"/>
   <element name="body" layername="Lid" frame="2" z_index="18" m_a="-0.999285" m_b="0.037803" m_c="-0.037803" m_d="-0.999285" m_tx="-66.134308" m_ty="10.174746"/>
   <element name="ground" layername="ground" frame="1" z_index="23" m_a="-0.523973" m_b="0.000000" m_c="-0.000000" m_d="-0.575399" m_tx="-68.553795" m_ty="41.402115"/>
   <element name="ground" layername="ground_B" frame="0" z_index="24" m_a="-0.658364" m_b="0.000000" m_c="0.000000" m_d="0.631832" m_tx="90.570274" m_ty="-4.019854"/>
   <element name="stopper" layername="Stoper_A" frame="2" z_index="21" m_a="-0.999997" m_b="0.002394" m_c="-0.002394" m_d="-0.999997" m_tx="96.461563" m_ty="-25.107944"/>
  </frame>
  <frame idx="1125" w="643" h="311" x="-128.851242" y="-74.214134">
   <element name="ground" layername="ground" frame="0" z_index="22" m_a="1.154909" m_b="0.000000" m_c="0.000000" m_d="1.299123" m_tx="0.958678" m_ty="7.719008"/>
   <element name="body" layername="Body" frame="0" z_index="20" m_a="1.000000" m_b="0.000000" m_c="0.000000" m_d="1.000000" m_tx="0.483597" m_ty="-3.807596"/>
   <element name="body" layername="Lid" frame="2" z_index="18" m_a="-0.999821" m_b="0.018905" m_c="-0.018905" m_d="-0.999821" m_tx="-65.587326" m_ty="10.703783"/>
   <element name="ground" layername="ground" frame="1" z_index="23" m_a="-0.523973" m_b="0.000000" m_c="-0.000000" m_d="-0.575399" m_tx="-68.553795" m_ty="41.402115"/>
   <element name="ground" layername="ground_B" frame="0" z_index="24" m_a="-0.658364" m_b="0.000000" m_c="0.000000" m_d="0.631832" m_tx="89.736938" m_ty="-4.019854"/>
   <element name="stopper" layername="Stoper_A" frame="2" z_index="21" m_a="-0.998161" m_b="0.060615" m_c="-0.060615" m_d="-0.998161" m_tx="94.343765" m_ty="-24.994228"/>
  </frame>
  <frame idx="1150" w="643" h="311" x="-128.851227" y="-74.214134">
   <element name="ground" layername="ground" frame="0" z_index="22" m_a="1.154909" m_b="0.000000" m_c="0.000000" m_d="1.299123" m_tx="0.958678" m_ty="7.719008"/>
   <element name="body" layername="Body" frame="0" z_index="20" m_a="1.000000" m_b="0.000000" m_c="0.000000" m_d="1.000000" m_tx="0.483597" m_ty="-3.807596"/>
   <element name="body" layername="Lid" frame="2" z_index="18" m_a="-1.000000" m_b="0.000000" m_c="-0.000000" m_d="-1.000000" m_tx="-65.040337" m_ty="11.232821"/>
   <element name="ground" layername="ground" frame="1" z_index="23" m_a="-0.523973" m_b="0.000000" m_c="-0.000000" m_d="-0.575399" m_tx="-68.553795" m_ty="41.402115"/>
   <element name="ground" layername="ground_B" frame="0" z_index="24" m_a="-0.658364" m_b="0.000000" m_c="0.000000" m_d="0.631832" m_tx="88.903610" m_ty="-4.019854"/>
   <element name="stopper" layername="Stoper_A" frame="2" z_index="21" m_a="-0.992939" m_b="0.118629" m_c="-0.118629" m_d="-0.992939" m_tx="92.225967" m_ty="-24.880510"/>
  </frame>
 </anim>
 <anim name="opened" root="thermos_bottle_big" numframes="25" framerate="40">
  <frame idx="0" w="643" h="311" x="-128.851227" y="-74.214134">
   <element name="ground" layername="ground" frame="0" z_index="22" m_a="1.154909" m_b="0.000000" m_c="0.000000" m_d="1.299123" m_tx="0.958678" m_ty="7.719008"/>
   <element name="body" layername="Body" frame="0" z_index="20" m_a="1.000000" m_b="0.000000" m_c="0.000000" m_d="1.000000" m_tx="0.483597" m_ty="-3.807596"/>
   <element name="body" layername="Lid" frame="2" z_index="19" m_a="-1.000000" m_b="0.000000" m_c="-0.000000" m_d="-1.000000" m_tx="-65.040337" m_ty="11.232821"/>
   <element name="ground" layername="ground" frame="1" z_index="23" m_a="-0.523973" m_b="0.000000" m_c="-0.000000" m_d="-0.575399" m_tx="-68.553795" m_ty="41.402115"/>
   <element name="ground" layername="ground_B" frame="0" z_index="24" m_a="-0.658364" m_b="0.000000" m_c="0.000000" m_d="0.631832" m_tx="88.903610" m_ty="-4.019854"/>
   <element name="stopper" layername="Stoper_A" frame="2" z_index="21" m_a="-0.992939" m_b="0.118629" m_c="-0.118629" m_d="-0.992939" m_tx="92.225967" m_ty="-24.880510"/>
  </frame>
 </anim>
</Anims>
