<Anims>
 <anim name="BUILD" root="swap_cup" numframes="1000" framerate="40">
  <frame idx="0" w="116" h="211" x="34.122448" y="-28.163963">
   <element name="drink_override" layername="drink_override" frame="0" z_index="4" m_a="1.000000" m_b="0.000000" m_c="0.000000" m_d="1.000000" m_tx="2.000000" m_ty="-20.000000"/>
  </frame>
  <frame idx="25" w="116" h="211" x="34.122448" y="-28.163963">
   <element name="drink_override" layername="drink_override" frame="0" z_index="4" m_a="1.000000" m_b="0.000000" m_c="0.000000" m_d="1.000000" m_tx="2.000000" m_ty="-20.000000"/>
  </frame>
  <frame idx="50" w="116" h="211" x="34.122448" y="-28.163963">
   <element name="drink_override" layername="drink_override" frame="0" z_index="4" m_a="1.000000" m_b="0.000000" m_c="0.000000" m_d="1.000000" m_tx="2.000000" m_ty="-20.000000"/>
  </frame>
  <frame idx="75" w="116" h="211" x="34.122448" y="-28.163963">
   <element name="drink_override" layername="drink_override" frame="0" z_index="4" m_a="1.000000" m_b="0.000000" m_c="0.000000" m_d="1.000000" m_tx="2.000000" m_ty="-20.000000"/>
  </frame>
  <frame idx="100" w="116" h="211" x="34.122448" y="-28.163963">
   <element name="drink_override" layername="drink_override" frame="0" z_index="4" m_a="1.000000" m_b="0.000000" m_c="0.000000" m_d="1.000000" m_tx="2.000000" m_ty="-20.000000"/>
  </frame>
  <frame idx="125" w="116" h="211" x="34.122448" y="-28.163963">
   <element name="drink_override" layername="drink_override" frame="0" z_index="4" m_a="1.000000" m_b="0.000000" m_c="0.000000" m_d="1.000000" m_tx="2.000000" m_ty="-20.000000"/>
  </frame>
  <frame idx="150" w="116" h="211" x="34.122448" y="-28.163963">
   <element name="drink_override" layername="drink_override" frame="0" z_index="4" m_a="1.000000" m_b="0.000000" m_c="0.000000" m_d="1.000000" m_tx="2.000000" m_ty="-20.000000"/>
  </frame>
  <frame idx="175" w="116" h="211" x="34.122448" y="-28.163963">
   <element name="drink_override" layername="drink_override" frame="0" z_index="4" m_a="1.000000" m_b="0.000000" m_c="0.000000" m_d="1.000000" m_tx="2.000000" m_ty="-20.000000"/>
  </frame>
  <frame idx="200" w="116" h="211" x="34.122448" y="-28.163963">
   <element name="drink_override" layername="drink_override" frame="0" z_index="4" m_a="1.000000" m_b="0.000000" m_c="0.000000" m_d="1.000000" m_tx="2.000000" m_ty="-20.000000"/>
  </frame>
  <frame idx="225" w="116" h="211" x="34.122448" y="-28.163963">
   <element name="drink_override" layername="drink_override" frame="0" z_index="4" m_a="1.000000" m_b="0.000000" m_c="0.000000" m_d="1.000000" m_tx="2.000000" m_ty="-20.000000"/>
  </frame>
  <frame idx="250" w="116" h="211" x="34.122448" y="-28.163963">
   <element name="drink_override" layername="drink_override" frame="0" z_index="4" m_a="1.000000" m_b="0.000000" m_c="0.000000" m_d="1.000000" m_tx="2.000000" m_ty="-20.000000"/>
  </frame>
  <frame idx="275" w="116" h="211" x="34.122448" y="-28.163963">
   <element name="drink_override" layername="drink_override" frame="0" z_index="4" m_a="1.000000" m_b="0.000000" m_c="0.000000" m_d="1.000000" m_tx="2.000000" m_ty="-20.000000"/>
  </frame>
  <frame idx="300" w="116" h="211" x="34.122448" y="-28.163963">
   <element name="drink_override" layername="drink_override" frame="0" z_index="4" m_a="1.000000" m_b="0.000000" m_c="0.000000" m_d="1.000000" m_tx="2.000000" m_ty="-20.000000"/>
  </frame>
  <frame idx="325" w="116" h="211" x="34.122448" y="-28.163963">
   <element name="drink_override" layername="drink_override" frame="0" z_index="4" m_a="1.000000" m_b="0.000000" m_c="0.000000" m_d="1.000000" m_tx="2.000000" m_ty="-20.000000"/>
  </frame>
  <frame idx="350" w="116" h="211" x="34.122448" y="-28.163963">
   <element name="drink_override" layername="drink_override" frame="0" z_index="4" m_a="1.000000" m_b="0.000000" m_c="0.000000" m_d="1.000000" m_tx="2.000000" m_ty="-20.000000"/>
  </frame>
  <frame idx="375" w="116" h="211" x="34.122448" y="-28.163963">
   <element name="drink_override" layername="drink_override" frame="0" z_index="4" m_a="1.000000" m_b="0.000000" m_c="0.000000" m_d="1.000000" m_tx="2.000000" m_ty="-20.000000"/>
  </frame>
  <frame idx="400" w="116" h="211" x="34.122448" y="-28.163963">
   <element name="drink_override" layername="drink_override" frame="0" z_index="4" m_a="1.000000" m_b="0.000000" m_c="0.000000" m_d="1.000000" m_tx="2.000000" m_ty="-20.000000"/>
  </frame>
  <frame idx="425" w="116" h="211" x="34.122448" y="-28.163963">
   <element name="drink_override" layername="drink_override" frame="0" z_index="4" m_a="1.000000" m_b="0.000000" m_c="0.000000" m_d="1.000000" m_tx="2.000000" m_ty="-20.000000"/>
  </frame>
  <frame idx="450" w="116" h="211" x="34.122448" y="-28.163963">
   <element name="drink_override" layername="drink_override" frame="0" z_index="4" m_a="1.000000" m_b="0.000000" m_c="0.000000" m_d="1.000000" m_tx="2.000000" m_ty="-20.000000"/>
  </frame>
  <frame idx="475" w="116" h="211" x="34.122448" y="-28.163963">
   <element name="drink_override" layername="drink_override" frame="0" z_index="4" m_a="1.000000" m_b="0.000000" m_c="0.000000" m_d="1.000000" m_tx="2.000000" m_ty="-20.000000"/>
  </frame>
  <frame idx="500" w="116" h="211" x="34.122448" y="-28.163963">
   <element name="drink_override" layername="drink_override" frame="0" z_index="4" m_a="1.000000" m_b="0.000000" m_c="0.000000" m_d="1.000000" m_tx="2.000000" m_ty="-20.000000"/>
  </frame>
  <frame idx="525" w="116" h="211" x="34.122448" y="-28.163963">
   <element name="drink_override" layername="drink_override" frame="0" z_index="4" m_a="1.000000" m_b="0.000000" m_c="0.000000" m_d="1.000000" m_tx="2.000000" m_ty="-20.000000"/>
  </frame>
  <frame idx="550" w="116" h="211" x="34.122448" y="-28.163963">
   <element name="drink_override" layername="drink_override" frame="0" z_index="4" m_a="1.000000" m_b="0.000000" m_c="0.000000" m_d="1.000000" m_tx="2.000000" m_ty="-20.000000"/>
  </frame>
  <frame idx="575" w="116" h="211" x="34.122448" y="-28.163963">
   <element name="drink_override" layername="drink_override" frame="0" z_index="4" m_a="1.000000" m_b="0.000000" m_c="0.000000" m_d="1.000000" m_tx="2.000000" m_ty="-20.000000"/>
  </frame>
  <frame idx="600" w="116" h="211" x="34.122448" y="-28.163963">
   <element name="drink_override" layername="drink_override" frame="0" z_index="4" m_a="1.000000" m_b="0.000000" m_c="0.000000" m_d="1.000000" m_tx="2.000000" m_ty="-20.000000"/>
  </frame>
  <frame idx="625" w="116" h="211" x="34.122448" y="-28.163963">
   <element name="drink_override" layername="drink_override" frame="0" z_index="4" m_a="1.000000" m_b="0.000000" m_c="0.000000" m_d="1.000000" m_tx="2.000000" m_ty="-20.000000"/>
  </frame>
  <frame idx="650" w="116" h="211" x="34.122448" y="-28.163963">
   <element name="drink_override" layername="drink_override" frame="0" z_index="4" m_a="1.000000" m_b="0.000000" m_c="0.000000" m_d="1.000000" m_tx="2.000000" m_ty="-20.000000"/>
  </frame>
  <frame idx="675" w="116" h="211" x="34.122448" y="-28.163963">
   <element name="drink_override" layername="drink_override" frame="0" z_index="4" m_a="1.000000" m_b="0.000000" m_c="0.000000" m_d="1.000000" m_tx="2.000000" m_ty="-20.000000"/>
  </frame>
  <frame idx="700" w="116" h="211" x="34.122448" y="-28.163963">
   <element name="drink_override" layername="drink_override" frame="0" z_index="4" m_a="1.000000" m_b="0.000000" m_c="0.000000" m_d="1.000000" m_tx="2.000000" m_ty="-20.000000"/>
  </frame>
  <frame idx="725" w="116" h="211" x="34.122448" y="-28.163963">
   <element name="drink_override" layername="drink_override" frame="0" z_index="4" m_a="1.000000" m_b="0.000000" m_c="0.000000" m_d="1.000000" m_tx="2.000000" m_ty="-20.000000"/>
  </frame>
  <frame idx="750" w="116" h="211" x="34.122448" y="-28.163963">
   <element name="drink_override" layername="drink_override" frame="0" z_index="4" m_a="1.000000" m_b="0.000000" m_c="0.000000" m_d="1.000000" m_tx="2.000000" m_ty="-20.000000"/>
  </frame>
  <frame idx="775" w="116" h="211" x="34.122448" y="-28.163963">
   <element name="drink_override" layername="drink_override" frame="0" z_index="4" m_a="1.000000" m_b="0.000000" m_c="0.000000" m_d="1.000000" m_tx="2.000000" m_ty="-20.000000"/>
  </frame>
  <frame idx="800" w="116" h="211" x="34.122448" y="-28.163963">
   <element name="drink_override" layername="drink_override" frame="0" z_index="4" m_a="1.000000" m_b="0.000000" m_c="0.000000" m_d="1.000000" m_tx="2.000000" m_ty="-20.000000"/>
  </frame>
  <frame idx="825" w="116" h="211" x="34.122448" y="-28.163963">
   <element name="drink_override" layername="drink_override" frame="0" z_index="4" m_a="1.000000" m_b="0.000000" m_c="0.000000" m_d="1.000000" m_tx="2.000000" m_ty="-20.000000"/>
  </frame>
  <frame idx="850" w="116" h="211" x="34.122448" y="-28.163963">
   <element name="drink_override" layername="drink_override" frame="0" z_index="4" m_a="1.000000" m_b="0.000000" m_c="0.000000" m_d="1.000000" m_tx="2.000000" m_ty="-20.000000"/>
  </frame>
  <frame idx="875" w="116" h="211" x="34.122448" y="-28.163963">
   <element name="drink_override" layername="drink_override" frame="0" z_index="4" m_a="1.000000" m_b="0.000000" m_c="0.000000" m_d="1.000000" m_tx="2.000000" m_ty="-20.000000"/>
  </frame>
  <frame idx="900" w="116" h="211" x="34.122448" y="-28.163963">
   <element name="drink_override" layername="drink_override" frame="0" z_index="4" m_a="1.000000" m_b="0.000000" m_c="0.000000" m_d="1.000000" m_tx="2.000000" m_ty="-20.000000"/>
  </frame>
  <frame idx="925" w="116" h="211" x="34.122448" y="-28.163963">
   <element name="drink_override" layername="drink_override" frame="0" z_index="4" m_a="1.000000" m_b="0.000000" m_c="0.000000" m_d="1.000000" m_tx="2.000000" m_ty="-20.000000"/>
  </frame>
  <frame idx="950" w="116" h="211" x="34.122448" y="-28.163963">
   <element name="drink_override" layername="drink_override" frame="0" z_index="4" m_a="1.000000" m_b="0.000000" m_c="0.000000" m_d="1.000000" m_tx="2.000000" m_ty="-20.000000"/>
  </frame>
  <frame idx="975" w="116" h="211" x="34.122448" y="-28.163963">
   <element name="drink_override" layername="drink_override" frame="0" z_index="4" m_a="1.000000" m_b="0.000000" m_c="0.000000" m_d="1.000000" m_tx="2.000000" m_ty="-20.000000"/>
  </frame>
 </anim>
 <anim name="beer" root="swap_cup" numframes="50" framerate="40">
  <frame idx="0" w="116" h="209" x="-3.000000" y="-64.500000">
   <element name="symbol0" layername="symbo" frame="2" z_index="4" m_a="1.000000" m_b="0.000000" m_c="0.000000" m_d="1.000000" m_tx="-41.000000" m_ty="-107.000000"/>
  </frame>
  <frame idx="25" w="116" h="209" x="-3.000000" y="-64.500000">
   <element name="symbol0" layername="symbo" frame="2" z_index="4" m_a="1.000000" m_b="0.000000" m_c="0.000000" m_d="1.000000" m_tx="-41.000000" m_ty="-107.000000"/>
  </frame>
 </anim>
 <anim name="empty" root="swap_cup" numframes="50" framerate="40">
  <frame idx="0" w="113" h="185" x="1.500000" y="-54.500000">
   <element name="symbol0" layername="symbo" frame="0" z_index="4" m_a="1.000000" m_b="0.000000" m_c="0.000000" m_d="1.000000" m_tx="-36.000000" m_ty="-91.000000"/>
  </frame>
  <frame idx="25" w="113" h="185" x="1.500000" y="-54.500000">
   <element name="symbol0" layername="symbo" frame="0" z_index="4" m_a="1.000000" m_b="0.000000" m_c="0.000000" m_d="1.000000" m_tx="-36.000000" m_ty="-91.000000"/>
  </frame>
 </anim>
 <anim name="rum" root="swap_cup" numframes="50" framerate="40">
  <frame idx="0" w="113" h="184" x="0.500000" y="-54.500000">
   <element name="symbol0" layername="symbo" frame="1" z_index="4" m_a="1.000000" m_b="0.000000" m_c="0.000000" m_d="1.000000" m_tx="-37.000000" m_ty="-91.000000"/>
  </frame>
  <frame idx="25" w="113" h="184" x="0.500000" y="-54.500000">
   <element name="symbol0" layername="symbo" frame="1" z_index="4" m_a="1.000000" m_b="0.000000" m_c="0.000000" m_d="1.000000" m_tx="-37.000000" m_ty="-91.000000"/>
  </frame>
 </anim>
</Anims>
