<Anims>
 <anim name="turn_to_ice" root="kettle_drink" numframes="700" framerate="40">
  <frame idx="0" w="127" h="176" x="5.200001" y="-40.000000">
   <element name="water_clean" layername="water" frame="0" z_index="7" m_a="1.000000" m_b="0.000000" m_c="0.000000" m_d="1.000000" m_tx="-0.799999" m_ty="-10.000002"/>
  </frame>
  <frame idx="25" w="129" h="176" x="3.200001" y="-40.000000">
   <element name="water_clean" layername="water" frame="0" z_index="7" m_a="1.000000" m_b="0.000000" m_c="0.000000" m_d="1.000000" m_tx="-2.799999" m_ty="-10.000002"/>
  </frame>
  <frame idx="50" w="125" h="176" x="7.200001" y="-40.000000">
   <element name="water_clean" layername="water" frame="0" z_index="7" m_a="1.000000" m_b="0.000000" m_c="0.000000" m_d="1.000000" m_tx="1.200000" m_ty="-10.000002"/>
  </frame>
  <frame idx="75" w="129" h="176" x="3.200001" y="-40.000000">
   <element name="water_clean" layername="water" frame="0" z_index="7" m_a="1.000000" m_b="0.000000" m_c="0.000000" m_d="1.000000" m_tx="-2.800000" m_ty="-10.000002"/>
  </frame>
  <frame idx="100" w="125" h="176" x="7.200001" y="-40.000000">
   <element name="water_clean" layername="water" frame="0" z_index="7" m_a="1.000000" m_b="0.000000" m_c="0.000000" m_d="1.000000" m_tx="1.200000" m_ty="-10.000002"/>
  </frame>
  <frame idx="125" w="129" h="176" x="3.200001" y="-40.000000">
   <element name="water_clean" layername="water" frame="0" z_index="7" m_a="1.000000" m_b="0.000000" m_c="0.000000" m_d="1.000000" m_tx="-2.800000" m_ty="-10.000002"/>
  </frame>
  <frame idx="150" w="125" h="176" x="7.200001" y="-40.000000">
   <element name="water_clean" layername="water" frame="0" z_index="7" m_a="1.000000" m_b="0.000000" m_c="0.000000" m_d="1.000000" m_tx="1.200000" m_ty="-10.000002"/>
  </frame>
  <frame idx="175" w="129" h="176" x="3.200001" y="-40.000000">
   <element name="water_clean" layername="water" frame="0" z_index="7" m_a="1.000000" m_b="0.000000" m_c="0.000000" m_d="1.000000" m_tx="-2.800000" m_ty="-10.000002"/>
  </frame>
  <frame idx="200" w="125" h="176" x="7.200001" y="-40.000000">
   <element name="water_clean" layername="water" frame="0" z_index="7" m_a="1.000000" m_b="0.000000" m_c="0.000000" m_d="1.000000" m_tx="1.200000" m_ty="-10.000002"/>
  </frame>
  <frame idx="225" w="129" h="176" x="3.200001" y="-40.000000">
   <element name="water_clean" layername="water" frame="0" z_index="7" m_a="1.000000" m_b="0.000000" m_c="0.000000" m_d="1.000000" m_tx="-2.800000" m_ty="-10.000002"/>
  </frame>
  <frame idx="250" w="125" h="176" x="7.200001" y="-40.000000">
   <element name="water_clean" layername="water" frame="0" z_index="7" m_a="1.000000" m_b="0.000000" m_c="0.000000" m_d="1.000000" m_tx="1.200000" m_ty="-10.000002"/>
  </frame>
  <frame idx="275" w="129" h="176" x="3.200001" y="-40.000000">
   <element name="water_clean" layername="water" frame="0" z_index="7" m_a="1.000000" m_b="0.000000" m_c="0.000000" m_d="1.000000" m_tx="-2.800000" m_ty="-10.000002"/>
  </frame>
  <frame idx="300" w="125" h="176" x="7.200001" y="-40.000000">
   <element name="water_clean" layername="water" frame="0" z_index="7" m_a="1.000000" m_b="0.000000" m_c="0.000000" m_d="1.000000" m_tx="1.200000" m_ty="-10.000002"/>
  </frame>
  <frame idx="325" w="129" h="176" x="3.200001" y="-40.000000">
   <element name="water_clean" layername="water" frame="0" z_index="7" m_a="1.000000" m_b="0.000000" m_c="0.000000" m_d="1.000000" m_tx="-2.800000" m_ty="-10.000002"/>
  </frame>
  <frame idx="350" w="125" h="176" x="7.200001" y="-40.000000">
   <element name="water_clean" layername="water" frame="0" z_index="7" m_a="1.000000" m_b="0.000000" m_c="0.000000" m_d="1.000000" m_tx="1.200000" m_ty="-10.000002"/>
  </frame>
  <frame idx="375" w="129" h="176" x="3.200001" y="-40.000000">
   <element name="water_clean" layername="water" frame="0" z_index="7" m_a="1.000000" m_b="0.000000" m_c="0.000000" m_d="1.000000" m_tx="-2.800000" m_ty="-10.000002"/>
  </frame>
  <frame idx="400" w="127" h="176" x="5.200001" y="-40.000000">
   <element name="water_clean" layername="water" frame="0" z_index="7" m_a="1.000000" m_b="0.000000" m_c="0.000000" m_d="1.000000" m_tx="-0.800000" m_ty="-10.000002"/>
  </frame>
  <frame idx="425" w="127" h="176" x="5.200001" y="-40.000000">
   <element name="water_clean" layername="water" frame="0" z_index="7" m_a="1.000000" m_b="0.000000" m_c="0.000000" m_d="1.000000" m_tx="-0.800000" m_ty="-10.000002"/>
  </frame>
  <frame idx="450" w="127" h="176" x="5.200001" y="-40.000000">
   <element name="water_clean" layername="water" frame="0" z_index="7" m_a="1.000000" m_b="0.000000" m_c="0.000000" m_d="1.000000" m_tx="-0.800000" m_ty="-10.000002"/>
  </frame>
  <frame idx="475" w="110" h="185" x="-9.099998" y="-35.480003">
   <element name="water_clean" layername="water" frame="0" z_index="7" m_a="0.750000" m_b="0.000000" m_c="0.000000" m_d="1.100000" m_tx="-0.100000" m_ty="-11.480001"/>
  </frame>
  <frame idx="500" w="93" h="193" x="-23.400002" y="-30.959999">
   <element name="water_clean_ice" layername="water" frame="0" z_index="7" m_a="0.500000" m_b="0.000000" m_c="0.000000" m_d="1.200000" m_tx="0.600000" m_ty="-12.960002"/>
  </frame>
  <frame idx="525" w="118" h="162" x="0.623081" y="-50.698399">
   <element name="water_clean_ice" layername="water" frame="0" z_index="7" m_a="0.892534" m_b="0.000000" m_c="0.000000" m_d="0.798813" m_tx="1.071041" m_ty="-8.627182"/>
  </frame>
  <frame idx="550" w="143" h="131" x="24.646164" y="-70.436806">
   <element name="water_clean_ice" layername="water" frame="0" z_index="7" m_a="1.285068" m_b="0.000000" m_c="0.000000" m_d="0.397626" m_tx="1.542082" m_ty="-4.294363"/>
  </frame>
  <frame idx="575" w="140" h="139" x="21.738472" y="-65.497337">
   <element name="water_clean_ice" layername="water" frame="0" z_index="7" m_a="1.237557" m_b="0.000000" m_c="0.000000" m_d="0.498022" m_tx="1.485068" m_ty="-5.378636"/>
  </frame>
  <frame idx="600" w="137" h="147" x="18.830780" y="-60.557865">
   <element name="water_clean_ice" layername="water" frame="0" z_index="7" m_a="1.190045" m_b="0.000000" m_c="0.000000" m_d="0.598417" m_tx="1.428055" m_ty="-6.462910"/>
  </frame>
  <frame idx="625" w="135" h="154" x="15.923080" y="-55.618401">
   <element name="water_clean_ice" layername="water" frame="0" z_index="7" m_a="1.142534" m_b="0.000000" m_c="0.000000" m_d="0.698813" m_tx="1.371041" m_ty="-7.547183"/>
  </frame>
  <frame idx="650" w="131" h="162" x="13.015388" y="-50.678936">
   <element name="water_clean_ice" layername="water" frame="0" z_index="7" m_a="1.095023" m_b="0.000000" m_c="0.000000" m_d="0.799209" m_tx="1.314027" m_ty="-8.631456"/>
  </frame>
  <frame idx="675" w="128" h="170" x="10.107693" y="-45.739471">
   <element name="water_clean_ice" layername="water" frame="0" z_index="7" m_a="1.047511" m_b="0.000000" m_c="0.000000" m_d="0.899604" m_tx="1.257014" m_ty="-9.715729"/>
  </frame>
 </anim>
 <anim name="turn_to_ice_dirty" root="kettle_drink" numframes="700" framerate="40">
  <frame idx="0" w="126" h="178" x="6.000000" y="-40.800003">
   <element name="water_dirty" layername="water" frame="0" z_index="7" m_a="1.000000" m_b="0.000000" m_c="0.000000" m_d="1.000000" m_tx="0.000001" m_ty="-10.800002"/>
  </frame>
  <frame idx="25" w="128" h="178" x="4.000000" y="-40.800003">
   <element name="water_dirty" layername="water" frame="0" z_index="7" m_a="1.000000" m_b="0.000000" m_c="0.000000" m_d="1.000000" m_tx="-1.999999" m_ty="-10.800002"/>
  </frame>
  <frame idx="50" w="124" h="178" x="8.000000" y="-40.800003">
   <element name="water_dirty" layername="water" frame="0" z_index="7" m_a="1.000000" m_b="0.000000" m_c="0.000000" m_d="1.000000" m_tx="2.000000" m_ty="-10.800002"/>
  </frame>
  <frame idx="75" w="128" h="178" x="4.000000" y="-40.800003">
   <element name="water_dirty" layername="water" frame="0" z_index="7" m_a="1.000000" m_b="0.000000" m_c="0.000000" m_d="1.000000" m_tx="-2.000000" m_ty="-10.800002"/>
  </frame>
  <frame idx="100" w="124" h="178" x="8.000000" y="-40.800003">
   <element name="water_dirty" layername="water" frame="0" z_index="7" m_a="1.000000" m_b="0.000000" m_c="0.000000" m_d="1.000000" m_tx="2.000000" m_ty="-10.800002"/>
  </frame>
  <frame idx="125" w="128" h="178" x="4.000000" y="-40.800003">
   <element name="water_dirty" layername="water" frame="0" z_index="7" m_a="1.000000" m_b="0.000000" m_c="0.000000" m_d="1.000000" m_tx="-2.000000" m_ty="-10.800002"/>
  </frame>
  <frame idx="150" w="124" h="178" x="8.000000" y="-40.800003">
   <element name="water_dirty" layername="water" frame="0" z_index="7" m_a="1.000000" m_b="0.000000" m_c="0.000000" m_d="1.000000" m_tx="2.000000" m_ty="-10.800002"/>
  </frame>
  <frame idx="175" w="128" h="178" x="4.000000" y="-40.800003">
   <element name="water_dirty" layername="water" frame="0" z_index="7" m_a="1.000000" m_b="0.000000" m_c="0.000000" m_d="1.000000" m_tx="-2.000000" m_ty="-10.800002"/>
  </frame>
  <frame idx="200" w="124" h="178" x="8.000000" y="-40.800003">
   <element name="water_dirty" layername="water" frame="0" z_index="7" m_a="1.000000" m_b="0.000000" m_c="0.000000" m_d="1.000000" m_tx="2.000000" m_ty="-10.800002"/>
  </frame>
  <frame idx="225" w="128" h="178" x="4.000000" y="-40.800003">
   <element name="water_dirty" layername="water" frame="0" z_index="7" m_a="1.000000" m_b="0.000000" m_c="0.000000" m_d="1.000000" m_tx="-2.000000" m_ty="-10.800002"/>
  </frame>
  <frame idx="250" w="124" h="178" x="8.000000" y="-40.800003">
   <element name="water_dirty" layername="water" frame="0" z_index="7" m_a="1.000000" m_b="0.000000" m_c="0.000000" m_d="1.000000" m_tx="2.000000" m_ty="-10.800002"/>
  </frame>
  <frame idx="275" w="128" h="178" x="4.000000" y="-40.800003">
   <element name="water_dirty" layername="water" frame="0" z_index="7" m_a="1.000000" m_b="0.000000" m_c="0.000000" m_d="1.000000" m_tx="-2.000000" m_ty="-10.800002"/>
  </frame>
  <frame idx="300" w="124" h="178" x="8.000000" y="-40.800003">
   <element name="water_dirty" layername="water" frame="0" z_index="7" m_a="1.000000" m_b="0.000000" m_c="0.000000" m_d="1.000000" m_tx="2.000000" m_ty="-10.800002"/>
  </frame>
  <frame idx="325" w="128" h="178" x="4.000000" y="-40.800003">
   <element name="water_dirty" layername="water" frame="0" z_index="7" m_a="1.000000" m_b="0.000000" m_c="0.000000" m_d="1.000000" m_tx="-2.000000" m_ty="-10.800002"/>
  </frame>
  <frame idx="350" w="124" h="178" x="8.000000" y="-40.800003">
   <element name="water_dirty" layername="water" frame="0" z_index="7" m_a="1.000000" m_b="0.000000" m_c="0.000000" m_d="1.000000" m_tx="2.000000" m_ty="-10.800002"/>
  </frame>
  <frame idx="375" w="128" h="178" x="4.000000" y="-40.800003">
   <element name="water_dirty" layername="water" frame="0" z_index="7" m_a="1.000000" m_b="0.000000" m_c="0.000000" m_d="1.000000" m_tx="-2.000000" m_ty="-10.800002"/>
  </frame>
  <frame idx="400" w="126" h="178" x="6.000000" y="-40.800003">
   <element name="water_dirty" layername="water" frame="0" z_index="7" m_a="1.000000" m_b="0.000000" m_c="0.000000" m_d="1.000000" m_tx="0.000000" m_ty="-10.800002"/>
  </frame>
  <frame idx="425" w="126" h="178" x="6.000000" y="-40.800003">
   <element name="water_dirty" layername="water" frame="0" z_index="7" m_a="1.000000" m_b="0.000000" m_c="0.000000" m_d="1.000000" m_tx="0.000000" m_ty="-10.800002"/>
  </frame>
  <frame idx="450" w="126" h="178" x="6.000000" y="-40.800003">
   <element name="water_dirty" layername="water" frame="0" z_index="7" m_a="1.000000" m_b="0.000000" m_c="0.000000" m_d="1.000000" m_tx="0.000000" m_ty="-10.800002"/>
  </frame>
  <frame idx="475" w="109" h="185" x="-8.700001" y="-35.880005">
   <element name="water_dirty" layername="water" frame="0" z_index="7" m_a="0.750000" m_b="0.000000" m_c="0.000000" m_d="1.100000" m_tx="0.300000" m_ty="-11.880002"/>
  </frame>
  <frame idx="500" w="93" h="193" x="-23.400002" y="-30.959999">
   <element name="water_dirty_ice" layername="water" frame="0" z_index="7" m_a="0.500000" m_b="0.000000" m_c="0.000000" m_d="1.200000" m_tx="0.600000" m_ty="-12.960002"/>
  </frame>
  <frame idx="525" w="115" h="167" x="-1.980000" y="-48.180000">
   <element name="water_dirty_ice" layername="water" frame="0" z_index="7" m_a="0.850000" m_b="0.000000" m_c="0.000000" m_d="0.850000" m_tx="1.020000" m_ty="-9.180002"/>
  </frame>
  <frame idx="550" w="138" h="139" x="19.439999" y="-65.400002">
   <element name="water_dirty_ice" layername="water" frame="0" z_index="7" m_a="1.200000" m_b="0.000000" m_c="0.000000" m_d="0.500000" m_tx="1.440000" m_ty="-5.400002"/>
  </frame>
  <frame idx="575" w="136" h="146" x="17.400009" y="-61.300003">
   <element name="water_dirty_ice" layername="water" frame="0" z_index="7" m_a="1.166667" m_b="0.000000" m_c="0.000000" m_d="0.583333" m_tx="1.400000" m_ty="-6.300002"/>
  </frame>
  <frame idx="600" w="134" h="152" x="15.360001" y="-57.200005">
   <element name="water_dirty_ice" layername="water" frame="0" z_index="7" m_a="1.133333" m_b="0.000000" m_c="0.000000" m_d="0.666667" m_tx="1.360000" m_ty="-7.200002"/>
  </frame>
  <frame idx="625" w="131" h="159" x="13.320000" y="-53.100006">
   <element name="water_dirty_ice" layername="water" frame="0" z_index="7" m_a="1.100000" m_b="0.000000" m_c="0.000000" m_d="0.750000" m_tx="1.320000" m_ty="-8.100002"/>
  </frame>
  <frame idx="650" w="129" h="164" x="11.279999" y="-48.999996">
   <element name="water_dirty_ice" layername="water" frame="0" z_index="7" m_a="1.066667" m_b="0.000000" m_c="0.000000" m_d="0.833333" m_tx="1.280000" m_ty="-9.000002"/>
  </frame>
  <frame idx="675" w="127" h="171" x="9.240002" y="-44.900005">
   <element name="water_dirty_ice" layername="water" frame="0" z_index="7" m_a="1.033333" m_b="0.000000" m_c="0.000000" m_d="0.916667" m_tx="1.240000" m_ty="-9.900002"/>
  </frame>
 </anim>
 <anim name="turn_to_full" root="kettle_drink" numframes="700" framerate="40">
  <frame idx="0" w="125" h="178" x="7.200001" y="-40.800003">
   <element name="water_clean_ice" layername="water" frame="0" z_index="7" m_a="1.000000" m_b="0.000000" m_c="0.000000" m_d="1.000000" m_tx="1.200000" m_ty="-10.800002"/>
  </frame>
  <frame idx="25" w="126" h="180" x="7.626896" y="-41.334709">
   <element name="water_clean_ice" layername="water" frame="0" z_index="7" m_a="0.999962" m_b="-0.008727" m_c="0.008727" m_d="0.999962" m_tx="1.105589" m_ty="-10.808827"/>
  </frame>
  <frame idx="50" w="127" h="181" x="8.049187" y="-41.873932">
   <element name="water_clean_ice" layername="water" frame="0" z_index="7" m_a="0.999848" m_b="-0.017452" m_c="0.017452" m_d="0.999848" m_tx="1.011177" m_ty="-10.817652"/>
  </frame>
  <frame idx="75" w="127" h="183" x="8.466824" y="-42.417656">
   <element name="water_clean_ice" layername="water" frame="0" z_index="7" m_a="0.999657" m_b="-0.026177" m_c="0.026177" m_d="0.999657" m_tx="0.916766" m_ty="-10.826477"/>
  </frame>
  <frame idx="100" w="128" h="185" x="8.879772" y="-42.965824">
   <element name="water_clean_ice" layername="water" frame="0" z_index="7" m_a="0.999391" m_b="-0.034899" m_c="0.034899" m_d="0.999391" m_tx="0.822354" m_ty="-10.835302"/>
  </frame>
  <frame idx="125" w="127" h="181" x="8.048820" y="-41.870644">
   <element name="water_clean_ice" layername="water" frame="0" z_index="7" m_a="0.999848" m_b="-0.017452" m_c="0.017452" m_d="0.999848" m_tx="1.010812" m_ty="-10.814363"/>
  </frame>
  <frame idx="150" w="125" h="178" x="7.199268" y="-40.793427">
   <element name="water_clean_ice" layername="water" frame="0" z_index="7" m_a="1.000000" m_b="0.000000" m_c="0.000000" m_d="1.000000" m_tx="1.199269" m_ty="-10.793423"/>
  </frame>
  <frame idx="175" w="128" h="179" x="6.331448" y="-39.734474">
   <element name="water_clean_ice" layername="water" frame="0" z_index="7" m_a="0.999848" m_b="0.017452" m_c="-0.017452" m_d="0.999848" m_tx="1.387727" m_ty="-10.772484"/>
  </frame>
  <frame idx="200" w="131" h="180" x="5.445656" y="-38.694115">
   <element name="water_clean_ice" layername="water" frame="0" z_index="7" m_a="0.999391" m_b="0.034900" m_c="-0.034900" m_d="0.999391" m_tx="1.576184" m_ty="-10.751544"/>
  </frame>
  <frame idx="225" w="128" h="179" x="6.331463" y="-39.734493">
   <element name="water_clean_ice" layername="water" frame="0" z_index="7" m_a="0.999848" m_b="0.017452" m_c="-0.017452" m_d="0.999848" m_tx="1.387727" m_ty="-10.772484"/>
  </frame>
  <frame idx="250" w="125" h="178" x="7.199276" y="-40.793438">
   <element name="water_clean_ice" layername="water" frame="0" z_index="7" m_a="1.000000" m_b="-0.000000" m_c="0.000000" m_d="1.000000" m_tx="1.199269" m_ty="-10.793423"/>
  </frame>
  <frame idx="275" w="127" h="181" x="8.048824" y="-41.870647">
   <element name="water_clean_ice" layername="water" frame="0" z_index="7" m_a="0.999848" m_b="-0.017452" m_c="0.017452" m_d="0.999848" m_tx="1.010812" m_ty="-10.814363"/>
  </frame>
  <frame idx="300" w="128" h="185" x="8.879772" y="-42.965824">
   <element name="water_clean_ice" layername="water" frame="0" z_index="7" m_a="0.999391" m_b="-0.034899" m_c="0.034899" m_d="0.999391" m_tx="0.822354" m_ty="-10.835302"/>
  </frame>
  <frame idx="325" w="127" h="181" x="8.048820" y="-41.870644">
   <element name="water_clean_ice" layername="water" frame="0" z_index="7" m_a="0.999848" m_b="-0.017452" m_c="0.017452" m_d="0.999848" m_tx="1.010812" m_ty="-10.814363"/>
  </frame>
  <frame idx="350" w="125" h="178" x="7.199268" y="-40.793427">
   <element name="water_clean_ice" layername="water" frame="0" z_index="7" m_a="1.000000" m_b="0.000000" m_c="0.000000" m_d="1.000000" m_tx="1.199269" m_ty="-10.793423"/>
  </frame>
  <frame idx="375" w="128" h="179" x="6.331448" y="-39.734474">
   <element name="water_clean_ice" layername="water" frame="0" z_index="7" m_a="0.999848" m_b="0.017452" m_c="-0.017452" m_d="0.999848" m_tx="1.387727" m_ty="-10.772484"/>
  </frame>
  <frame idx="400" w="131" h="180" x="5.445656" y="-38.694115">
   <element name="water_clean_ice" layername="water" frame="0" z_index="7" m_a="0.999391" m_b="0.034900" m_c="-0.034900" m_d="0.999391" m_tx="1.576184" m_ty="-10.751544"/>
  </frame>
  <frame idx="425" w="128" h="179" x="6.331829" y="-39.737782">
   <element name="water_clean_ice" layername="water" frame="0" z_index="7" m_a="0.999848" m_b="0.017452" m_c="-0.017452" m_d="0.999848" m_tx="1.388092" m_ty="-10.775773"/>
  </frame>
  <frame idx="450" w="128" h="179" x="6.200001" y="-40.400002">
   <element name="water_clean_ice" layername="water" frame="0" z_index="7" m_a="1.000000" m_b="0.000000" m_c="0.000000" m_d="1.000000" m_tx="1.200000" m_ty="-10.800002"/>
   <element name="water_clean" layername="water_UN" frame="0" z_index="6" m_a="1.000000" m_b="0.000000" m_c="0.000000" m_d="1.000000" m_tx="-0.800000" m_ty="-10.000000"/>
  </frame>
  <frame idx="475" w="135" h="159" x="12.219997" y="-52.800003">
   <element name="water_clean_ice" layername="water" frame="0" z_index="7" m_a="1.100000" m_b="0.000000" m_c="0.000000" m_d="0.750000" m_tx="1.320000" m_ty="-8.100002"/>
   <element name="water_clean" layername="water_UN" frame="0" z_index="6" m_a="1.100000" m_b="0.000000" m_c="0.000000" m_d="0.750000" m_tx="-0.880000" m_ty="-7.500000"/>
  </frame>
  <frame idx="500" w="142" h="139" x="18.239998" y="-65.199997">
   <element name="water_clean_ice" layername="water" frame="0" z_index="7" m_a="1.200000" m_b="0.000000" m_c="0.000000" m_d="0.500000" m_tx="1.440000" m_ty="-5.400002"/>
   <element name="water_clean" layername="water_UN" frame="0" z_index="6" m_a="1.200000" m_b="0.000000" m_c="0.000000" m_d="0.500000" m_tx="-0.960000" m_ty="-5.000000"/>
  </frame>
  <frame idx="525" w="116" h="165" x="-2.480000" y="-47.700005">
   <element name="water_clean_ice" layername="water" frame="0" z_index="7" m_a="0.850000" m_b="0.000000" m_c="0.000000" m_d="0.850000" m_tx="0.520000" m_ty="-8.700002"/>
  </frame>
  <frame idx="550" w="94" h="192" x="-24.400002" y="-30.000000">
   <element name="water_clean" layername="water" frame="0" z_index="7" m_a="0.500000" m_b="0.000000" m_c="0.000000" m_d="1.200000" m_tx="-0.400000" m_ty="-12.000002"/>
  </frame>
  <frame idx="575" w="99" h="190" x="-19.466667" y="-31.666664">
   <element name="water_clean" layername="water" frame="0" z_index="7" m_a="0.583333" m_b="0.000000" m_c="0.000000" m_d="1.166667" m_tx="-0.466667" m_ty="-11.666669"/>
  </frame>
  <frame idx="600" w="105" h="187" x="-14.533333" y="-33.333336">
   <element name="water_clean" layername="water" frame="0" z_index="7" m_a="0.666667" m_b="0.000000" m_c="0.000000" m_d="1.133333" m_tx="-0.533333" m_ty="-11.333335"/>
  </frame>
  <frame idx="625" w="110" h="184" x="-9.599998" y="-35.000000">
   <element name="water_clean" layername="water" frame="0" z_index="7" m_a="0.750000" m_b="0.000000" m_c="0.000000" m_d="1.100000" m_tx="-0.600000" m_ty="-11.000002"/>
  </frame>
  <frame idx="650" w="116" h="182" x="-4.666664" y="-36.666672">
   <element name="water_clean" layername="water" frame="0" z_index="7" m_a="0.833333" m_b="0.000000" m_c="0.000000" m_d="1.066667" m_tx="-0.666667" m_ty="-10.666669"/>
  </frame>
  <frame idx="675" w="121" h="180" x="0.266663" y="-38.333336">
   <element name="water_clean" layername="water" frame="0" z_index="7" m_a="0.916667" m_b="0.000000" m_c="0.000000" m_d="1.033333" m_tx="-0.733333" m_ty="-10.333335"/>
  </frame>
 </anim>
 <anim name="turn_to_full_dirty" root="kettle_drink" numframes="700" framerate="40">
  <frame idx="0" w="125" h="178" x="7.200001" y="-40.800003">
   <element name="water_dirty_ice" layername="water" frame="0" z_index="7" m_a="1.000000" m_b="0.000000" m_c="0.000000" m_d="1.000000" m_tx="1.200000" m_ty="-10.800002"/>
  </frame>
  <frame idx="25" w="126" h="180" x="7.626896" y="-41.334709">
   <element name="water_dirty_ice" layername="water" frame="0" z_index="7" m_a="0.999962" m_b="-0.008727" m_c="0.008727" m_d="0.999962" m_tx="1.105589" m_ty="-10.808827"/>
  </frame>
  <frame idx="50" w="127" h="181" x="8.049187" y="-41.873932">
   <element name="water_dirty_ice" layername="water" frame="0" z_index="7" m_a="0.999848" m_b="-0.017452" m_c="0.017452" m_d="0.999848" m_tx="1.011177" m_ty="-10.817652"/>
  </frame>
  <frame idx="75" w="127" h="183" x="8.466824" y="-42.417656">
   <element name="water_dirty_ice" layername="water" frame="0" z_index="7" m_a="0.999657" m_b="-0.026177" m_c="0.026177" m_d="0.999657" m_tx="0.916766" m_ty="-10.826477"/>
  </frame>
  <frame idx="100" w="128" h="185" x="8.879772" y="-42.965824">
   <element name="water_dirty_ice" layername="water" frame="0" z_index="7" m_a="0.999391" m_b="-0.034899" m_c="0.034899" m_d="0.999391" m_tx="0.822354" m_ty="-10.835302"/>
  </frame>
  <frame idx="125" w="127" h="181" x="8.048820" y="-41.870644">
   <element name="water_dirty_ice" layername="water" frame="0" z_index="7" m_a="0.999848" m_b="-0.017452" m_c="0.017452" m_d="0.999848" m_tx="1.010812" m_ty="-10.814363"/>
  </frame>
  <frame idx="150" w="125" h="178" x="7.199268" y="-40.793427">
   <element name="water_dirty_ice" layername="water" frame="0" z_index="7" m_a="1.000000" m_b="0.000000" m_c="0.000000" m_d="1.000000" m_tx="1.199269" m_ty="-10.793423"/>
  </frame>
  <frame idx="175" w="128" h="179" x="6.331448" y="-39.734474">
   <element name="water_dirty_ice" layername="water" frame="0" z_index="7" m_a="0.999848" m_b="0.017452" m_c="-0.017452" m_d="0.999848" m_tx="1.387727" m_ty="-10.772484"/>
  </frame>
  <frame idx="200" w="131" h="180" x="5.445656" y="-38.694115">
   <element name="water_dirty_ice" layername="water" frame="0" z_index="7" m_a="0.999391" m_b="0.034900" m_c="-0.034900" m_d="0.999391" m_tx="1.576184" m_ty="-10.751544"/>
  </frame>
  <frame idx="225" w="128" h="179" x="6.331463" y="-39.734493">
   <element name="water_dirty_ice" layername="water" frame="0" z_index="7" m_a="0.999848" m_b="0.017452" m_c="-0.017452" m_d="0.999848" m_tx="1.387727" m_ty="-10.772484"/>
  </frame>
  <frame idx="250" w="125" h="178" x="7.199276" y="-40.793438">
   <element name="water_dirty_ice" layername="water" frame="0" z_index="7" m_a="1.000000" m_b="-0.000000" m_c="0.000000" m_d="1.000000" m_tx="1.199269" m_ty="-10.793423"/>
  </frame>
  <frame idx="275" w="127" h="181" x="8.048824" y="-41.870647">
   <element name="water_dirty_ice" layername="water" frame="0" z_index="7" m_a="0.999848" m_b="-0.017452" m_c="0.017452" m_d="0.999848" m_tx="1.010812" m_ty="-10.814363"/>
  </frame>
  <frame idx="300" w="128" h="185" x="8.879772" y="-42.965824">
   <element name="water_dirty_ice" layername="water" frame="0" z_index="7" m_a="0.999391" m_b="-0.034899" m_c="0.034899" m_d="0.999391" m_tx="0.822354" m_ty="-10.835302"/>
  </frame>
  <frame idx="325" w="127" h="181" x="8.048820" y="-41.870644">
   <element name="water_dirty_ice" layername="water" frame="0" z_index="7" m_a="0.999848" m_b="-0.017452" m_c="0.017452" m_d="0.999848" m_tx="1.010812" m_ty="-10.814363"/>
  </frame>
  <frame idx="350" w="125" h="178" x="7.199268" y="-40.793427">
   <element name="water_dirty_ice" layername="water" frame="0" z_index="7" m_a="1.000000" m_b="0.000000" m_c="0.000000" m_d="1.000000" m_tx="1.199269" m_ty="-10.793423"/>
  </frame>
  <frame idx="375" w="128" h="179" x="6.331448" y="-39.734474">
   <element name="water_dirty_ice" layername="water" frame="0" z_index="7" m_a="0.999848" m_b="0.017452" m_c="-0.017452" m_d="0.999848" m_tx="1.387727" m_ty="-10.772484"/>
  </frame>
  <frame idx="400" w="131" h="180" x="5.445656" y="-38.694115">
   <element name="water_dirty_ice" layername="water" frame="0" z_index="7" m_a="0.999391" m_b="0.034900" m_c="-0.034900" m_d="0.999391" m_tx="1.576184" m_ty="-10.751544"/>
  </frame>
  <frame idx="425" w="128" h="179" x="6.331829" y="-39.737782">
   <element name="water_dirty_ice" layername="water" frame="0" z_index="7" m_a="0.999848" m_b="0.017452" m_c="-0.017452" m_d="0.999848" m_tx="1.388092" m_ty="-10.775773"/>
  </frame>
  <frame idx="450" w="127" h="178" x="6.599998" y="-40.800003">
   <element name="water_dirty_ice" layername="water" frame="0" z_index="7" m_a="1.000000" m_b="0.000000" m_c="0.000000" m_d="1.000000" m_tx="1.200000" m_ty="-10.800002"/>
   <element name="water_dirty" layername="water_UN" frame="0" z_index="6" m_a="1.000000" m_b="0.000000" m_c="0.000000" m_d="1.000000" m_tx="0.000000" m_ty="-10.800000"/>
  </frame>
  <frame idx="475" w="134" h="159" x="12.660004" y="-53.100002">
   <element name="water_dirty_ice" layername="water" frame="0" z_index="7" m_a="1.100000" m_b="0.000000" m_c="0.000000" m_d="0.750000" m_tx="1.320000" m_ty="-8.100002"/>
   <element name="water_dirty" layername="water_UN" frame="0" z_index="6" m_a="1.100000" m_b="0.000000" m_c="0.000000" m_d="0.750000" m_tx="0.000000" m_ty="-8.100000"/>
  </frame>
  <frame idx="500" w="140" h="139" x="18.720001" y="-65.400002">
   <element name="water_dirty_ice" layername="water" frame="0" z_index="7" m_a="1.200000" m_b="0.000000" m_c="0.000000" m_d="0.500000" m_tx="1.440000" m_ty="-5.400002"/>
   <element name="water_dirty" layername="water_UN" frame="0" z_index="6" m_a="1.200000" m_b="0.000000" m_c="0.000000" m_d="0.500000" m_tx="0.000000" m_ty="-5.400000"/>
  </frame>
  <frame idx="525" w="117" h="164" x="-1.368389" y="-49.377163">
   <element name="water_dirty_ice" layername="water" frame="0" z_index="7" m_a="0.865193" m_b="0.000000" m_c="0.000000" m_d="0.825668" m_tx="0.720000" m_ty="-8.917211"/>
  </frame>
  <frame idx="550" w="95" h="190" x="-22.176781" y="-33.354317">
   <element name="water_dirty" layername="water" frame="0" z_index="7" m_a="0.530387" m_b="0.000000" m_c="0.000000" m_d="1.151335" m_tx="0.000000" m_ty="-12.434420"/>
  </frame>
  <frame idx="575" w="101" h="187" x="-17.480652" y="-34.595268">
   <element name="water_dirty" layername="water" frame="0" z_index="7" m_a="0.608656" m_b="0.000000" m_c="0.000000" m_d="1.126112" m_tx="0.000000" m_ty="-12.162017"/>
  </frame>
  <frame idx="600" w="106" h="185" x="-12.784519" y="-35.836212">
   <element name="water_dirty" layername="water" frame="0" z_index="7" m_a="0.686925" m_b="0.000000" m_c="0.000000" m_d="1.100890" m_tx="0.000000" m_ty="-11.889614"/>
  </frame>
  <frame idx="625" w="110" h="184" x="-8.088394" y="-37.077164">
   <element name="water_dirty" layername="water" frame="0" z_index="7" m_a="0.765193" m_b="0.000000" m_c="0.000000" m_d="1.075668" m_tx="0.000000" m_ty="-11.617210"/>
  </frame>
  <frame idx="650" w="116" h="182" x="-3.392258" y="-38.318111">
   <element name="water_dirty" layername="water" frame="0" z_index="7" m_a="0.843462" m_b="0.000000" m_c="0.000000" m_d="1.050445" m_tx="0.000000" m_ty="-11.344808"/>
  </frame>
  <frame idx="675" w="121" h="180" x="1.303867" y="-39.559052">
   <element name="water_dirty" layername="water" frame="0" z_index="7" m_a="0.921731" m_b="0.000000" m_c="0.000000" m_d="1.025223" m_tx="0.000000" m_ty="-11.072405"/>
  </frame>
 </anim>
 <anim name="idle" root="kettle_drink" numframes="150" framerate="40">
  <frame idx="0" w="132" h="132" x="0.000000" y="0.000000">
   <element name="swap" layername="swap" frame="0" z_index="7" m_a="1.000000" m_b="0.000000" m_c="0.000000" m_d="1.000000" m_tx="0.000000" m_ty="0.000000"/>
  </frame>
  <frame idx="25" w="132" h="132" x="0.000000" y="0.000000">
   <element name="swap" layername="swap" frame="0" z_index="7" m_a="1.000000" m_b="0.000000" m_c="0.000000" m_d="1.000000" m_tx="0.000000" m_ty="0.000000"/>
  </frame>
  <frame idx="50" w="132" h="132" x="0.000000" y="0.000000">
   <element name="swap" layername="swap" frame="0" z_index="7" m_a="1.000000" m_b="0.000000" m_c="0.000000" m_d="1.000000" m_tx="0.000000" m_ty="0.000000"/>
  </frame>
  <frame idx="75" w="132" h="132" x="0.000000" y="0.000000">
   <element name="swap" layername="swap" frame="0" z_index="7" m_a="1.000000" m_b="0.000000" m_c="0.000000" m_d="1.000000" m_tx="0.000000" m_ty="0.000000"/>
  </frame>
  <frame idx="100" w="132" h="132" x="0.000000" y="0.000000">
   <element name="swap" layername="swap" frame="0" z_index="7" m_a="1.000000" m_b="0.000000" m_c="0.000000" m_d="1.000000" m_tx="0.000000" m_ty="0.000000"/>
  </frame>
  <frame idx="125" w="132" h="132" x="0.000000" y="0.000000">
   <element name="swap" layername="swap" frame="0" z_index="7" m_a="1.000000" m_b="0.000000" m_c="0.000000" m_d="1.000000" m_tx="0.000000" m_ty="0.000000"/>
  </frame>
 </anim>
</Anims>
