<Anims>
 <anim name="close" root="bottle_pouch_small" numframes="325" framerate="40">
  <frame idx="0" w="286" h="283" x="0.000000" y="-66.500000">
   <element name="swap" layername="swap" frame="0" z_index="5" m_a="1.000000" m_b="0.000000" m_c="0.000000" m_d="1.000000" m_tx="0.000000" m_ty="0.000000"/>
  </frame>
  <frame idx="25" w="295" h="278" x="7.553528" y="-71.367516">
   <element name="swap" layername="swap" frame="0" z_index="5" m_a="1.058104" m_b="0.000000" m_c="0.000000" m_d="0.948763" m_tx="0.000000" m_ty="0.000000"/>
  </frame>
  <frame idx="50" w="288" h="286" x="0.563293" y="-63.144096">
   <element name="swap" layername="swap" frame="0" z_index="5" m_a="1.004333" m_b="0.000000" m_c="0.000000" m_d="1.035325" m_tx="0.000000" m_ty="0.000000"/>
  </frame>
  <frame idx="75" w="280" h="296" x="-6.426941" y="-54.920670">
   <element name="swap" layername="swap" frame="0" z_index="5" m_a="0.950562" m_b="0.000000" m_c="0.000000" m_d="1.121888" m_tx="0.000000" m_ty="0.000000"/>
  </frame>
  <frame idx="100" w="272" h="305" x="-13.417175" y="-46.697250">
   <element name="swap" layername="swap" frame="0" z_index="5" m_a="0.896791" m_b="0.000000" m_c="0.000000" m_d="1.208450" m_tx="0.000000" m_ty="0.000000"/>
  </frame>
  <frame idx="125" w="271" h="301" x="-14.073669" y="-50.413261">
   <element name="closed" layername="closed_A" frame="0" z_index="5" m_a="0.891741" m_b="0.000000" m_c="0.000000" m_d="1.169334" m_tx="0.000000" m_ty="0.000000"/>
  </frame>
  <frame idx="150" w="279" h="294" x="-7.779686" y="-56.727440">
   <element name="closed" layername="closed_A" frame="0" z_index="5" m_a="0.940156" m_b="0.000000" m_c="0.000000" m_d="1.102869" m_tx="0.000000" m_ty="0.000000"/>
  </frame>
  <frame idx="175" w="285" h="286" x="-1.485687" y="-63.041618">
   <element name="closed" layername="closed_A" frame="0" z_index="5" m_a="0.988572" m_b="0.000000" m_c="0.000000" m_d="1.036404" m_tx="0.000000" m_ty="0.000000"/>
  </frame>
  <frame idx="200" w="292" h="280" x="4.808304" y="-69.355797">
   <element name="closed" layername="closed_A" frame="0" z_index="5" m_a="1.036987" m_b="0.000000" m_c="0.000000" m_d="0.969939" m_tx="0.000000" m_ty="0.000000"/>
  </frame>
  <frame idx="225" w="291" h="281" x="3.606232" y="-68.641846">
   <element name="closed" layername="closed_A" frame="0" z_index="5" m_a="1.027740" m_b="0.000000" m_c="0.000000" m_d="0.977454" m_tx="0.000000" m_ty="0.000000"/>
  </frame>
  <frame idx="250" w="290" h="282" x="2.404144" y="-67.927895">
   <element name="closed" layername="closed_A" frame="0" z_index="5" m_a="1.018493" m_b="0.000000" m_c="0.000000" m_d="0.984969" m_tx="0.000000" m_ty="0.000000"/>
  </frame>
  <frame idx="275" w="289" h="282" x="1.202072" y="-67.213951">
   <element name="closed" layername="closed_A" frame="0" z_index="5" m_a="1.009247" m_b="0.000000" m_c="0.000000" m_d="0.992485" m_tx="0.000000" m_ty="0.000000"/>
  </frame>
  <frame idx="300" w="286" h="283" x="0.000000" y="-66.500000">
   <element name="closed" layername="closed_A" frame="0" z_index="5" m_a="1.000000" m_b="0.000000" m_c="0.000000" m_d="1.000000" m_tx="0.000000" m_ty="0.000000"/>
  </frame>
 </anim>
 <anim name="closed" root="bottle_pouch_small" numframes="125" framerate="40">
  <frame idx="0" w="286" h="283" x="0.000000" y="-66.500000">
   <element name="closed" layername="closed_A" frame="0" z_index="6" m_a="1.000000" m_b="0.000000" m_c="0.000000" m_d="1.000000" m_tx="0.000000" m_ty="0.000000"/>
  </frame>
  <frame idx="25" w="286" h="283" x="0.000000" y="-66.500000">
   <element name="closed" layername="closed_A" frame="0" z_index="6" m_a="1.000000" m_b="0.000000" m_c="0.000000" m_d="1.000000" m_tx="0.000000" m_ty="0.000000"/>
  </frame>
  <frame idx="50" w="286" h="283" x="0.000000" y="-66.500000">
   <element name="closed" layername="closed_A" frame="0" z_index="6" m_a="1.000000" m_b="0.000000" m_c="0.000000" m_d="1.000000" m_tx="0.000000" m_ty="0.000000"/>
  </frame>
  <frame idx="75" w="286" h="283" x="0.000000" y="-66.500000">
   <element name="closed" layername="closed_A" frame="0" z_index="6" m_a="1.000000" m_b="0.000000" m_c="0.000000" m_d="1.000000" m_tx="0.000000" m_ty="0.000000"/>
  </frame>
  <frame idx="100" w="286" h="283" x="0.000000" y="-66.500000">
   <element name="closed" layername="closed_A" frame="0" z_index="6" m_a="1.000000" m_b="0.000000" m_c="0.000000" m_d="1.000000" m_tx="0.000000" m_ty="0.000000"/>
  </frame>
 </anim>
 <anim name="open" root="bottle_pouch_small" numframes="325" framerate="40">
  <frame idx="0" w="294" h="277" x="6.125595" y="-72.421921">
   <element name="closed" layername="closed_A" frame="0" z_index="5" m_a="1.047120" m_b="0.000000" m_c="0.000000" m_d="0.937664" m_tx="0.000000" m_ty="0.000000"/>
  </frame>
  <frame idx="25" w="290" h="280" x="2.041855" y="-69.311668">
   <element name="closed" layername="closed_A" frame="0" z_index="5" m_a="1.015707" m_b="0.000000" m_c="0.000000" m_d="0.970403" m_tx="0.000000" m_ty="0.000000"/>
  </frame>
  <frame idx="50" w="284" h="301" x="-2.041916" y="-50.301735">
   <element name="swap" layername="swap" frame="0" z_index="6" m_a="0.948065" m_b="0.000000" m_c="0.000000" m_d="1.170508" m_tx="0.000000" m_ty="0.000000"/>
   <element name="closed" layername="closed_A" frame="0" z_index="5" m_a="0.984293" m_b="0.000000" m_c="0.000000" m_d="1.003143" m_tx="0.000000" m_ty="0.000000"/>
  </frame>
  <frame idx="75" w="280" h="310" x="-6.125664" y="-42.202599">
   <element name="swap" layername="swap" frame="0" z_index="6" m_a="0.922098" m_b="0.000000" m_c="0.000000" m_d="1.255762" m_tx="0.000000" m_ty="0.000000"/>
   <element name="closed" layername="closed_A" frame="0" z_index="5" m_a="0.952879" m_b="0.000000" m_c="0.000000" m_d="1.035882" m_tx="0.000000" m_ty="0.000000"/>
  </frame>
  <frame idx="100" w="275" h="318" x="-10.209419" y="-34.103477">
   <element name="swap" layername="swap" frame="0" z_index="6" m_a="0.896130" m_b="0.000000" m_c="0.000000" m_d="1.341016" m_tx="0.000000" m_ty="0.000000"/>
   <element name="closed" layername="closed_A" frame="0" z_index="5" m_a="0.921466" m_b="0.000000" m_c="0.000000" m_d="1.068622" m_tx="0.000000" m_ty="0.000000"/>
  </frame>
  <frame idx="125" w="274" h="293" x="-11.252541" y="-57.780327">
   <element name="swap" layername="swap" frame="0" z_index="6" m_a="0.913442" m_b="0.000000" m_c="0.000000" m_d="1.091786" m_tx="0.000000" m_ty="0.000000"/>
  </frame>
  <frame idx="150" w="280" h="289" x="-6.140419" y="-61.333839">
   <element name="swap" layername="swap" frame="0" z_index="6" m_a="0.952766" m_b="0.000000" m_c="0.000000" m_d="1.054381" m_tx="0.000000" m_ty="0.000000"/>
  </frame>
  <frame idx="175" w="285" h="285" x="-1.028290" y="-64.887344">
   <element name="swap" layername="swap" frame="0" z_index="6" m_a="0.992090" m_b="0.000000" m_c="0.000000" m_d="1.016975" m_tx="0.000000" m_ty="0.000000"/>
  </frame>
  <frame idx="200" w="292" h="281" x="4.083832" y="-68.440849">
   <element name="swap" layername="swap" frame="0" z_index="6" m_a="1.031414" m_b="0.000000" m_c="0.000000" m_d="0.979570" m_tx="0.000000" m_ty="0.000000"/>
  </frame>
  <frame idx="225" w="290" h="282" x="2.041916" y="-67.470428">
   <element name="swap" layername="swap" frame="0" z_index="6" m_a="1.015707" m_b="0.000000" m_c="0.000000" m_d="0.989785" m_tx="0.000000" m_ty="0.000000"/>
  </frame>
  <frame idx="250" w="286" h="283" x="0.000000" y="-66.500000">
   <element name="swap" layername="swap" frame="0" z_index="6" m_a="1.000000" m_b="0.000000" m_c="0.000000" m_d="1.000000" m_tx="0.000000" m_ty="0.000000"/>
  </frame>
  <frame idx="275" w="286" h="283" x="0.000000" y="-66.500000">
   <element name="swap" layername="swap" frame="0" z_index="6" m_a="1.000000" m_b="0.000000" m_c="0.000000" m_d="1.000000" m_tx="0.000000" m_ty="0.000000"/>
  </frame>
  <frame idx="300" w="286" h="283" x="0.000000" y="-66.500000">
   <element name="swap" layername="swap" frame="0" z_index="6" m_a="1.000000" m_b="0.000000" m_c="0.000000" m_d="1.000000" m_tx="0.000000" m_ty="0.000000"/>
  </frame>
 </anim>
 <anim name="opened" root="bottle_pouch_small" numframes="125" framerate="40">
  <frame idx="0" w="286" h="283" x="0.000000" y="-66.500000">
   <element name="swap" layername="swap" frame="0" z_index="6" m_a="1.000000" m_b="0.000000" m_c="0.000000" m_d="1.000000" m_tx="0.000000" m_ty="0.000000"/>
  </frame>
  <frame idx="25" w="286" h="283" x="0.000000" y="-66.500000">
   <element name="swap" layername="swap" frame="0" z_index="6" m_a="1.000000" m_b="0.000000" m_c="0.000000" m_d="1.000000" m_tx="0.000000" m_ty="0.000000"/>
  </frame>
  <frame idx="50" w="286" h="283" x="0.000000" y="-66.500000">
   <element name="swap" layername="swap" frame="0" z_index="6" m_a="1.000000" m_b="0.000000" m_c="0.000000" m_d="1.000000" m_tx="0.000000" m_ty="0.000000"/>
  </frame>
  <frame idx="75" w="286" h="283" x="0.000000" y="-66.500000">
   <element name="swap" layername="swap" frame="0" z_index="6" m_a="1.000000" m_b="0.000000" m_c="0.000000" m_d="1.000000" m_tx="0.000000" m_ty="0.000000"/>
  </frame>
  <frame idx="100" w="286" h="283" x="0.000000" y="-66.500000">
   <element name="swap" layername="swap" frame="0" z_index="6" m_a="1.000000" m_b="0.000000" m_c="0.000000" m_d="1.000000" m_tx="0.000000" m_ty="0.000000"/>
  </frame>
 </anim>
</Anims>
