<Anims>
 <anim name="applepine" root="water_farm_plant_seeds" numframes="125" framerate="40">
  <frame idx="0" w="140" h="99" x="3.999969" y="-12.500023">
   <element name="applepine" layername="pinenanas" frame="0" z_index="2" m_a="1.000000" m_b="0.000000" m_c="0.000000" m_d="1.000000" m_tx="0.000000" m_ty="0.000000"/>
  </frame>
  <frame idx="25" w="140" h="99" x="3.999969" y="-12.500023">
   <element name="applepine" layername="pinenanas" frame="0" z_index="2" m_a="1.000000" m_b="0.000000" m_c="0.000000" m_d="1.000000" m_tx="0.000000" m_ty="0.000000"/>
  </frame>
  <frame idx="50" w="140" h="99" x="3.999969" y="-12.500023">
   <element name="applepine" layername="pinenanas" frame="0" z_index="2" m_a="1.000000" m_b="0.000000" m_c="0.000000" m_d="1.000000" m_tx="0.000000" m_ty="0.000000"/>
  </frame>
  <frame idx="75" w="140" h="99" x="3.999969" y="-12.500023">
   <element name="applepine" layername="pinenanas" frame="0" z_index="2" m_a="1.000000" m_b="0.000000" m_c="0.000000" m_d="1.000000" m_tx="0.000000" m_ty="0.000000"/>
  </frame>
  <frame idx="100" w="140" h="99" x="3.999969" y="-12.500023">
   <element name="applepine" layername="pinenanas" frame="0" z_index="2" m_a="1.000000" m_b="0.000000" m_c="0.000000" m_d="1.000000" m_tx="0.000000" m_ty="0.000000"/>
  </frame>
 </anim>
 <anim name="limon" root="water_farm_plant_seeds" numframes="125" framerate="40">
  <frame idx="0" w="135" h="103" x="-1.680958" y="-17.743652">
   <element name="limon" layername="limon" frame="0" z_index="2" m_a="1.000000" m_b="0.000000" m_c="0.000000" m_d="1.000000" m_tx="0.000000" m_ty="0.000000"/>
  </frame>
  <frame idx="25" w="135" h="103" x="-1.680958" y="-17.743652">
   <element name="limon" layername="limon" frame="0" z_index="2" m_a="1.000000" m_b="0.000000" m_c="0.000000" m_d="1.000000" m_tx="0.000000" m_ty="0.000000"/>
  </frame>
  <frame idx="50" w="135" h="103" x="-1.680958" y="-17.743652">
   <element name="limon" layername="limon" frame="0" z_index="2" m_a="1.000000" m_b="0.000000" m_c="0.000000" m_d="1.000000" m_tx="0.000000" m_ty="0.000000"/>
  </frame>
  <frame idx="75" w="135" h="103" x="-1.680958" y="-17.743652">
   <element name="limon" layername="limon" frame="0" z_index="2" m_a="1.000000" m_b="0.000000" m_c="0.000000" m_d="1.000000" m_tx="0.000000" m_ty="0.000000"/>
  </frame>
  <frame idx="100" w="135" h="103" x="-1.680958" y="-17.743652">
   <element name="limon" layername="limon" frame="0" z_index="2" m_a="1.000000" m_b="0.000000" m_c="0.000000" m_d="1.000000" m_tx="0.000000" m_ty="0.000000"/>
  </frame>
 </anim>
</Anims>
