<Anims>
 <anim name="empty" root="buckets" numframes="300" framerate="40">
  <frame idx="0" w="211" h="269" x="-59.000000" y="-112.000000">
   <element name="buckets" layername="buckets" frame="0" z_index="5" m_a="0.500000" m_b="0.000000" m_c="0.000000" m_d="0.500000" m_tx="7.000000" m_ty="-46.000000"/>
  </frame>
  <frame idx="25" w="211" h="269" x="-59.000000" y="-112.000000">
   <element name="buckets" layername="buckets" frame="0" z_index="5" m_a="0.500000" m_b="0.000000" m_c="0.000000" m_d="0.500000" m_tx="7.000000" m_ty="-46.000000"/>
  </frame>
  <frame idx="50" w="211" h="269" x="-59.000000" y="-112.000000">
   <element name="buckets" layername="buckets" frame="0" z_index="5" m_a="0.500000" m_b="0.000000" m_c="0.000000" m_d="0.500000" m_tx="7.000000" m_ty="-46.000000"/>
  </frame>
  <frame idx="75" w="211" h="269" x="-59.000000" y="-112.000000">
   <element name="buckets" layername="buckets" frame="0" z_index="5" m_a="0.500000" m_b="0.000000" m_c="0.000000" m_d="0.500000" m_tx="7.000000" m_ty="-46.000000"/>
  </frame>
  <frame idx="100" w="211" h="269" x="-59.000000" y="-112.000000">
   <element name="buckets" layername="buckets" frame="0" z_index="5" m_a="0.500000" m_b="0.000000" m_c="0.000000" m_d="0.500000" m_tx="7.000000" m_ty="-46.000000"/>
  </frame>
  <frame idx="125" w="211" h="269" x="-59.000000" y="-112.000000">
   <element name="buckets" layername="buckets" frame="0" z_index="5" m_a="0.500000" m_b="0.000000" m_c="0.000000" m_d="0.500000" m_tx="7.000000" m_ty="-46.000000"/>
  </frame>
  <frame idx="150" w="211" h="269" x="-59.000000" y="-112.000000">
   <element name="buckets" layername="buckets" frame="0" z_index="5" m_a="0.500000" m_b="0.000000" m_c="0.000000" m_d="0.500000" m_tx="7.000000" m_ty="-46.000000"/>
  </frame>
  <frame idx="175" w="211" h="269" x="-59.000000" y="-112.000000">
   <element name="buckets" layername="buckets" frame="0" z_index="5" m_a="0.500000" m_b="0.000000" m_c="0.000000" m_d="0.500000" m_tx="7.000000" m_ty="-46.000000"/>
  </frame>
  <frame idx="200" w="211" h="269" x="-59.000000" y="-112.000000">
   <element name="buckets" layername="buckets" frame="0" z_index="5" m_a="0.500000" m_b="0.000000" m_c="0.000000" m_d="0.500000" m_tx="7.000000" m_ty="-46.000000"/>
  </frame>
  <frame idx="225" w="211" h="269" x="-59.000000" y="-112.000000">
   <element name="buckets" layername="buckets" frame="0" z_index="5" m_a="0.500000" m_b="0.000000" m_c="0.000000" m_d="0.500000" m_tx="7.000000" m_ty="-46.000000"/>
  </frame>
  <frame idx="250" w="211" h="269" x="-59.000000" y="-112.000000">
   <element name="buckets" layername="buckets" frame="0" z_index="5" m_a="0.500000" m_b="0.000000" m_c="0.000000" m_d="0.500000" m_tx="7.000000" m_ty="-46.000000"/>
  </frame>
  <frame idx="275" w="211" h="269" x="-59.000000" y="-112.000000">
   <element name="buckets" layername="buckets" frame="0" z_index="5" m_a="0.500000" m_b="0.000000" m_c="0.000000" m_d="0.500000" m_tx="7.000000" m_ty="-46.000000"/>
  </frame>
 </anim>
 <anim name="dirty" root="buckets" numframes="300" framerate="40">
  <frame idx="0" w="211" h="269" x="-59.000000" y="-112.000000">
   <element name="buckets" layername="buckets" frame="1" z_index="5" m_a="0.500000" m_b="0.000000" m_c="0.000000" m_d="0.500000" m_tx="7.000000" m_ty="-46.000000"/>
  </frame>
  <frame idx="25" w="211" h="269" x="-59.000000" y="-112.000000">
   <element name="buckets" layername="buckets" frame="1" z_index="5" m_a="0.500000" m_b="0.000000" m_c="0.000000" m_d="0.500000" m_tx="7.000000" m_ty="-46.000000"/>
  </frame>
  <frame idx="50" w="211" h="269" x="-59.000000" y="-112.000000">
   <element name="buckets" layername="buckets" frame="1" z_index="5" m_a="0.500000" m_b="0.000000" m_c="0.000000" m_d="0.500000" m_tx="7.000000" m_ty="-46.000000"/>
  </frame>
  <frame idx="75" w="211" h="269" x="-59.000000" y="-112.000000">
   <element name="buckets" layername="buckets" frame="1" z_index="5" m_a="0.500000" m_b="0.000000" m_c="0.000000" m_d="0.500000" m_tx="7.000000" m_ty="-46.000000"/>
  </frame>
  <frame idx="100" w="211" h="269" x="-59.000000" y="-112.000000">
   <element name="buckets" layername="buckets" frame="1" z_index="5" m_a="0.500000" m_b="0.000000" m_c="0.000000" m_d="0.500000" m_tx="7.000000" m_ty="-46.000000"/>
  </frame>
  <frame idx="125" w="211" h="269" x="-59.000000" y="-112.000000">
   <element name="buckets" layername="buckets" frame="1" z_index="5" m_a="0.500000" m_b="0.000000" m_c="0.000000" m_d="0.500000" m_tx="7.000000" m_ty="-46.000000"/>
  </frame>
  <frame idx="150" w="211" h="269" x="-59.000000" y="-112.000000">
   <element name="buckets" layername="buckets" frame="1" z_index="5" m_a="0.500000" m_b="0.000000" m_c="0.000000" m_d="0.500000" m_tx="7.000000" m_ty="-46.000000"/>
  </frame>
  <frame idx="175" w="211" h="269" x="-59.000000" y="-112.000000">
   <element name="buckets" layername="buckets" frame="1" z_index="5" m_a="0.500000" m_b="0.000000" m_c="0.000000" m_d="0.500000" m_tx="7.000000" m_ty="-46.000000"/>
  </frame>
  <frame idx="200" w="211" h="269" x="-59.000000" y="-112.000000">
   <element name="buckets" layername="buckets" frame="1" z_index="5" m_a="0.500000" m_b="0.000000" m_c="0.000000" m_d="0.500000" m_tx="7.000000" m_ty="-46.000000"/>
  </frame>
  <frame idx="225" w="211" h="269" x="-59.000000" y="-112.000000">
   <element name="buckets" layername="buckets" frame="1" z_index="5" m_a="0.500000" m_b="0.000000" m_c="0.000000" m_d="0.500000" m_tx="7.000000" m_ty="-46.000000"/>
  </frame>
  <frame idx="250" w="211" h="269" x="-59.000000" y="-112.000000">
   <element name="buckets" layername="buckets" frame="1" z_index="5" m_a="0.500000" m_b="0.000000" m_c="0.000000" m_d="0.500000" m_tx="7.000000" m_ty="-46.000000"/>
  </frame>
  <frame idx="275" w="211" h="269" x="-59.000000" y="-112.000000">
   <element name="buckets" layername="buckets" frame="1" z_index="5" m_a="0.500000" m_b="0.000000" m_c="0.000000" m_d="0.500000" m_tx="7.000000" m_ty="-46.000000"/>
  </frame>
 </anim>
 <anim name="full" root="buckets" numframes="300" framerate="40">
  <frame idx="0" w="211" h="269" x="-59.000000" y="-112.000000">
   <element name="buckets" layername="buckets" frame="2" z_index="5" m_a="0.500000" m_b="0.000000" m_c="0.000000" m_d="0.500000" m_tx="7.000000" m_ty="-46.000000"/>
  </frame>
  <frame idx="25" w="211" h="269" x="-59.000000" y="-112.000000">
   <element name="buckets" layername="buckets" frame="2" z_index="5" m_a="0.500000" m_b="0.000000" m_c="0.000000" m_d="0.500000" m_tx="7.000000" m_ty="-46.000000"/>
  </frame>
  <frame idx="50" w="211" h="269" x="-59.000000" y="-112.000000">
   <element name="buckets" layername="buckets" frame="2" z_index="5" m_a="0.500000" m_b="0.000000" m_c="0.000000" m_d="0.500000" m_tx="7.000000" m_ty="-46.000000"/>
  </frame>
  <frame idx="75" w="211" h="269" x="-59.000000" y="-112.000000">
   <element name="buckets" layername="buckets" frame="2" z_index="5" m_a="0.500000" m_b="0.000000" m_c="0.000000" m_d="0.500000" m_tx="7.000000" m_ty="-46.000000"/>
  </frame>
  <frame idx="100" w="211" h="269" x="-59.000000" y="-112.000000">
   <element name="buckets" layername="buckets" frame="2" z_index="5" m_a="0.500000" m_b="0.000000" m_c="0.000000" m_d="0.500000" m_tx="7.000000" m_ty="-46.000000"/>
  </frame>
  <frame idx="125" w="211" h="269" x="-59.000000" y="-112.000000">
   <element name="buckets" layername="buckets" frame="2" z_index="5" m_a="0.500000" m_b="0.000000" m_c="0.000000" m_d="0.500000" m_tx="7.000000" m_ty="-46.000000"/>
  </frame>
  <frame idx="150" w="211" h="269" x="-59.000000" y="-112.000000">
   <element name="buckets" layername="buckets" frame="2" z_index="5" m_a="0.500000" m_b="0.000000" m_c="0.000000" m_d="0.500000" m_tx="7.000000" m_ty="-46.000000"/>
  </frame>
  <frame idx="175" w="211" h="269" x="-59.000000" y="-112.000000">
   <element name="buckets" layername="buckets" frame="2" z_index="5" m_a="0.500000" m_b="0.000000" m_c="0.000000" m_d="0.500000" m_tx="7.000000" m_ty="-46.000000"/>
  </frame>
  <frame idx="200" w="211" h="269" x="-59.000000" y="-112.000000">
   <element name="buckets" layername="buckets" frame="2" z_index="5" m_a="0.500000" m_b="0.000000" m_c="0.000000" m_d="0.500000" m_tx="7.000000" m_ty="-46.000000"/>
  </frame>
  <frame idx="225" w="211" h="269" x="-59.000000" y="-112.000000">
   <element name="buckets" layername="buckets" frame="2" z_index="5" m_a="0.500000" m_b="0.000000" m_c="0.000000" m_d="0.500000" m_tx="7.000000" m_ty="-46.000000"/>
  </frame>
  <frame idx="250" w="211" h="269" x="-59.000000" y="-112.000000">
   <element name="buckets" layername="buckets" frame="2" z_index="5" m_a="0.500000" m_b="0.000000" m_c="0.000000" m_d="0.500000" m_tx="7.000000" m_ty="-46.000000"/>
  </frame>
  <frame idx="275" w="211" h="269" x="-59.000000" y="-112.000000">
   <element name="buckets" layername="buckets" frame="2" z_index="5" m_a="0.500000" m_b="0.000000" m_c="0.000000" m_d="0.500000" m_tx="7.000000" m_ty="-46.000000"/>
  </frame>
 </anim>
 <anim name="salt" root="buckets" numframes="300" framerate="40">
  <frame idx="0" w="211" h="269" x="-59.000000" y="-112.000000">
   <element name="buckets" layername="buckets" frame="3" z_index="5" m_a="0.500000" m_b="0.000000" m_c="0.000000" m_d="0.500000" m_tx="7.000000" m_ty="-46.000000"/>
  </frame>
  <frame idx="25" w="211" h="269" x="-59.000000" y="-112.000000">
   <element name="buckets" layername="buckets" frame="3" z_index="5" m_a="0.500000" m_b="0.000000" m_c="0.000000" m_d="0.500000" m_tx="7.000000" m_ty="-46.000000"/>
  </frame>
  <frame idx="50" w="211" h="269" x="-59.000000" y="-112.000000">
   <element name="buckets" layername="buckets" frame="3" z_index="5" m_a="0.500000" m_b="0.000000" m_c="0.000000" m_d="0.500000" m_tx="7.000000" m_ty="-46.000000"/>
  </frame>
  <frame idx="75" w="211" h="269" x="-59.000000" y="-112.000000">
   <element name="buckets" layername="buckets" frame="3" z_index="5" m_a="0.500000" m_b="0.000000" m_c="0.000000" m_d="0.500000" m_tx="7.000000" m_ty="-46.000000"/>
  </frame>
  <frame idx="100" w="211" h="269" x="-59.000000" y="-112.000000">
   <element name="buckets" layername="buckets" frame="3" z_index="5" m_a="0.500000" m_b="0.000000" m_c="0.000000" m_d="0.500000" m_tx="7.000000" m_ty="-46.000000"/>
  </frame>
  <frame idx="125" w="211" h="269" x="-59.000000" y="-112.000000">
   <element name="buckets" layername="buckets" frame="3" z_index="5" m_a="0.500000" m_b="0.000000" m_c="0.000000" m_d="0.500000" m_tx="7.000000" m_ty="-46.000000"/>
  </frame>
  <frame idx="150" w="211" h="269" x="-59.000000" y="-112.000000">
   <element name="buckets" layername="buckets" frame="3" z_index="5" m_a="0.500000" m_b="0.000000" m_c="0.000000" m_d="0.500000" m_tx="7.000000" m_ty="-46.000000"/>
  </frame>
  <frame idx="175" w="211" h="269" x="-59.000000" y="-112.000000">
   <element name="buckets" layername="buckets" frame="3" z_index="5" m_a="0.500000" m_b="0.000000" m_c="0.000000" m_d="0.500000" m_tx="7.000000" m_ty="-46.000000"/>
  </frame>
  <frame idx="200" w="211" h="269" x="-59.000000" y="-112.000000">
   <element name="buckets" layername="buckets" frame="3" z_index="5" m_a="0.500000" m_b="0.000000" m_c="0.000000" m_d="0.500000" m_tx="7.000000" m_ty="-46.000000"/>
  </frame>
  <frame idx="225" w="211" h="269" x="-59.000000" y="-112.000000">
   <element name="buckets" layername="buckets" frame="3" z_index="5" m_a="0.500000" m_b="0.000000" m_c="0.000000" m_d="0.500000" m_tx="7.000000" m_ty="-46.000000"/>
  </frame>
  <frame idx="250" w="211" h="269" x="-59.000000" y="-112.000000">
   <element name="buckets" layername="buckets" frame="3" z_index="5" m_a="0.500000" m_b="0.000000" m_c="0.000000" m_d="0.500000" m_tx="7.000000" m_ty="-46.000000"/>
  </frame>
  <frame idx="275" w="211" h="269" x="-59.000000" y="-112.000000">
   <element name="buckets" layername="buckets" frame="3" z_index="5" m_a="0.500000" m_b="0.000000" m_c="0.000000" m_d="0.500000" m_tx="7.000000" m_ty="-46.000000"/>
  </frame>
 </anim>
 <anim name="ice" root="buckets" numframes="300" framerate="40">
  <frame idx="0" w="211" h="269" x="-59.000000" y="-112.000000">
   <element name="buckets" layername="buckets" frame="4" z_index="5" m_a="0.500000" m_b="0.000000" m_c="0.000000" m_d="0.500000" m_tx="7.000000" m_ty="-46.000000"/>
  </frame>
  <frame idx="25" w="211" h="269" x="-59.000000" y="-112.000000">
   <element name="buckets" layername="buckets" frame="4" z_index="5" m_a="0.500000" m_b="0.000000" m_c="0.000000" m_d="0.500000" m_tx="7.000000" m_ty="-46.000000"/>
  </frame>
  <frame idx="50" w="211" h="269" x="-59.000000" y="-112.000000">
   <element name="buckets" layername="buckets" frame="4" z_index="5" m_a="0.500000" m_b="0.000000" m_c="0.000000" m_d="0.500000" m_tx="7.000000" m_ty="-46.000000"/>
  </frame>
  <frame idx="75" w="211" h="269" x="-59.000000" y="-112.000000">
   <element name="buckets" layername="buckets" frame="4" z_index="5" m_a="0.500000" m_b="0.000000" m_c="0.000000" m_d="0.500000" m_tx="7.000000" m_ty="-46.000000"/>
  </frame>
  <frame idx="100" w="211" h="269" x="-59.000000" y="-112.000000">
   <element name="buckets" layername="buckets" frame="4" z_index="5" m_a="0.500000" m_b="0.000000" m_c="0.000000" m_d="0.500000" m_tx="7.000000" m_ty="-46.000000"/>
  </frame>
  <frame idx="125" w="211" h="269" x="-59.000000" y="-112.000000">
   <element name="buckets" layername="buckets" frame="4" z_index="5" m_a="0.500000" m_b="0.000000" m_c="0.000000" m_d="0.500000" m_tx="7.000000" m_ty="-46.000000"/>
  </frame>
  <frame idx="150" w="211" h="269" x="-59.000000" y="-112.000000">
   <element name="buckets" layername="buckets" frame="4" z_index="5" m_a="0.500000" m_b="0.000000" m_c="0.000000" m_d="0.500000" m_tx="7.000000" m_ty="-46.000000"/>
  </frame>
  <frame idx="175" w="211" h="269" x="-59.000000" y="-112.000000">
   <element name="buckets" layername="buckets" frame="4" z_index="5" m_a="0.500000" m_b="0.000000" m_c="0.000000" m_d="0.500000" m_tx="7.000000" m_ty="-46.000000"/>
  </frame>
  <frame idx="200" w="211" h="269" x="-59.000000" y="-112.000000">
   <element name="buckets" layername="buckets" frame="4" z_index="5" m_a="0.500000" m_b="0.000000" m_c="0.000000" m_d="0.500000" m_tx="7.000000" m_ty="-46.000000"/>
  </frame>
  <frame idx="225" w="211" h="269" x="-59.000000" y="-112.000000">
   <element name="buckets" layername="buckets" frame="4" z_index="5" m_a="0.500000" m_b="0.000000" m_c="0.000000" m_d="0.500000" m_tx="7.000000" m_ty="-46.000000"/>
  </frame>
  <frame idx="250" w="211" h="269" x="-59.000000" y="-112.000000">
   <element name="buckets" layername="buckets" frame="4" z_index="5" m_a="0.500000" m_b="0.000000" m_c="0.000000" m_d="0.500000" m_tx="7.000000" m_ty="-46.000000"/>
  </frame>
  <frame idx="275" w="211" h="269" x="-59.000000" y="-112.000000">
   <element name="buckets" layername="buckets" frame="4" z_index="5" m_a="0.500000" m_b="0.000000" m_c="0.000000" m_d="0.500000" m_tx="7.000000" m_ty="-46.000000"/>
  </frame>
 </anim>
</Anims>
