<Anims>
 <anim name="idle" root="well_sprinkler_water_drop" numframes="225" framerate="40">
  <frame idx="0" w="147" h="68" x="7.649979" y="-6.824978">
   <element name="splash" layername="splash" frame="0" z_index="1" m_a="1.000000" m_b="0.000000" m_c="0.000000" m_d="1.000000" m_tx="3.400000" m_ty="2.350000"/>
  </frame>
  <frame idx="25" w="149" h="64" x="5.350891" y="-3.785175">
   <element name="splash" layername="splash" frame="0" z_index="1" m_a="1.000000" m_b="0.000000" m_c="0.000000" m_d="1.000000" m_tx="1.100911" m_ty="5.389802"/>
  </frame>
  <frame idx="50" w="233" h="127" x="12.538986" y="-15.317322">
   <element name="splash" layername="splash" frame="1" z_index="1" m_a="1.000000" m_b="0.000000" m_c="0.000000" m_d="1.000000" m_tx="0.788885" m_ty="9.082714"/>
  </frame>
  <frame idx="75" w="264" h="141" x="11.083557" y="-16.607117">
   <element name="splash" layername="splash" frame="2" z_index="1" m_a="1.000000" m_b="0.000000" m_c="0.000000" m_d="1.000000" m_tx="3.358531" m_ty="8.792904"/>
  </frame>
  <frame idx="100" w="282" h="153" x="11.505325" y="-18.038841">
   <element name="splash" layername="splash" frame="3" z_index="1" m_a="1.000000" m_b="0.000000" m_c="0.000000" m_d="1.000000" m_tx="3.568478" m_ty="8.986121"/>
  </frame>
  <frame idx="125" w="282" h="159" x="11.188065" y="-23.183228">
   <element name="splash" layername="splash" frame="3" z_index="1" m_a="1.000000" m_b="0.000000" m_c="0.000000" m_d="1.000000" m_tx="3.251219" m_ty="3.841736"/>
  </frame>
  <frame idx="150" w="288" h="136" x="11.326355" y="-17.038132">
   <element name="splash" layername="splash" frame="4" z_index="1" m_a="1.000000" m_b="0.000000" m_c="0.000000" m_d="1.000000" m_tx="2.801327" m_ty="0.486898"/>
  </frame>
  <frame idx="175" w="290" h="127" x="11.832092" y="-14.241814">
   <element name="splash" layername="splash" frame="5" z_index="1" m_a="1.000000" m_b="0.000000" m_c="0.000000" m_d="1.000000" m_tx="2.557194" m_ty="-0.591811"/>
  </frame>
  <frame idx="200" w="289" h="125" x="12.189224" y="-12.995281">
   <element name="splash" layername="splash" frame="5" z_index="1" m_a="1.000000" m_b="0.000000" m_c="0.000000" m_d="1.000000" m_tx="2.914315" m_ty="0.654719"/>
  </frame>
 </anim>
</Anims>
