<Anims>
 <anim name="0" root="kettle_meter_water" numframes="25" framerate="40">
  <frame idx="0" w="39" h="470" x="-1.000000" y="-265.201385">
   <element name="water/0" layername="0" frame="0" z_index="44" m_a="1.000000" m_b="0.000000" m_c="0.000000" m_d="1.000000" m_tx="-1.000000" m_ty="-284.000000"/>
   <element name="shdw" layername="shdw" frame="0" z_index="43" m_a="3.218770" m_b="0.000000" m_c="0.000000" m_d="2.619090" m_tx="-13.940770" m_ty="-284.000000"/>
  </frame>
 </anim>
 <anim name="1" root="kettle_meter_water" numframes="25" framerate="40">
  <frame idx="0" w="39" h="470" x="-1.000000" y="-265.201385">
   <element name="water/1" layername="1" frame="0" z_index="44" m_a="1.000000" m_b="0.000000" m_c="0.000000" m_d="1.000000" m_tx="-1.000000" m_ty="-284.000000"/>
   <element name="shdw" layername="shdw" frame="0" z_index="43" m_a="3.218770" m_b="0.000000" m_c="0.000000" m_d="2.619090" m_tx="-13.940770" m_ty="-284.000000"/>
  </frame>
 </anim>
 <anim name="2" root="kettle_meter_water" numframes="25" framerate="40">
  <frame idx="0" w="39" h="470" x="-1.000000" y="-265.201385">
   <element name="water/2" layername="2" frame="0" z_index="44" m_a="1.000000" m_b="0.000000" m_c="0.000000" m_d="1.000000" m_tx="-1.000000" m_ty="-284.000000"/>
   <element name="shdw" layername="shdw" frame="0" z_index="43" m_a="3.218770" m_b="0.000000" m_c="0.000000" m_d="2.619090" m_tx="-13.940770" m_ty="-284.000000"/>
  </frame>
 </anim>
 <anim name="3" root="kettle_meter_water" numframes="25" framerate="40">
  <frame idx="0" w="39" h="470" x="-1.000000" y="-265.201385">
   <element name="water/3" layername="3" frame="0" z_index="44" m_a="1.000000" m_b="0.000000" m_c="0.000000" m_d="1.000000" m_tx="-1.000000" m_ty="-284.000000"/>
   <element name="shdw" layername="shdw" frame="0" z_index="43" m_a="3.218770" m_b="0.000000" m_c="0.000000" m_d="2.619090" m_tx="-13.940770" m_ty="-284.000000"/>
  </frame>
 </anim>
 <anim name="4" root="kettle_meter_water" numframes="25" framerate="40">
  <frame idx="0" w="39" h="470" x="-1.000000" y="-265.201385">
   <element name="water/4" layername="4" frame="0" z_index="44" m_a="1.000000" m_b="0.000000" m_c="0.000000" m_d="1.000000" m_tx="-1.000000" m_ty="-284.000000"/>
   <element name="shdw" layername="shdw" frame="0" z_index="43" m_a="3.218770" m_b="0.000000" m_c="0.000000" m_d="2.619090" m_tx="-13.940770" m_ty="-284.000000"/>
  </frame>
 </anim>
 <anim name="5" root="kettle_meter_water" numframes="25" framerate="40">
  <frame idx="0" w="39" h="470" x="-1.000000" y="-265.201385">
   <element name="water/5" layername="5" frame="0" z_index="44" m_a="1.000000" m_b="0.000000" m_c="0.000000" m_d="1.000000" m_tx="-1.000000" m_ty="-284.000000"/>
   <element name="shdw" layername="shdw" frame="0" z_index="43" m_a="3.218770" m_b="0.000000" m_c="0.000000" m_d="2.619090" m_tx="-13.940770" m_ty="-284.000000"/>
  </frame>
 </anim>
 <anim name="6" root="kettle_meter_water" numframes="25" framerate="40">
  <frame idx="0" w="39" h="470" x="-1.000000" y="-265.201385">
   <element name="water/6" layername="6" frame="0" z_index="44" m_a="1.000000" m_b="0.000000" m_c="0.000000" m_d="1.000000" m_tx="-1.000000" m_ty="-284.000000"/>
   <element name="shdw" layername="shdw" frame="0" z_index="43" m_a="3.218770" m_b="0.000000" m_c="0.000000" m_d="2.619090" m_tx="-13.940770" m_ty="-284.000000"/>
  </frame>
 </anim>
 <anim name="7" root="kettle_meter_water" numframes="25" framerate="40">
  <frame idx="0" w="39" h="470" x="-1.000000" y="-265.201385">
   <element name="water/7" layername="7" frame="0" z_index="44" m_a="1.000000" m_b="0.000000" m_c="0.000000" m_d="1.000000" m_tx="-1.000000" m_ty="-284.000000"/>
   <element name="shdw" layername="shdw" frame="0" z_index="43" m_a="3.218770" m_b="0.000000" m_c="0.000000" m_d="2.619090" m_tx="-13.940770" m_ty="-284.000000"/>
  </frame>
 </anim>
 <anim name="8" root="kettle_meter_water" numframes="25" framerate="40">
  <frame idx="0" w="39" h="470" x="-1.000000" y="-265.201385">
   <element name="water/8" layername="8" frame="0" z_index="44" m_a="1.000000" m_b="0.000000" m_c="0.000000" m_d="1.000000" m_tx="-1.000000" m_ty="-284.000000"/>
   <element name="shdw" layername="shdw" frame="0" z_index="43" m_a="3.218770" m_b="0.000000" m_c="0.000000" m_d="2.619090" m_tx="-13.940770" m_ty="-284.000000"/>
  </frame>
 </anim>
 <anim name="9" root="kettle_meter_water" numframes="25" framerate="40">
  <frame idx="0" w="39" h="470" x="-1.000000" y="-265.201385">
   <element name="water/10" layername="" frame="0" z_index="44" m_a="1.000000" m_b="0.000000" m_c="0.000000" m_d="1.000000" m_tx="-1.000000" m_ty="-284.000000"/>
   <element name="shdw" layername="shdw" frame="0" z_index="43" m_a="3.218770" m_b="0.000000" m_c="0.000000" m_d="2.619090" m_tx="-13.940770" m_ty="-284.000000"/>
  </frame>
 </anim>
 <anim name="10" root="kettle_meter_water" numframes="25" framerate="40">
  <frame idx="0" w="39" h="470" x="-1.000000" y="-265.201385">
   <element name="water/3" layername="3" frame="0" z_index="44" m_a="1.000000" m_b="0.000000" m_c="0.000000" m_d="1.000000" m_tx="-1.000000" m_ty="-284.000000"/>
   <element name="shdw" layername="shdw" frame="0" z_index="43" m_a="3.218770" m_b="0.000000" m_c="0.000000" m_d="2.619090" m_tx="-13.940770" m_ty="-284.000000"/>
  </frame>
 </anim>
 <anim name="0" root="kettle_meter_dirty" numframes="25" framerate="40">
  <frame idx="0" w="39" h="470" x="-1.000000" y="-265.201385">
   <element name="dirty/0" layername="0" frame="0" z_index="44" m_a="1.000000" m_b="0.000000" m_c="0.000000" m_d="1.000000" m_tx="-1.000000" m_ty="-284.000000"/>
   <element name="shdw" layername="shdw" frame="0" z_index="43" m_a="3.218770" m_b="0.000000" m_c="0.000000" m_d="2.619090" m_tx="-13.940770" m_ty="-284.000000"/>
  </frame>
 </anim>
 <anim name="1" root="kettle_meter_dirty" numframes="25" framerate="40">
  <frame idx="0" w="39" h="470" x="-1.000000" y="-265.201385">
   <element name="dirty/1" layername="1" frame="0" z_index="44" m_a="1.000000" m_b="0.000000" m_c="0.000000" m_d="1.000000" m_tx="-1.000000" m_ty="-284.000000"/>
   <element name="shdw" layername="shdw" frame="0" z_index="43" m_a="3.218770" m_b="0.000000" m_c="0.000000" m_d="2.619090" m_tx="-13.940770" m_ty="-284.000000"/>
  </frame>
 </anim>
 <anim name="2" root="kettle_meter_dirty" numframes="25" framerate="40">
  <frame idx="0" w="39" h="470" x="-1.000000" y="-265.201385">
   <element name="dirty/2" layername="2" frame="0" z_index="44" m_a="1.000000" m_b="0.000000" m_c="0.000000" m_d="1.000000" m_tx="-1.000000" m_ty="-284.000000"/>
   <element name="shdw" layername="shdw" frame="0" z_index="43" m_a="3.218770" m_b="0.000000" m_c="0.000000" m_d="2.619090" m_tx="-13.940770" m_ty="-284.000000"/>
  </frame>
 </anim>
 <anim name="3" root="kettle_meter_dirty" numframes="25" framerate="40">
  <frame idx="0" w="39" h="470" x="-1.000000" y="-265.201385">
   <element name="dirty/3" layername="3" frame="0" z_index="44" m_a="1.000000" m_b="0.000000" m_c="0.000000" m_d="1.000000" m_tx="-1.000000" m_ty="-284.000000"/>
   <element name="shdw" layername="shdw" frame="0" z_index="43" m_a="3.218770" m_b="0.000000" m_c="0.000000" m_d="2.619090" m_tx="-13.940770" m_ty="-284.000000"/>
  </frame>
 </anim>
 <anim name="4" root="kettle_meter_dirty" numframes="25" framerate="40">
  <frame idx="0" w="39" h="470" x="-1.000000" y="-265.201385">
   <element name="dirty/4" layername="4" frame="0" z_index="44" m_a="1.000000" m_b="0.000000" m_c="0.000000" m_d="1.000000" m_tx="-1.000000" m_ty="-284.000000"/>
   <element name="shdw" layername="shdw" frame="0" z_index="43" m_a="3.218770" m_b="0.000000" m_c="0.000000" m_d="2.619090" m_tx="-13.940770" m_ty="-284.000000"/>
  </frame>
 </anim>
 <anim name="5" root="kettle_meter_dirty" numframes="25" framerate="40">
  <frame idx="0" w="39" h="470" x="-1.000000" y="-265.201385">
   <element name="dirty/5" layername="5" frame="0" z_index="44" m_a="1.000000" m_b="0.000000" m_c="0.000000" m_d="1.000000" m_tx="-1.000000" m_ty="-284.000000"/>
   <element name="shdw" layername="shdw" frame="0" z_index="43" m_a="3.218770" m_b="0.000000" m_c="0.000000" m_d="2.619090" m_tx="-13.940770" m_ty="-284.000000"/>
  </frame>
 </anim>
 <anim name="6" root="kettle_meter_dirty" numframes="25" framerate="40">
  <frame idx="0" w="39" h="470" x="-1.000000" y="-265.201385">
   <element name="dirty/6" layername="6" frame="0" z_index="44" m_a="1.000000" m_b="0.000000" m_c="0.000000" m_d="1.000000" m_tx="-1.000000" m_ty="-284.000000"/>
   <element name="shdw" layername="shdw" frame="0" z_index="43" m_a="3.218770" m_b="0.000000" m_c="0.000000" m_d="2.619090" m_tx="-13.940770" m_ty="-284.000000"/>
  </frame>
 </anim>
 <anim name="7" root="kettle_meter_dirty" numframes="25" framerate="40">
  <frame idx="0" w="39" h="470" x="-1.000000" y="-265.201385">
   <element name="dirty/7" layername="7" frame="0" z_index="44" m_a="1.000000" m_b="0.000000" m_c="0.000000" m_d="1.000000" m_tx="-1.000000" m_ty="-284.000000"/>
   <element name="shdw" layername="shdw" frame="0" z_index="43" m_a="3.218770" m_b="0.000000" m_c="0.000000" m_d="2.619090" m_tx="-13.940770" m_ty="-284.000000"/>
  </frame>
 </anim>
 <anim name="8" root="kettle_meter_dirty" numframes="25" framerate="40">
  <frame idx="0" w="39" h="470" x="-1.000000" y="-265.201385">
   <element name="dirty/8" layername="8" frame="0" z_index="44" m_a="1.000000" m_b="0.000000" m_c="0.000000" m_d="1.000000" m_tx="-1.000000" m_ty="-284.000000"/>
   <element name="shdw" layername="shdw" frame="0" z_index="43" m_a="3.218770" m_b="0.000000" m_c="0.000000" m_d="2.619090" m_tx="-13.940770" m_ty="-284.000000"/>
  </frame>
 </anim>
 <anim name="9" root="kettle_meter_dirty" numframes="25" framerate="40">
  <frame idx="0" w="39" h="470" x="-1.000000" y="-265.201385">
   <element name="dirty/9" layername="9" frame="0" z_index="44" m_a="1.000000" m_b="0.000000" m_c="0.000000" m_d="1.000000" m_tx="-1.000000" m_ty="-284.000000"/>
   <element name="shdw" layername="shdw" frame="0" z_index="43" m_a="3.218770" m_b="0.000000" m_c="0.000000" m_d="2.619090" m_tx="-13.940770" m_ty="-284.000000"/>
  </frame>
 </anim>
 <anim name="10" root="kettle_meter_dirty" numframes="25" framerate="40">
  <frame idx="0" w="39" h="470" x="-1.000000" y="-265.201385">
   <element name="dirty/10" layername="kettle_meter" frame="0" z_index="44" m_a="1.000000" m_b="0.000000" m_c="0.000000" m_d="1.000000" m_tx="-1.000000" m_ty="-284.000000"/>
   <element name="shdw" layername="shdw" frame="0" z_index="43" m_a="3.218770" m_b="0.000000" m_c="0.000000" m_d="2.619090" m_tx="-13.940770" m_ty="-284.000000"/>
  </frame>
 </anim>
</Anims>
