<Anims>
 <anim name="close" root="ui_bottle_pouch_2x2" numframes="300" framerate="40">
  <frame idx="0" w="310" h="348" x="-20.196014" y="-45.403320">
   <element name="bg_flat" layername="bottle" frame="0" z_index="4" m_a="0.876041" m_b="0.000000" m_c="0.000000" m_d="0.876041" m_tx="-1.788100" m_ty="-26.313631"/>
  </frame>
  <frame idx="25" w="304" h="357" x="-24.884819" y="-45.135391">
   <element name="bg_flat" layername="bottle" frame="0" z_index="4" m_a="0.844029" m_b="0.000000" m_c="0.000000" m_d="0.904004" m_tx="-1.723135" m_ty="-30.351921"/>
  </frame>
  <frame idx="50" w="299" h="366" x="-29.573647" y="-44.867447">
   <element name="bg_flat" layername="bottle" frame="0" z_index="4" m_a="0.812017" m_b="0.000000" m_c="0.000000" m_d="0.931966" m_tx="-1.658171" m_ty="-34.390213"/>
  </frame>
  <frame idx="75" w="304" h="334" x="-25.410088" y="-43.993866">
   <element name="bg_flat" layername="bottle" frame="0" z_index="4" m_a="0.840815" m_b="0.000000" m_c="0.000000" m_d="0.840104" m_tx="-1.771164" m_ty="-19.369816"/>
  </frame>
  <frame idx="100" w="308" h="302" x="-21.246521" y="-43.120308">
   <element name="bg_flat" layername="bottle" frame="0" z_index="4" m_a="0.869614" m_b="0.000000" m_c="0.000000" m_d="0.748241" m_tx="-1.884158" m_ty="-4.349421"/>
  </frame>
  <frame idx="125" w="313" h="270" x="-17.082977" y="-42.246735">
   <element name="bg_flat" layername="bottle" frame="0" z_index="4" m_a="0.898412" m_b="0.000000" m_c="0.000000" m_d="0.656379" m_tx="-1.997151" m_ty="10.670979"/>
  </frame>
  <frame idx="150" w="318" h="238" x="-12.919418" y="-41.373161">
   <element name="bg_flat" layername="bottle" frame="0" z_index="4" m_a="0.927210" m_b="0.000000" m_c="0.000000" m_d="0.564516" m_tx="-2.110144" m_ty="25.691372"/>
  </frame>
  <frame idx="175" w="323" h="206" x="-8.755875" y="-40.499588">
   <element name="bg_flat" layername="bottle" frame="0" z_index="4" m_a="0.956009" m_b="0.000000" m_c="0.000000" m_d="0.472654" m_tx="-2.223138" m_ty="40.711769"/>
  </frame>
  <frame idx="200" w="328" h="173" x="-4.592316" y="-39.626015">
   <element name="bg_flat" layername="bottle" frame="0" z_index="4" m_a="0.984807" m_b="0.000000" m_c="0.000000" m_d="0.380791" m_tx="-2.336131" m_ty="55.732170"/>
  </frame>
  <frame idx="225" w="333" h="141" x="-0.428772" y="-38.752445">
   <element name="bg_flat" layername="bottle" frame="0" z_index="4" m_a="1.013605" m_b="0.000000" m_c="0.000000" m_d="0.288929" m_tx="-2.449124" m_ty="70.752563"/>
  </frame>
  <frame idx="250" w="337" h="109" x="3.734802" y="-37.878876">
   <element name="bg_flat" layername="bottle" frame="0" z_index="4" m_a="1.042403" m_b="0.000000" m_c="0.000000" m_d="0.197066" m_tx="-2.562118" m_ty="85.772957"/>
  </frame>
  <frame idx="275" w="343" h="77" x="7.898346" y="-37.005310">
   <element name="bg_flat" layername="bottle" frame="0" z_index="4" m_a="1.071202" m_b="0.000000" m_c="0.000000" m_d="0.105204" m_tx="-2.675111" m_ty="100.793350"/>
  </frame>
 </anim>
 <anim name="idle" root="ui_bottle_pouch_2x2" numframes="200" framerate="40">
  <frame idx="0" w="310" h="348" x="-20.196014" y="-45.403320">
   <element name="bg_flat" layername="bottle" frame="0" z_index="4" m_a="0.876041" m_b="0.000000" m_c="0.000000" m_d="0.876041" m_tx="-1.788100" m_ty="-26.313631"/>
  </frame>
  <frame idx="25" w="310" h="348" x="-20.196014" y="-45.403320">
   <element name="bg_flat" layername="bottle" frame="0" z_index="4" m_a="0.876041" m_b="0.000000" m_c="0.000000" m_d="0.876041" m_tx="-1.788100" m_ty="-26.313631"/>
  </frame>
  <frame idx="50" w="310" h="348" x="-20.196014" y="-45.403320">
   <element name="bg_flat" layername="bottle" frame="0" z_index="4" m_a="0.876041" m_b="0.000000" m_c="0.000000" m_d="0.876041" m_tx="-1.788100" m_ty="-26.313631"/>
  </frame>
  <frame idx="75" w="310" h="348" x="-20.196014" y="-45.403320">
   <element name="bg_flat" layername="bottle" frame="0" z_index="4" m_a="0.876041" m_b="0.000000" m_c="0.000000" m_d="0.876041" m_tx="-1.788100" m_ty="-26.313631"/>
  </frame>
  <frame idx="100" w="310" h="348" x="-20.196014" y="-45.403320">
   <element name="bg_flat" layername="bottle" frame="0" z_index="4" m_a="0.876041" m_b="0.000000" m_c="0.000000" m_d="0.876041" m_tx="-1.788100" m_ty="-26.313631"/>
  </frame>
  <frame idx="125" w="310" h="348" x="-20.196014" y="-45.403320">
   <element name="bg_flat" layername="bottle" frame="0" z_index="4" m_a="0.876041" m_b="0.000000" m_c="0.000000" m_d="0.876041" m_tx="-1.788100" m_ty="-26.313631"/>
  </frame>
  <frame idx="150" w="310" h="348" x="-20.196014" y="-45.403320">
   <element name="bg_flat" layername="bottle" frame="0" z_index="4" m_a="0.876041" m_b="0.000000" m_c="0.000000" m_d="0.876041" m_tx="-1.788100" m_ty="-26.313631"/>
  </frame>
  <frame idx="175" w="310" h="348" x="-20.196014" y="-45.403320">
   <element name="bg_flat" layername="bottle" frame="0" z_index="4" m_a="0.876041" m_b="0.000000" m_c="0.000000" m_d="0.876041" m_tx="-1.788100" m_ty="-26.313631"/>
  </frame>
 </anim>
 <anim name="ui_bottle_pouch_2x2" root="ui_bottle_pouch_2x2" numframes="200" framerate="40">
  <frame idx="0" w="310" h="348" x="-20.196014" y="-45.403320">
   <element name="bg_flat" layername="bottle" frame="0" z_index="4" m_a="0.876041" m_b="0.000000" m_c="0.000000" m_d="0.876041" m_tx="-1.788100" m_ty="-26.313631"/>
  </frame>
  <frame idx="25" w="310" h="348" x="-20.196014" y="-45.403320">
   <element name="bg_flat" layername="bottle" frame="0" z_index="4" m_a="0.876041" m_b="0.000000" m_c="0.000000" m_d="0.876041" m_tx="-1.788100" m_ty="-26.313631"/>
  </frame>
  <frame idx="50" w="310" h="348" x="-20.196014" y="-45.403320">
   <element name="bg_flat" layername="bottle" frame="0" z_index="4" m_a="0.876041" m_b="0.000000" m_c="0.000000" m_d="0.876041" m_tx="-1.788100" m_ty="-26.313631"/>
  </frame>
  <frame idx="75" w="310" h="348" x="-20.196014" y="-45.403320">
   <element name="bg_flat" layername="bottle" frame="0" z_index="4" m_a="0.876041" m_b="0.000000" m_c="0.000000" m_d="0.876041" m_tx="-1.788100" m_ty="-26.313631"/>
  </frame>
  <frame idx="100" w="310" h="348" x="-20.196014" y="-45.403320">
   <element name="bg_flat" layername="bottle" frame="0" z_index="4" m_a="0.876041" m_b="0.000000" m_c="0.000000" m_d="0.876041" m_tx="-1.788100" m_ty="-26.313631"/>
  </frame>
  <frame idx="125" w="310" h="348" x="-20.196014" y="-45.403320">
   <element name="bg_flat" layername="bottle" frame="0" z_index="4" m_a="0.876041" m_b="0.000000" m_c="0.000000" m_d="0.876041" m_tx="-1.788100" m_ty="-26.313631"/>
  </frame>
  <frame idx="150" w="310" h="348" x="-20.196014" y="-45.403320">
   <element name="bg_flat" layername="bottle" frame="0" z_index="4" m_a="0.876041" m_b="0.000000" m_c="0.000000" m_d="0.876041" m_tx="-1.788100" m_ty="-26.313631"/>
  </frame>
  <frame idx="175" w="310" h="348" x="-20.196014" y="-45.403320">
   <element name="bg_flat" layername="bottle" frame="0" z_index="4" m_a="0.876041" m_b="0.000000" m_c="0.000000" m_d="0.876041" m_tx="-1.788100" m_ty="-26.313631"/>
  </frame>
 </anim>
 <anim name="open" root="ui_bottle_pouch_2x2" numframes="300" framerate="40">
  <frame idx="0" w="347" h="50" x="12.061905" y="-32.361351">
   <element name="bg_flat" layername="bottle" frame="0" z_index="4" m_a="1.100000" m_b="0.000000" m_c="0.000000" m_d="0.037824" m_tx="-2.788104" m_ty="115.813751"/>
  </frame>
  <frame idx="25" w="344" h="117" x="9.807709" y="-35.870781">
   <element name="bg_flat" layername="bottle" frame="0" z_index="4" m_a="1.083137" m_b="0.000000" m_c="0.000000" m_d="0.226281" m_tx="-2.538103" m_ty="83.281906"/>
  </frame>
  <frame idx="50" w="341" h="185" x="7.553513" y="-39.380211">
   <element name="bg_flat" layername="bottle" frame="0" z_index="4" m_a="1.066273" m_b="0.000000" m_c="0.000000" m_d="0.414739" m_tx="-2.288102" m_ty="50.750061"/>
  </frame>
  <frame idx="75" w="338" h="252" x="5.299316" y="-42.889641">
   <element name="bg_flat" layername="bottle" frame="0" z_index="4" m_a="1.049410" m_b="0.000000" m_c="0.000000" m_d="0.603196" m_tx="-2.038101" m_ty="18.218216"/>
  </frame>
  <frame idx="100" w="335" h="321" x="3.045120" y="-46.399071">
   <element name="bg_flat" layername="bottle" frame="0" z_index="4" m_a="1.032547" m_b="0.000000" m_c="0.000000" m_d="0.791653" m_tx="-1.788100" m_ty="-14.313632"/>
  </frame>
  <frame idx="125" w="326" h="333" x="-5.133377" y="-45.975693">
   <element name="bg_flat" layername="bottle" frame="0" z_index="4" m_a="0.977252" m_b="0.000000" m_c="0.000000" m_d="0.829686" m_tx="-1.755288" m_ty="-19.747406"/>
  </frame>
  <frame idx="150" w="317" h="345" x="-13.311859" y="-45.552307">
   <element name="bg_flat" layername="bottle" frame="0" z_index="4" m_a="0.921957" m_b="0.000000" m_c="0.000000" m_d="0.867720" m_tx="-1.722475" m_ty="-25.181183"/>
  </frame>
  <frame idx="175" w="307" h="358" x="-21.490372" y="-45.128922">
   <element name="bg_flat" layername="bottle" frame="0" z_index="4" m_a="0.866662" m_b="0.000000" m_c="0.000000" m_d="0.905753" m_tx="-1.689662" m_ty="-30.614956"/>
  </frame>
  <frame idx="200" w="299" h="370" x="-29.668846" y="-44.705536">
   <element name="bg_flat" layername="bottle" frame="0" z_index="4" m_a="0.811367" m_b="0.000000" m_c="0.000000" m_d="0.943787" m_tx="-1.656850" m_ty="-36.048733"/>
  </frame>
  <frame idx="225" w="302" h="365" x="-27.300644" y="-44.879990">
   <element name="bg_flat" layername="bottle" frame="0" z_index="4" m_a="0.827536" m_b="0.000000" m_c="0.000000" m_d="0.926850" m_tx="-1.689662" m_ty="-33.614956"/>
  </frame>
  <frame idx="250" w="304" h="359" x="-24.932434" y="-45.054428">
   <element name="bg_flat" layername="bottle" frame="0" z_index="4" m_a="0.843704" m_b="0.000000" m_c="0.000000" m_d="0.909914" m_tx="-1.722475" m_ty="-31.181183"/>
  </frame>
  <frame idx="275" w="306" h="354" x="-22.564232" y="-45.228882">
   <element name="bg_flat" layername="bottle" frame="0" z_index="4" m_a="0.859872" m_b="0.000000" m_c="0.000000" m_d="0.892977" m_tx="-1.755288" m_ty="-28.747406"/>
  </frame>
 </anim>
</Anims>
