<Anims>
 <anim name="close" root="ui_wine_cellar_5x4" numframes="150" framerate="40">
  <frame idx="0" w="545" h="446" x="7.374878" y="-10.334991">
   <element name="frame" layername="frame" frame="0" z_index="2" m_a="1.000000" m_b="0.000000" m_c="0.000000" m_d="0.934753" m_tx="0.000000" m_ty="0.000000"/>
  </frame>
  <frame idx="25" w="545" h="432" x="7.374878" y="-24.010269">
   <element name="frame" layername="frame" frame="0" z_index="2" m_a="1.000000" m_b="0.000000" m_c="0.000000" m_d="0.869941" m_tx="0.000000" m_ty="0.000000"/>
  </frame>
  <frame idx="50" w="545" h="395" x="7.374878" y="-56.672729">
   <element name="frame" layername="frame" frame="0" z_index="2" m_a="1.000000" m_b="0.000000" m_c="0.000000" m_d="0.715143" m_tx="0.000000" m_ty="0.000000"/>
  </frame>
  <frame idx="75" w="545" h="334" x="7.374878" y="-112.946442">
   <element name="frame" layername="frame" frame="0" z_index="2" m_a="1.000000" m_b="0.000000" m_c="0.000000" m_d="0.448443" m_tx="0.000000" m_ty="0.000000"/>
  </frame>
  <frame idx="100" w="545" h="241" x="7.374878" y="-196.698425">
   <element name="frame" layername="frame" frame="0" z_index="2" m_a="1.000000" m_b="0.000000" m_c="0.000000" m_d="0.051514" m_tx="0.000000" m_ty="0.000000"/>
  </frame>
  <frame idx="125" w="545" h="241" x="7.374878" y="-196.698425"/>
 </anim>
 <anim name="open" root="ui_wine_cellar_5x4" numframes="225" framerate="40">
  <frame idx="0" w="545" h="247" x="7.374878" y="-191.547058">
   <element name="frame" layername="frame" frame="0" z_index="2" m_a="1.000000" m_b="0.000000" m_c="0.000000" m_d="0.075928" m_tx="0.000000" m_ty="0.000000"/>
  </frame>
  <frame idx="25" w="549" h="283" x="10.981140" y="-158.268173">
   <element name="frame" layername="frame" frame="0" z_index="2" m_a="1.014368" m_b="0.000000" m_c="0.000000" m_d="0.233648" m_tx="0.000000" m_ty="0.000000"/>
  </frame>
  <frame idx="50" w="559" h="380" x="20.469604" y="-70.710083">
   <element name="frame" layername="frame" frame="0" z_index="2" m_a="1.052170" m_b="0.000000" m_c="0.000000" m_d="0.648615" m_tx="0.000000" m_ty="0.000000"/>
  </frame>
  <frame idx="75" w="566" h="467" x="26.037415" y="8.698090">
   <element name="frame" layername="frame" frame="0" z_index="2" m_a="1.074353" m_b="0.000000" m_c="0.000000" m_d="1.024957" m_tx="0.000000" m_ty="0.000000"/>
  </frame>
  <frame idx="100" w="555" h="465" x="16.242737" y="5.907150">
   <element name="frame" layername="frame" frame="0" z_index="2" m_a="1.035330" m_b="0.000000" m_c="0.000000" m_d="1.011730" m_tx="0.000000" m_ty="0.000000"/>
  </frame>
  <frame idx="125" w="549" h="462" x="11.322372" y="4.504608">
   <element name="frame" layername="frame" frame="0" z_index="2" m_a="1.015727" m_b="0.000000" m_c="0.000000" m_d="1.005083" m_tx="0.000000" m_ty="0.000000"/>
  </frame>
  <frame idx="150" w="546" h="461" x="8.495911" y="3.699554">
   <element name="frame" layername="frame" frame="0" z_index="2" m_a="1.004466" m_b="0.000000" m_c="0.000000" m_d="1.001267" m_tx="0.000000" m_ty="0.000000"/>
  </frame>
  <frame idx="175" w="545" h="461" x="7.374878" y="3.380646">
   <element name="frame" layername="frame" frame="0" z_index="2" m_a="1.000000" m_b="0.000000" m_c="0.000000" m_d="0.999756" m_tx="0.000000" m_ty="0.000000"/>
  </frame>
  <frame idx="200" w="545" h="461" x="7.374878" y="3.380646">
   <element name="frame" layername="frame" frame="0" z_index="2" m_a="1.000000" m_b="0.000000" m_c="0.000000" m_d="0.999756" m_tx="0.000000" m_ty="0.000000"/>
  </frame>
 </anim>
</Anims>
