<Anims>
 <anim name="close" root="ui_wine_cellar_5x4" numframes="150" framerate="40">
  <frame idx="0" w="674" h="536" x="0.212280" y="1.208191">
   <element name="frame" layername="frame" frame="0" z_index="2" m_a="1.000000" m_b="0.000000" m_c="0.000000" m_d="1.000000" m_tx="0.212269" m_ty="1.208190"/>
  </frame>
  <frame idx="25" w="674" h="506" x="0.212280" y="-26.311951">
   <element name="frame" layername="frame" frame="0" z_index="2" m_a="1.000000" m_b="0.000000" m_c="0.000000" m_d="0.887213" m_tx="0.212270" m_ty="1.208190"/>
  </frame>
  <frame idx="50" w="674" h="460" x="0.212280" y="-68.296951">
   <element name="frame" layername="frame" frame="0" z_index="2" m_a="1.000000" m_b="0.000000" m_c="0.000000" m_d="0.715143" m_tx="0.212270" m_ty="1.208190"/>
  </frame>
  <frame idx="75" w="674" h="389" x="0.212280" y="-133.371765">
   <element name="frame" layername="frame" frame="0" z_index="2" m_a="1.000000" m_b="0.000000" m_c="0.000000" m_d="0.448443" m_tx="0.212270" m_ty="1.208190"/>
  </frame>
  <frame idx="100" w="674" h="282" x="0.212280" y="-230.222397">
   <element name="frame" layername="frame" frame="0" z_index="2" m_a="1.000000" m_b="0.000000" m_c="0.000000" m_d="0.051514" m_tx="0.212270" m_ty="1.208190"/>
  </frame>
  <frame idx="125" w="674" h="282" x="0.212280" y="-230.222397"/>
 </anim>
 <anim name="open" root="ui_wine_cellar_5x4" numframes="225" framerate="40">
  <frame idx="0" w="674" h="289" x="0.212280" y="-224.265381">
   <element name="frame" layername="frame" frame="0" z_index="2" m_a="1.000000" m_b="0.000000" m_c="0.000000" m_d="0.075928" m_tx="0.212270" m_ty="1.208190"/>
  </frame>
  <frame idx="25" w="679" h="330" x="4.608765" y="-185.781738">
   <element name="frame" layername="frame" frame="0" z_index="2" m_a="1.014368" m_b="0.000000" m_c="0.000000" m_d="0.233648" m_tx="0.212270" m_ty="1.208190"/>
  </frame>
  <frame idx="50" w="691" h="443" x="16.176392" y="-84.529724">
   <element name="frame" layername="frame" frame="0" z_index="2" m_a="1.052170" m_b="0.000000" m_c="0.000000" m_d="0.648615" m_tx="0.212270" m_ty="1.208190"/>
  </frame>
  <frame idx="75" w="699" h="543" x="22.964233" y="7.297745">
   <element name="frame" layername="frame" frame="0" z_index="2" m_a="1.074353" m_b="0.000000" m_c="0.000000" m_d="1.024957" m_tx="0.212270" m_ty="1.208190"/>
  </frame>
  <frame idx="100" w="686" h="539" x="11.023285" y="4.070297">
   <element name="frame" layername="frame" frame="0" z_index="2" m_a="1.035330" m_b="0.000000" m_c="0.000000" m_d="1.011730" m_tx="0.212270" m_ty="1.208190"/>
  </frame>
  <frame idx="125" w="684" h="535" x="8.760010" y="-0.294586">
   <element name="frame" layername="frame" frame="0" z_index="2" m_a="1.027934" m_b="0.000000" m_c="0.000000" m_d="0.993841" m_tx="0.212269" m_ty="1.208190"/>
  </frame>
  <frame idx="150" w="678" h="535" x="4.195892" y="-0.375473">
   <element name="frame" layername="frame" frame="0" z_index="2" m_a="1.013018" m_b="0.000000" m_c="0.000000" m_d="0.993510" m_tx="0.212269" m_ty="1.208190"/>
  </frame>
  <frame idx="175" w="674" h="536" x="0.212280" y="1.208191">
   <element name="frame" layername="frame" frame="0" z_index="2" m_a="1.000000" m_b="0.000000" m_c="0.000000" m_d="1.000000" m_tx="0.212270" m_ty="1.208190"/>
  </frame>
  <frame idx="200" w="674" h="536" x="0.212280" y="1.208191">
   <element name="frame" layername="frame" frame="0" z_index="2" m_a="1.000000" m_b="0.000000" m_c="0.000000" m_d="1.000000" m_tx="0.212269" m_ty="1.208190"/>
  </frame>
 </anim>
</Anims>
